Design Assistant report for agilex7_wideband
Tue Jul 28 13:51:28 2026
Quartus Prime Version 26.1.0 Build 110 03/26/2026 SC Pro Edition


---------------------
; Table of Contents ;
---------------------
  1. Legal Notice
  2. Design Assistant (Signoff) Results - 7 of 85 Rules Failed
  3. CLK-30026 - Missing Clock Assignment
  4. FLP-10000 - Physical RAM with Utilization Below Threshold
  5. FLP-10501 - Top-Level Ports Without Pin Location Assignment
  6. TMC-20214 - Buses with Incoming Paths Failing Setup Analysis with Multiple Sequential Adder Chains
  7. TMC-20602 - Registers with High Timing Path Endpoint Tension
  8. TMC-20604 - Registers with High Timing Path Endpoint Span
  9. TMC-20603 - Registers with High Immediate Fan-Out Span
 10. CDC-50001 - 1-Bit Asynchronous Transfer Not Synchronized
 11. CDC-50002 - 1-Bit Asynchronous Transfer with Insufficient Constraints
 12. CDC-50003 - CE-Type CDC Transfer with Insufficient Constraints
 13. CDC-50004 - MUX-type CDC Transfer with Insufficient Constraints
 14. CDC-50005 - CDC Bus Constructed with Multi-bit Synchronizer Chains of Different Lengths
 15. CDC-50006 - CDC Bus Constructed with Unsynchronized Registers
 16. CDC-50007 - CDC Bus Constructed with Multi-bit Synchronizer Chains with Insufficient Constraints
 17. CDC-50011 - Combinational Logic Before Synchronizer Chain
 18. CDC-50012 - Multiple Clock Domains Driving a Synchronizer Chain
 19. CLK-30027 - Multiple Clock Assignments Found
 20. CLK-30028 - Invalid Generated Clock
 21. CLK-30029 - Invalid Clock Assignments
 22. CLK-30030 - PLL Setting Violation
 23. CLK-30033 - Invalid Clock Group Assignment
 24. CLK-30034 - Clock Pairs Missing Logically Exclusive Clock Group Assignment
 25. CLK-30035 - Clock Pairs Missing Physically Exclusive Clock Group Assignment
 26. CLK-30042 - Incorrect Clock Group Type
 27. RES-50001 - Asynchronous Reset Is Not Synchronized
 28. RES-50002 - Asynchronous Reset is Insufficiently Synchronized
 29. RES-50003 - Asynchronous Reset with Insufficient Constraints
 30. RES-50004 - Multiple Asynchronous Resets within Reset Synchronizer Chain
 31. TMC-20011 - Missing Input Delay Constraint
 32. TMC-20012 - Missing Output Delay Constraint
 33. TMC-20013 - Partial Input Delay
 34. TMC-20014 - Partial Output Delay
 35. TMC-20015 - Inconsistent Min-Max Delay
 36. TMC-20016 - Invalid Reference Pin
 37. TMC-20017 - Loops Detected
 38. TMC-20019 - Partial Multicycle Assignment
 39. TMC-20022 - I/O Delay Assignment Missing Parameters
 40. TMC-20023 - Invalid Set Net Delay Assignment
 41. TMC-20027 - Collection Filter Matching Multiple Types
 42. TMC-30041 - Constraint with Invalid Clock Reference
 43. CDC-50103 - Unsynchronized Intra-Clock Forced Synchronizer
 44. CLK-30031 - Input Delay Assigned to Clock
 45. CLK-30032 - Improper Clock Targets
 46. LNT-30023 - Reset Nets with Polarity Conflict
 47. RDC-50003 - Multiple Asynchronous Reset Synchronizers in the Same Clock Domain
 48. TMC-20018 - Unsupported Latches Detected
 49. TMC-20021 - Partial Min-Max Delay Assignment
 50. TMC-20024 - Synchronous Data Delay Assignment
 51. TMC-20025 - Ignored or Overridden Constraints
 52. TMC-20026 - Empty Collection Due To Unmatched Filter
 53. TMC-20200 - Paths Failing Setup Analysis with Impossible Requirements
 54. TMC-20201 - Paths Failing Setup Analysis with High Clock Skew
 55. TMC-20204 - Endpoints of Paths Failing Setup Analysis with Retiming Restrictions
 56. TMC-20205 - Endpoints of Paths Failing Setup Analysis with Explicit Power-Up States that Restrict Retiming
 57. TMC-20206 - DSP Blocks with Unregistered Outputs that are the Source of Paths Failing Setup Analysis
 58. TMC-20207 - DSP Blocks with Unregistered Inputs that are the Destination of Paths Failing Setup Analysis
 59. TMC-20208 - RAM Blocks with Unregistered Outputs that are the Source of Paths Failing Setup Analysis
 60. TMC-20209 - Paths Failing Setup Analysis with High Routing Delay due to Congestion
 61. TMC-20210 - Paths Failing Setup Analysis with High Routing Delay Added for Hold
 62. TMC-20212 - Paths Failing Setup Analysis with Global Routing in Data Path
 63. TMC-20213 - Paths Failing Setup Analysis with Locally Routed Clock
 64. TMC-20215 - Buses with Incoming Paths Failing Setup Analysis with Multipliers Implemented in Logic
 65. TMC-20216 - Paths Failing Setup Analysis with Inferred-RAM Shift Register Endpoints
 66. TMC-20217 - Paths Failing Setup Analysis with Clock-As-Data
 67. TMC-20219 - DSP Blocks with Restricted Fmax below Required Fmax
 68. TMC-20220 - RAM Blocks with Restricted Fmax below Required Fmax
 69. TMC-20221 - Nodes Failing Minimum Pulse Width Due to Clock Pulse Collapse
 70. TMC-20312 - Paths Failing Hold Analysis with Global Routing in Data Path
 71. TMC-20313 - Paths Failing Hold Analysis with Locally Routed Clock
 72. TMC-20712 - Paths Failing Recovery Analysis with Global Routing in Data Path
 73. TMC-20713 - Paths Failing Recovery Analysis with Locally Routed Clock
 74. TMC-20812 - Paths Failing Removal Analysis with Global Routing in Data Path
 75. TMC-20813 - Paths Failing Removal Analysis with Locally Routed Clock
 76. CDC-50008 - CDC Bus Constructed with Multi-bit Synchronizer Chains
 77. CDC-50101 - Intra-Clock False Path Synchronizer
 78. CDC-50102 - Synchronizer after CDC Topology with Control Signal
 79. FLP-40006 - Pipelining Registers That Might Be Recoverable
 80. LNT-30010 - Nets Driving both Reset and Clock Enable Signals
 81. RES-50010 - Reset Synchronizer Chains with Constant Output
 82. RES-50101 - Intra-Clock False Path Reset Synchronizer
 83. TMC-20020 - Invalid Multicycle Assignment
 84. TMC-20550 - Automatically Selected Duplication Candidate Rejected for Placement Constraint
 85. TMC-20551 - Automatically Selected Duplication Candidate Likely Requires More Duplication
 86. TMC-20552 - User Selected Duplication Candidate was Rejected
 87. TMC-20601 - Registers with High Immediate Fan-Out Tension



----------------
; Legal Notice ;
----------------
Copyright (C) 2026  Altera Corporation. All rights reserved.
Your use of Altera Corporation's design tools, logic functions 
and other software and tools, and any partner logic 
functions, and any output files from any of the foregoing 
(including device programming or simulation files), and any 
associated documentation or information are expressly subject 
to the terms and conditions of the Altera Program License 
Subscription Agreement, the Altera Quartus Prime License Agreement,
the Altera IP License Agreement, or other applicable license
agreement, including, without limitation, that your use is for
the sole purpose of programming logic devices manufactured by
Altera and sold by Altera or its authorized distributors.  Please
refer to the Altera Software License Subscription Agreements 
on the Quartus Prime software download page.



+----------------------------------------------------------------------------------------------------------------------------------------------------------------------------------------------+
; Design Assistant (Signoff) Results - 7 of 85 Rules Failed                                                                                                                                    ;
+------------------------------------------------------------------------------------------------------------+----------+------------+--------+------------------------------------------------+
; Rule                                                                                                       ; Severity ; Violations ; Waived ; Tags                                           ;
+------------------------------------------------------------------------------------------------------------+----------+------------+--------+------------------------------------------------+
; CLK-30026 - Missing Clock Assignment                                                                       ; High     ; 2          ; 0      ; sdc                                            ;
; FLP-10000 - Physical RAM with Utilization Below Threshold                                                  ; Medium   ; 220        ; 0      ; ram, resource-usage                            ;
; FLP-10501 - Top-Level Ports Without Pin Location Assignment                                                ; Medium   ; 6          ; 0      ; system                                         ;
; TMC-20214 - Buses with Incoming Paths Failing Setup Analysis with Multiple Sequential Adder Chains         ; Medium   ; 6          ; 0      ; logic-levels                                   ;
; TMC-20602 - Registers with High Timing Path Endpoint Tension                                               ; Low      ; 349        ; 0      ; register-duplication, register-spread, place   ;
; TMC-20604 - Registers with High Timing Path Endpoint Span                                                  ; Low      ; 85         ; 0      ; register-duplication, register-spread, place   ;
; TMC-20603 - Registers with High Immediate Fan-Out Span                                                     ; Low      ; 45         ; 0      ; register-duplication, register-spread, place   ;
; CDC-50001 - 1-Bit Asynchronous Transfer Not Synchronized                                                   ; High     ; 0          ; 0      ; synchronizer                                   ;
; CDC-50002 - 1-Bit Asynchronous Transfer with Insufficient Constraints                                      ; High     ; 0          ; 0      ; synchronizer                                   ;
; CDC-50003 - CE-Type CDC Transfer with Insufficient Constraints                                             ; High     ; 0          ; 0      ; cdc-bus                                        ;
; CDC-50004 - MUX-type CDC Transfer with Insufficient Constraints                                            ; High     ; 0          ; 0      ; cdc-bus                                        ;
; CDC-50005 - CDC Bus Constructed with Multi-bit Synchronizer Chains of Different Lengths                    ; High     ; 0          ; 0      ; synchronizer, cdc-bus                          ;
; CDC-50006 - CDC Bus Constructed with Unsynchronized Registers                                              ; High     ; 0          ; 0      ; synchronizer, cdc-bus                          ;
; CDC-50007 - CDC Bus Constructed with Multi-bit Synchronizer Chains with Insufficient Constraints           ; High     ; 0          ; 0      ; synchronizer, cdc-bus                          ;
; CDC-50011 - Combinational Logic Before Synchronizer Chain                                                  ; High     ; 0          ; 0      ; synchronizer                                   ;
; CDC-50012 - Multiple Clock Domains Driving a Synchronizer Chain                                            ; High     ; 0          ; 0      ; synchronizer                                   ;
; CLK-30027 - Multiple Clock Assignments Found                                                               ; High     ; 0          ; 0      ; sdc                                            ;
; CLK-30028 - Invalid Generated Clock                                                                        ; High     ; 0          ; 0      ; sdc                                            ;
; CLK-30029 - Invalid Clock Assignments                                                                      ; High     ; 0          ; 0      ; sdc                                            ;
; CLK-30030 - PLL Setting Violation                                                                          ; High     ; 0          ; 0      ; sdc                                            ;
; CLK-30033 - Invalid Clock Group Assignment                                                                 ; High     ; 0          ; 0      ; sdc                                            ;
; CLK-30034 - Clock Pairs Missing Logically Exclusive Clock Group Assignment                                 ; High     ; 0          ; 0      ; sdc                                            ;
; CLK-30035 - Clock Pairs Missing Physically Exclusive Clock Group Assignment                                ; High     ; 0          ; 0      ; sdc                                            ;
; CLK-30042 - Incorrect Clock Group Type                                                                     ; High     ; 0          ; 0      ; sdc                                            ;
; RES-50001 - Asynchronous Reset Is Not Synchronized                                                         ; High     ; 0          ; 0      ; synchronizer                                   ;
; RES-50002 - Asynchronous Reset is Insufficiently Synchronized                                              ; High     ; 0          ; 0      ; synchronizer                                   ;
; RES-50003 - Asynchronous Reset with Insufficient Constraints                                               ; High     ; 0          ; 0      ; synchronizer                                   ;
; RES-50004 - Multiple Asynchronous Resets within Reset Synchronizer Chain                                   ; High     ; 0          ; 0      ; synchronizer                                   ;
; TMC-20011 - Missing Input Delay Constraint                                                                 ; High     ; 0          ; 0      ; sdc, system                                    ;
; TMC-20012 - Missing Output Delay Constraint                                                                ; High     ; 0          ; 0      ; sdc, system                                    ;
; TMC-20013 - Partial Input Delay                                                                            ; High     ; 0          ; 0      ; sdc, system                                    ;
; TMC-20014 - Partial Output Delay                                                                           ; High     ; 0          ; 0      ; sdc, system                                    ;
; TMC-20015 - Inconsistent Min-Max Delay                                                                     ; High     ; 0          ; 0      ; sdc                                            ;
; TMC-20016 - Invalid Reference Pin                                                                          ; High     ; 0          ; 0      ; sdc, system                                    ;
; TMC-20017 - Loops Detected                                                                                 ; High     ; 0          ; 0      ; sdc                                            ;
; TMC-20019 - Partial Multicycle Assignment                                                                  ; High     ; 0          ; 0      ; sdc                                            ;
; TMC-20022 - I/O Delay Assignment Missing Parameters                                                        ; High     ; 0          ; 0      ; sdc, system                                    ;
; TMC-20023 - Invalid Set Net Delay Assignment                                                               ; High     ; 0          ; 0      ; sdc                                            ;
; TMC-20027 - Collection Filter Matching Multiple Types                                                      ; High     ; 0          ; 0      ; sdc                                            ;
; TMC-30041 - Constraint with Invalid Clock Reference                                                        ; High     ; 0          ; 0      ; sdc                                            ;
; CDC-50103 - Unsynchronized Intra-Clock Forced Synchronizer                                                 ; Medium   ; 0          ; 0      ; synchronizer                                   ;
; CLK-30031 - Input Delay Assigned to Clock                                                                  ; Medium   ; 0          ; 0      ; sdc, system                                    ;
; CLK-30032 - Improper Clock Targets                                                                         ; Medium   ; 0          ; 0      ; sdc                                            ;
; LNT-30023 - Reset Nets with Polarity Conflict                                                              ; Medium   ; 0          ; 0      ; reset-usage                                    ;
; RDC-50003 - Multiple Asynchronous Reset Synchronizers in the Same Clock Domain                             ; Medium   ; 0          ; 0      ; reset-usage, reset-reachability                ;
; TMC-20018 - Unsupported Latches Detected                                                                   ; Medium   ; 0          ; 0      ; latch                                          ;
; TMC-20021 - Partial Min-Max Delay Assignment                                                               ; Medium   ; 0          ; 0      ; sdc                                            ;
; TMC-20024 - Synchronous Data Delay Assignment                                                              ; Medium   ; 0          ; 0      ; sdc                                            ;
; TMC-20025 - Ignored or Overridden Constraints                                                              ; Medium   ; 0          ; 0      ; sdc                                            ;
; TMC-20026 - Empty Collection Due To Unmatched Filter                                                       ; Medium   ; 0          ; 0      ; sdc                                            ;
; TMC-20200 - Paths Failing Setup Analysis with Impossible Requirements                                      ; Medium   ; 0          ; 0      ; intrinsic-margin, impossible-requirements, sdc ;
; TMC-20201 - Paths Failing Setup Analysis with High Clock Skew                                              ; Medium   ; 0          ; 0      ; intrinsic-margin                               ;
; TMC-20204 - Endpoints of Paths Failing Setup Analysis with Retiming Restrictions                           ; Medium   ; 0          ; 0      ; retime                                         ;
; TMC-20205 - Endpoints of Paths Failing Setup Analysis with Explicit Power-Up States that Restrict Retiming ; Medium   ; 0          ; 0      ; retime                                         ;
; TMC-20206 - DSP Blocks with Unregistered Outputs that are the Source of Paths Failing Setup Analysis       ; Medium   ; 0          ; 0      ; dsp                                            ;
; TMC-20207 - DSP Blocks with Unregistered Inputs that are the Destination of Paths Failing Setup Analysis   ; Medium   ; 0          ; 0      ; dsp                                            ;
; TMC-20208 - RAM Blocks with Unregistered Outputs that are the Source of Paths Failing Setup Analysis       ; Medium   ; 0          ; 0      ; ram                                            ;
; TMC-20209 - Paths Failing Setup Analysis with High Routing Delay due to Congestion                         ; Medium   ; 0          ; 0      ; route                                          ;
; TMC-20210 - Paths Failing Setup Analysis with High Routing Delay Added for Hold                            ; Medium   ; 0          ; 0      ; route                                          ;
; TMC-20212 - Paths Failing Setup Analysis with Global Routing in Data Path                                  ; Medium   ; 0          ; 0      ; global-signal, route                           ;
; TMC-20213 - Paths Failing Setup Analysis with Locally Routed Clock                                         ; Medium   ; 0          ; 0      ; global-signal, clock-skew                      ;
; TMC-20215 - Buses with Incoming Paths Failing Setup Analysis with Multipliers Implemented in Logic         ; Medium   ; 0          ; 0      ; logic-levels, dsp                              ;
; TMC-20216 - Paths Failing Setup Analysis with Inferred-RAM Shift Register Endpoints                        ; Medium   ; 0          ; 0      ; ram                                            ;
; TMC-20217 - Paths Failing Setup Analysis with Clock-As-Data                                                ; Medium   ; 0          ; 0      ; nonstandard-timing                             ;
; TMC-20219 - DSP Blocks with Restricted Fmax below Required Fmax                                            ; Medium   ; 0          ; 0      ; dsp, minimum-pulse-width                       ;
; TMC-20220 - RAM Blocks with Restricted Fmax below Required Fmax                                            ; Medium   ; 0          ; 0      ; ram, minimum-pulse-width                       ;
; TMC-20221 - Nodes Failing Minimum Pulse Width Due to Clock Pulse Collapse                                  ; Medium   ; 0          ; 0      ; minimum-pulse-width                            ;
; TMC-20312 - Paths Failing Hold Analysis with Global Routing in Data Path                                   ; Medium   ; 0          ; 0      ; global-signal, route                           ;
; TMC-20313 - Paths Failing Hold Analysis with Locally Routed Clock                                          ; Medium   ; 0          ; 0      ; global-signal, clock-skew                      ;
; TMC-20712 - Paths Failing Recovery Analysis with Global Routing in Data Path                               ; Medium   ; 0          ; 0      ; global-signal, route                           ;
; TMC-20713 - Paths Failing Recovery Analysis with Locally Routed Clock                                      ; Medium   ; 0          ; 0      ; global-signal, clock-skew                      ;
; TMC-20812 - Paths Failing Removal Analysis with Global Routing in Data Path                                ; Medium   ; 0          ; 0      ; global-signal, route                           ;
; TMC-20813 - Paths Failing Removal Analysis with Locally Routed Clock                                       ; Medium   ; 0          ; 0      ; global-signal, clock-skew                      ;
; CDC-50008 - CDC Bus Constructed with Multi-bit Synchronizer Chains                                         ; Low      ; 0          ; 0      ; synchronizer, cdc-bus                          ;
; CDC-50101 - Intra-Clock False Path Synchronizer                                                            ; Low      ; 0          ; 0      ; synchronizer, false-positive-synchronizer      ;
; CDC-50102 - Synchronizer after CDC Topology with Control Signal                                            ; Low      ; 0          ; 0      ; synchronizer, false-positive-synchronizer      ;
; FLP-40006 - Pipelining Registers That Might Be Recoverable                                                 ; Low      ; 0          ; 0      ; resource-usage                                 ;
; LNT-30010 - Nets Driving both Reset and Clock Enable Signals                                               ; Low      ; 0          ; 0      ; reset-usage                                    ;
; RES-50010 - Reset Synchronizer Chains with Constant Output                                                 ; Low      ; 0          ; 0      ; synchronizer                                   ;
; RES-50101 - Intra-Clock False Path Reset Synchronizer                                                      ; Low      ; 0          ; 0      ; synchronizer, false-positive-synchronizer      ;
; TMC-20020 - Invalid Multicycle Assignment                                                                  ; Low      ; 0          ; 0      ; sdc                                            ;
; TMC-20550 - Automatically Selected Duplication Candidate Rejected for Placement Constraint                 ; Low      ; 0          ; 0      ; register-duplication, place                    ;
; TMC-20551 - Automatically Selected Duplication Candidate Likely Requires More Duplication                  ; Low      ; 0          ; 0      ; register-duplication, place                    ;
; TMC-20552 - User Selected Duplication Candidate was Rejected                                               ; Low      ; 0          ; 0      ; register-duplication, place                    ;
; TMC-20601 - Registers with High Immediate Fan-Out Tension                                                  ; Low      ; 0          ; 0      ; register-duplication, register-spread, place   ;
+------------------------------------------------------------------------------------------------------------+----------+------------+--------+------------------------------------------------+


Status:		FAIL
Severity:		High
Number of violations: 	2
Rule Parameters:      	max_violations = 5000
+-----------------------------------------------------------------------------------------------------------------------+
; CLK-30026 - Missing Clock Assignment                                                                                  ;
+-------------+------------------------------------------------------------------------------------------------+--------+
; Clock       ; Reason                                                                                         ; Waived ;
+-------------+------------------------------------------------------------------------------------------------+--------+
; history_clk ; Node was determined to feed a clock port but was found without an associated clock assignment. ;        ;
; cfg_clk     ; Node was determined to feed a clock port but was found without an associated clock assignment. ;        ;
+-------------+------------------------------------------------------------------------------------------------+--------+


Status:		FAIL
Severity:		Medium
Number of violations: 	220
Rule Parameters:      	
		max_violations = 5000
		device_ram_occupation = 80
		low_utilization = 10
+----------------------------------------------------------------------------------------------------------------------------------------------------------------------------------------------------------------------+
; FLP-10000 - Physical RAM with Utilization Below Threshold                                                                                                                                                            ;
+-----------------------+-------------------------+-------------------------------+---------------------------------------------------------------------------------------------------------------------------+--------+
; Physical RAM Location ; Physical RAM Usage Bits ; Physical RAM Usage Percentage ; Logical RAM Name                                                                                                          ; Waived ;
+-----------------------+-------------------------+-------------------------------+---------------------------------------------------------------------------------------------------------------------------+--------+
; M20K_X144_Y305_N0     ; 8                       ; 0                             ; u_pipe|u_align|u_collect|u_out|mem_rtl_0|auto_generated|altera_syncram_impl1|ALTERA_SYNCRAM                               ;        ;
; M20K_X208_Y366_N0     ; 28                      ; 0.1                           ; u_pipe|u_bf|u_out|mem_rtl_0|auto_generated|altera_syncram_impl1|ALTERA_SYNCRAM                                            ;        ;
; M20K_X219_Y356_N0     ; 72                      ; 0.4                           ; u_pipe|u_fanout_fifo|mem_rtl_0|auto_generated|altera_syncram_impl1|ALTERA_SYNCRAM                                         ;        ;
; M20K_X133_Y289_N0     ; 160                     ; 0.8                           ; u_pipe|u_align|u_collect|u_out|mem_rtl_0|auto_generated|altera_syncram_impl1|ALTERA_SYNCRAM                               ;        ;
; M20K_X133_Y290_N0     ; 160                     ; 0.8                           ; u_pipe|u_align|u_collect|u_out|mem_rtl_0|auto_generated|altera_syncram_impl1|ALTERA_SYNCRAM                               ;        ;
; M20K_X133_Y298_N0     ; 160                     ; 0.8                           ; u_pipe|u_align|u_collect|u_out|mem_rtl_0|auto_generated|altera_syncram_impl1|ALTERA_SYNCRAM                               ;        ;
; M20K_X133_Y299_N0     ; 160                     ; 0.8                           ; u_pipe|u_align|u_collect|u_out|mem_rtl_0|auto_generated|altera_syncram_impl1|ALTERA_SYNCRAM                               ;        ;
; M20K_X133_Y306_N0     ; 160                     ; 0.8                           ; u_pipe|u_align|u_collect|u_out|mem_rtl_0|auto_generated|altera_syncram_impl1|ALTERA_SYNCRAM                               ;        ;
; M20K_X133_Y307_N0     ; 160                     ; 0.8                           ; u_pipe|u_align|u_collect|u_out|mem_rtl_0|auto_generated|altera_syncram_impl1|ALTERA_SYNCRAM                               ;        ;
; M20K_X144_Y294_N0     ; 160                     ; 0.8                           ; u_pipe|u_align|u_collect|u_out|mem_rtl_0|auto_generated|altera_syncram_impl1|ALTERA_SYNCRAM                               ;        ;
; M20K_X144_Y295_N0     ; 160                     ; 0.8                           ; u_pipe|u_align|u_collect|u_out|mem_rtl_0|auto_generated|altera_syncram_impl1|ALTERA_SYNCRAM                               ;        ;
; M20K_X144_Y296_N0     ; 160                     ; 0.8                           ; u_pipe|u_align|u_collect|u_out|mem_rtl_0|auto_generated|altera_syncram_impl1|ALTERA_SYNCRAM                               ;        ;
; M20K_X144_Y297_N0     ; 160                     ; 0.8                           ; u_pipe|u_align|u_collect|u_out|mem_rtl_0|auto_generated|altera_syncram_impl1|ALTERA_SYNCRAM                               ;        ;
; M20K_X149_Y298_N0     ; 160                     ; 0.8                           ; u_pipe|u_align|u_collect|u_out|mem_rtl_0|auto_generated|altera_syncram_impl1|ALTERA_SYNCRAM                               ;        ;
; M20K_X149_Y308_N0     ; 160                     ; 0.8                           ; u_pipe|u_align|u_collect|u_out|mem_rtl_0|auto_generated|altera_syncram_impl1|ALTERA_SYNCRAM                               ;        ;
; M20K_X154_Y298_N0     ; 160                     ; 0.8                           ; u_pipe|u_align|u_collect|u_out|mem_rtl_0|auto_generated|altera_syncram_impl1|ALTERA_SYNCRAM                               ;        ;
; M20K_X154_Y299_N0     ; 160                     ; 0.8                           ; u_pipe|u_align|u_collect|u_out|mem_rtl_0|auto_generated|altera_syncram_impl1|ALTERA_SYNCRAM                               ;        ;
; M20K_X154_Y301_N0     ; 160                     ; 0.8                           ; u_pipe|u_align|u_collect|u_out|mem_rtl_0|auto_generated|altera_syncram_impl1|ALTERA_SYNCRAM                               ;        ;
; M20K_X165_Y298_N0     ; 160                     ; 0.8                           ; u_pipe|u_align|u_collect|u_out|mem_rtl_0|auto_generated|altera_syncram_impl1|ALTERA_SYNCRAM                               ;        ;
; M20K_X165_Y299_N0     ; 160                     ; 0.8                           ; u_pipe|u_align|u_collect|u_out|mem_rtl_0|auto_generated|altera_syncram_impl1|ALTERA_SYNCRAM                               ;        ;
; M20K_X165_Y303_N0     ; 160                     ; 0.8                           ; u_pipe|u_align|u_collect|u_out|mem_rtl_0|auto_generated|altera_syncram_impl1|ALTERA_SYNCRAM                               ;        ;
; M20K_X165_Y310_N0     ; 160                     ; 0.8                           ; u_pipe|u_align|u_collect|u_out|mem_rtl_0|auto_generated|altera_syncram_impl1|ALTERA_SYNCRAM                               ;        ;
; M20K_X165_Y311_N0     ; 160                     ; 0.8                           ; u_pipe|u_align|u_collect|u_out|mem_rtl_0|auto_generated|altera_syncram_impl1|ALTERA_SYNCRAM                               ;        ;
; M20K_X176_Y298_N0     ; 160                     ; 0.8                           ; u_pipe|u_align|u_collect|u_out|mem_rtl_0|auto_generated|altera_syncram_impl1|ALTERA_SYNCRAM                               ;        ;
; M20K_X176_Y299_N0     ; 160                     ; 0.8                           ; u_pipe|u_align|u_collect|u_out|mem_rtl_0|auto_generated|altera_syncram_impl1|ALTERA_SYNCRAM                               ;        ;
; M20K_X176_Y309_N0     ; 160                     ; 0.8                           ; u_pipe|u_align|u_collect|u_out|mem_rtl_0|auto_generated|altera_syncram_impl1|ALTERA_SYNCRAM                               ;        ;
; M20K_X176_Y310_N0     ; 160                     ; 0.8                           ; u_pipe|u_align|u_collect|u_out|mem_rtl_0|auto_generated|altera_syncram_impl1|ALTERA_SYNCRAM                               ;        ;
; M20K_X176_Y311_N0     ; 160                     ; 0.8                           ; u_pipe|u_align|u_collect|u_out|mem_rtl_0|auto_generated|altera_syncram_impl1|ALTERA_SYNCRAM                               ;        ;
; M20K_X187_Y297_N0     ; 160                     ; 0.8                           ; u_pipe|u_align|u_collect|u_out|mem_rtl_0|auto_generated|altera_syncram_impl1|ALTERA_SYNCRAM                               ;        ;
; M20K_X219_Y349_N0     ; 160                     ; 0.8                           ; u_pipe|u_fanout_fifo|mem_rtl_0|auto_generated|altera_syncram_impl1|ALTERA_SYNCRAM                                         ;        ;
; M20K_X219_Y350_N0     ; 160                     ; 0.8                           ; u_pipe|u_fanout_fifo|mem_rtl_0|auto_generated|altera_syncram_impl1|ALTERA_SYNCRAM                                         ;        ;
; M20K_X219_Y352_N0     ; 160                     ; 0.8                           ; u_pipe|u_fanout_fifo|mem_rtl_0|auto_generated|altera_syncram_impl1|ALTERA_SYNCRAM                                         ;        ;
; M20K_X219_Y353_N0     ; 160                     ; 0.8                           ; u_pipe|u_fanout_fifo|mem_rtl_0|auto_generated|altera_syncram_impl1|ALTERA_SYNCRAM                                         ;        ;
; M20K_X219_Y355_N0     ; 160                     ; 0.8                           ; u_pipe|u_fanout_fifo|mem_rtl_0|auto_generated|altera_syncram_impl1|ALTERA_SYNCRAM                                         ;        ;
; M20K_X219_Y359_N0     ; 160                     ; 0.8                           ; u_pipe|u_fanout_fifo|mem_rtl_0|auto_generated|altera_syncram_impl1|ALTERA_SYNCRAM                                         ;        ;
; M20K_X219_Y360_N0     ; 160                     ; 0.8                           ; u_pipe|u_fanout_fifo|mem_rtl_0|auto_generated|altera_syncram_impl1|ALTERA_SYNCRAM                                         ;        ;
; M20K_X219_Y361_N0     ; 160                     ; 0.8                           ; u_pipe|u_fanout_fifo|mem_rtl_0|auto_generated|altera_syncram_impl1|ALTERA_SYNCRAM                                         ;        ;
; M20K_X219_Y362_N0     ; 160                     ; 0.8                           ; u_pipe|u_fanout_fifo|mem_rtl_0|auto_generated|altera_syncram_impl1|ALTERA_SYNCRAM                                         ;        ;
; M20K_X219_Y363_N0     ; 160                     ; 0.8                           ; u_pipe|u_fanout_fifo|mem_rtl_0|auto_generated|altera_syncram_impl1|ALTERA_SYNCRAM                                         ;        ;
; M20K_X219_Y364_N0     ; 160                     ; 0.8                           ; u_pipe|u_fanout_fifo|mem_rtl_0|auto_generated|altera_syncram_impl1|ALTERA_SYNCRAM                                         ;        ;
; M20K_X219_Y365_N0     ; 160                     ; 0.8                           ; u_pipe|u_fanout_fifo|mem_rtl_0|auto_generated|altera_syncram_impl1|ALTERA_SYNCRAM                                         ;        ;
; M20K_X219_Y367_N0     ; 160                     ; 0.8                           ; u_pipe|u_fanout_fifo|mem_rtl_0|auto_generated|altera_syncram_impl1|ALTERA_SYNCRAM                                         ;        ;
; M20K_X219_Y368_N0     ; 160                     ; 0.8                           ; u_pipe|u_fanout_fifo|mem_rtl_0|auto_generated|altera_syncram_impl1|ALTERA_SYNCRAM                                         ;        ;
; M20K_X219_Y370_N0     ; 160                     ; 0.8                           ; u_pipe|u_fanout_fifo|mem_rtl_0|auto_generated|altera_syncram_impl1|ALTERA_SYNCRAM                                         ;        ;
; M20K_X219_Y371_N0     ; 160                     ; 0.8                           ; u_pipe|u_fanout_fifo|mem_rtl_0|auto_generated|altera_syncram_impl1|ALTERA_SYNCRAM                                         ;        ;
; M20K_X219_Y372_N0     ; 160                     ; 0.8                           ; u_pipe|u_fanout_fifo|mem_rtl_0|auto_generated|altera_syncram_impl1|ALTERA_SYNCRAM                                         ;        ;
; M20K_X219_Y373_N0     ; 160                     ; 0.8                           ; u_pipe|u_fanout_fifo|mem_rtl_0|auto_generated|altera_syncram_impl1|ALTERA_SYNCRAM                                         ;        ;
; M20K_X219_Y376_N0     ; 160                     ; 0.8                           ; u_pipe|u_fanout_fifo|mem_rtl_0|auto_generated|altera_syncram_impl1|ALTERA_SYNCRAM                                         ;        ;
; M20K_X219_Y377_N0     ; 160                     ; 0.8                           ; u_pipe|u_fanout_fifo|mem_rtl_0|auto_generated|altera_syncram_impl1|ALTERA_SYNCRAM                                         ;        ;
; M20K_X230_Y351_N0     ; 160                     ; 0.8                           ; u_pipe|u_fanout_fifo|mem_rtl_0|auto_generated|altera_syncram_impl1|ALTERA_SYNCRAM                                         ;        ;
; M20K_X230_Y352_N0     ; 160                     ; 0.8                           ; u_pipe|u_fanout_fifo|mem_rtl_0|auto_generated|altera_syncram_impl1|ALTERA_SYNCRAM                                         ;        ;
; M20K_X230_Y354_N0     ; 160                     ; 0.8                           ; u_pipe|u_fanout_fifo|mem_rtl_0|auto_generated|altera_syncram_impl1|ALTERA_SYNCRAM                                         ;        ;
; M20K_X230_Y356_N0     ; 160                     ; 0.8                           ; u_pipe|u_fanout_fifo|mem_rtl_0|auto_generated|altera_syncram_impl1|ALTERA_SYNCRAM                                         ;        ;
; M20K_X230_Y362_N0     ; 160                     ; 0.8                           ; u_pipe|u_fanout_fifo|mem_rtl_0|auto_generated|altera_syncram_impl1|ALTERA_SYNCRAM                                         ;        ;
; M20K_X230_Y370_N0     ; 160                     ; 0.8                           ; u_pipe|u_fanout_fifo|mem_rtl_0|auto_generated|altera_syncram_impl1|ALTERA_SYNCRAM                                         ;        ;
; M20K_X230_Y371_N0     ; 160                     ; 0.8                           ; u_pipe|u_fanout_fifo|mem_rtl_0|auto_generated|altera_syncram_impl1|ALTERA_SYNCRAM                                         ;        ;
; M20K_X230_Y373_N0     ; 160                     ; 0.8                           ; u_pipe|u_fanout_fifo|mem_rtl_0|auto_generated|altera_syncram_impl1|ALTERA_SYNCRAM                                         ;        ;
; M20K_X230_Y375_N0     ; 160                     ; 0.8                           ; u_pipe|u_fanout_fifo|mem_rtl_0|auto_generated|altera_syncram_impl1|ALTERA_SYNCRAM                                         ;        ;
; M20K_X230_Y377_N0     ; 160                     ; 0.8                           ; u_pipe|u_fanout_fifo|mem_rtl_0|auto_generated|altera_syncram_impl1|ALTERA_SYNCRAM                                         ;        ;
; M20K_X273_Y357_N0     ; 160                     ; 0.8                           ; u_pipe|u_fanout_fifo|mem_rtl_0|auto_generated|altera_syncram_impl1|ALTERA_SYNCRAM                                         ;        ;
; M20K_X284_Y365_N0     ; 160                     ; 0.8                           ; u_pipe|u_fanout_fifo|mem_rtl_0|auto_generated|altera_syncram_impl1|ALTERA_SYNCRAM                                         ;        ;
; M20K_X365_Y373_N0     ; 240                     ; 1.2                           ; u_pipe|u_dma_tap_buf|mem_rtl_0|auto_generated|altera_syncram_impl1|ALTERA_SYNCRAM                                         ;        ;
; M20K_X349_Y382_N0     ; 272                     ; 1.3                           ; u_pipe|g_cfar_per_beam[11].u_cfar|u_out|mem_rtl_0|auto_generated|altera_syncram_impl1|ALTERA_SYNCRAM                      ;        ;
; M20K_X349_Y383_N0     ; 272                     ; 1.3                           ; u_pipe|g_cfar_per_beam[2].u_cfar|u_out|mem_rtl_0|auto_generated|altera_syncram_impl1|ALTERA_SYNCRAM                       ;        ;
; M20K_X349_Y384_N0     ; 272                     ; 1.3                           ; u_pipe|g_cfar_per_beam[3].u_cfar|u_out|mem_rtl_0|auto_generated|altera_syncram_impl1|ALTERA_SYNCRAM                       ;        ;
; M20K_X360_Y384_N0     ; 272                     ; 1.3                           ; u_pipe|g_cfar_per_beam[5].u_cfar|u_out|mem_rtl_0|auto_generated|altera_syncram_impl1|ALTERA_SYNCRAM                       ;        ;
; M20K_X360_Y385_N0     ; 272                     ; 1.3                           ; u_pipe|g_cfar_per_beam[8].u_cfar|u_out|mem_rtl_0|auto_generated|altera_syncram_impl1|ALTERA_SYNCRAM                       ;        ;
; M20K_X360_Y386_N0     ; 272                     ; 1.3                           ; u_pipe|g_cfar_per_beam[7].u_cfar|u_out|mem_rtl_0|auto_generated|altera_syncram_impl1|ALTERA_SYNCRAM                       ;        ;
; M20K_X365_Y380_N0     ; 272                     ; 1.3                           ; u_pipe|g_cfar_per_beam[4].u_cfar|u_out|mem_rtl_0|auto_generated|altera_syncram_impl1|ALTERA_SYNCRAM                       ;        ;
; M20K_X365_Y382_N0     ; 272                     ; 1.3                           ; u_pipe|g_cfar_per_beam[10].u_cfar|u_out|mem_rtl_0|auto_generated|altera_syncram_impl1|ALTERA_SYNCRAM                      ;        ;
; M20K_X365_Y383_N0     ; 272                     ; 1.3                           ; u_pipe|g_cfar_per_beam[1].u_cfar|u_out|mem_rtl_0|auto_generated|altera_syncram_impl1|ALTERA_SYNCRAM                       ;        ;
; M20K_X365_Y385_N0     ; 272                     ; 1.3                           ; u_pipe|g_cfar_per_beam[12].u_cfar|u_out|mem_rtl_0|auto_generated|altera_syncram_impl1|ALTERA_SYNCRAM                      ;        ;
; M20K_X370_Y385_N0     ; 272                     ; 1.3                           ; u_pipe|g_cfar_per_beam[6].u_cfar|u_out|mem_rtl_0|auto_generated|altera_syncram_impl1|ALTERA_SYNCRAM                       ;        ;
; M20K_X370_Y386_N0     ; 272                     ; 1.3                           ; u_pipe|g_cfar_per_beam[15].u_cfar|u_out|mem_rtl_0|auto_generated|altera_syncram_impl1|ALTERA_SYNCRAM                      ;        ;
; M20K_X370_Y389_N0     ; 272                     ; 1.3                           ; u_pipe|g_cfar_per_beam[9].u_cfar|u_out|mem_rtl_0|auto_generated|altera_syncram_impl1|ALTERA_SYNCRAM                       ;        ;
; M20K_X381_Y384_N0     ; 272                     ; 1.3                           ; u_pipe|g_cfar_per_beam[0].u_cfar|u_out|mem_rtl_0|auto_generated|altera_syncram_impl1|ALTERA_SYNCRAM                       ;        ;
; M20K_X381_Y386_N0     ; 272                     ; 1.3                           ; u_pipe|g_cfar_per_beam[14].u_cfar|u_out|mem_rtl_0|auto_generated|altera_syncram_impl1|ALTERA_SYNCRAM                      ;        ;
; M20K_X381_Y387_N0     ; 272                     ; 1.3                           ; u_pipe|g_cfar_per_beam[13].u_cfar|u_out|mem_rtl_0|auto_generated|altera_syncram_impl1|ALTERA_SYNCRAM                      ;        ;
; M20K_X306_Y271_N0     ; 312                     ; 1.5                           ; u_pipe|g_pfb[1].u_pfb|u_out|mem_rtl_0|auto_generated|altera_syncram_impl1|ALTERA_SYNCRAM                                  ;        ;
; M20K_X327_Y263_N0     ; 312                     ; 1.5                           ; u_pipe|g_pfb[3].u_pfb|u_out|mem_rtl_0|auto_generated|altera_syncram_impl1|ALTERA_SYNCRAM                                  ;        ;
; M20K_X338_Y222_N0     ; 312                     ; 1.5                           ; u_pipe|g_pfb[4].u_pfb|u_out|mem_rtl_0|auto_generated|altera_syncram_impl1|ALTERA_SYNCRAM                                  ;        ;
; M20K_X338_Y263_N0     ; 312                     ; 1.5                           ; u_pipe|g_pfb[14].u_pfb|u_out|mem_rtl_0|auto_generated|altera_syncram_impl1|ALTERA_SYNCRAM                                 ;        ;
; M20K_X349_Y232_N0     ; 312                     ; 1.5                           ; u_pipe|g_pfb[9].u_pfb|u_out|mem_rtl_0|auto_generated|altera_syncram_impl1|ALTERA_SYNCRAM                                  ;        ;
; M20K_X349_Y261_N0     ; 312                     ; 1.5                           ; u_pipe|g_pfb[11].u_pfb|u_out|mem_rtl_0|auto_generated|altera_syncram_impl1|ALTERA_SYNCRAM                                 ;        ;
; M20K_X365_Y267_N0     ; 312                     ; 1.5                           ; u_pipe|g_pfb[5].u_pfb|u_out|mem_rtl_0|auto_generated|altera_syncram_impl1|ALTERA_SYNCRAM                                  ;        ;
; M20K_X370_Y266_N0     ; 312                     ; 1.5                           ; u_pipe|g_pfb[7].u_pfb|u_out|mem_rtl_0|auto_generated|altera_syncram_impl1|ALTERA_SYNCRAM                                  ;        ;
; M20K_X392_Y266_N0     ; 312                     ; 1.5                           ; u_pipe|g_pfb[0].u_pfb|u_out|mem_rtl_0|auto_generated|altera_syncram_impl1|ALTERA_SYNCRAM                                  ;        ;
; M20K_X414_Y233_N0     ; 312                     ; 1.5                           ; u_pipe|g_pfb[2].u_pfb|u_out|mem_rtl_0|auto_generated|altera_syncram_impl1|ALTERA_SYNCRAM                                  ;        ;
; M20K_X414_Y236_N0     ; 312                     ; 1.5                           ; u_pipe|g_pfb[13].u_pfb|u_out|mem_rtl_0|auto_generated|altera_syncram_impl1|ALTERA_SYNCRAM                                 ;        ;
; M20K_X414_Y241_N0     ; 312                     ; 1.5                           ; u_pipe|g_pfb[8].u_pfb|u_out|mem_rtl_0|auto_generated|altera_syncram_impl1|ALTERA_SYNCRAM                                  ;        ;
; M20K_X414_Y266_N0     ; 312                     ; 1.5                           ; u_pipe|g_pfb[15].u_pfb|u_out|mem_rtl_0|auto_generated|altera_syncram_impl1|ALTERA_SYNCRAM                                 ;        ;
; M20K_X419_Y300_N0     ; 312                     ; 1.5                           ; u_pipe|g_pfb[12].u_pfb|u_out|mem_rtl_0|auto_generated|altera_syncram_impl1|ALTERA_SYNCRAM                                 ;        ;
; M20K_X424_Y260_N0     ; 312                     ; 1.5                           ; u_pipe|g_pfb[10].u_pfb|u_out|mem_rtl_0|auto_generated|altera_syncram_impl1|ALTERA_SYNCRAM                                 ;        ;
; M20K_X435_Y243_N0     ; 312                     ; 1.5                           ; u_pipe|g_pfb[6].u_pfb|u_out|mem_rtl_0|auto_generated|altera_syncram_impl1|ALTERA_SYNCRAM                                  ;        ;
; M20K_X349_Y368_N0     ; 320                     ; 1.6                           ; u_pipe|g_cfar_per_beam[11].u_cfar|u_out|mem_rtl_0|auto_generated|altera_syncram_impl1|ALTERA_SYNCRAM                      ;        ;
; M20K_X349_Y372_N0     ; 320                     ; 1.6                           ; u_pipe|g_cfar_per_beam[2].u_cfar|u_out|mem_rtl_0|auto_generated|altera_syncram_impl1|ALTERA_SYNCRAM                       ;        ;
; M20K_X349_Y373_N0     ; 320                     ; 1.6                           ; u_pipe|g_cfar_per_beam[8].u_cfar|u_out|mem_rtl_0|auto_generated|altera_syncram_impl1|ALTERA_SYNCRAM                       ;        ;
; M20K_X349_Y374_N0     ; 320                     ; 1.6                           ; u_pipe|g_cfar_per_beam[7].u_cfar|u_out|mem_rtl_0|auto_generated|altera_syncram_impl1|ALTERA_SYNCRAM                       ;        ;
; M20K_X349_Y375_N0     ; 320                     ; 1.6                           ; u_pipe|g_cfar_per_beam[10].u_cfar|u_out|mem_rtl_0|auto_generated|altera_syncram_impl1|ALTERA_SYNCRAM                      ;        ;
; M20K_X349_Y376_N0     ; 320                     ; 1.6                           ; u_pipe|g_cfar_per_beam[9].u_cfar|u_out|mem_rtl_0|auto_generated|altera_syncram_impl1|ALTERA_SYNCRAM                       ;        ;
; M20K_X349_Y377_N0     ; 320                     ; 1.6                           ; u_pipe|g_cfar_per_beam[12].u_cfar|u_out|mem_rtl_0|auto_generated|altera_syncram_impl1|ALTERA_SYNCRAM                      ;        ;
; M20K_X349_Y378_N0     ; 320                     ; 1.6                           ; u_pipe|g_cfar_per_beam[13].u_cfar|u_out|mem_rtl_0|auto_generated|altera_syncram_impl1|ALTERA_SYNCRAM                      ;        ;
; M20K_X349_Y379_N0     ; 320                     ; 1.6                           ; u_pipe|g_cfar_per_beam[11].u_cfar|u_out|mem_rtl_0|auto_generated|altera_syncram_impl1|ALTERA_SYNCRAM                      ;        ;
; M20K_X360_Y364_N0     ; 320                     ; 1.6                           ; u_pipe|g_cfar_per_beam[10].u_cfar|u_out|mem_rtl_0|auto_generated|altera_syncram_impl1|ALTERA_SYNCRAM                      ;        ;
; M20K_X360_Y365_N0     ; 320                     ; 1.6                           ; u_pipe|g_cfar_per_beam[7].u_cfar|u_out|mem_rtl_0|auto_generated|altera_syncram_impl1|ALTERA_SYNCRAM                       ;        ;
; M20K_X360_Y366_N0     ; 320                     ; 1.6                           ; u_pipe|g_cfar_per_beam[3].u_cfar|u_out|mem_rtl_0|auto_generated|altera_syncram_impl1|ALTERA_SYNCRAM                       ;        ;
; M20K_X360_Y376_N0     ; 320                     ; 1.6                           ; u_pipe|g_cfar_per_beam[3].u_cfar|u_out|mem_rtl_0|auto_generated|altera_syncram_impl1|ALTERA_SYNCRAM                       ;        ;
; M20K_X360_Y377_N0     ; 320                     ; 1.6                           ; u_pipe|g_cfar_per_beam[4].u_cfar|u_out|mem_rtl_0|auto_generated|altera_syncram_impl1|ALTERA_SYNCRAM                       ;        ;
; M20K_X360_Y378_N0     ; 320                     ; 1.6                           ; u_pipe|g_cfar_per_beam[14].u_cfar|u_out|mem_rtl_0|auto_generated|altera_syncram_impl1|ALTERA_SYNCRAM                      ;        ;
; M20K_X360_Y379_N0     ; 320                     ; 1.6                           ; u_pipe|g_cfar_per_beam[15].u_cfar|u_out|mem_rtl_0|auto_generated|altera_syncram_impl1|ALTERA_SYNCRAM                      ;        ;
; M20K_X360_Y380_N0     ; 320                     ; 1.6                           ; u_pipe|g_cfar_per_beam[5].u_cfar|u_out|mem_rtl_0|auto_generated|altera_syncram_impl1|ALTERA_SYNCRAM                       ;        ;
; M20K_X360_Y381_N0     ; 320                     ; 1.6                           ; u_pipe|g_cfar_per_beam[6].u_cfar|u_out|mem_rtl_0|auto_generated|altera_syncram_impl1|ALTERA_SYNCRAM                       ;        ;
; M20K_X365_Y361_N0     ; 320                     ; 1.6                           ; u_pipe|g_cfar_per_beam[12].u_cfar|u_out|mem_rtl_0|auto_generated|altera_syncram_impl1|ALTERA_SYNCRAM                      ;        ;
; M20K_X365_Y364_N0     ; 320                     ; 1.6                           ; u_pipe|g_cfar_per_beam[12].u_cfar|u_out|mem_rtl_0|auto_generated|altera_syncram_impl1|ALTERA_SYNCRAM                      ;        ;
; M20K_X365_Y365_N0     ; 320                     ; 1.6                           ; u_pipe|g_cfar_per_beam[9].u_cfar|u_out|mem_rtl_0|auto_generated|altera_syncram_impl1|ALTERA_SYNCRAM                       ;        ;
; M20K_X365_Y366_N0     ; 320                     ; 1.6                           ; u_pipe|g_cfar_per_beam[4].u_cfar|u_out|mem_rtl_0|auto_generated|altera_syncram_impl1|ALTERA_SYNCRAM                       ;        ;
; M20K_X365_Y367_N0     ; 320                     ; 1.6                           ; u_pipe|g_cfar_per_beam[5].u_cfar|u_out|mem_rtl_0|auto_generated|altera_syncram_impl1|ALTERA_SYNCRAM                       ;        ;
; M20K_X365_Y368_N0     ; 320                     ; 1.6                           ; u_pipe|g_cfar_per_beam[8].u_cfar|u_out|mem_rtl_0|auto_generated|altera_syncram_impl1|ALTERA_SYNCRAM                       ;        ;
; M20K_X365_Y369_N0     ; 320                     ; 1.6                           ; u_pipe|g_cfar_per_beam[11].u_cfar|u_out|mem_rtl_0|auto_generated|altera_syncram_impl1|ALTERA_SYNCRAM                      ;        ;
; M20K_X365_Y370_N0     ; 320                     ; 1.6                           ; u_pipe|g_cfar_per_beam[0].u_cfar|u_out|mem_rtl_0|auto_generated|altera_syncram_impl1|ALTERA_SYNCRAM                       ;        ;
; M20K_X365_Y371_N0     ; 320                     ; 1.6                           ; u_pipe|g_cfar_per_beam[1].u_cfar|u_out|mem_rtl_0|auto_generated|altera_syncram_impl1|ALTERA_SYNCRAM                       ;        ;
; M20K_X365_Y372_N0     ; 320                     ; 1.6                           ; u_pipe|g_cfar_per_beam[2].u_cfar|u_out|mem_rtl_0|auto_generated|altera_syncram_impl1|ALTERA_SYNCRAM                       ;        ;
; M20K_X365_Y377_N0     ; 320                     ; 1.6                           ; u_pipe|g_cfar_per_beam[0].u_cfar|u_out|mem_rtl_0|auto_generated|altera_syncram_impl1|ALTERA_SYNCRAM                       ;        ;
; M20K_X365_Y378_N0     ; 320                     ; 1.6                           ; u_pipe|g_cfar_per_beam[1].u_cfar|u_out|mem_rtl_0|auto_generated|altera_syncram_impl1|ALTERA_SYNCRAM                       ;        ;
; M20K_X365_Y388_N0     ; 320                     ; 1.6                           ; u_pipe|g_cfar_per_beam[2].u_cfar|u_out|mem_rtl_0|auto_generated|altera_syncram_impl1|ALTERA_SYNCRAM                       ;        ;
; M20K_X370_Y361_N0     ; 320                     ; 1.6                           ; u_pipe|g_cfar_per_beam[7].u_cfar|u_out|mem_rtl_0|auto_generated|altera_syncram_impl1|ALTERA_SYNCRAM                       ;        ;
; M20K_X370_Y365_N0     ; 320                     ; 1.6                           ; u_pipe|g_cfar_per_beam[8].u_cfar|u_out|mem_rtl_0|auto_generated|altera_syncram_impl1|ALTERA_SYNCRAM                       ;        ;
; M20K_X370_Y366_N0     ; 320                     ; 1.6                           ; u_pipe|g_cfar_per_beam[13].u_cfar|u_out|mem_rtl_0|auto_generated|altera_syncram_impl1|ALTERA_SYNCRAM                      ;        ;
; M20K_X370_Y367_N0     ; 320                     ; 1.6                           ; u_pipe|g_cfar_per_beam[4].u_cfar|u_out|mem_rtl_0|auto_generated|altera_syncram_impl1|ALTERA_SYNCRAM                       ;        ;
; M20K_X370_Y368_N0     ; 320                     ; 1.6                           ; u_pipe|g_cfar_per_beam[3].u_cfar|u_out|mem_rtl_0|auto_generated|altera_syncram_impl1|ALTERA_SYNCRAM                       ;        ;
; M20K_X370_Y369_N0     ; 320                     ; 1.6                           ; u_pipe|g_cfar_per_beam[10].u_cfar|u_out|mem_rtl_0|auto_generated|altera_syncram_impl1|ALTERA_SYNCRAM                      ;        ;
; M20K_X370_Y370_N0     ; 320                     ; 1.6                           ; u_pipe|g_cfar_per_beam[2].u_cfar|u_out|mem_rtl_0|auto_generated|altera_syncram_impl1|ALTERA_SYNCRAM                       ;        ;
; M20K_X370_Y371_N0     ; 320                     ; 1.6                           ; u_pipe|g_cfar_per_beam[15].u_cfar|u_out|mem_rtl_0|auto_generated|altera_syncram_impl1|ALTERA_SYNCRAM                      ;        ;
; M20K_X370_Y372_N0     ; 320                     ; 1.6                           ; u_pipe|g_cfar_per_beam[5].u_cfar|u_out|mem_rtl_0|auto_generated|altera_syncram_impl1|ALTERA_SYNCRAM                       ;        ;
; M20K_X370_Y373_N0     ; 320                     ; 1.6                           ; u_pipe|g_cfar_per_beam[14].u_cfar|u_out|mem_rtl_0|auto_generated|altera_syncram_impl1|ALTERA_SYNCRAM                      ;        ;
; M20K_X370_Y374_N0     ; 320                     ; 1.6                           ; u_pipe|g_cfar_per_beam[1].u_cfar|u_out|mem_rtl_0|auto_generated|altera_syncram_impl1|ALTERA_SYNCRAM                       ;        ;
; M20K_X370_Y375_N0     ; 320                     ; 1.6                           ; u_pipe|g_cfar_per_beam[0].u_cfar|u_out|mem_rtl_0|auto_generated|altera_syncram_impl1|ALTERA_SYNCRAM                       ;        ;
; M20K_X370_Y376_N0     ; 320                     ; 1.6                           ; u_pipe|g_cfar_per_beam[5].u_cfar|u_out|mem_rtl_0|auto_generated|altera_syncram_impl1|ALTERA_SYNCRAM                       ;        ;
; M20K_X370_Y379_N0     ; 320                     ; 1.6                           ; u_pipe|g_cfar_per_beam[3].u_cfar|u_out|mem_rtl_0|auto_generated|altera_syncram_impl1|ALTERA_SYNCRAM                       ;        ;
; M20K_X370_Y380_N0     ; 320                     ; 1.6                           ; u_pipe|g_cfar_per_beam[1].u_cfar|u_out|mem_rtl_0|auto_generated|altera_syncram_impl1|ALTERA_SYNCRAM                       ;        ;
; M20K_X370_Y381_N0     ; 320                     ; 1.6                           ; u_pipe|g_cfar_per_beam[11].u_cfar|u_out|mem_rtl_0|auto_generated|altera_syncram_impl1|ALTERA_SYNCRAM                      ;        ;
; M20K_X370_Y382_N0     ; 320                     ; 1.6                           ; u_pipe|g_cfar_per_beam[10].u_cfar|u_out|mem_rtl_0|auto_generated|altera_syncram_impl1|ALTERA_SYNCRAM                      ;        ;
; M20K_X370_Y383_N0     ; 320                     ; 1.6                           ; u_pipe|g_cfar_per_beam[7].u_cfar|u_out|mem_rtl_0|auto_generated|altera_syncram_impl1|ALTERA_SYNCRAM                       ;        ;
; M20K_X370_Y384_N0     ; 320                     ; 1.6                           ; u_pipe|g_cfar_per_beam[8].u_cfar|u_out|mem_rtl_0|auto_generated|altera_syncram_impl1|ALTERA_SYNCRAM                       ;        ;
; M20K_X381_Y366_N0     ; 320                     ; 1.6                           ; u_pipe|g_cfar_per_beam[14].u_cfar|u_out|mem_rtl_0|auto_generated|altera_syncram_impl1|ALTERA_SYNCRAM                      ;        ;
; M20K_X381_Y367_N0     ; 320                     ; 1.6                           ; u_pipe|g_cfar_per_beam[9].u_cfar|u_out|mem_rtl_0|auto_generated|altera_syncram_impl1|ALTERA_SYNCRAM                       ;        ;
; M20K_X381_Y368_N0     ; 320                     ; 1.6                           ; u_pipe|g_cfar_per_beam[15].u_cfar|u_out|mem_rtl_0|auto_generated|altera_syncram_impl1|ALTERA_SYNCRAM                      ;        ;
; M20K_X381_Y369_N0     ; 320                     ; 1.6                           ; u_pipe|g_cfar_per_beam[13].u_cfar|u_out|mem_rtl_0|auto_generated|altera_syncram_impl1|ALTERA_SYNCRAM                      ;        ;
; M20K_X381_Y370_N0     ; 320                     ; 1.6                           ; u_pipe|g_cfar_per_beam[6].u_cfar|u_out|mem_rtl_0|auto_generated|altera_syncram_impl1|ALTERA_SYNCRAM                       ;        ;
; M20K_X381_Y371_N0     ; 320                     ; 1.6                           ; u_pipe|g_cfar_per_beam[6].u_cfar|u_out|mem_rtl_0|auto_generated|altera_syncram_impl1|ALTERA_SYNCRAM                       ;        ;
; M20K_X381_Y374_N0     ; 320                     ; 1.6                           ; u_pipe|g_cfar_per_beam[4].u_cfar|u_out|mem_rtl_0|auto_generated|altera_syncram_impl1|ALTERA_SYNCRAM                       ;        ;
; M20K_X381_Y375_N0     ; 320                     ; 1.6                           ; u_pipe|g_cfar_per_beam[14].u_cfar|u_out|mem_rtl_0|auto_generated|altera_syncram_impl1|ALTERA_SYNCRAM                      ;        ;
; M20K_X381_Y376_N0     ; 320                     ; 1.6                           ; u_pipe|g_cfar_per_beam[15].u_cfar|u_out|mem_rtl_0|auto_generated|altera_syncram_impl1|ALTERA_SYNCRAM                      ;        ;
; M20K_X381_Y377_N0     ; 320                     ; 1.6                           ; u_pipe|g_cfar_per_beam[12].u_cfar|u_out|mem_rtl_0|auto_generated|altera_syncram_impl1|ALTERA_SYNCRAM                      ;        ;
; M20K_X381_Y378_N0     ; 320                     ; 1.6                           ; u_pipe|g_cfar_per_beam[13].u_cfar|u_out|mem_rtl_0|auto_generated|altera_syncram_impl1|ALTERA_SYNCRAM                      ;        ;
; M20K_X381_Y380_N0     ; 320                     ; 1.6                           ; u_pipe|g_cfar_per_beam[0].u_cfar|u_out|mem_rtl_0|auto_generated|altera_syncram_impl1|ALTERA_SYNCRAM                       ;        ;
; M20K_X381_Y381_N0     ; 320                     ; 1.6                           ; u_pipe|g_cfar_per_beam[6].u_cfar|u_out|mem_rtl_0|auto_generated|altera_syncram_impl1|ALTERA_SYNCRAM                       ;        ;
; M20K_X381_Y383_N0     ; 320                     ; 1.6                           ; u_pipe|g_cfar_per_beam[9].u_cfar|u_out|mem_rtl_0|auto_generated|altera_syncram_impl1|ALTERA_SYNCRAM                       ;        ;
; M20K_X306_Y270_N0     ; 480                     ; 2.3                           ; u_pipe|g_pfb[1].u_pfb|u_out|mem_rtl_0|auto_generated|altera_syncram_impl1|ALTERA_SYNCRAM                                  ;        ;
; M20K_X327_Y267_N0     ; 480                     ; 2.3                           ; u_pipe|g_pfb[3].u_pfb|u_out|mem_rtl_0|auto_generated|altera_syncram_impl1|ALTERA_SYNCRAM                                  ;        ;
; M20K_X338_Y220_N0     ; 480                     ; 2.3                           ; u_pipe|g_pfb[4].u_pfb|u_out|mem_rtl_0|auto_generated|altera_syncram_impl1|ALTERA_SYNCRAM                                  ;        ;
; M20K_X338_Y264_N0     ; 480                     ; 2.3                           ; u_pipe|g_pfb[14].u_pfb|u_out|mem_rtl_0|auto_generated|altera_syncram_impl1|ALTERA_SYNCRAM                                 ;        ;
; M20K_X349_Y231_N0     ; 480                     ; 2.3                           ; u_pipe|g_pfb[9].u_pfb|u_out|mem_rtl_0|auto_generated|altera_syncram_impl1|ALTERA_SYNCRAM                                  ;        ;
; M20K_X349_Y262_N0     ; 480                     ; 2.3                           ; u_pipe|g_pfb[11].u_pfb|u_out|mem_rtl_0|auto_generated|altera_syncram_impl1|ALTERA_SYNCRAM                                 ;        ;
; M20K_X365_Y266_N0     ; 480                     ; 2.3                           ; u_pipe|g_pfb[5].u_pfb|u_out|mem_rtl_0|auto_generated|altera_syncram_impl1|ALTERA_SYNCRAM                                  ;        ;
; M20K_X370_Y267_N0     ; 480                     ; 2.3                           ; u_pipe|g_pfb[7].u_pfb|u_out|mem_rtl_0|auto_generated|altera_syncram_impl1|ALTERA_SYNCRAM                                  ;        ;
; M20K_X392_Y267_N0     ; 480                     ; 2.3                           ; u_pipe|g_pfb[0].u_pfb|u_out|mem_rtl_0|auto_generated|altera_syncram_impl1|ALTERA_SYNCRAM                                  ;        ;
; M20K_X414_Y235_N0     ; 480                     ; 2.3                           ; u_pipe|g_pfb[2].u_pfb|u_out|mem_rtl_0|auto_generated|altera_syncram_impl1|ALTERA_SYNCRAM                                  ;        ;
; M20K_X414_Y237_N0     ; 480                     ; 2.3                           ; u_pipe|g_pfb[13].u_pfb|u_out|mem_rtl_0|auto_generated|altera_syncram_impl1|ALTERA_SYNCRAM                                 ;        ;
; M20K_X414_Y242_N0     ; 480                     ; 2.3                           ; u_pipe|g_pfb[8].u_pfb|u_out|mem_rtl_0|auto_generated|altera_syncram_impl1|ALTERA_SYNCRAM                                  ;        ;
; M20K_X414_Y268_N0     ; 480                     ; 2.3                           ; u_pipe|g_pfb[15].u_pfb|u_out|mem_rtl_0|auto_generated|altera_syncram_impl1|ALTERA_SYNCRAM                                 ;        ;
; M20K_X424_Y261_N0     ; 480                     ; 2.3                           ; u_pipe|g_pfb[10].u_pfb|u_out|mem_rtl_0|auto_generated|altera_syncram_impl1|ALTERA_SYNCRAM                                 ;        ;
; M20K_X424_Y298_N0     ; 480                     ; 2.3                           ; u_pipe|g_pfb[12].u_pfb|u_out|mem_rtl_0|auto_generated|altera_syncram_impl1|ALTERA_SYNCRAM                                 ;        ;
; M20K_X435_Y244_N0     ; 480                     ; 2.3                           ; u_pipe|g_pfb[6].u_pfb|u_out|mem_rtl_0|auto_generated|altera_syncram_impl1|ALTERA_SYNCRAM                                  ;        ;
; M20K_X208_Y350_N0     ; 560                     ; 2.7                           ; u_pipe|u_bf|u_out|mem_rtl_0|auto_generated|altera_syncram_impl1|ALTERA_SYNCRAM                                            ;        ;
; M20K_X208_Y351_N0     ; 560                     ; 2.7                           ; u_pipe|u_bf|u_out|mem_rtl_0|auto_generated|altera_syncram_impl1|ALTERA_SYNCRAM                                            ;        ;
; M20K_X208_Y352_N0     ; 560                     ; 2.7                           ; u_pipe|u_bf|u_out|mem_rtl_0|auto_generated|altera_syncram_impl1|ALTERA_SYNCRAM                                            ;        ;
; M20K_X208_Y353_N0     ; 560                     ; 2.7                           ; u_pipe|u_bf|u_out|mem_rtl_0|auto_generated|altera_syncram_impl1|ALTERA_SYNCRAM                                            ;        ;
; M20K_X208_Y354_N0     ; 560                     ; 2.7                           ; u_pipe|u_bf|u_out|mem_rtl_0|auto_generated|altera_syncram_impl1|ALTERA_SYNCRAM                                            ;        ;
; M20K_X208_Y355_N0     ; 560                     ; 2.7                           ; u_pipe|u_bf|u_out|mem_rtl_0|auto_generated|altera_syncram_impl1|ALTERA_SYNCRAM                                            ;        ;
; M20K_X208_Y357_N0     ; 560                     ; 2.7                           ; u_pipe|u_bf|u_out|mem_rtl_0|auto_generated|altera_syncram_impl1|ALTERA_SYNCRAM                                            ;        ;
; M20K_X208_Y359_N0     ; 560                     ; 2.7                           ; u_pipe|u_bf|u_out|mem_rtl_0|auto_generated|altera_syncram_impl1|ALTERA_SYNCRAM                                            ;        ;
; M20K_X208_Y360_N0     ; 560                     ; 2.7                           ; u_pipe|u_bf|u_out|mem_rtl_0|auto_generated|altera_syncram_impl1|ALTERA_SYNCRAM                                            ;        ;
; M20K_X208_Y361_N0     ; 560                     ; 2.7                           ; u_pipe|u_bf|u_out|mem_rtl_0|auto_generated|altera_syncram_impl1|ALTERA_SYNCRAM                                            ;        ;
; M20K_X208_Y362_N0     ; 560                     ; 2.7                           ; u_pipe|u_bf|u_out|mem_rtl_0|auto_generated|altera_syncram_impl1|ALTERA_SYNCRAM                                            ;        ;
; M20K_X208_Y363_N0     ; 560                     ; 2.7                           ; u_pipe|u_bf|u_out|mem_rtl_0|auto_generated|altera_syncram_impl1|ALTERA_SYNCRAM                                            ;        ;
; M20K_X208_Y364_N0     ; 560                     ; 2.7                           ; u_pipe|u_bf|u_out|mem_rtl_0|auto_generated|altera_syncram_impl1|ALTERA_SYNCRAM                                            ;        ;
; M20K_X208_Y365_N0     ; 560                     ; 2.7                           ; u_pipe|u_bf|u_out|mem_rtl_0|auto_generated|altera_syncram_impl1|ALTERA_SYNCRAM                                            ;        ;
; M20K_X208_Y367_N0     ; 560                     ; 2.7                           ; u_pipe|u_bf|u_out|mem_rtl_0|auto_generated|altera_syncram_impl1|ALTERA_SYNCRAM                                            ;        ;
; M20K_X208_Y369_N0     ; 560                     ; 2.7                           ; u_pipe|u_bf|u_out|mem_rtl_0|auto_generated|altera_syncram_impl1|ALTERA_SYNCRAM                                            ;        ;
; M20K_X208_Y370_N0     ; 560                     ; 2.7                           ; u_pipe|u_bf|u_out|mem_rtl_0|auto_generated|altera_syncram_impl1|ALTERA_SYNCRAM                                            ;        ;
; M20K_X208_Y371_N0     ; 560                     ; 2.7                           ; u_pipe|u_bf|u_out|mem_rtl_0|auto_generated|altera_syncram_impl1|ALTERA_SYNCRAM                                            ;        ;
; M20K_X208_Y372_N0     ; 560                     ; 2.7                           ; u_pipe|u_bf|u_out|mem_rtl_0|auto_generated|altera_syncram_impl1|ALTERA_SYNCRAM                                            ;        ;
; M20K_X208_Y374_N0     ; 560                     ; 2.7                           ; u_pipe|u_bf|u_out|mem_rtl_0|auto_generated|altera_syncram_impl1|ALTERA_SYNCRAM                                            ;        ;
; M20K_X208_Y376_N0     ; 560                     ; 2.7                           ; u_pipe|u_bf|u_out|mem_rtl_0|auto_generated|altera_syncram_impl1|ALTERA_SYNCRAM                                            ;        ;
; M20K_X208_Y377_N0     ; 560                     ; 2.7                           ; u_pipe|u_bf|u_out|mem_rtl_0|auto_generated|altera_syncram_impl1|ALTERA_SYNCRAM                                            ;        ;
; M20K_X208_Y378_N0     ; 560                     ; 2.7                           ; u_pipe|u_bf|u_out|mem_rtl_0|auto_generated|altera_syncram_impl1|ALTERA_SYNCRAM                                            ;        ;
; M20K_X219_Y348_N0     ; 560                     ; 2.7                           ; u_pipe|u_bf|u_out|mem_rtl_0|auto_generated|altera_syncram_impl1|ALTERA_SYNCRAM                                            ;        ;
; M20K_X219_Y351_N0     ; 560                     ; 2.7                           ; u_pipe|u_bf|u_out|mem_rtl_0|auto_generated|altera_syncram_impl1|ALTERA_SYNCRAM                                            ;        ;
; M20K_X219_Y354_N0     ; 560                     ; 2.7                           ; u_pipe|u_bf|u_out|mem_rtl_0|auto_generated|altera_syncram_impl1|ALTERA_SYNCRAM                                            ;        ;
; M20K_X370_Y364_N0     ; 640                     ; 3.1                           ; u_pipe|u_dma_tap_buf|mem_rtl_0|auto_generated|altera_syncram_impl1|ALTERA_SYNCRAM                                         ;        ;
; M20K_X370_Y377_N0     ; 640                     ; 3.1                           ; u_pipe|u_dma_tap_buf|mem_rtl_0|auto_generated|altera_syncram_impl1|ALTERA_SYNCRAM                                         ;        ;
; M20K_X381_Y364_N0     ; 640                     ; 3.1                           ; u_pipe|u_dma_tap_buf|mem_rtl_0|auto_generated|altera_syncram_impl1|ALTERA_SYNCRAM                                         ;        ;
; M20K_X381_Y365_N0     ; 640                     ; 3.1                           ; u_pipe|u_dma_tap_buf|mem_rtl_0|auto_generated|altera_syncram_impl1|ALTERA_SYNCRAM                                         ;        ;
; M20K_X241_Y388_N0     ; 1024                    ; 5                             ; u_pipe|g_cfar_per_beam[1].u_cfar|u_window|bin_q_rtl_0|auto_generated|altera_syncram4|altera_syncram_impl5|ALTERA_SYNCRAM  ;        ;
; M20K_X262_Y381_N0     ; 1024                    ; 5                             ; u_pipe|g_cfar_per_beam[3].u_cfar|u_window|bin_q_rtl_0|auto_generated|altera_syncram4|altera_syncram_impl5|ALTERA_SYNCRAM  ;        ;
; M20K_X295_Y395_N0     ; 1024                    ; 5                             ; u_pipe|g_cfar_per_beam[11].u_cfar|u_window|bin_q_rtl_0|auto_generated|altera_syncram4|altera_syncram_impl5|ALTERA_SYNCRAM ;        ;
; M20K_X306_Y380_N0     ; 1024                    ; 5                             ; u_pipe|g_cfar_per_beam[10].u_cfar|u_window|bin_q_rtl_0|auto_generated|altera_syncram4|altera_syncram_impl5|ALTERA_SYNCRAM ;        ;
; M20K_X316_Y366_N0     ; 1024                    ; 5                             ; u_pipe|g_cfar_per_beam[4].u_cfar|u_window|bin_q_rtl_0|auto_generated|altera_syncram4|altera_syncram_impl5|ALTERA_SYNCRAM  ;        ;
; M20K_X338_Y358_N0     ; 1024                    ; 5                             ; u_pipe|g_cfar_per_beam[12].u_cfar|u_window|bin_q_rtl_0|auto_generated|altera_syncram4|altera_syncram_impl5|ALTERA_SYNCRAM ;        ;
; M20K_X338_Y370_N0     ; 1024                    ; 5                             ; u_pipe|g_cfar_per_beam[15].u_cfar|u_window|bin_q_rtl_0|auto_generated|altera_syncram4|altera_syncram_impl5|ALTERA_SYNCRAM ;        ;
; M20K_X338_Y381_N0     ; 1024                    ; 5                             ; u_pipe|g_cfar_per_beam[2].u_cfar|u_window|bin_q_rtl_0|auto_generated|altera_syncram4|altera_syncram_impl5|ALTERA_SYNCRAM  ;        ;
; M20K_X338_Y386_N0     ; 1024                    ; 5                             ; u_pipe|g_cfar_per_beam[5].u_cfar|u_window|bin_q_rtl_0|auto_generated|altera_syncram4|altera_syncram_impl5|ALTERA_SYNCRAM  ;        ;
; M20K_X349_Y367_N0     ; 1024                    ; 5                             ; u_pipe|g_cfar_per_beam[8].u_cfar|u_window|bin_q_rtl_0|auto_generated|altera_syncram4|altera_syncram_impl5|ALTERA_SYNCRAM  ;        ;
; M20K_X360_Y363_N0     ; 1024                    ; 5                             ; u_pipe|g_cfar_per_beam[7].u_cfar|u_window|bin_q_rtl_0|auto_generated|altera_syncram4|altera_syncram_impl5|ALTERA_SYNCRAM  ;        ;
; M20K_X370_Y390_N0     ; 1024                    ; 5                             ; u_pipe|g_cfar_per_beam[6].u_cfar|u_window|bin_q_rtl_0|auto_generated|altera_syncram4|altera_syncram_impl5|ALTERA_SYNCRAM  ;        ;
; M20K_X392_Y365_N0     ; 1024                    ; 5                             ; u_pipe|g_cfar_per_beam[14].u_cfar|u_window|bin_q_rtl_0|auto_generated|altera_syncram4|altera_syncram_impl5|ALTERA_SYNCRAM ;        ;
; M20K_X392_Y366_N0     ; 1024                    ; 5                             ; u_pipe|g_cfar_per_beam[9].u_cfar|u_window|bin_q_rtl_0|auto_generated|altera_syncram4|altera_syncram_impl5|ALTERA_SYNCRAM  ;        ;
; M20K_X392_Y371_N0     ; 1024                    ; 5                             ; u_pipe|g_cfar_per_beam[0].u_cfar|u_window|bin_q_rtl_0|auto_generated|altera_syncram4|altera_syncram_impl5|ALTERA_SYNCRAM  ;        ;
; M20K_X392_Y375_N0     ; 1024                    ; 5                             ; u_pipe|g_cfar_per_beam[13].u_cfar|u_window|bin_q_rtl_0|auto_generated|altera_syncram4|altera_syncram_impl5|ALTERA_SYNCRAM ;        ;
+-----------------------+-------------------------+-------------------------------+---------------------------------------------------------------------------------------------------------------------------+--------+


Status:		FAIL
Severity:		Medium
Number of violations: 	6
Rule Parameters:      	max_violations = 5000
+-------------------------------------------------------------+
; FLP-10501 - Top-Level Ports Without Pin Location Assignment ;
+-----------------+-------------------------------------------+
; Top-Level Ports ; Waived                                    ;
+-----------------+-------------------------------------------+
; core_clk        ;                                           ;
; core_rst_n      ;                                           ;
; cfg_rst_n       ;                                           ;
; cfg_clk         ;                                           ;
; history_rst_n   ;                                           ;
; history_clk     ;                                           ;
+-----------------+-------------------------------------------+


Status:		FAIL
Severity:		Medium
Number of violations: 	6
Rule Parameters:      	
		max_violations = 5000
		maximum_setup_slack = 0
		to_clock_filter = "*"
		minimum_number_of_adders = 3
+----------------------------------------------------------------------------------------------------------------------------------------------------------------------------------------------------------------------------------------------+
; TMC-20214 - Buses with Incoming Paths Failing Setup Analysis with Multiple Sequential Adder Chains                                                                                                                                           ;
+------------------------+--------------------------------------------------+------------------------+-----------------------------------------------------------------------------+--------------------------------------------------+--------+
; Worst-Case Setup Slack ; Bus Name                                         ; Number of Adder Chains ; From Node                                                                   ; To Node                                          ; Waived ;
+------------------------+--------------------------------------------------+------------------------+-----------------------------------------------------------------------------+--------------------------------------------------+--------+
; -22.987                ; u_pipe|g_cfar_per_beam[15].u_cfar|sum_lag1_q[*]* ; 34                     ; u_pipe|g_cfar_per_beam[15].u_cfar|u_window|cell_q[39][2]                    ; u_pipe|g_cfar_per_beam[15].u_cfar|sum_lag1_q[35] ;        ;
; -22.971                ; u_pipe|g_cfar_per_beam[10].u_cfar|sum_lag1_q[*]* ; 34                     ; u_pipe|g_cfar_per_beam[10].u_cfar|u_window|cell_q[39][6]~DUPLICATE          ; u_pipe|g_cfar_per_beam[10].u_cfar|sum_lag1_q[31] ;        ;
; -22.963                ; u_pipe|g_cfar_per_beam[4].u_cfar|sum_lag1_q[*]*  ; 33                     ; u_pipe|g_cfar_per_beam[4].u_cfar|act_r_lag_q[1]~_Duplicate0RTM_13DUPLICATE  ; u_pipe|g_cfar_per_beam[4].u_cfar|sum_lag1_q[35]  ;        ;
; -22.959                ; u_pipe|g_cfar_per_beam[12].u_cfar|sum_lag1_q[*]* ; 33                     ; u_pipe|g_cfar_per_beam[12].u_cfar|act_r_lag_q[2]~_Duplicate0RTM_13DUPLICATE ; u_pipe|g_cfar_per_beam[12].u_cfar|sum_lag1_q[37] ;        ;
; -22.946                ; u_pipe|g_cfar_per_beam[2].u_cfar|sum_lag1_q[*]*  ; 34                     ; u_pipe|g_cfar_per_beam[2].u_cfar|act_g_lag_q[2]~RTM_4                       ; u_pipe|g_cfar_per_beam[2].u_cfar|sum_lag1_q[35]  ;        ;
; -22.944                ; u_pipe|g_cfar_per_beam[3].u_cfar|sum_lag1_q[*]*  ; 34                     ; u_pipe|g_cfar_per_beam[3].u_cfar|u_window|cell_q[39][0]                     ; u_pipe|g_cfar_per_beam[3].u_cfar|sum_lag1_q[31]  ;        ;
+------------------------+--------------------------------------------------+------------------------+-----------------------------------------------------------------------------+--------------------------------------------------+--------+


Status:		FAIL
Severity:		Low
Number of violations: 	349
Rule Parameters:      	
		max_violations = 5000
		minimum_tension = 100000
		ignore_high_fanout_tension = False
		minimum_sinks = 2
+----------------------------------------------------------------------------------------------------------------------------------------------------------------------------------------------------------------------------------------------------------------------------------------------------------------------+
; TMC-20602 - Registers with High Timing Path Endpoint Tension                                                                                                                                                                                                                                                         ;
+-----------------------------------------------------------------------------------------------------------------------------------------------+-------------------+---------------------+-------------------+-------------------------------------------+---------------------------------------------------+--------+
; Register Name                                                                                                                                 ; Register Location ; Number of Endpoints ; Endpoint Centroid ; Average Distance of Endpoints to Centroid ; Total Distance of Endpoints to Centroid (Tension) ; Waived ;
+-----------------------------------------------------------------------------------------------------------------------------------------------+-------------------+---------------------+-------------------+-------------------------------------------+---------------------------------------------------+--------+
; u_pipe|u_fanout_fifo|count_q[2]                                                                                                               ; (323, 350)        ; 63773               ; (309, 388)        ; 77                                        ; 4953338                                           ;        ;
; u_pipe|u_fanout_fifo|count_q[1]                                                                                                               ; (323, 350)        ; 63773               ; (309, 388)        ; 77                                        ; 4953338                                           ;        ;
; u_pipe|u_fanout_fifo|count_q[0]                                                                                                               ; (323, 350)        ; 62701               ; (310, 388)        ; 76                                        ; 4816130                                           ;        ;
; u_pipe|ser_phase_q[0]                                                                                                                         ; (296, 360)        ; 61649               ; (311, 388)        ; 76                                        ; 4739498                                           ;        ;
; u_pipe|u_fanout_fifo|mem_rtl_0_bypass[3]                                                                                                      ; (229, 368)        ; 61378               ; (312, 389)        ; 76                                        ; 4666748                                           ;        ;
; u_pipe|u_fanout_fifo|mem_rtl_0_bypass[4]                                                                                                      ; (229, 368)        ; 61378               ; (312, 389)        ; 76                                        ; 4666748                                           ;        ;
; u_pipe|u_fanout_fifo|mem_rtl_0_bypass[0]                                                                                                      ; (229, 368)        ; 61378               ; (312, 389)        ; 76                                        ; 4666748                                           ;        ;
; u_pipe|u_fanout_fifo|mem_rtl_0_bypass[1]                                                                                                      ; (229, 368)        ; 61378               ; (312, 389)        ; 76                                        ; 4666748                                           ;        ;
; u_pipe|u_fanout_fifo|mem_rtl_0_bypass[2]                                                                                                      ; (229, 368)        ; 61378               ; (312, 389)        ; 76                                        ; 4666748                                           ;        ;
; u_pipe|u_fanout_fifo|mem_rtl_0_bypass[62]                                                                                                     ; (285, 365)        ; 61350               ; (312, 389)        ; 76                                        ; 4664913                                           ;        ;
; u_pipe|u_bf|hold_v_q                                                                                                                          ; (190, 317)        ; 17411               ; (116, 351)        ; 63                                        ; 1114035                                           ;        ;
; u_pipe|u_bf|hold_meta_q[23]                                                                                                                   ; (196, 305)        ; 17411               ; (116, 351)        ; 63                                        ; 1114032                                           ;        ;
; u_pipe|u_bf|u_weights|u_store|pending_q                                                                                                       ; (190, 317)        ; 17409               ; (115, 351)        ; 63                                        ; 1113813                                           ;        ;
; u_pipe|u_bf|u_weights|u_store|active_q                                                                                                        ; (190, 317)        ; 17408               ; (115, 351)        ; 63                                        ; 1113703                                           ;        ;
; u_pipe|u_bf|u_weights|u_store|u_wr_cdc|capture_q                                                                                              ; (191, 313)        ; 16384               ; (116, 351)        ; 63                                        ; 1046648                                           ;        ;
; u_pipe|u_bf|u_weights|u_store|u_wr_cdc|dst_data_q[32]                                                                                         ; (119, 349)        ; 16384               ; (116, 351)        ; 63                                        ; 1046648                                           ;        ;
; u_pipe|u_bf|u_weights|u_store|u_wr_cdc|dst_data_q[33]                                                                                         ; (151, 352)        ; 16384               ; (116, 351)        ; 63                                        ; 1046648                                           ;        ;
; u_pipe|u_bf|u_weights|u_store|u_wr_cdc|dst_data_q[36]                                                                                         ; (151, 349)        ; 16384               ; (116, 351)        ; 63                                        ; 1046648                                           ;        ;
; u_pipe|u_bf|u_weights|u_store|u_wr_cdc|dst_data_q[40]                                                                                         ; (151, 352)        ; 16384               ; (116, 351)        ; 63                                        ; 1046648                                           ;        ;
; u_pipe|u_bf|u_weights|u_store|u_wr_cdc|dst_data_q[35]~DUPLICATE                                                                               ; (151, 349)        ; 14336               ; (110, 355)        ; 61                                        ; 877649                                            ;        ;
; u_pipe|u_bf|u_weights|u_store|u_wr_cdc|dst_data_q[38]                                                                                         ; (151, 352)        ; 10240               ; (117, 350)        ; 64                                        ; 655772                                            ;        ;
; u_pipe|u_bf|u_weights|u_store|u_wr_cdc|dst_data_q[39]~DUPLICATE                                                                               ; (151, 352)        ; 8192                ; (116, 350)        ; 64                                        ; 528472                                            ;        ;
; u_pipe|u_bf|u_weights|u_store|u_wr_cdc|dst_data_q[39]                                                                                         ; (151, 352)        ; 8192                ; (115, 351)        ; 63                                        ; 518201                                            ;        ;
; u_pipe|beam_ph_done_q[13]                                                                                                                     ; (347, 367)        ; 5092                ; (361, 389)        ; 84                                        ; 431762                                            ;        ;
; u_pipe|g_cfar_per_beam[13].u_cfar|rdy_q                                                                                                       ; (371, 349)        ; 5092                ; (361, 389)        ; 84                                        ; 431753                                            ;        ;
; u_pipe|g_cfar_per_beam[14].u_cfar|rdy_q                                                                                                       ; (373, 361)        ; 5089                ; (369, 370)        ; 82                                        ; 418049                                            ;        ;
; u_pipe|beam_ph_done_q[14]                                                                                                                     ; (347, 367)        ; 5089                ; (369, 370)        ; 82                                        ; 418024                                            ;        ;
; u_pipe|g_cfar_per_beam[0].u_cfar|rdy_q                                                                                                        ; (361, 357)        ; 5102                ; (364, 381)        ; 81                                        ; 417617                                            ;        ;
; u_pipe|beam_ph_done_q[0]                                                                                                                      ; (345, 367)        ; 5102                ; (364, 381)        ; 81                                        ; 417605                                            ;        ;
; u_pipe|u_bf|u_weights|u_store|u_wr_cdc|dst_data_q[38]~DUPLICATE                                                                               ; (151, 352)        ; 6144                ; (114, 353)        ; 63                                        ; 390880                                            ;        ;
; u_pipe|beam_ph_done_q[9]                                                                                                                      ; (347, 367)        ; 5110                ; (339, 393)        ; 76                                        ; 390298                                            ;        ;
; u_pipe|g_cfar_per_beam[9].u_cfar|rdy_q                                                                                                        ; (363, 354)        ; 5110                ; (339, 393)        ; 76                                        ; 390271                                            ;        ;
; u_pipe|g_hist_rep[1].u_history|g_ant[0].g_lane[0].u_bank|g_store.mem_rtl_0|auto_generated|altera_syncram_impl1|decode3|rtl~69_ERTM1           ; (394, 33)         ; 3584                ; (353, 75)         ; 102                                       ; 367674                                            ;        ;
; u_pipe|g_cfar_per_beam[6].u_cfar|rdy_q                                                                                                        ; (353, 385)        ; 5116                ; (322, 396)        ; 70                                        ; 359615                                            ;        ;
; u_pipe|beam_ph_done_q[6]                                                                                                                      ; (347, 367)        ; 5116                ; (322, 396)        ; 70                                        ; 359595                                            ;        ;
; u_pipe|u_bf|u_weights|u_store|u_wr_cdc|dst_data_q[34]~DUPLICATE                                                                               ; (151, 349)        ; 8192                ; (75, 359)         ; 42                                        ; 348550                                            ;        ;
; u_pipe|u_bf|u_weights|u_store|u_wr_cdc|dst_data_q[37]~DUPLICATE                                                                               ; (151, 349)        ; 8192                ; (75, 359)         ; 42                                        ; 348550                                            ;        ;
; u_pipe|u_bf|u_weights|u_store|u_wr_cdc|dst_data_q[34]                                                                                         ; (151, 349)        ; 8192                ; (156, 342)        ; 42                                        ; 347289                                            ;        ;
; u_pipe|u_bf|u_weights|u_store|u_wr_cdc|dst_data_q[37]                                                                                         ; (151, 349)        ; 8192                ; (156, 342)        ; 42                                        ; 347289                                            ;        ;
; u_pipe|u_dma_mem|q_count[4]~DUPLICATE                                                                                                         ; (342, 342)        ; 13923               ; (360, 331)        ; 24                                        ; 341195                                            ;        ;
; u_pipe|g_hist_rep[1].u_history|g_ant[0].g_lane[0].u_bank|g_store.mem_rtl_0|auto_generated|altera_syncram_impl1|decode3|rtl~77_ERTM            ; (394, 33)         ; 3200                ; (346, 81)         ; 100                                       ; 322709                                            ;        ;
; u_pipe|ser_phase_q[0]~DUPLICATE                                                                                                               ; (296, 360)        ; 5354                ; (265, 381)        ; 59                                        ; 316800                                            ;        ;
; u_pipe|g_hist_rep[1].u_history|g_ant[0].g_lane[0].u_bank|g_store.mem_rtl_0|auto_generated|altera_syncram_impl1|decode3|rtl~77_ERTM0DUPLICATE  ; (394, 33)         ; 3136                ; (344, 82)         ; 99                                        ; 313371                                            ;        ;
; u_pipe|u_dma_arb|m_req_valid_q                                                                                                                ; (369, 341)        ; 12705               ; (360, 331)        ; 24                                        ; 311922                                            ;        ;
; u_pipe|g_hist_rep[0].u_history|g_ant[0].g_lane[0].u_bank|g_store.mem_rtl_0|auto_generated|altera_syncram_impl1|decode3|rtl~69_ERTM1           ; (298, 102)        ; 3584                ; (345, 83)         ; 85                                        ; 305576                                            ;        ;
; u_pipe|g_hist_rep[0].u_history|g_ant[0].g_lane[0].u_bank|g_store.mem_rtl_0|auto_generated|altera_syncram_impl1|decode3|rtl~77_ERTM            ; (298, 102)        ; 3584                ; (345, 83)         ; 85                                        ; 305576                                            ;        ;
; u_pipe|u_dma_arb|m_req_q.addr[26]                                                                                                             ; (368, 338)        ; 12305               ; (360, 330)        ; 24                                        ; 303249                                            ;        ;
; u_pipe|u_dma_arb|m_req_q.addr[20]                                                                                                             ; (368, 339)        ; 12305               ; (360, 330)        ; 24                                        ; 303249                                            ;        ;
; u_pipe|u_dma_arb|m_req_q.addr[21]                                                                                                             ; (368, 339)        ; 12305               ; (360, 330)        ; 24                                        ; 303249                                            ;        ;
; u_pipe|u_dma_arb|m_req_q.addr[22]                                                                                                             ; (368, 339)        ; 12305               ; (360, 330)        ; 24                                        ; 303249                                            ;        ;
; u_pipe|u_dma_arb|m_req_q.addr[23]                                                                                                             ; (368, 339)        ; 12305               ; (360, 330)        ; 24                                        ; 303249                                            ;        ;
; u_pipe|u_dma_arb|m_req_q.addr[25]                                                                                                             ; (368, 339)        ; 12305               ; (360, 330)        ; 24                                        ; 303249                                            ;        ;
; u_pipe|u_dma_arb|m_req_q.addr[24]                                                                                                             ; (368, 339)        ; 12305               ; (360, 330)        ; 24                                        ; 303249                                            ;        ;
; u_pipe|u_dma_arb|m_req_q.addr[27]                                                                                                             ; (368, 338)        ; 12305               ; (360, 330)        ; 24                                        ; 303249                                            ;        ;
; u_pipe|u_dma_arb|m_req_q.addr[28]                                                                                                             ; (368, 338)        ; 12305               ; (360, 330)        ; 24                                        ; 303249                                            ;        ;
; u_pipe|u_dma_arb|m_req_q.addr[29]                                                                                                             ; (368, 338)        ; 12305               ; (360, 330)        ; 24                                        ; 303249                                            ;        ;
; u_pipe|u_dma_arb|m_req_q.addr[31]                                                                                                             ; (368, 338)        ; 12305               ; (360, 330)        ; 24                                        ; 303249                                            ;        ;
; u_pipe|u_dma_arb|m_req_q.addr[30]                                                                                                             ; (368, 339)        ; 12305               ; (360, 330)        ; 24                                        ; 303249                                            ;        ;
; u_pipe|u_dma_arb|m_req_q.op                                                                                                                   ; (364, 339)        ; 12289               ; (360, 330)        ; 24                                        ; 303062                                            ;        ;
; u_pipe|beam_ph_done_q[7]                                                                                                                      ; (347, 367)        ; 5114                ; (316, 380)        ; 58                                        ; 298318                                            ;        ;
; u_pipe|g_cfar_per_beam[7].u_cfar|rdy_q                                                                                                        ; (353, 352)        ; 5114                ; (316, 380)        ; 58                                        ; 298300                                            ;        ;
; u_pipe|g_hist_rep[0].u_history|g_ant[0].g_lane[0].u_bank|g_store.mem_rtl_0|auto_generated|altera_syncram_impl1|decode3|rtl~77_ERTM0           ; (298, 102)        ; 3392                ; (349, 82)         ; 85                                        ; 288773                                            ;        ;
; u_pipe|u_align_cdc|u_fifo|u_sync_rd_rst|sync_q[1][0]                                                                                          ; (194, 311)        ; 9397                ; (151, 309)        ; 30                                        ; 284057                                            ;        ;
; u_pipe|u_align|u_collect|u_out|count_q[2]                                                                                                     ; (194, 311)        ; 9396                ; (151, 309)        ; 30                                        ; 284013                                            ;        ;
; u_pipe|u_align|u_collect|u_out|count_q[0]                                                                                                     ; (194, 311)        ; 9396                ; (151, 309)        ; 30                                        ; 284013                                            ;        ;
; u_pipe|u_align|u_collect|u_out|count_q[1]                                                                                                     ; (194, 311)        ; 9396                ; (151, 309)        ; 30                                        ; 284013                                            ;        ;
; u_pipe|u_align_cdc|u_fifo|wr_full_q                                                                                                           ; (197, 320)        ; 9396                ; (151, 309)        ; 30                                        ; 284000                                            ;        ;
; u_pipe|beam_ph_done_q[8]                                                                                                                      ; (345, 367)        ; 5228                ; (300, 388)        ; 52                                        ; 273021                                            ;        ;
; u_pipe|g_cfar_per_beam[8].u_cfar|rdy_q                                                                                                        ; (346, 355)        ; 5228                ; (300, 388)        ; 52                                        ; 273005                                            ;        ;
; u_pipe|g_hist_rep[0].u_history|g_ant[6].g_lane[0].u_bank|g_store.mem_rtl_0|auto_generated|altera_syncram_impl1|decode3|rtl~69_ERTM1           ; (303, 310)        ; 3488                ; (361, 309)        ; 74                                        ; 261530                                            ;        ;
; u_pipe|u_align_cdc|u_fifo|wr_bin_q[0]                                                                                                         ; (197, 320)        ; 8346                ; (150, 310)        ; 31                                        ; 260129                                            ;        ;
; u_pipe|u_align|u_collect|u_out|mem_rtl_0_bypass[0]                                                                                            ; (174, 305)        ; 8336                ; (150, 310)        ; 31                                        ; 259564                                            ;        ;
; u_pipe|u_align|u_collect|u_out|mem_rtl_0_bypass[1]                                                                                            ; (174, 305)        ; 8336                ; (150, 310)        ; 31                                        ; 259564                                            ;        ;
; u_pipe|u_align|u_collect|u_out|mem_rtl_0_bypass[2]                                                                                            ; (174, 305)        ; 8336                ; (150, 310)        ; 31                                        ; 259564                                            ;        ;
; u_pipe|u_align|u_collect|u_out|mem_rtl_0_bypass[3]                                                                                            ; (174, 305)        ; 8336                ; (150, 310)        ; 31                                        ; 259564                                            ;        ;
; u_pipe|u_align|u_collect|u_out|mem_rtl_0_bypass[4]                                                                                            ; (174, 305)        ; 8336                ; (150, 310)        ; 31                                        ; 259564                                            ;        ;
; u_pipe|g_hist_rep[0].u_history|g_ant[6].g_lane[0].u_bank|g_store.mem_rtl_0|auto_generated|altera_syncram_impl1|decode3|rtl~77_ERTMDUPLICATE   ; (303, 310)        ; 3456                ; (361, 309)        ; 74                                        ; 258830                                            ;        ;
; u_pipe|g_hist_rep[1].u_history|g_ant[9].g_lane[0].u_bank|g_store.mem_rtl_0|auto_generated|altera_syncram_impl1|decode3|rtl~77_ERTM            ; (310, 146)        ; 3584                ; (352, 140)        ; 72                                        ; 258644                                            ;        ;
; u_pipe|g_hist_rep[1].u_history|g_ant[9].g_lane[0].u_bank|g_store.mem_rtl_0|auto_generated|altera_syncram_impl1|decode3|rtl~77_ERTM0           ; (310, 146)        ; 3584                ; (352, 140)        ; 72                                        ; 258644                                            ;        ;
; u_pipe|u_align|u_switch|g_xbar.u_net|g_out[0].v_last                                                                                          ; (188, 286)        ; 8871                ; (167, 282)        ; 28                                        ; 256705                                            ;        ;
; u_pipe|beam_ph_done_q[12]                                                                                                                     ; (347, 367)        ; 5242                ; (303, 359)        ; 44                                        ; 232921                                            ;        ;
; u_pipe|g_cfar_per_beam[12].u_cfar|rdy_q                                                                                                       ; (358, 356)        ; 5242                ; (303, 359)        ; 44                                        ; 232920                                            ;        ;
; u_pipe|g_hist_rep[0].u_history|g_ant[2].g_lane[0].u_bank|g_store.mem_rtl_0|auto_generated|altera_syncram_impl1|decode3|rtl~69_ERTM1           ; (83, 388)         ; 3584                ; (66, 351)         ; 63                                        ; 225796                                            ;        ;
; u_pipe|g_hist_rep[0].u_history|g_ant[2].g_lane[0].u_bank|g_store.mem_rtl_0|auto_generated|altera_syncram_impl1|decode3|rtl~77_ERTM            ; (83, 380)         ; 3584                ; (66, 351)         ; 63                                        ; 225796                                            ;        ;
; u_pipe|beam_ph_done_q[5]                                                                                                                      ; (347, 367)        ; 5138                ; (278, 389)        ; 43                                        ; 224147                                            ;        ;
; u_pipe|g_cfar_per_beam[5].u_cfar|rdy_q                                                                                                        ; (347, 366)        ; 5138                ; (278, 389)        ; 43                                        ; 224146                                            ;        ;
; u_pipe|g_hist_rep[0].u_history|g_ant[6].g_lane[0].u_bank|g_store.mem_rtl_0|auto_generated|altera_syncram_impl1|decode3|rtl~77_ERTM0           ; (303, 310)        ; 3008                ; (371, 310)        ; 72                                        ; 218442                                            ;        ;
; u_pipe|g_cfar_per_beam[1].u_cfar|rdy_q                                                                                                        ; (323, 381)        ; 5126                ; (200, 390)        ; 41                                        ; 215228                                            ;        ;
; u_pipe|beam_ph_done_q[1]                                                                                                                      ; (345, 367)        ; 5126                ; (200, 390)        ; 41                                        ; 215183                                            ;        ;
; u_pipe|g_hist_rep[1].u_history|g_ant[14].g_lane[0].u_bank|g_store.mem_rtl_0|auto_generated|altera_syncram_impl1|decode3|rtl~69_ERTM1          ; (92, 96)          ; 3584                ; (70, 73)          ; 59                                        ; 211939                                            ;        ;
; u_pipe|g_hist_rep[1].u_history|g_ant[14].g_lane[0].u_bank|g_store.mem_rtl_0|auto_generated|altera_syncram_impl1|decode3|rtl~77_ERTM           ; (93, 96)          ; 3584                ; (70, 73)          ; 59                                        ; 211939                                            ;        ;
; u_pipe|g_hist_rep[1].u_history|g_ant[14].g_lane[0].u_bank|g_store.mem_rtl_0|auto_generated|altera_syncram_impl1|decode3|rtl~77_ERTM0          ; (93, 96)          ; 3584                ; (70, 73)          ; 59                                        ; 211939                                            ;        ;
; u_pipe|g_hist_rep[0].u_history|g_ant[10].g_lane[0].u_bank|g_store.mem_rtl_0|auto_generated|altera_syncram_impl1|decode3|rtl~69_ERTM1          ; (307, 91)         ; 3584                ; (309, 64)         ; 58                                        ; 211008                                            ;        ;
; u_pipe|g_hist_rep[0].u_history|g_ant[10].g_lane[0].u_bank|g_store.mem_rtl_0|auto_generated|altera_syncram_impl1|decode3|rtl~77_ERTM           ; (351, 79)         ; 3584                ; (309, 64)         ; 58                                        ; 211008                                            ;        ;
; u_pipe|g_hist_rep[1].u_history|g_ant[12].g_lane[0].u_bank|g_store.mem_rtl_0|auto_generated|altera_syncram_impl1|decode3|rtl~69_ERTM1          ; (195, 314)        ; 3584                ; (205, 299)        ; 57                                        ; 207818                                            ;        ;
; u_pipe|g_hist_rep[1].u_history|g_ant[12].g_lane[0].u_bank|g_store.mem_rtl_0|auto_generated|altera_syncram_impl1|decode3|rtl~77_ERTM           ; (195, 314)        ; 3584                ; (205, 299)        ; 57                                        ; 207818                                            ;        ;
; u_pipe|g_hist_rep[1].u_history|g_ant[12].g_lane[0].u_bank|g_store.mem_rtl_0|auto_generated|altera_syncram_impl1|decode3|rtl~77_ERTM0          ; (195, 314)        ; 3584                ; (205, 299)        ; 57                                        ; 207818                                            ;        ;
; u_pipe|g_hist_rep[0].u_history|g_ant[12].g_lane[0].u_bank|g_store.mem_rtl_0|auto_generated|altera_syncram_impl1|decode3|rtl~69_ERTM1          ; (218, 321)        ; 3584                ; (231, 292)        ; 56                                        ; 200708                                            ;        ;
; u_pipe|u_align|u_switch|g_xbar.u_net|g_out[1].v_last                                                                                          ; (188, 286)        ; 6811                ; (170, 279)        ; 29                                        ; 200294                                            ;        ;
; u_pipe|g_hist_rep[1].u_history|g_ant[6].g_lane[0].u_bank|g_store.mem_rtl_0|auto_generated|altera_syncram_impl1|decode3|rtl~77_ERTM            ; (315, 312)        ; 3584                ; (347, 302)        ; 55                                        ; 198534                                            ;        ;
; u_pipe|beam_ph_done_q[15]                                                                                                                     ; (347, 367)        ; 5333                ; (285, 371)        ; 36                                        ; 196462                                            ;        ;
; u_pipe|g_cfar_per_beam[15].u_cfar|rdy_q                                                                                                       ; (351, 348)        ; 5333                ; (285, 371)        ; 36                                        ; 196442                                            ;        ;
; u_pipe|g_hist_rep[0].u_history|g_ant[3].g_lane[0].u_bank|g_store.mem_rtl_0|auto_generated|altera_syncram_impl1|decode3|rtl~77_ERTM            ; (135, 344)        ; 3584                ; (147, 373)        ; 54                                        ; 196440                                            ;        ;
; u_pipe|g_hist_rep[0].u_history|g_ant[12].g_lane[0].u_bank|g_store.mem_rtl_0|auto_generated|altera_syncram_impl1|decode3|rtl~77_ERTM0          ; (218, 322)        ; 3488                ; (231, 291)        ; 56                                        ; 195973                                            ;        ;
; u_pipe|g_hist_rep[0].u_history|g_ant[3].g_lane[0].u_bank|g_store.mem_rtl_0|auto_generated|altera_syncram_impl1|decode3|rtl~69_ERTM1DUPLICATE  ; (135, 344)        ; 3520                ; (147, 373)        ; 54                                        ; 192930                                            ;        ;
; u_pipe|u_align_cdc|u_fifo|wr_bin_q[1]                                                                                                         ; (197, 320)        ; 6259                ; (150, 310)        ; 30                                        ; 192698                                            ;        ;
; u_pipe|g_hist_rep[1].u_history|g_ant[6].g_lane[0].u_bank|g_store.mem_rtl_0|auto_generated|altera_syncram_impl1|decode3|rtl~77_ERTM0DUPLICATE  ; (315, 312)        ; 3392                ; (349, 301)        ; 55                                        ; 188369                                            ;        ;
; u_pipe|g_cfar_per_beam[1].u_cfar|cred_q[3]                                                                                                    ; (323, 382)        ; 3971                ; (201, 398)        ; 46                                        ; 183105                                            ;        ;
; u_pipe|g_cfar_per_beam[1].u_cfar|cred_q[2]                                                                                                    ; (323, 381)        ; 3971                ; (201, 398)        ; 46                                        ; 183104                                            ;        ;
; u_pipe|g_cfar_per_beam[1].u_cfar|cred_q[1]~DUPLICATE                                                                                          ; (323, 381)        ; 3971                ; (201, 398)        ; 46                                        ; 183104                                            ;        ;
; u_pipe|g_cfar_per_beam[2].u_cfar|rdy_q                                                                                                        ; (340, 373)        ; 5138                ; (262, 387)        ; 35                                        ; 180672                                            ;        ;
; u_pipe|beam_ph_done_q[2]                                                                                                                      ; (347, 367)        ; 5138                ; (262, 387)        ; 35                                        ; 180660                                            ;        ;
; u_pipe|g_cfar_per_beam[11].u_cfar|rdy_q                                                                                                       ; (346, 370)        ; 5184                ; (225, 395)        ; 34                                        ; 179329                                            ;        ;
; u_pipe|beam_ph_done_q[11]                                                                                                                     ; (345, 367)        ; 5184                ; (225, 395)        ; 34                                        ; 179326                                            ;        ;
; u_pipe|g_hist_rep[0].u_history|g_ant[13].g_lane[0].u_bank|g_store.mem_rtl_0|auto_generated|altera_syncram_impl1|decode3|rtl~77_ERTM           ; (260, 209)        ; 3584                ; (287, 222)        ; 48                                        ; 172873                                            ;        ;
; u_pipe|g_hist_rep[0].u_history|g_ant[12].g_lane[0].u_bank|g_store.mem_rtl_0|auto_generated|altera_syncram_impl1|decode3|rtl~77_ERTMDUPLICATE  ; (218, 322)        ; 3040                ; (234, 287)        ; 56                                        ; 172199                                            ;        ;
; u_pipe|g_hist_rep[0].u_history|g_ant[11].g_lane[0].u_bank|g_store.mem_rtl_0|auto_generated|altera_syncram_impl1|decode3|rtl~69_ERTM1          ; (147, 270)        ; 3584                ; (149, 259)        ; 47                                        ; 171658                                            ;        ;
; u_pipe|g_hist_rep[0].u_history|g_ant[11].g_lane[0].u_bank|g_store.mem_rtl_0|auto_generated|altera_syncram_impl1|decode3|rtl~77_ERTM           ; (147, 270)        ; 3584                ; (149, 259)        ; 47                                        ; 171658                                            ;        ;
; u_pipe|g_hist_rep[0].u_history|g_ant[11].g_lane[0].u_bank|g_store.mem_rtl_0|auto_generated|altera_syncram_impl1|decode3|rtl~77_ERTM0          ; (147, 270)        ; 3584                ; (149, 259)        ; 47                                        ; 171658                                            ;        ;
; u_pipe|g_hist_rep[1].u_history|g_ant[13].g_lane[0].u_bank|g_store.mem_rtl_0|auto_generated|altera_syncram_impl1|decode3|rtl~69_ERTM1          ; (305, 209)        ; 3584                ; (299, 204)        ; 47                                        ; 169758                                            ;        ;
; u_pipe|g_hist_rep[1].u_history|g_ant[13].g_lane[0].u_bank|g_store.mem_rtl_0|auto_generated|altera_syncram_impl1|decode3|rtl~77_ERTM           ; (303, 209)        ; 3584                ; (299, 204)        ; 47                                        ; 169758                                            ;        ;
; u_pipe|g_hist_rep[1].u_history|g_ant[13].g_lane[0].u_bank|g_store.mem_rtl_0|auto_generated|altera_syncram_impl1|decode3|rtl~77_ERTM0          ; (303, 210)        ; 3584                ; (299, 204)        ; 47                                        ; 169758                                            ;        ;
; u_pipe|g_hist_rep[1].u_history|g_ant[11].g_lane[0].u_bank|g_store.mem_rtl_0|auto_generated|altera_syncram_impl1|decode3|rtl~69_ERTM1          ; (180, 267)        ; 3584                ; (173, 246)        ; 46                                        ; 167524                                            ;        ;
; u_pipe|g_hist_rep[1].u_history|g_ant[11].g_lane[0].u_bank|g_store.mem_rtl_0|auto_generated|altera_syncram_impl1|decode3|rtl~77_ERTM           ; (180, 267)        ; 3584                ; (173, 246)        ; 46                                        ; 167524                                            ;        ;
; u_pipe|g_hist_rep[1].u_history|g_ant[8].g_lane[0].u_bank|g_store.mem_rtl_0|auto_generated|altera_syncram_impl1|decode3|rtl~77_ERTM            ; (369, 243)        ; 3584                ; (373, 220)        ; 46                                        ; 167366                                            ;        ;
; u_pipe|g_hist_rep[1].u_history|g_ant[8].g_lane[0].u_bank|g_store.mem_rtl_0|auto_generated|altera_syncram_impl1|decode3|rtl~77_ERTM0           ; (367, 244)        ; 3584                ; (373, 220)        ; 46                                        ; 167366                                            ;        ;
; u_pipe|g_hist_rep[1].u_history|u_out|count_q[0]                                                                                               ; (191, 286)        ; 4518                ; (187, 265)        ; 36                                        ; 165275                                            ;        ;
; u_pipe|g_hist_rep[1].u_history|u_out|count_q[3]                                                                                               ; (191, 286)        ; 4518                ; (187, 265)        ; 36                                        ; 165275                                            ;        ;
; u_pipe|g_hist_rep[1].u_history|u_out|count_q[1]~DUPLICATE                                                                                     ; (191, 286)        ; 4518                ; (187, 265)        ; 36                                        ; 165275                                            ;        ;
; u_pipe|g_hist_rep[1].u_history|u_out|count_q[2]~DUPLICATE                                                                                     ; (191, 286)        ; 4517                ; (187, 265)        ; 36                                        ; 165253                                            ;        ;
; u_pipe|g_hist_rep[1].u_history|mv_q[2]                                                                                                        ; (191, 286)        ; 4506                ; (187, 265)        ; 36                                        ; 165078                                            ;        ;
; u_pipe|g_hist_rep[1].u_history|u_out|wr_ptr_q[0]~DUPLICATE                                                                                    ; (191, 286)        ; 4498                ; (187, 265)        ; 36                                        ; 164904                                            ;        ;
; u_pipe|g_hist_rep[1].u_history|u_out|wr_ptr_q[1]                                                                                              ; (191, 286)        ; 4497                ; (187, 265)        ; 36                                        ; 164883                                            ;        ;
; u_pipe|g_hist_rep[1].u_history|u_out|wr_ptr_q[2]                                                                                              ; (191, 286)        ; 4496                ; (187, 265)        ; 36                                        ; 164861                                            ;        ;
; u_pipe|g_hist_rep[1].u_history|g_ant[3].g_lane[0].u_bank|g_store.mem_rtl_0|auto_generated|altera_syncram_impl1|decode3|rtl~69_ERTM1           ; (164, 379)        ; 3584                ; (146, 372)        ; 45                                        ; 163568                                            ;        ;
; u_pipe|g_hist_rep[1].u_history|g_ant[3].g_lane[0].u_bank|g_store.mem_rtl_0|auto_generated|altera_syncram_impl1|decode3|rtl~77_ERTM0           ; (164, 379)        ; 3584                ; (146, 372)        ; 45                                        ; 163568                                            ;        ;
; u_pipe|g_hist_rep[0].u_history|g_ant[15].g_lane[0].u_bank|g_store.mem_rtl_0|auto_generated|altera_syncram_impl1|decode3|rtl~69_ERTM1          ; (261, 369)        ; 3584                ; (267, 383)        ; 44                                        ; 161079                                            ;        ;
; u_pipe|g_hist_rep[0].u_history|g_ant[15].g_lane[0].u_bank|g_store.mem_rtl_0|auto_generated|altera_syncram_impl1|decode3|rtl~77_ERTM           ; (261, 369)        ; 3584                ; (267, 383)        ; 44                                        ; 161079                                            ;        ;
; u_pipe|g_hist_rep[0].u_history|g_ant[15].g_lane[0].u_bank|g_store.mem_rtl_0|auto_generated|altera_syncram_impl1|decode3|rtl~77_ERTM0          ; (261, 369)        ; 3584                ; (267, 383)        ; 44                                        ; 161079                                            ;        ;
; u_pipe|u_dma_arb|s_rsp_valid_q[1]                                                                                                             ; (350, 340)        ; 9088                ; (354, 326)        ; 17                                        ; 159819                                            ;        ;
; u_pipe|u_dma_arb|s_rsp_valid_q[0]                                                                                                             ; (350, 340)        ; 9087                ; (354, 326)        ; 17                                        ; 159801                                            ;        ;
; u_pipe|u_dma_mem|q_r[0].remaining[2]                                                                                                          ; (346, 338)        ; 9087                ; (354, 326)        ; 17                                        ; 159799                                            ;        ;
; u_pipe|u_dma_mem|q_r[0].remaining[1]                                                                                                          ; (346, 338)        ; 9087                ; (354, 326)        ; 17                                        ; 159799                                            ;        ;
; u_pipe|u_dma_mem|q_r[0].remaining[0]                                                                                                          ; (346, 338)        ; 9087                ; (354, 326)        ; 17                                        ; 159799                                            ;        ;
; u_pipe|u_dma_mem|q_r[0].remaining[6]                                                                                                          ; (346, 338)        ; 9087                ; (354, 326)        ; 17                                        ; 159799                                            ;        ;
; u_pipe|u_dma_mem|q_r[0].remaining[5]                                                                                                          ; (346, 338)        ; 9087                ; (354, 326)        ; 17                                        ; 159799                                            ;        ;
; u_pipe|u_dma_mem|q_r[0].remaining[7]~DUPLICATE                                                                                                ; (346, 338)        ; 9087                ; (354, 326)        ; 17                                        ; 159799                                            ;        ;
; u_pipe|u_dma_mem|q_r[0].remaining[4]~DUPLICATE                                                                                                ; (346, 338)        ; 9087                ; (354, 326)        ; 17                                        ; 159799                                            ;        ;
; u_pipe|u_dma_mem|q_r[0].remaining[3]                                                                                                          ; (346, 340)        ; 9087                ; (354, 326)        ; 17                                        ; 159797                                            ;        ;
; u_pipe|u_dma_mem|q_count[3]                                                                                                                   ; (342, 342)        ; 9087                ; (354, 326)        ; 17                                        ; 159791                                            ;        ;
; u_pipe|u_dma_mem|q_count[1]                                                                                                                   ; (342, 342)        ; 9087                ; (354, 326)        ; 17                                        ; 159791                                            ;        ;
; u_pipe|u_dma_mem|q_count[2]~DUPLICATE                                                                                                         ; (342, 342)        ; 9087                ; (354, 326)        ; 17                                        ; 159791                                            ;        ;
; u_pipe|u_dma_mem|q_count[0]~DUPLICATE                                                                                                         ; (342, 342)        ; 9087                ; (354, 326)        ; 17                                        ; 159791                                            ;        ;
; u_pipe|g_cfar_per_beam[3].u_cfar|rdy_q                                                                                                        ; (339, 377)        ; 5157                ; (246, 388)        ; 30                                        ; 158313                                            ;        ;
; u_pipe|beam_ph_done_q[3]                                                                                                                      ; (345, 367)        ; 5157                ; (246, 388)        ; 30                                        ; 158295                                            ;        ;
; u_pipe|g_hist_rep[1].u_history|g_ant[7].g_lane[0].u_bank|g_store.mem_rtl_0|auto_generated|altera_syncram_impl1|decode3|rtl~77_ERTM0           ; (207, 179)        ; 3584                ; (204, 152)        ; 43                                        ; 156035                                            ;        ;
; u_pipe|g_hist_rep[0].u_history|g_ant[13].g_lane[0].u_bank|g_store.mem_rtl_0|auto_generated|altera_syncram_impl1|decode3|rtl~69_ERTM1DUPLICATE ; (260, 205)        ; 3232                ; (290, 224)        ; 48                                        ; 155928                                            ;        ;
; u_pipe|g_hist_rep[0].u_history|g_ant[13].g_lane[0].u_bank|g_store.mem_rtl_0|auto_generated|altera_syncram_impl1|decode3|rtl~77_ERTM0DUPLICATE ; (260, 209)        ; 3232                ; (290, 224)        ; 48                                        ; 155350                                            ;        ;
; u_pipe|g_hist_rep[1].u_history|g_ant[1].g_lane[0].u_bank|g_store.mem_rtl_0|auto_generated|altera_syncram_impl1|decode3|rtl~77_ERTM            ; (80, 190)         ; 3328                ; (93, 170)         ; 46                                        ; 153964                                            ;        ;
; u_pipe|g_hist_rep[1].u_history|g_ant[1].g_lane[0].u_bank|g_store.mem_rtl_0|auto_generated|altera_syncram_impl1|decode3|rtl~69_ERTM1DUPLICATE  ; (79, 190)         ; 3296                ; (93, 170)         ; 46                                        ; 151988                                            ;        ;
; u_pipe|g_hist_rep[0].u_history|g_ant[9].g_lane[0].u_bank|g_store.mem_rtl_0|auto_generated|altera_syncram_impl1|decode3|rtl~77_ERTM0DUPLICATE  ; (366, 137)        ; 3520                ; (376, 123)        ; 43                                        ; 151649                                            ;        ;
; u_pipe|g_cfar_per_beam[11].u_cfar|cred_q[0]                                                                                                   ; (345, 370)        ; 4020                ; (232, 403)        ; 37                                        ; 150290                                            ;        ;
; u_pipe|g_cfar_per_beam[11].u_cfar|cred_q[2]                                                                                                   ; (346, 370)        ; 4020                ; (232, 403)        ; 37                                        ; 150289                                            ;        ;
; u_pipe|g_cfar_per_beam[11].u_cfar|cred_q[1]                                                                                                   ; (346, 370)        ; 4020                ; (232, 403)        ; 37                                        ; 150289                                            ;        ;
; u_pipe|g_cfar_per_beam[11].u_cfar|cred_q[3]                                                                                                   ; (346, 370)        ; 4020                ; (232, 403)        ; 37                                        ; 150289                                            ;        ;
; u_pipe|g_hist_rep[1].u_history|g_ant[7].g_lane[0].u_bank|g_store.mem_rtl_0|auto_generated|altera_syncram_impl1|decode3|rtl~69_ERTM1           ; (204, 179)        ; 3424                ; (204, 151)        ; 43                                        ; 149609                                            ;        ;
; u_pipe|g_cfar_per_beam[10].u_cfar|cred_q[1]                                                                                                   ; (334, 371)        ; 3972                ; (235, 381)        ; 37                                        ; 149355                                            ;        ;
; u_pipe|g_cfar_per_beam[10].u_cfar|cred_q[3]                                                                                                   ; (334, 371)        ; 3972                ; (235, 381)        ; 37                                        ; 149355                                            ;        ;
; u_pipe|g_cfar_per_beam[10].u_cfar|cred_q[0]~DUPLICATE                                                                                         ; (334, 371)        ; 3972                ; (235, 381)        ; 37                                        ; 149355                                            ;        ;
; u_pipe|g_hist_rep[0].u_history|g_ant[14].g_lane[0].u_bank|g_store.mem_rtl_0|auto_generated|altera_syncram_impl1|decode3|rtl~77_ERTM0          ; (92, 85)          ; 3584                ; (69, 76)          ; 41                                        ; 149301                                            ;        ;
; u_pipe|g_hist_rep[1].u_history|g_ant[2].g_lane[0].u_bank|g_store.mem_rtl_0|auto_generated|altera_syncram_impl1|decode3|rtl~77_ERTM0           ; (34, 343)         ; 3584                ; (40, 361)         ; 40                                        ; 146395                                            ;        ;
; u_pipe|g_hist_rep[0].u_history|g_ant[14].g_lane[0].u_bank|g_store.mem_rtl_0|auto_generated|altera_syncram_impl1|decode3|rtl~77_ERTMDUPLICATE  ; (92, 91)          ; 3488                ; (69, 75)          ; 41                                        ; 145404                                            ;        ;
; u_pipe|des_pending_valid_q~DUPLICATE                                                                                                          ; (369, 341)        ; 4868                ; (371, 339)        ; 29                                        ; 144901                                            ;        ;
; u_pipe|wr_busy_q                                                                                                                              ; (369, 341)        ; 4862                ; (371, 339)        ; 29                                        ; 144879                                            ;        ;
; u_pipe|u_dma_arb|tag_valid_q[15]                                                                                                              ; (363, 339)        ; 4860                ; (371, 339)        ; 29                                        ; 144869                                            ;        ;
; u_pipe|u_dma_arb|tag_valid_q[7]                                                                                                               ; (363, 339)        ; 4860                ; (371, 339)        ; 29                                        ; 144869                                            ;        ;
; u_pipe|u_dma_arb|tag_valid_q[5]                                                                                                               ; (363, 339)        ; 4860                ; (371, 339)        ; 29                                        ; 144869                                            ;        ;
; u_pipe|u_dma_arb|tag_valid_q[12]                                                                                                              ; (363, 339)        ; 4860                ; (371, 339)        ; 29                                        ; 144869                                            ;        ;
; u_pipe|u_dma_arb|tag_valid_q[15]~DUPLICATE                                                                                                    ; (363, 339)        ; 4860                ; (371, 339)        ; 29                                        ; 144869                                            ;        ;
; u_pipe|u_dma_arb|tag_valid_q[7]~DUPLICATE                                                                                                     ; (363, 339)        ; 4860                ; (371, 339)        ; 29                                        ; 144869                                            ;        ;
; u_pipe|u_dma_arb|tag_valid_q[13]~DUPLICATE                                                                                                    ; (363, 339)        ; 4860                ; (371, 339)        ; 29                                        ; 144869                                            ;        ;
; u_pipe|u_dma_arb|tag_valid_q[12]~DUPLICATE                                                                                                    ; (363, 339)        ; 4860                ; (371, 339)        ; 29                                        ; 144869                                            ;        ;
; u_pipe|u_dma_arb|tag_valid_q[3]                                                                                                               ; (361, 340)        ; 4860                ; (371, 339)        ; 29                                        ; 144868                                            ;        ;
; u_pipe|u_dma_arb|tag_valid_q[1]                                                                                                               ; (361, 340)        ; 4860                ; (371, 339)        ; 29                                        ; 144868                                            ;        ;
; u_pipe|u_dma_arb|tag_valid_q[9]                                                                                                               ; (361, 340)        ; 4860                ; (371, 339)        ; 29                                        ; 144868                                            ;        ;
; u_pipe|u_dma_arb|tag_valid_q[0]                                                                                                               ; (361, 340)        ; 4860                ; (371, 339)        ; 29                                        ; 144868                                            ;        ;
; u_pipe|u_dma_arb|tag_valid_q[8]                                                                                                               ; (361, 340)        ; 4860                ; (371, 339)        ; 29                                        ; 144868                                            ;        ;
; u_pipe|u_dma_arb|tag_valid_q[4]                                                                                                               ; (362, 340)        ; 4860                ; (371, 339)        ; 29                                        ; 144868                                            ;        ;
; u_pipe|u_dma_arb|tag_valid_q[2]                                                                                                               ; (362, 340)        ; 4860                ; (371, 339)        ; 29                                        ; 144868                                            ;        ;
; u_pipe|u_dma_arb|tag_valid_q[10]                                                                                                              ; (361, 340)        ; 4860                ; (371, 339)        ; 29                                        ; 144868                                            ;        ;
; u_pipe|u_dma_arb|tag_valid_q[6]                                                                                                               ; (362, 340)        ; 4860                ; (371, 339)        ; 29                                        ; 144868                                            ;        ;
; u_pipe|u_dma_arb|next_tag_q[2]                                                                                                                ; (362, 340)        ; 4860                ; (371, 339)        ; 29                                        ; 144868                                            ;        ;
; u_pipe|u_dma_arb|tag_valid_q[3]~DUPLICATE                                                                                                     ; (361, 340)        ; 4860                ; (371, 339)        ; 29                                        ; 144868                                            ;        ;
; u_pipe|u_dma_arb|tag_valid_q[11]~DUPLICATE                                                                                                    ; (361, 340)        ; 4860                ; (371, 339)        ; 29                                        ; 144868                                            ;        ;
; u_pipe|u_dma_arb|tag_valid_q[0]~DUPLICATE                                                                                                     ; (361, 340)        ; 4860                ; (371, 339)        ; 29                                        ; 144868                                            ;        ;
; u_pipe|u_dma_arb|tag_valid_q[8]~DUPLICATE                                                                                                     ; (361, 340)        ; 4860                ; (371, 339)        ; 29                                        ; 144868                                            ;        ;
; u_pipe|u_dma_arb|tag_valid_q[2]~DUPLICATE                                                                                                     ; (362, 340)        ; 4860                ; (371, 339)        ; 29                                        ; 144868                                            ;        ;
; u_pipe|u_dma_arb|tag_valid_q[10]~DUPLICATE                                                                                                    ; (361, 340)        ; 4860                ; (371, 339)        ; 29                                        ; 144868                                            ;        ;
; u_pipe|u_dma_arb|tag_valid_q[6]~DUPLICATE                                                                                                     ; (362, 340)        ; 4860                ; (371, 339)        ; 29                                        ; 144868                                            ;        ;
; u_pipe|u_dma_arb|tag_valid_q[14]~DUPLICATE                                                                                                    ; (361, 340)        ; 4860                ; (371, 339)        ; 29                                        ; 144868                                            ;        ;
; u_pipe|u_dma_arb|next_tag_q[2]~DUPLICATE                                                                                                      ; (362, 340)        ; 4860                ; (371, 339)        ; 29                                        ; 144868                                            ;        ;
; u_pipe|u_dma_arb|next_tag_q[3]                                                                                                                ; (362, 341)        ; 4860                ; (371, 339)        ; 29                                        ; 144867                                            ;        ;
; u_pipe|u_dma_arb|next_tag_q[1]                                                                                                                ; (362, 341)        ; 4860                ; (371, 339)        ; 29                                        ; 144867                                            ;        ;
; u_pipe|u_dma_arb|next_tag_q[3]~DUPLICATE                                                                                                      ; (362, 341)        ; 4860                ; (371, 339)        ; 29                                        ; 144867                                            ;        ;
; u_pipe|u_dma_arb|next_tag_q[0]~DUPLICATE                                                                                                      ; (362, 341)        ; 4860                ; (371, 339)        ; 29                                        ; 144867                                            ;        ;
; u_pipe|u_dma_arb|rr_ptr_q[0]~DUPLICATE                                                                                                        ; (369, 341)        ; 4799                ; (371, 339)        ; 30                                        ; 144269                                            ;        ;
; u_pipe|g_hist_rep[0].u_history|g_ant[14].g_lane[0].u_bank|g_store.mem_rtl_0|auto_generated|altera_syncram_impl1|decode3|rtl~69_ERTM1DUPLICATE ; (92, 91)          ; 3456                ; (68, 75)          ; 41                                        ; 144176                                            ;        ;
; u_pipe|g_hist_rep[0].u_history|g_ant[10].g_lane[0].u_bank|g_store.mem_rtl_0|auto_generated|altera_syncram_impl1|decode3|rtl~77_ERTM0          ; (351, 79)         ; 2688                ; (293, 62)         ; 53                                        ; 143108                                            ;        ;
; u_pipe|u_dma_mem|mem_q_rtl_0_bypass[27]                                                                                                       ; (373, 341)        ; 8192                ; (355, 326)        ; 17                                        ; 142589                                            ;        ;
; u_pipe|u_dma_mem|mem_q_rtl_0_bypass[28]                                                                                                       ; (373, 341)        ; 8192                ; (355, 326)        ; 17                                        ; 142589                                            ;        ;
; u_pipe|u_dma_mem|mem_q_rtl_0_bypass[23]                                                                                                       ; (373, 341)        ; 8192                ; (355, 326)        ; 17                                        ; 142589                                            ;        ;
; u_pipe|u_dma_mem|mem_q_rtl_0_bypass[24]                                                                                                       ; (373, 341)        ; 8192                ; (355, 326)        ; 17                                        ; 142589                                            ;        ;
; u_pipe|u_dma_mem|mem_q_rtl_0_bypass[25]                                                                                                       ; (373, 341)        ; 8192                ; (355, 326)        ; 17                                        ; 142589                                            ;        ;
; u_pipe|u_dma_mem|mem_q_rtl_0_bypass[26]                                                                                                       ; (373, 341)        ; 8192                ; (355, 326)        ; 17                                        ; 142589                                            ;        ;
; u_pipe|u_dma_mem|mem_q_rtl_0_bypass[21]                                                                                                       ; (368, 335)        ; 8192                ; (355, 326)        ; 17                                        ; 142589                                            ;        ;
; u_pipe|u_dma_mem|mem_q_rtl_0_bypass[22]                                                                                                       ; (368, 335)        ; 8192                ; (355, 326)        ; 17                                        ; 142589                                            ;        ;
; u_pipe|u_dma_mem|mem_q_rtl_0_bypass[17]                                                                                                       ; (368, 335)        ; 8192                ; (355, 326)        ; 17                                        ; 142589                                            ;        ;
; u_pipe|u_dma_mem|mem_q_rtl_0_bypass[18]                                                                                                       ; (368, 335)        ; 8192                ; (355, 326)        ; 17                                        ; 142589                                            ;        ;
; u_pipe|u_dma_mem|mem_q_rtl_0_bypass[19]                                                                                                       ; (368, 335)        ; 8192                ; (355, 326)        ; 17                                        ; 142589                                            ;        ;
; u_pipe|u_dma_mem|mem_q_rtl_0_bypass[20]                                                                                                       ; (368, 335)        ; 8192                ; (355, 326)        ; 17                                        ; 142589                                            ;        ;
; u_pipe|u_dma_mem|mem_q_rtl_0_bypass[15]                                                                                                       ; (368, 335)        ; 8192                ; (355, 326)        ; 17                                        ; 142589                                            ;        ;
; u_pipe|u_dma_mem|mem_q_rtl_0_bypass[16]                                                                                                       ; (368, 335)        ; 8192                ; (355, 326)        ; 17                                        ; 142589                                            ;        ;
; u_pipe|u_dma_mem|mem_q_rtl_0_bypass[11]                                                                                                       ; (368, 335)        ; 8192                ; (355, 326)        ; 17                                        ; 142589                                            ;        ;
; u_pipe|u_dma_mem|mem_q_rtl_0_bypass[12]                                                                                                       ; (368, 335)        ; 8192                ; (355, 326)        ; 17                                        ; 142589                                            ;        ;
; u_pipe|u_dma_mem|mem_q_rtl_0_bypass[13]                                                                                                       ; (368, 335)        ; 8192                ; (355, 326)        ; 17                                        ; 142589                                            ;        ;
; u_pipe|u_dma_mem|mem_q_rtl_0_bypass[14]                                                                                                       ; (368, 335)        ; 8192                ; (355, 326)        ; 17                                        ; 142589                                            ;        ;
; u_pipe|u_dma_mem|mem_q_rtl_0_bypass[9]                                                                                                        ; (368, 335)        ; 8192                ; (355, 326)        ; 17                                        ; 142589                                            ;        ;
; u_pipe|u_dma_mem|mem_q_rtl_0_bypass[10]                                                                                                       ; (368, 335)        ; 8192                ; (355, 326)        ; 17                                        ; 142589                                            ;        ;
; u_pipe|u_dma_mem|mem_q_rtl_0_bypass[5]                                                                                                        ; (368, 335)        ; 8192                ; (355, 326)        ; 17                                        ; 142589                                            ;        ;
; u_pipe|u_dma_mem|mem_q_rtl_0_bypass[6]                                                                                                        ; (368, 335)        ; 8192                ; (355, 326)        ; 17                                        ; 142589                                            ;        ;
; u_pipe|u_dma_mem|mem_q_rtl_0_bypass[7]                                                                                                        ; (368, 335)        ; 8192                ; (355, 326)        ; 17                                        ; 142589                                            ;        ;
; u_pipe|u_dma_mem|mem_q_rtl_0_bypass[8]                                                                                                        ; (368, 335)        ; 8192                ; (355, 326)        ; 17                                        ; 142589                                            ;        ;
; u_pipe|u_dma_mem|mem_q_rtl_0_bypass[3]                                                                                                        ; (368, 335)        ; 8192                ; (355, 326)        ; 17                                        ; 142589                                            ;        ;
; u_pipe|u_dma_mem|mem_q_rtl_0_bypass[4]                                                                                                        ; (368, 335)        ; 8192                ; (355, 326)        ; 17                                        ; 142589                                            ;        ;
; u_pipe|u_dma_mem|mem_q_rtl_0_bypass[0]                                                                                                        ; (373, 343)        ; 8192                ; (355, 326)        ; 17                                        ; 142589                                            ;        ;
; u_pipe|u_dma_mem|mem_q_rtl_0_bypass[1]                                                                                                        ; (368, 335)        ; 8192                ; (355, 326)        ; 17                                        ; 142589                                            ;        ;
; u_pipe|u_dma_mem|mem_q_rtl_0_bypass[2]                                                                                                        ; (368, 335)        ; 8192                ; (355, 326)        ; 17                                        ; 142589                                            ;        ;
; u_pipe|g_cfar_per_beam[10].u_cfar|rdy_q                                                                                                       ; (323, 379)        ; 5145                ; (227, 377)        ; 26                                        ; 137552                                            ;        ;
; u_pipe|beam_ph_done_q[10]                                                                                                                     ; (345, 367)        ; 5145                ; (227, 377)        ; 26                                        ; 137516                                            ;        ;
; u_pipe|g_hist_rep[0].u_history|u_out|count_q[3]                                                                                               ; (185, 257)        ; 4518                ; (184, 250)        ; 30                                        ; 137403                                            ;        ;
; u_pipe|g_hist_rep[0].u_history|u_out|count_q[2]                                                                                               ; (185, 257)        ; 4518                ; (184, 250)        ; 30                                        ; 137403                                            ;        ;
; u_pipe|g_hist_rep[0].u_history|u_out|count_q[1]                                                                                               ; (185, 257)        ; 4518                ; (184, 250)        ; 30                                        ; 137403                                            ;        ;
; u_pipe|g_hist_rep[0].u_history|mv_q[2]                                                                                                        ; (189, 287)        ; 4506                ; (184, 250)        ; 30                                        ; 137335                                            ;        ;
; u_pipe|g_hist_rep[0].u_history|u_out|count_q[0]~DUPLICATE                                                                                     ; (185, 257)        ; 4506                ; (184, 250)        ; 30                                        ; 137335                                            ;        ;
; u_pipe|g_hist_rep[0].u_history|u_out|wr_ptr_q[1]                                                                                              ; (185, 257)        ; 4498                ; (184, 250)        ; 30                                        ; 137275                                            ;        ;
; u_pipe|g_hist_rep[0].u_history|u_out|wr_ptr_q[0]                                                                                              ; (185, 257)        ; 4498                ; (184, 250)        ; 30                                        ; 137275                                            ;        ;
; u_pipe|beam_ph_done_q[4]                                                                                                                      ; (347, 367)        ; 5232                ; (256, 364)        ; 26                                        ; 136419                                            ;        ;
; u_pipe|g_cfar_per_beam[4].u_cfar|rdy_q                                                                                                        ; (347, 350)        ; 5232                ; (256, 364)        ; 26                                        ; 136408                                            ;        ;
; u_pipe|g_hist_rep[0].u_history|g_ant[5].g_lane[0].u_bank|g_store.mem_rtl_0|auto_generated|altera_syncram_impl1|decode3|rtl~77_ERTM            ; (220, 90)         ; 3584                ; (210, 65)         ; 38                                        ; 136298                                            ;        ;
; u_pipe|g_hist_rep[0].u_history|g_ant[5].g_lane[0].u_bank|g_store.mem_rtl_0|auto_generated|altera_syncram_impl1|decode3|rtl~77_ERTM0           ; (222, 90)         ; 3584                ; (210, 65)         ; 38                                        ; 136298                                            ;        ;
; u_pipe|g_hist_rep[1].u_history|g_ant[15].g_lane[0].u_bank|g_store.mem_rtl_0|auto_generated|altera_syncram_impl1|decode3|rtl~77_ERTMDUPLICATE  ; (293, 350)        ; 3200                ; (300, 374)        ; 42                                        ; 135946                                            ;        ;
; u_pipe|g_cfar_per_beam[6].u_cfar|cred_q[2]                                                                                                    ; (353, 369)        ; 3968                ; (355, 404)        ; 34                                        ; 135467                                            ;        ;
; u_pipe|g_cfar_per_beam[6].u_cfar|cred_q[1]                                                                                                    ; (353, 369)        ; 3968                ; (355, 404)        ; 34                                        ; 135467                                            ;        ;
; u_pipe|g_cfar_per_beam[6].u_cfar|cred_q[0]                                                                                                    ; (353, 369)        ; 3968                ; (355, 404)        ; 34                                        ; 135467                                            ;        ;
; u_pipe|g_cfar_per_beam[6].u_cfar|cred_q[3]                                                                                                    ; (353, 369)        ; 3968                ; (355, 404)        ; 34                                        ; 135467                                            ;        ;
; u_pipe|u_align_cdc|u_fifo|wr_bin_q[2]~DUPLICATE                                                                                               ; (197, 320)        ; 4174                ; (149, 311)        ; 32                                        ; 134559                                            ;        ;
; u_pipe|g_hist_rep[0].u_history|mm_q[2][53]                                                                                                    ; (185, 294)        ; 4104                ; (183, 250)        ; 31                                        ; 131291                                            ;        ;
; u_pipe|g_hist_rep[1].u_history|g_ant[10].g_lane[0].u_bank|g_store.mem_rtl_0|auto_generated|altera_syncram_impl1|decode3|rtl~69_ERTM1          ; (336, 62)         ; 3584                ; (323, 44)         ; 36                                        ; 131195                                            ;        ;
; u_pipe|g_hist_rep[1].u_history|g_ant[10].g_lane[0].u_bank|g_store.mem_rtl_0|auto_generated|altera_syncram_impl1|decode3|rtl~77_ERTM0          ; (335, 74)         ; 3584                ; (323, 44)         ; 36                                        ; 131195                                            ;        ;
; u_pipe|g_hist_rep[0].u_history|g_ant[1].g_lane[0].u_bank|g_store.mem_rtl_0|auto_generated|altera_syncram_impl1|decode3|rtl~77_ERTM            ; (69, 168)         ; 3584                ; (56, 152)         ; 36                                        ; 130510                                            ;        ;
; u_pipe|g_hist_rep[0].u_history|g_ant[1].g_lane[0].u_bank|g_store.mem_rtl_0|auto_generated|altera_syncram_impl1|decode3|rtl~77_ERTM0           ; (69, 168)         ; 3584                ; (56, 152)         ; 36                                        ; 130510                                            ;        ;
; u_pipe|g_cfar_per_beam[9].u_cfar|cred_q[1]                                                                                                    ; (363, 354)        ; 3954                ; (376, 402)        ; 32                                        ; 129629                                            ;        ;
; u_pipe|g_cfar_per_beam[9].u_cfar|cred_q[0]                                                                                                    ; (363, 354)        ; 3954                ; (376, 402)        ; 32                                        ; 129629                                            ;        ;
; u_pipe|g_cfar_per_beam[9].u_cfar|cred_q[3]                                                                                                    ; (363, 354)        ; 3954                ; (376, 402)        ; 32                                        ; 129629                                            ;        ;
; u_pipe|g_cfar_per_beam[9].u_cfar|cred_q[2]~DUPLICATE                                                                                          ; (363, 354)        ; 3954                ; (376, 402)        ; 32                                        ; 129629                                            ;        ;
; u_pipe|g_cfar_per_beam[3].u_cfar|cred_q[1]                                                                                                    ; (345, 379)        ; 4008                ; (260, 395)        ; 32                                        ; 129356                                            ;        ;
; u_pipe|g_cfar_per_beam[3].u_cfar|cred_q[0]                                                                                                    ; (345, 379)        ; 4008                ; (260, 395)        ; 32                                        ; 129356                                            ;        ;
; u_pipe|g_cfar_per_beam[3].u_cfar|cred_q[2]                                                                                                    ; (339, 360)        ; 4008                ; (260, 395)        ; 32                                        ; 129342                                            ;        ;
; u_pipe|wr_addr_q[8]                                                                                                                           ; (369, 339)        ; 4128                ; (372, 340)        ; 31                                        ; 128772                                            ;        ;
; u_pipe|wr_addr_q[11]                                                                                                                          ; (369, 339)        ; 4125                ; (372, 340)        ; 31                                        ; 128756                                            ;        ;
; u_pipe|wr_addr_q[16]                                                                                                                          ; (369, 339)        ; 4122                ; (372, 340)        ; 31                                        ; 128690                                            ;        ;
; u_pipe|wr_addr_q[6]                                                                                                                           ; (369, 339)        ; 4129                ; (372, 340)        ; 31                                        ; 128659                                            ;        ;
; u_pipe|u_dma_arb|m_req_q.addr[8]~_Duplicate_9                                                                                                 ; (350, 352)        ; 4103                ; (372, 340)        ; 31                                        ; 128658                                            ;        ;
; u_pipe|wr_addr_q[7]                                                                                                                           ; (369, 339)        ; 4128                ; (372, 340)        ; 31                                        ; 128656                                            ;        ;
; u_pipe|u_dma_arb|m_req_q.addr[11]~_Duplicate_18                                                                                               ; (350, 352)        ; 4103                ; (372, 340)        ; 31                                        ; 128652                                            ;        ;
; u_pipe|wr_addr_q[13]                                                                                                                          ; (369, 339)        ; 4123                ; (372, 340)        ; 31                                        ; 128615                                            ;        ;
; u_pipe|u_dma_arb|m_req_q.addr[16]~_Duplicate_33                                                                                               ; (350, 347)        ; 4105                ; (372, 340)        ; 31                                        ; 128608                                            ;        ;
; u_pipe|wr_addr_q[12]                                                                                                                          ; (369, 339)        ; 4123                ; (372, 340)        ; 31                                        ; 128600                                            ;        ;
; u_pipe|wr_addr_q[15]                                                                                                                          ; (369, 339)        ; 4120                ; (372, 340)        ; 31                                        ; 128592                                            ;        ;
; u_pipe|wr_addr_q[9]                                                                                                                           ; (369, 339)        ; 4125                ; (372, 340)        ; 31                                        ; 128575                                            ;        ;
; u_pipe|wr_addr_q[10]                                                                                                                          ; (369, 339)        ; 4125                ; (372, 340)        ; 31                                        ; 128565                                            ;        ;
; u_pipe|wr_addr_q[14]                                                                                                                          ; (369, 339)        ; 4121                ; (372, 340)        ; 31                                        ; 128543                                            ;        ;
; u_pipe|u_dma_arb|m_req_q.addr[6]~_Duplicate_3DUPLICATE                                                                                        ; (348, 351)        ; 4102                ; (372, 340)        ; 31                                        ; 128539                                            ;        ;
; u_pipe|u_dma_arb|m_req_q.addr[7]~_Duplicate_6                                                                                                 ; (348, 353)        ; 4102                ; (372, 340)        ; 31                                        ; 128538                                            ;        ;
; u_pipe|u_dma_arb|m_req_q.addr[13]~_Duplicate_24                                                                                               ; (350, 352)        ; 4103                ; (372, 340)        ; 31                                        ; 128519                                            ;        ;
; u_pipe|u_dma_arb|m_req_q.addr[12]~_Duplicate_21DUPLICATE                                                                                      ; (356, 338)        ; 4102                ; (372, 340)        ; 31                                        ; 128514                                            ;        ;
; u_pipe|u_dma_arb|m_req_q.addr[15]~_Duplicate_30                                                                                               ; (350, 352)        ; 4102                ; (372, 340)        ; 31                                        ; 128502                                            ;        ;
; u_pipe|u_dma_arb|m_req_q.addr[18]                                                                                                             ; (373, 341)        ; 4104                ; (372, 340)        ; 31                                        ; 128493                                            ;        ;
; u_pipe|u_dma_arb|m_req_q.addr[19]                                                                                                             ; (373, 341)        ; 4103                ; (372, 340)        ; 31                                        ; 128468                                            ;        ;
; u_pipe|u_dma_arb|m_req_q.addr[9]~_Duplicate_12                                                                                                ; (350, 352)        ; 4101                ; (372, 340)        ; 31                                        ; 128465                                            ;        ;
; u_pipe|u_dma_arb|m_req_q.addr[10]~_Duplicate_15                                                                                               ; (346, 350)        ; 4102                ; (372, 340)        ; 31                                        ; 128457                                            ;        ;
; u_pipe|u_dma_arb|m_req_q.addr[14]~_Duplicate_27                                                                                               ; (350, 352)        ; 4102                ; (372, 340)        ; 31                                        ; 128449                                            ;        ;
; u_pipe|u_dma_arb|m_req_q.addr[17]                                                                                                             ; (373, 341)        ; 4104                ; (372, 340)        ; 31                                        ; 128423                                            ;        ;
; u_pipe|u_align|u_switch|g_xbar.u_net|a_valid[1]                                                                                               ; (189, 286)        ; 4611                ; (177, 270)        ; 27                                        ; 126648                                            ;        ;
; u_pipe|u_align|u_switch|g_xbar.u_net|a_valid[0]                                                                                               ; (189, 287)        ; 4611                ; (177, 270)        ; 27                                        ; 126648                                            ;        ;
; u_pipe|u_align|u_switch|g_xbar.u_net|a_data[1][512]                                                                                           ; (189, 286)        ; 4611                ; (177, 270)        ; 27                                        ; 126648                                            ;        ;
; u_pipe|u_align|u_switch|g_xbar.u_net|a_data[0][512]                                                                                           ; (190, 286)        ; 4611                ; (177, 270)        ; 27                                        ; 126648                                            ;        ;
; u_pipe|u_align_cdc|u_fifo|wr_bin_q[2]                                                                                                         ; (197, 320)        ; 4168                ; (151, 310)        ; 30                                        ; 125356                                            ;        ;
; u_pipe|g_hist_rep[1].u_history|mm_q[2][53]                                                                                                    ; (185, 294)        ; 3512                ; (183, 258)        ; 35                                        ; 123838                                            ;        ;
; u_pipe|g_hist_rep[1].u_history|g_ant[2].g_lane[0].u_bank|g_store.mem_rtl_0|auto_generated|altera_syncram_impl1|decode3|rtl~69_ERTM1DUPLICATE  ; (61, 342)         ; 3104                ; (38, 365)         ; 39                                        ; 122936                                            ;        ;
; u_pipe|g_cfar_per_beam[13].u_cfar|cred_q[3]                                                                                                   ; (373, 363)        ; 3941                ; (403, 397)        ; 29                                        ; 118097                                            ;        ;
; u_pipe|g_cfar_per_beam[13].u_cfar|cred_q[0]                                                                                                   ; (373, 362)        ; 3941                ; (403, 397)        ; 29                                        ; 118096                                            ;        ;
; u_pipe|g_cfar_per_beam[13].u_cfar|cred_q[2]~DUPLICATE                                                                                         ; (373, 362)        ; 3941                ; (403, 397)        ; 29                                        ; 118096                                            ;        ;
; u_pipe|g_hist_rep[0].u_history|g_ant[8].g_lane[0].u_bank|g_store.mem_rtl_0|auto_generated|altera_syncram_impl1|decode3|rtl~69_ERTM1           ; (415, 189)        ; 3488                ; (414, 200)        ; 33                                        ; 117952                                            ;        ;
; u_pipe|g_cfar_per_beam[5].u_cfar|cred_q[1]                                                                                                    ; (356, 365)        ; 3974                ; (299, 396)        ; 29                                        ; 117737                                            ;        ;
; u_pipe|g_cfar_per_beam[5].u_cfar|cred_q[0]~DUPLICATE                                                                                          ; (356, 365)        ; 3974                ; (299, 396)        ; 29                                        ; 117737                                            ;        ;
; u_pipe|g_cfar_per_beam[13].u_cfar|cred_q[1]                                                                                                   ; (373, 362)        ; 3937                ; (403, 397)        ; 29                                        ; 117732                                            ;        ;
; u_pipe|g_cfar_per_beam[5].u_cfar|cred_q[3]                                                                                                    ; (347, 349)        ; 3974                ; (299, 396)        ; 29                                        ; 117730                                            ;        ;
; u_pipe|g_cfar_per_beam[2].u_cfar|cred_q[1]                                                                                                    ; (340, 372)        ; 3944                ; (279, 394)        ; 29                                        ; 117535                                            ;        ;
; u_pipe|g_cfar_per_beam[2].u_cfar|cred_q[2]                                                                                                    ; (340, 372)        ; 3944                ; (279, 394)        ; 29                                        ; 117535                                            ;        ;
; u_pipe|g_cfar_per_beam[5].u_cfar|cred_q[2]                                                                                                    ; (347, 349)        ; 3971                ; (299, 396)        ; 29                                        ; 117437                                            ;        ;
; u_pipe|g_hist_rep[1].u_history|g_ant[4].g_lane[0].u_bank|g_store.mem_rtl_0|auto_generated|altera_syncram_impl1|decode3|rtl~77_ERTM0           ; (90, 263)         ; 3328                ; (89, 248)         ; 34                                        ; 116459                                            ;        ;
; u_pipe|g_hist_rep[1].u_history|g_ant[1].g_lane[0].u_bank|g_store.mem_rtl_0|auto_generated|altera_syncram_impl1|decode3|rtl~77_ERTM0           ; (80, 190)         ; 2688                ; (99, 165)         ; 42                                        ; 115412                                            ;        ;
; u_pipe|g_hist_rep[1].u_history|g_ant[4].g_lane[0].u_bank|g_store.mem_rtl_0|auto_generated|altera_syncram_impl1|decode3|rtl~69_ERTM1           ; (88, 263)         ; 3264                ; (89, 244)         ; 35                                        ; 114761                                            ;        ;
; u_pipe|u_align_cdc|u_fifo|g_out_reg.out_valid_q                                                                                               ; (197, 321)        ; 2311                ; (142, 325)        ; 49                                        ; 114622                                            ;        ;
; u_pipe|u_bf|rdy_q                                                                                                                             ; (308, 344)        ; 2311                ; (142, 325)        ; 49                                        ; 114505                                            ;        ;
; u_pipe|g_hist_rep[0].u_history|g_ant[4].g_lane[0].u_bank|g_store.mem_rtl_0|auto_generated|altera_syncram_impl1|decode3|rtl~69_ERTM1           ; (36, 258)         ; 3584                ; (37, 248)         ; 31                                        ; 114297                                            ;        ;
; u_pipe|g_hist_rep[0].u_history|g_ant[4].g_lane[0].u_bank|g_store.mem_rtl_0|auto_generated|altera_syncram_impl1|decode3|rtl~77_ERTM            ; (36, 258)         ; 3584                ; (37, 248)         ; 31                                        ; 114297                                            ;        ;
; u_pipe|g_hist_rep[0].u_history|g_ant[4].g_lane[0].u_bank|g_store.mem_rtl_0|auto_generated|altera_syncram_impl1|decode3|rtl~77_ERTM0           ; (36, 258)         ; 3584                ; (37, 248)         ; 31                                        ; 114297                                            ;        ;
; u_pipe|g_cfar_per_beam[6].u_cfar|state_q.ST_IDLE                                                                                              ; (353, 385)        ; 3794                ; (355, 407)        ; 30                                        ; 114275                                            ;        ;
; u_pipe|g_cfar_per_beam[6].u_cfar|state_q.ST_RUN                                                                                               ; (353, 385)        ; 3794                ; (355, 407)        ; 30                                        ; 114275                                            ;        ;
; u_pipe|g_hist_rep[0].u_history|i1274~0_ERTM                                                                                                   ; (335, 311)        ; 659                 ; (214, 220)        ; 172                                       ; 113981                                            ;        ;
; u_pipe|u_align|u_switch|g_xbar.u_net|g_out[1].rr_ptr[0]~DUPLICATE                                                                             ; (189, 286)        ; 4044                ; (177, 269)        ; 28                                        ; 113651                                            ;        ;
; u_pipe|g_hist_rep[1].u_history|g_ant[4].g_lane[0].u_bank|g_store.mem_rtl_0|auto_generated|altera_syncram_impl1|decode3|rtl~77_ERTM            ; (88, 263)         ; 3232                ; (89, 247)         ; 35                                        ; 113398                                            ;        ;
; u_pipe|g_cfar_per_beam[9].u_cfar|state_q.ST_RUN                                                                                               ; (364, 356)        ; 3789                ; (378, 404)        ; 29                                        ; 113248                                            ;        ;
; u_pipe|g_cfar_per_beam[9].u_cfar|state_q.ST_IDLE                                                                                              ; (364, 356)        ; 3785                ; (378, 404)        ; 29                                        ; 112921                                            ;        ;
; u_pipe|g_hist_rep[0].u_history|g_ant[7].g_lane[0].u_bank|g_store.mem_rtl_0|auto_generated|altera_syncram_impl1|decode3|rtl~69_ERTM1           ; (175, 185)        ; 3040                ; (168, 160)        ; 36                                        ; 112411                                            ;        ;
; u_pipe|g_cfar_per_beam[7].u_cfar|cred_q[2]                                                                                                    ; (353, 353)        ; 3969                ; (347, 385)        ; 27                                        ; 110912                                            ;        ;
; u_pipe|g_cfar_per_beam[7].u_cfar|cred_q[1]                                                                                                    ; (353, 353)        ; 3969                ; (347, 385)        ; 27                                        ; 110912                                            ;        ;
; u_pipe|g_cfar_per_beam[7].u_cfar|cred_q[0]                                                                                                    ; (353, 353)        ; 3969                ; (347, 385)        ; 27                                        ; 110912                                            ;        ;
; u_pipe|g_cfar_per_beam[7].u_cfar|cred_q[3]                                                                                                    ; (353, 353)        ; 3969                ; (347, 385)        ; 27                                        ; 110912                                            ;        ;
; u_pipe|g_hist_rep[1].u_history|g_ant[5].g_lane[0].u_bank|g_store.mem_rtl_0|auto_generated|altera_syncram_impl1|decode3|rtl~69_ERTM1           ; (153, 95)         ; 3584                ; (154, 68)         ; 30                                        ; 110362                                            ;        ;
; u_pipe|g_cfar_per_beam[4].u_cfar|cred_q[1]                                                                                                    ; (348, 356)        ; 4044                ; (271, 365)        ; 27                                        ; 110345                                            ;        ;
; u_pipe|g_cfar_per_beam[4].u_cfar|cred_q[0]                                                                                                    ; (348, 356)        ; 4044                ; (271, 365)        ; 27                                        ; 110345                                            ;        ;
; u_pipe|g_cfar_per_beam[4].u_cfar|cred_q[2]                                                                                                    ; (348, 356)        ; 4044                ; (271, 365)        ; 27                                        ; 110345                                            ;        ;
; u_pipe|g_cfar_per_beam[4].u_cfar|cred_q[3]                                                                                                    ; (348, 356)        ; 4044                ; (271, 365)        ; 27                                        ; 110345                                            ;        ;
; u_pipe|g_hist_rep[1].u_history|g_ant[2].g_lane[0].u_bank|g_store.mem_rtl_0|auto_generated|altera_syncram_impl1|decode3|rtl~77_ERTM            ; (60, 342)         ; 2880                ; (37, 367)         ; 38                                        ; 110117                                            ;        ;
; u_pipe|g_hist_rep[0].u_history|g_ant[8].g_lane[0].u_bank|g_store.mem_rtl_0|auto_generated|altera_syncram_impl1|decode3|rtl~77_ERTM0           ; (415, 189)        ; 3200                ; (413, 202)        ; 33                                        ; 108463                                            ;        ;
; u_pipe|g_hist_rep[0].u_history|g_ant[5].g_lane[0].u_bank|g_store.mem_rtl_0|auto_generated|altera_syncram_impl1|decode3|rtl~69_ERTM1DUPLICATE  ; (222, 90)         ; 2976                ; (209, 60)         ; 35                                        ; 106247                                            ;        ;
; u_pipe|g_hist_rep[0].u_history|g_ant[7].g_lane[0].u_bank|g_store.mem_rtl_0|auto_generated|altera_syncram_impl1|decode3|rtl~77_ERTM0           ; (175, 183)        ; 2848                ; (169, 158)        ; 36                                        ; 104586                                            ;        ;
; u_pipe|g_cfar_per_beam[1].u_cfar|state_q.ST_IDLE                                                                                              ; (318, 382)        ; 3805                ; (190, 399)        ; 27                                        ; 103853                                            ;        ;
; u_pipe|g_hist_rep[0].u_history|u_out|wr_ptr_q[2]                                                                                              ; (185, 257)        ; 3373                ; (184, 250)        ; 30                                        ; 103179                                            ;        ;
; u_pipe|g_hist_rep[0].u_history|g_ant[7].g_lane[0].u_bank|g_store.mem_rtl_0|auto_generated|altera_syncram_impl1|decode3|rtl~77_ERTMDUPLICATE   ; (175, 181)        ; 2816                ; (169, 158)        ; 36                                        ; 103020                                            ;        ;
; u_pipe|g_cfar_per_beam[10].u_cfar|state_q.ST_RUN~DUPLICATE                                                                                    ; (323, 379)        ; 3824                ; (227, 382)        ; 26                                        ; 102101                                            ;        ;
; u_pipe|g_cfar_per_beam[6].u_cfar|state_q.ST_FLUSH                                                                                             ; (353, 385)        ; 3525                ; (355, 409)        ; 28                                        ; 102023                                            ;        ;
; u_pipe|g_cfar_per_beam[10].u_cfar|state_q.ST_IDLE                                                                                             ; (323, 379)        ; 3819                ; (227, 382)        ; 26                                        ; 101448                                            ;        ;
; u_pipe|g_hist_rep[1].u_history|g_ant[5].g_lane[0].u_bank|g_store.mem_rtl_0|auto_generated|altera_syncram_impl1|decode3|rtl~77_ERTM            ; (155, 95)         ; 3296                ; (154, 67)         ; 30                                        ; 100766                                            ;        ;
; u_pipe|g_cfar_per_beam[7].u_cfar|state_q.ST_IDLE                                                                                              ; (353, 352)        ; 3792                ; (347, 386)        ; 26                                        ; 100258                                            ;        ;
; u_pipe|g_cfar_per_beam[7].u_cfar|state_q.ST_RUN                                                                                               ; (353, 352)        ; 3792                ; (347, 386)        ; 26                                        ; 100258                                            ;        ;
+-----------------------------------------------------------------------------------------------------------------------------------------------+-------------------+---------------------+-------------------+-------------------------------------------+---------------------------------------------------+--------+


Status:		FAIL
Severity:		Low
Number of violations: 	85
Rule Parameters:      	
		max_violations = 5000
		minimum_span = 250
		ignore_high_fanout_span = False
		minimum_sinks = 2
+----------------------------------------------------------------------------------------------------------------------------------------------------------------------------------+
; TMC-20604 - Registers with High Timing Path Endpoint Span                                                                                                                        ;
+-------------------------------------------------------------------+-------------------+---------------------+-------------------------+--------+--------+---------------+--------+
; Register Name                                                     ; Register Location ; Number of Endpoints ; Endpoint Bounding Box   ; X-Span ; Y-Span ; Endpoint Span ; Waived ;
+-------------------------------------------------------------------+-------------------+---------------------+-------------------------+--------+--------+---------------+--------+
; u_pipe|g_hist_rep[0].u_history|r1_en_q[0][0]                      ; (189, 287)        ; 89                  ; (28, 52) - (423, 397)   ; 395    ; 345    ; 396           ;        ;
; u_pipe|g_hist_rep[0].u_history|r1_en_q[0][1]                      ; (189, 287)        ; 80                  ; (28, 39) - (422, 402)   ; 394    ; 363    ; 395           ;        ;
; u_pipe|g_hist_rep[0].u_history|r1_addr_q[0][1]                    ; (185, 293)        ; 208                 ; (28, 37) - (420, 409)   ; 392    ; 372    ; 393           ;        ;
; u_pipe|g_hist_rep[0].u_history|r1_addr_q[0][13]                   ; (283, 317)        ; 32                  ; (36, 47) - (425, 397)   ; 389    ; 350    ; 390           ;        ;
; u_pipe|g_hist_rep[0].u_history|r1_addr_q[0][14]~DUPLICATE         ; (283, 317)        ; 30                  ; (36, 47) - (425, 396)   ; 389    ; 349    ; 390           ;        ;
; u_pipe|g_hist_rep[0].u_history|r1_addr_q[0][16]                   ; (283, 317)        ; 32                  ; (36, 46) - (422, 396)   ; 386    ; 350    ; 387           ;        ;
; u_pipe|g_hist_rep[0].u_history|r1_addr_q[0][12]                   ; (283, 317)        ; 32                  ; (36, 46) - (420, 396)   ; 384    ; 350    ; 385           ;        ;
; u_pipe|g_hist_rep[0].u_history|r1_addr_q[0][11]                   ; (283, 317)        ; 31                  ; (36, 47) - (420, 397)   ; 384    ; 350    ; 385           ;        ;
; u_pipe|g_hist_rep[0].u_history|r1_addr_q[0][7]                    ; (184, 294)        ; 191                 ; (36, 39) - (418, 401)   ; 382    ; 362    ; 383           ;        ;
; u_pipe|g_hist_rep[0].u_history|r1_addr_q[0][3]                    ; (185, 294)        ; 177                 ; (36, 39) - (418, 401)   ; 382    ; 362    ; 383           ;        ;
; u_pipe|g_hist_rep[0].u_history|r1_addr_q[0][8]                    ; (184, 293)        ; 175                 ; (36, 39) - (418, 401)   ; 382    ; 362    ; 383           ;        ;
; u_pipe|g_hist_rep[0].u_history|r1_addr_q[0][2]~DUPLICATE          ; (185, 294)        ; 176                 ; (36, 39) - (418, 401)   ; 382    ; 362    ; 383           ;        ;
; u_pipe|g_hist_rep[0].u_history|r1_addr_q[0][6]                    ; (184, 294)        ; 175                 ; (36, 39) - (418, 401)   ; 382    ; 362    ; 383           ;        ;
; u_pipe|g_hist_rep[0].u_history|r1_addr_q[0][9]                    ; (283, 317)        ; 175                 ; (36, 39) - (418, 401)   ; 382    ; 362    ; 383           ;        ;
; u_pipe|g_hist_rep[0].u_history|r1_addr_q[0][10]                   ; (283, 317)        ; 167                 ; (36, 39) - (418, 401)   ; 382    ; 362    ; 383           ;        ;
; u_pipe|g_hist_rep[0].u_history|r1_addr_q[0][4]                    ; (184, 294)        ; 166                 ; (36, 39) - (418, 401)   ; 382    ; 362    ; 383           ;        ;
; u_pipe|g_hist_rep[0].u_history|r1_addr_q[0][5]                    ; (186, 293)        ; 148                 ; (36, 39) - (418, 401)   ; 382    ; 362    ; 383           ;        ;
; u_pipe|g_hist_rep[0].u_history|r1_addr_q[0][15]                   ; (283, 317)        ; 32                  ; (36, 48) - (418, 396)   ; 382    ; 348    ; 383           ;        ;
; u_pipe|g_hist_rep[1].u_history|r1_addr_q[0][1]                    ; (185, 293)        ; 168                 ; (36, 33) - (417, 395)   ; 381    ; 362    ; 382           ;        ;
; u_pipe|g_hist_rep[1].u_history|r1_en_q[0][0]                      ; (185, 294)        ; 83                  ; (36, 38) - (417, 390)   ; 381    ; 352    ; 382           ;        ;
; u_pipe|g_hist_rep[0].u_history|i1274~0_ERTM                       ; (335, 311)        ; 659                 ; (36, 72) - (415, 376)   ; 379    ; 304    ; 380           ;        ;
; u_pipe|g_hist_rep[0].u_history|i1274~0_ERTM1                      ; (296, 321)        ; 341                 ; (36, 75) - (415, 376)   ; 379    ; 301    ; 380           ;        ;
; u_pipe|g_hist_rep[0].u_history|i1274~0_ERTM2                      ; (296, 321)        ; 341                 ; (36, 75) - (415, 376)   ; 379    ; 301    ; 380           ;        ;
; u_pipe|g_hist_rep[1].u_history|r1_addr_q[0][8]                    ; (184, 293)        ; 177                 ; (36, 33) - (415, 394)   ; 379    ; 361    ; 380           ;        ;
; u_pipe|g_hist_rep[1].u_history|r1_addr_q[0][5]                    ; (186, 293)        ; 176                 ; (36, 33) - (415, 394)   ; 379    ; 361    ; 380           ;        ;
; u_pipe|g_hist_rep[1].u_history|r1_addr_q[0][10]                   ; (272, 307)        ; 175                 ; (36, 33) - (415, 394)   ; 379    ; 361    ; 380           ;        ;
; u_pipe|g_hist_rep[1].u_history|r1_addr_q[0][7]                    ; (184, 294)        ; 170                 ; (36, 33) - (415, 394)   ; 379    ; 361    ; 380           ;        ;
; u_pipe|g_hist_rep[1].u_history|r1_addr_q[0][3]                    ; (185, 294)        ; 171                 ; (36, 33) - (415, 394)   ; 379    ; 361    ; 380           ;        ;
; u_pipe|g_hist_rep[1].u_history|r1_addr_q[0][9]                    ; (272, 307)        ; 166                 ; (36, 33) - (415, 394)   ; 379    ; 361    ; 380           ;        ;
; u_pipe|g_hist_rep[1].u_history|r1_addr_q[0][6]                    ; (184, 294)        ; 164                 ; (36, 33) - (415, 394)   ; 379    ; 361    ; 380           ;        ;
; u_pipe|g_hist_rep[1].u_history|r1_addr_q[0][4]                    ; (184, 294)        ; 163                 ; (36, 33) - (415, 394)   ; 379    ; 361    ; 380           ;        ;
; u_pipe|g_hist_rep[1].u_history|r1_addr_q[0][2]~DUPLICATE          ; (185, 294)        ; 143                 ; (36, 33) - (415, 394)   ; 379    ; 361    ; 380           ;        ;
; u_pipe|g_hist_rep[1].u_history|r1_addr_q[0][11]                   ; (272, 307)        ; 32                  ; (36, 38) - (404, 386)   ; 368    ; 348    ; 369           ;        ;
; u_pipe|g_hist_rep[1].u_history|r1_addr_q[0][13]~DUPLICATE         ; (272, 307)        ; 31                  ; (36, 38) - (404, 386)   ; 368    ; 348    ; 369           ;        ;
; u_pipe|g_hist_rep[1].u_history|r1_addr_q[0][14]                   ; (272, 307)        ; 32                  ; (38, 38) - (405, 386)   ; 367    ; 348    ; 368           ;        ;
; u_pipe|g_hist_rep[1].u_history|r1_addr_q[0][16]                   ; (272, 307)        ; 32                  ; (38, 38) - (404, 386)   ; 366    ; 348    ; 367           ;        ;
; u_pipe|g_hist_rep[1].u_history|r1_addr_q[0][12]~DUPLICATE         ; (272, 307)        ; 29                  ; (38, 38) - (404, 386)   ; 366    ; 348    ; 367           ;        ;
; u_pipe|g_hist_rep[1].u_history|r1_addr_q[0][15]                   ; (272, 307)        ; 32                  ; (39, 38) - (404, 385)   ; 365    ; 347    ; 366           ;        ;
; u_pipe|g_hist_rep[1].u_history|r1_en_q[0][1]                      ; (185, 294)        ; 83                  ; (34, 29) - (379, 390)   ; 345    ; 361    ; 362           ;        ;
; u_pipe|g_fft[2].u_fft|u_out_fifo|g_out_reg.out_valid_q~DUPLICATE  ; (269, 336)        ; 147                 ; (89, 268) - (382, 339)  ; 293    ; 71     ; 294           ;        ;
; u_pipe|g_hist_rep[1].u_history|i1274~0_ERTM1                      ; (294, 319)        ; 318                 ; (82, 72) - (369, 364)   ; 287    ; 292    ; 293           ;        ;
; u_pipe|g_hist_rep[1].u_history|i1274~0_ERTM2                      ; (294, 319)        ; 318                 ; (82, 72) - (369, 364)   ; 287    ; 292    ; 293           ;        ;
; u_pipe|u_fanout_fifo|count_q[2]                                   ; (323, 350)        ; 63773               ; (164, 340) - (439, 415) ; 275    ; 75     ; 276           ;        ;
; u_pipe|u_fanout_fifo|mem_rtl_0_bypass[62]                         ; (285, 365)        ; 61350               ; (164, 340) - (439, 415) ; 275    ; 75     ; 276           ;        ;
; u_pipe|u_fanout_fifo|count_q[1]                                   ; (323, 350)        ; 63773               ; (164, 340) - (439, 415) ; 275    ; 75     ; 276           ;        ;
; u_pipe|u_fanout_fifo|count_q[0]                                   ; (323, 350)        ; 62701               ; (164, 340) - (439, 415) ; 275    ; 75     ; 276           ;        ;
; u_pipe|ser_phase_q[0]                                             ; (296, 360)        ; 61649               ; (164, 340) - (439, 415) ; 275    ; 75     ; 276           ;        ;
; u_pipe|u_fanout_fifo|mem_rtl_0_bypass[3]                          ; (229, 368)        ; 61378               ; (164, 340) - (439, 415) ; 275    ; 75     ; 276           ;        ;
; u_pipe|u_fanout_fifo|mem_rtl_0_bypass[4]                          ; (229, 368)        ; 61378               ; (164, 340) - (439, 415) ; 275    ; 75     ; 276           ;        ;
; u_pipe|u_fanout_fifo|mem_rtl_0_bypass[0]                          ; (229, 368)        ; 61378               ; (164, 340) - (439, 415) ; 275    ; 75     ; 276           ;        ;
; u_pipe|u_fanout_fifo|mem_rtl_0_bypass[1]                          ; (229, 368)        ; 61378               ; (164, 340) - (439, 415) ; 275    ; 75     ; 276           ;        ;
; u_pipe|u_fanout_fifo|mem_rtl_0_bypass[2]                          ; (229, 368)        ; 61378               ; (164, 340) - (439, 415) ; 275    ; 75     ; 276           ;        ;
; u_pipe|g_hist_rep[0].u_history|i1282~1_ERTM1                      ; (109, 173)        ; 224                 ; (90, 90) - (336, 356)   ; 246    ; 266    ; 267           ;        ;
; u_pipe|g_fft[2].u_fft|g_reorder.u_reorder|warm_cnt_q[0]           ; (339, 345)        ; 2310                ; (83, 325) - (348, 351)  ; 265    ; 26     ; 266           ;        ;
; u_pipe|g_fft[2].u_fft|g_reorder.u_reorder|warm_cnt_q[9]           ; (339, 345)        ; 2310                ; (83, 325) - (348, 351)  ; 265    ; 26     ; 266           ;        ;
; u_pipe|g_fft[2].u_fft|g_reorder.u_reorder|warm_cnt_q[1]           ; (339, 345)        ; 2310                ; (83, 325) - (348, 351)  ; 265    ; 26     ; 266           ;        ;
; u_pipe|g_fft[2].u_fft|g_reorder.u_reorder|warm_cnt_q[2]           ; (339, 345)        ; 2310                ; (83, 325) - (348, 351)  ; 265    ; 26     ; 266           ;        ;
; u_pipe|g_fft[2].u_fft|g_reorder.u_reorder|warm_cnt_q[7]           ; (339, 345)        ; 2310                ; (83, 325) - (348, 351)  ; 265    ; 26     ; 266           ;        ;
; u_pipe|g_fft[2].u_fft|g_reorder.u_reorder|warm_cnt_q[5]           ; (339, 345)        ; 2310                ; (83, 325) - (348, 351)  ; 265    ; 26     ; 266           ;        ;
; u_pipe|g_fft[2].u_fft|g_reorder.u_reorder|warm_cnt_q[4]           ; (339, 345)        ; 2310                ; (83, 325) - (348, 351)  ; 265    ; 26     ; 266           ;        ;
; u_pipe|g_fft[2].u_fft|g_reorder.u_reorder|warm_cnt_q[6]           ; (339, 345)        ; 2310                ; (83, 325) - (348, 351)  ; 265    ; 26     ; 266           ;        ;
; u_pipe|g_fft[2].u_fft|g_reorder.u_reorder|warm_cnt_q[8]~DUPLICATE ; (339, 345)        ; 2310                ; (83, 325) - (348, 351)  ; 265    ; 26     ; 266           ;        ;
; u_pipe|g_fft[2].u_fft|g_reorder.u_reorder|warm_cnt_q[3]~DUPLICATE ; (339, 345)        ; 2310                ; (83, 325) - (348, 351)  ; 265    ; 26     ; 266           ;        ;
; u_pipe|g_fft[2].u_fft|g_reorder.u_reorder|vld_q                   ; (339, 345)        ; 2299                ; (83, 325) - (348, 351)  ; 265    ; 26     ; 266           ;        ;
; u_pipe|g_hist_rep[1].u_history|reduce_nor_3~0_ERTM0               ; (291, 314)        ; 128                 ; (90, 95) - (336, 356)   ; 246    ; 261    ; 262           ;        ;
; u_pipe|g_hist_rep[1].u_history|reduce_nor_3~1_ERTM                ; (288, 313)        ; 128                 ; (90, 95) - (336, 356)   ; 246    ; 261    ; 262           ;        ;
; u_pipe|g_hist_rep[1].u_history|reduce_nor_3~1_ERTM0               ; (291, 313)        ; 128                 ; (90, 95) - (336, 356)   ; 246    ; 261    ; 262           ;        ;
; u_pipe|g_hist_rep[1].u_history|reduce_nor_3~2_ERTM                ; (288, 312)        ; 128                 ; (90, 95) - (336, 356)   ; 246    ; 261    ; 262           ;        ;
; u_pipe|g_hist_rep[1].u_history|reduce_nor_3~2_ERTM0               ; (288, 312)        ; 128                 ; (90, 95) - (336, 356)   ; 246    ; 261    ; 262           ;        ;
; u_pipe|g_hist_rep[1].u_history|reduce_nor_3~3_ERTM0               ; (287, 313)        ; 128                 ; (90, 95) - (336, 356)   ; 246    ; 261    ; 262           ;        ;
; u_pipe|g_hist_rep[1].u_history|add_45~41_ERTM                     ; (288, 314)        ; 128                 ; (90, 95) - (336, 356)   ; 246    ; 261    ; 262           ;        ;
; u_pipe|g_hist_rep[1].u_history|reduce_nor_3~0_ERTM                ; (287, 314)        ; 120                 ; (90, 95) - (336, 356)   ; 246    ; 261    ; 262           ;        ;
; u_pipe|g_hist_rep[1].u_history|reduce_nor_3~3_ERTM                ; (291, 314)        ; 120                 ; (90, 95) - (336, 356)   ; 246    ; 261    ; 262           ;        ;
; u_pipe|u_align_cdc|u_fifo|g_out_reg.out_valid_q                   ; (197, 321)        ; 2311                ; (50, 290) - (308, 365)  ; 258    ; 75     ; 259           ;        ;
; u_pipe|u_bf|rdy_q                                                 ; (308, 344)        ; 2311                ; (50, 290) - (308, 365)  ; 258    ; 75     ; 259           ;        ;
; u_pipe|g_hist_rep[0].u_history|reduce_nor_3~0_ERTM                ; (293, 321)        ; 128                 ; (93, 90) - (309, 344)   ; 216    ; 254    ; 255           ;        ;
; u_pipe|g_hist_rep[0].u_history|reduce_nor_3~1_ERTM                ; (307, 189)        ; 128                 ; (93, 90) - (309, 344)   ; 216    ; 254    ; 255           ;        ;
; u_pipe|g_hist_rep[0].u_history|reduce_nor_3~1_ERTM0               ; (292, 321)        ; 128                 ; (93, 90) - (309, 344)   ; 216    ; 254    ; 255           ;        ;
; u_pipe|g_hist_rep[0].u_history|reduce_nor_3~2_ERTM0               ; (292, 321)        ; 128                 ; (93, 90) - (309, 344)   ; 216    ; 254    ; 255           ;        ;
; u_pipe|g_hist_rep[0].u_history|reduce_nor_3~3_ERTM                ; (293, 320)        ; 128                 ; (93, 90) - (309, 344)   ; 216    ; 254    ; 255           ;        ;
; u_pipe|g_hist_rep[0].u_history|reduce_nor_3~3_ERTM0               ; (292, 321)        ; 128                 ; (93, 90) - (309, 344)   ; 216    ; 254    ; 255           ;        ;
; u_pipe|g_hist_rep[0].u_history|add_45~41_ERTM                     ; (292, 321)        ; 128                 ; (93, 90) - (309, 344)   ; 216    ; 254    ; 255           ;        ;
; u_pipe|g_hist_rep[0].u_history|reduce_nor_3~2_ERTM                ; (303, 311)        ; 120                 ; (93, 90) - (309, 344)   ; 216    ; 254    ; 255           ;        ;
; u_pipe|g_hist_rep[0].u_history|reduce_nor_3~0_ERTM0               ; (293, 321)        ; 104                 ; (93, 90) - (309, 344)   ; 216    ; 254    ; 255           ;        ;
; u_pipe|g_fft[14].u_fft|u_out_fifo|g_out_reg.out_valid_q           ; (276, 263)        ; 145                 ; (103, 93) - (353, 325)  ; 250    ; 232    ; 251           ;        ;
+-------------------------------------------------------------------+-------------------+---------------------+-------------------------+--------+--------+---------------+--------+


Status:		FAIL
Severity:		Low
Number of violations: 	45
Rule Parameters:      	
		max_violations = 5000
		minimum_span = 250
		minimum_sinks = 2
+-------------------------------------------------------------------------------------------------------------------------------------------------------------------------------+
; TMC-20603 - Registers with High Immediate Fan-Out Span                                                                                                                        ;
+------------------------------------------------------------------+-------------------+--------------------+-------------------------+--------+--------+--------------+--------+
; Register Name                                                    ; Register Location ; Number of Fan-Outs ; Fan-Out Bounding Box    ; X-Span ; Y-Span ; Fan-Out Span ; Waived ;
+------------------------------------------------------------------+-------------------+--------------------+-------------------------+--------+--------+--------------+--------+
; u_pipe|g_hist_rep[0].u_history|r1_addr_q[0][1]                   ; (185, 293)        ; 208                ; (28, 37) - (420, 409)   ; 392    ; 372    ; 393          ;        ;
; u_pipe|g_hist_rep[0].u_history|r1_addr_q[0][13]                  ; (283, 317)        ; 32                 ; (36, 47) - (425, 397)   ; 389    ; 350    ; 390          ;        ;
; u_pipe|g_hist_rep[0].u_history|r1_addr_q[0][14]~DUPLICATE        ; (283, 317)        ; 30                 ; (36, 47) - (425, 396)   ; 389    ; 349    ; 390          ;        ;
; u_pipe|g_hist_rep[0].u_history|r1_addr_q[0][16]                  ; (283, 317)        ; 32                 ; (36, 46) - (422, 396)   ; 386    ; 350    ; 387          ;        ;
; u_pipe|g_hist_rep[0].u_history|r1_addr_q[0][12]                  ; (283, 317)        ; 32                 ; (36, 46) - (420, 396)   ; 384    ; 350    ; 385          ;        ;
; u_pipe|g_hist_rep[0].u_history|r1_addr_q[0][11]                  ; (283, 317)        ; 31                 ; (36, 47) - (420, 397)   ; 384    ; 350    ; 385          ;        ;
; u_pipe|g_hist_rep[0].u_history|r1_addr_q[0][10]                  ; (283, 317)        ; 167                ; (36, 39) - (418, 401)   ; 382    ; 362    ; 383          ;        ;
; u_pipe|g_hist_rep[0].u_history|r1_addr_q[0][4]                   ; (184, 294)        ; 166                ; (36, 39) - (418, 401)   ; 382    ; 362    ; 383          ;        ;
; u_pipe|g_hist_rep[0].u_history|r1_addr_q[0][5]                   ; (186, 293)        ; 148                ; (36, 39) - (418, 401)   ; 382    ; 362    ; 383          ;        ;
; u_pipe|g_hist_rep[0].u_history|r1_addr_q[0][7]                   ; (184, 294)        ; 191                ; (36, 39) - (418, 401)   ; 382    ; 362    ; 383          ;        ;
; u_pipe|g_hist_rep[0].u_history|r1_addr_q[0][15]                  ; (283, 317)        ; 32                 ; (36, 48) - (418, 396)   ; 382    ; 348    ; 383          ;        ;
; u_pipe|g_hist_rep[0].u_history|r1_addr_q[0][3]                   ; (185, 294)        ; 177                ; (36, 39) - (418, 401)   ; 382    ; 362    ; 383          ;        ;
; u_pipe|g_hist_rep[0].u_history|r1_addr_q[0][8]                   ; (184, 293)        ; 175                ; (36, 39) - (418, 401)   ; 382    ; 362    ; 383          ;        ;
; u_pipe|g_hist_rep[0].u_history|r1_addr_q[0][2]~DUPLICATE         ; (185, 294)        ; 176                ; (36, 39) - (418, 401)   ; 382    ; 362    ; 383          ;        ;
; u_pipe|g_hist_rep[0].u_history|r1_addr_q[0][6]                   ; (184, 294)        ; 175                ; (36, 39) - (418, 401)   ; 382    ; 362    ; 383          ;        ;
; u_pipe|g_hist_rep[0].u_history|r1_addr_q[0][9]                   ; (283, 317)        ; 175                ; (36, 39) - (418, 401)   ; 382    ; 362    ; 383          ;        ;
; u_pipe|g_hist_rep[1].u_history|r1_addr_q[0][1]                   ; (185, 293)        ; 168                ; (36, 33) - (417, 395)   ; 381    ; 362    ; 382          ;        ;
; u_pipe|g_hist_rep[1].u_history|r1_addr_q[0][10]                  ; (272, 307)        ; 175                ; (36, 33) - (415, 394)   ; 379    ; 361    ; 380          ;        ;
; u_pipe|g_hist_rep[1].u_history|r1_addr_q[0][7]                   ; (184, 294)        ; 170                ; (36, 33) - (415, 394)   ; 379    ; 361    ; 380          ;        ;
; u_pipe|g_hist_rep[1].u_history|r1_addr_q[0][3]                   ; (185, 294)        ; 171                ; (36, 33) - (415, 394)   ; 379    ; 361    ; 380          ;        ;
; u_pipe|g_hist_rep[1].u_history|r1_addr_q[0][9]                   ; (272, 307)        ; 166                ; (36, 33) - (415, 394)   ; 379    ; 361    ; 380          ;        ;
; u_pipe|g_hist_rep[1].u_history|r1_addr_q[0][6]                   ; (184, 294)        ; 164                ; (36, 33) - (415, 394)   ; 379    ; 361    ; 380          ;        ;
; u_pipe|g_hist_rep[1].u_history|r1_addr_q[0][4]                   ; (184, 294)        ; 163                ; (36, 33) - (415, 394)   ; 379    ; 361    ; 380          ;        ;
; u_pipe|g_hist_rep[1].u_history|r1_addr_q[0][2]~DUPLICATE         ; (185, 294)        ; 143                ; (36, 33) - (415, 394)   ; 379    ; 361    ; 380          ;        ;
; u_pipe|g_hist_rep[1].u_history|r1_addr_q[0][8]                   ; (184, 293)        ; 177                ; (36, 33) - (415, 394)   ; 379    ; 361    ; 380          ;        ;
; u_pipe|g_hist_rep[1].u_history|r1_addr_q[0][5]                   ; (186, 293)        ; 176                ; (36, 33) - (415, 394)   ; 379    ; 361    ; 380          ;        ;
; u_pipe|g_hist_rep[1].u_history|r1_addr_q[0][11]                  ; (272, 307)        ; 32                 ; (36, 38) - (404, 386)   ; 368    ; 348    ; 369          ;        ;
; u_pipe|g_hist_rep[1].u_history|r1_addr_q[0][13]~DUPLICATE        ; (272, 307)        ; 31                 ; (36, 38) - (404, 386)   ; 368    ; 348    ; 369          ;        ;
; u_pipe|g_hist_rep[1].u_history|r1_addr_q[0][14]                  ; (272, 307)        ; 32                 ; (38, 38) - (405, 386)   ; 367    ; 348    ; 368          ;        ;
; u_pipe|g_hist_rep[1].u_history|r1_addr_q[0][16]                  ; (272, 307)        ; 32                 ; (38, 38) - (404, 386)   ; 366    ; 348    ; 367          ;        ;
; u_pipe|g_hist_rep[1].u_history|r1_addr_q[0][12]~DUPLICATE        ; (272, 307)        ; 29                 ; (38, 38) - (404, 386)   ; 366    ; 348    ; 367          ;        ;
; u_pipe|g_hist_rep[1].u_history|r1_addr_q[0][15]                  ; (272, 307)        ; 32                 ; (39, 38) - (404, 385)   ; 365    ; 347    ; 366          ;        ;
; u_pipe|g_hist_rep[0].u_history|i1274~0_ERTM                      ; (335, 311)        ; 96                 ; (93, 75) - (339, 355)   ; 246    ; 280    ; 281          ;        ;
; u_pipe|g_fft[2].u_fft|u_out_fifo|g_out_reg.out_valid_q~DUPLICATE ; (269, 336)        ; 5                  ; (106, 268) - (372, 337) ; 266    ; 69     ; 267          ;        ;
; u_pipe|g_hist_rep[1].u_history|add_45~41_ERTM                    ; (288, 314)        ; 16                 ; (90, 95) - (336, 356)   ; 246    ; 261    ; 262          ;        ;
; u_pipe|g_hist_rep[1].u_history|reduce_nor_3~1_ERTM               ; (288, 313)        ; 16                 ; (95, 95) - (335, 356)   ; 240    ; 261    ; 262          ;        ;
; u_pipe|g_hist_rep[1].u_history|reduce_nor_3~1_ERTM0              ; (291, 313)        ; 16                 ; (95, 95) - (335, 356)   ; 240    ; 261    ; 262          ;        ;
; u_pipe|g_hist_rep[1].u_history|reduce_nor_3~2_ERTM               ; (288, 312)        ; 16                 ; (94, 96) - (336, 356)   ; 242    ; 260    ; 261          ;        ;
; u_pipe|g_hist_rep[1].u_history|reduce_nor_3~2_ERTM0              ; (288, 312)        ; 16                 ; (94, 96) - (336, 356)   ; 242    ; 260    ; 261          ;        ;
; u_pipe|g_hist_rep[1].u_history|reduce_nor_3~3_ERTM0              ; (287, 313)        ; 16                 ; (94, 96) - (336, 356)   ; 242    ; 260    ; 261          ;        ;
; u_pipe|g_hist_rep[1].u_history|reduce_nor_3~3_ERTM               ; (291, 314)        ; 15                 ; (94, 96) - (336, 356)   ; 242    ; 260    ; 261          ;        ;
; u_pipe|g_hist_rep[1].u_history|reduce_nor_3~0_ERTM0              ; (291, 314)        ; 16                 ; (95, 96) - (335, 355)   ; 240    ; 259    ; 260          ;        ;
; u_pipe|g_hist_rep[1].u_history|reduce_nor_3~0_ERTM               ; (287, 314)        ; 15                 ; (95, 96) - (335, 355)   ; 240    ; 259    ; 260          ;        ;
; u_pipe|g_hist_rep[0].u_history|add_45~41_ERTM                    ; (292, 321)        ; 16                 ; (93, 90) - (309, 344)   ; 216    ; 254    ; 255          ;        ;
; u_pipe|g_hist_rep[0].u_history|i1282~1_ERTM1                     ; (109, 173)        ; 28                 ; (137, 75) - (339, 326)  ; 202    ; 251    ; 252          ;        ;
+------------------------------------------------------------------+-------------------+--------------------+-------------------------+--------+--------+--------------+--------+


Status:		PASS
Severity:		High
Number of violations: 	0
Rule Parameters:      	max_violations = 500
+----------------------------------------------------------+
; CDC-50001 - 1-Bit Asynchronous Transfer Not Synchronized ;
+----------------------------------------------------------+


Status:		PASS
Severity:		High
Number of violations: 	0
Rule Parameters:      	max_violations = 500
+-----------------------------------------------------------------------+
; CDC-50002 - 1-Bit Asynchronous Transfer with Insufficient Constraints ;
+-----------------------------------------------------------------------+


Status:		PASS
Severity:		High
Number of violations: 	0
Rule Parameters:      	max_violations = 500
+----------------------------------------------------------------+
; CDC-50003 - CE-Type CDC Transfer with Insufficient Constraints ;
+----------------------------------------------------------------+


Status:		PASS
Severity:		High
Number of violations: 	0
Rule Parameters:      	max_violations = 500
+-----------------------------------------------------------------+
; CDC-50004 - MUX-type CDC Transfer with Insufficient Constraints ;
+-----------------------------------------------------------------+


Status:		PASS
Severity:		High
Number of violations: 	0
Rule Parameters:      	max_violations = 500
+-----------------------------------------------------------------------------------------+
; CDC-50005 - CDC Bus Constructed with Multi-bit Synchronizer Chains of Different Lengths ;
+-----------------------------------------------------------------------------------------+


Status:		PASS
Severity:		High
Number of violations: 	0
Rule Parameters:      	max_violations = 500
+---------------------------------------------------------------+
; CDC-50006 - CDC Bus Constructed with Unsynchronized Registers ;
+---------------------------------------------------------------+


Status:		PASS
Severity:		High
Number of violations: 	0
Rule Parameters:      	max_violations = 500
+--------------------------------------------------------------------------------------------------+
; CDC-50007 - CDC Bus Constructed with Multi-bit Synchronizer Chains with Insufficient Constraints ;
+--------------------------------------------------------------------------------------------------+


Status:		PASS
Severity:		High
Number of violations: 	0
Rule Parameters:      	max_violations = 500
+-----------------------------------------------------------+
; CDC-50011 - Combinational Logic Before Synchronizer Chain ;
+-----------------------------------------------------------+


Status:		PASS
Severity:		High
Number of violations: 	0
Rule Parameters:      	max_violations = 500
+-----------------------------------------------------------------+
; CDC-50012 - Multiple Clock Domains Driving a Synchronizer Chain ;
+-----------------------------------------------------------------+


Status:		PASS
Severity:		High
Number of violations: 	0
Rule Parameters:      	max_violations = 5000
+----------------------------------------------+
; CLK-30027 - Multiple Clock Assignments Found ;
+----------------------------------------------+


Status:		PASS
Severity:		High
Number of violations: 	0
Rule Parameters:      	max_violations = 5000
+-------------------------------------+
; CLK-30028 - Invalid Generated Clock ;
+-------------------------------------+


Status:		PASS
Severity:		High
Number of violations: 	0
Rule Parameters:      	max_violations = 5000
+---------------------------------------+
; CLK-30029 - Invalid Clock Assignments ;
+---------------------------------------+


Status:		PASS
Severity:		High
Number of violations: 	0
Rule Parameters:      	max_violations = 5000
+-----------------------------------+
; CLK-30030 - PLL Setting Violation ;
+-----------------------------------+


Status:		PASS
Severity:		High
Number of violations: 	0
Rule Parameters:      	max_violations = 5000
+--------------------------------------------+
; CLK-30033 - Invalid Clock Group Assignment ;
+--------------------------------------------+


Status:		PASS
Severity:		High
Number of violations: 	0
Rule Parameters:      	max_violations = 5000
+----------------------------------------------------------------------------+
; CLK-30034 - Clock Pairs Missing Logically Exclusive Clock Group Assignment ;
+----------------------------------------------------------------------------+


Status:		PASS
Severity:		High
Number of violations: 	0
Rule Parameters:      	max_violations = 5000
+-----------------------------------------------------------------------------+
; CLK-30035 - Clock Pairs Missing Physically Exclusive Clock Group Assignment ;
+-----------------------------------------------------------------------------+


Status:		PASS
Severity:		High
Number of violations: 	0
Rule Parameters:      	max_violations = 5000
+----------------------------------------+
; CLK-30042 - Incorrect Clock Group Type ;
+----------------------------------------+


Status:		PASS
Severity:		High
Number of violations: 	0
Rule Parameters:      	max_violations = 500
+----------------------------------------------------+
; RES-50001 - Asynchronous Reset Is Not Synchronized ;
+----------------------------------------------------+


Status:		PASS
Severity:		High
Number of violations: 	0
Rule Parameters:      	max_violations = 500
+---------------------------------------------------------------+
; RES-50002 - Asynchronous Reset is Insufficiently Synchronized ;
+---------------------------------------------------------------+


Status:		PASS
Severity:		High
Number of violations: 	0
Rule Parameters:      	max_violations = 500
+--------------------------------------------------------------+
; RES-50003 - Asynchronous Reset with Insufficient Constraints ;
+--------------------------------------------------------------+


Status:		PASS
Severity:		High
Number of violations: 	0
Rule Parameters:      	max_violations = 500
+--------------------------------------------------------------------------+
; RES-50004 - Multiple Asynchronous Resets within Reset Synchronizer Chain ;
+--------------------------------------------------------------------------+


Status:		PASS
Severity:		High
Number of violations: 	0
Rule Parameters:      	max_violations = 5000
+--------------------------------------------+
; TMC-20011 - Missing Input Delay Constraint ;
+--------------------------------------------+


Status:		PASS
Severity:		High
Number of violations: 	0
Rule Parameters:      	max_violations = 5000
+---------------------------------------------+
; TMC-20012 - Missing Output Delay Constraint ;
+---------------------------------------------+


Status:		PASS
Severity:		High
Number of violations: 	0
Rule Parameters:      	max_violations = 5000
+---------------------------------+
; TMC-20013 - Partial Input Delay ;
+---------------------------------+


Status:		PASS
Severity:		High
Number of violations: 	0
Rule Parameters:      	max_violations = 5000
+----------------------------------+
; TMC-20014 - Partial Output Delay ;
+----------------------------------+


Status:		PASS
Severity:		High
Number of violations: 	0
Rule Parameters:      	max_violations = 5000
+----------------------------------------+
; TMC-20015 - Inconsistent Min-Max Delay ;
+----------------------------------------+


Status:		PASS
Severity:		High
Number of violations: 	0
Rule Parameters:      	max_violations = 5000
+-----------------------------------+
; TMC-20016 - Invalid Reference Pin ;
+-----------------------------------+


Status:		PASS
Severity:		High
Number of violations: 	0
Rule Parameters:      	max_violations = 5000
+----------------------------+
; TMC-20017 - Loops Detected ;
+----------------------------+


Status:		PASS
Severity:		High
Number of violations: 	0
Rule Parameters:      	max_violations = 5000
+-------------------------------------------+
; TMC-20019 - Partial Multicycle Assignment ;
+-------------------------------------------+


Status:		PASS
Severity:		High
Number of violations: 	0
Rule Parameters:      	max_violations = 5000
+-----------------------------------------------------+
; TMC-20022 - I/O Delay Assignment Missing Parameters ;
+-----------------------------------------------------+


Status:		PASS
Severity:		High
Number of violations: 	0
Rule Parameters:      	max_violations = 5000
+----------------------------------------------+
; TMC-20023 - Invalid Set Net Delay Assignment ;
+----------------------------------------------+


Status:		PASS
Severity:		High
Number of violations: 	0
Rule Parameters:      	max_violations = 5000
+-------------------------------------------------------+
; TMC-20027 - Collection Filter Matching Multiple Types ;
+-------------------------------------------------------+


Status:		PASS
Severity:		High
Number of violations: 	0
Rule Parameters:      	max_violations = 5000
+-----------------------------------------------------+
; TMC-30041 - Constraint with Invalid Clock Reference ;
+-----------------------------------------------------+


Status:		PASS
Severity:		Medium
Number of violations: 	0
Rule Parameters:      	max_violations = 5000
+------------------------------------------------------------+
; CDC-50103 - Unsynchronized Intra-Clock Forced Synchronizer ;
+------------------------------------------------------------+


Status:		PASS
Severity:		Medium
Number of violations: 	0
Rule Parameters:      	max_violations = 5000
+-------------------------------------------+
; CLK-30031 - Input Delay Assigned to Clock ;
+-------------------------------------------+


Status:		PASS
Severity:		Medium
Number of violations: 	0
Rule Parameters:      	max_violations = 5000
+------------------------------------+
; CLK-30032 - Improper Clock Targets ;
+------------------------------------+


Status:		PASS
Severity:		Medium
Number of violations: 	0
Rule Parameters:      	max_violations = 5000
+-----------------------------------------------+
; LNT-30023 - Reset Nets with Polarity Conflict ;
+-----------------------------------------------+


Status:		PASS
Severity:		Medium
Number of violations: 	0
Rule Parameters:      	max_violations = 5000
+--------------------------------------------------------------------------------+
; RDC-50003 - Multiple Asynchronous Reset Synchronizers in the Same Clock Domain ;
+--------------------------------------------------------------------------------+


Status:		PASS
Severity:		Medium
Number of violations: 	0
Rule Parameters:      	max_violations = 5000
+------------------------------------------+
; TMC-20018 - Unsupported Latches Detected ;
+------------------------------------------+


Status:		PASS
Severity:		Medium
Number of violations: 	0
Rule Parameters:      	max_violations = 5000
+----------------------------------------------+
; TMC-20021 - Partial Min-Max Delay Assignment ;
+----------------------------------------------+


Status:		PASS
Severity:		Medium
Number of violations: 	0
Rule Parameters:      	max_violations = 5000
+-----------------------------------------------+
; TMC-20024 - Synchronous Data Delay Assignment ;
+-----------------------------------------------+


Status:		PASS
Severity:		Medium
Number of violations: 	0
Rule Parameters:      	max_violations = 5000
+-----------------------------------------------+
; TMC-20025 - Ignored or Overridden Constraints ;
+-----------------------------------------------+


Status:		PASS
Severity:		Medium
Number of violations: 	0
Rule Parameters:      	max_violations = 5000
+------------------------------------------------------+
; TMC-20026 - Empty Collection Due To Unmatched Filter ;
+------------------------------------------------------+


Status:		PASS
Severity:		Medium
Number of violations: 	0
Rule Parameters:      	
		max_violations = 5000
		maximum_setup_slack = 0
		to_clock_filter = "*"
+-----------------------------------------------------------------------+
; TMC-20200 - Paths Failing Setup Analysis with Impossible Requirements ;
+-----------------------------------------------------------------------+


Status:		PASS
Severity:		Medium
Number of violations: 	0
Rule Parameters:      	
		max_violations = 5000
		maximum_setup_slack = 0
		to_clock_filter = "*"
+---------------------------------------------------------------+
; TMC-20201 - Paths Failing Setup Analysis with High Clock Skew ;
+---------------------------------------------------------------+


Status:		PASS
Severity:		Medium
Number of violations: 	0
Rule Parameters:      	
		max_violations = 5000
		maximum_setup_slack = 0
		to_clock_filter = "*"
+----------------------------------------------------------------------------------+
; TMC-20204 - Endpoints of Paths Failing Setup Analysis with Retiming Restrictions ;
+----------------------------------------------------------------------------------+


Status:		PASS
Severity:		Medium
Number of violations: 	0
Rule Parameters:      	
		max_violations = 5000
		maximum_setup_slack = 0
		to_clock_filter = "*"
+------------------------------------------------------------------------------------------------------------+
; TMC-20205 - Endpoints of Paths Failing Setup Analysis with Explicit Power-Up States that Restrict Retiming ;
+------------------------------------------------------------------------------------------------------------+


Status:		PASS
Severity:		Medium
Number of violations: 	0
Rule Parameters:      	
		max_violations = 5000
		maximum_setup_slack = 0
		to_clock_filter = "*"
+------------------------------------------------------------------------------------------------------+
; TMC-20206 - DSP Blocks with Unregistered Outputs that are the Source of Paths Failing Setup Analysis ;
+------------------------------------------------------------------------------------------------------+


Status:		PASS
Severity:		Medium
Number of violations: 	0
Rule Parameters:      	
		max_violations = 5000
		maximum_setup_slack = 0
		to_clock_filter = "*"
+----------------------------------------------------------------------------------------------------------+
; TMC-20207 - DSP Blocks with Unregistered Inputs that are the Destination of Paths Failing Setup Analysis ;
+----------------------------------------------------------------------------------------------------------+


Status:		PASS
Severity:		Medium
Number of violations: 	0
Rule Parameters:      	
		max_violations = 5000
		maximum_setup_slack = 0
		to_clock_filter = "*"
+------------------------------------------------------------------------------------------------------+
; TMC-20208 - RAM Blocks with Unregistered Outputs that are the Source of Paths Failing Setup Analysis ;
+------------------------------------------------------------------------------------------------------+


Status:		PASS
Severity:		Medium
Number of violations: 	0
Rule Parameters:      	
		max_violations = 5000
		maximum_setup_slack = 0
		to_clock_filter = "*"
+------------------------------------------------------------------------------------+
; TMC-20209 - Paths Failing Setup Analysis with High Routing Delay due to Congestion ;
+------------------------------------------------------------------------------------+


Status:		PASS
Severity:		Medium
Number of violations: 	0
Rule Parameters:      	
		max_violations = 5000
		maximum_setup_slack = 0
		to_clock_filter = "*"
+---------------------------------------------------------------------------------+
; TMC-20210 - Paths Failing Setup Analysis with High Routing Delay Added for Hold ;
+---------------------------------------------------------------------------------+


Status:		PASS
Severity:		Medium
Number of violations: 	0
Rule Parameters:      	
		max_violations = 5000
		maximum_setup_slack = 0
		to_clock_filter = "*"
+---------------------------------------------------------------------------+
; TMC-20212 - Paths Failing Setup Analysis with Global Routing in Data Path ;
+---------------------------------------------------------------------------+


Status:		PASS
Severity:		Medium
Number of violations: 	0
Rule Parameters:      	
		max_violations = 5000
		maximum_setup_slack = 0
		to_clock_filter = "*"
+--------------------------------------------------------------------+
; TMC-20213 - Paths Failing Setup Analysis with Locally Routed Clock ;
+--------------------------------------------------------------------+


Status:		PASS
Severity:		Medium
Number of violations: 	0
Rule Parameters:      	
		max_violations = 5000
		maximum_setup_slack = 0
		to_clock_filter = "*"
		minimum_number_of_soft_mult_chains = 2
+----------------------------------------------------------------------------------------------------+
; TMC-20215 - Buses with Incoming Paths Failing Setup Analysis with Multipliers Implemented in Logic ;
+----------------------------------------------------------------------------------------------------+


Status:		PASS
Severity:		Medium
Number of violations: 	0
Rule Parameters:      	
		max_violations = 5000
		maximum_setup_slack = 0
		to_clock_filter = "*"
+-------------------------------------------------------------------------------------+
; TMC-20216 - Paths Failing Setup Analysis with Inferred-RAM Shift Register Endpoints ;
+-------------------------------------------------------------------------------------+


Status:		PASS
Severity:		Medium
Number of violations: 	0
Rule Parameters:      	
		max_violations = 5000
		maximum_setup_slack = 0
		to_clock_filter = "*"
+-------------------------------------------------------------+
; TMC-20217 - Paths Failing Setup Analysis with Clock-As-Data ;
+-------------------------------------------------------------+


Status:		PASS
Severity:		Medium
Number of violations: 	0
Rule Parameters:      	
		max_violations = 5000
		maximum_pulse_width_slack = 0
+-----------------------------------------------------------------+
; TMC-20219 - DSP Blocks with Restricted Fmax below Required Fmax ;
+-----------------------------------------------------------------+


Status:		PASS
Severity:		Medium
Number of violations: 	0
Rule Parameters:      	
		max_violations = 5000
		maximum_pulse_width_slack = 0
+-----------------------------------------------------------------+
; TMC-20220 - RAM Blocks with Restricted Fmax below Required Fmax ;
+-----------------------------------------------------------------+


Status:		PASS
Severity:		Medium
Number of violations: 	0
Rule Parameters:      	
		max_violations = 5000
		maximum_pulse_width_slack = 0
+---------------------------------------------------------------------------+
; TMC-20221 - Nodes Failing Minimum Pulse Width Due to Clock Pulse Collapse ;
+---------------------------------------------------------------------------+


Status:		PASS
Severity:		Medium
Number of violations: 	0
Rule Parameters:      	
		max_violations = 5000
		maximum_hold_slack = 0
		to_clock_filter = "*"
+--------------------------------------------------------------------------+
; TMC-20312 - Paths Failing Hold Analysis with Global Routing in Data Path ;
+--------------------------------------------------------------------------+


Status:		PASS
Severity:		Medium
Number of violations: 	0
Rule Parameters:      	
		max_violations = 5000
		maximum_hold_slack = 0
		to_clock_filter = "*"
+-------------------------------------------------------------------+
; TMC-20313 - Paths Failing Hold Analysis with Locally Routed Clock ;
+-------------------------------------------------------------------+


Status:		PASS
Severity:		Medium
Number of violations: 	0
Rule Parameters:      	
		max_violations = 5000
		maximum_recovery_slack = 0
		to_clock_filter = "*"
+------------------------------------------------------------------------------+
; TMC-20712 - Paths Failing Recovery Analysis with Global Routing in Data Path ;
+------------------------------------------------------------------------------+


Status:		PASS
Severity:		Medium
Number of violations: 	0
Rule Parameters:      	
		max_violations = 5000
		maximum_recovery_slack = 0
		to_clock_filter = "*"
+-----------------------------------------------------------------------+
; TMC-20713 - Paths Failing Recovery Analysis with Locally Routed Clock ;
+-----------------------------------------------------------------------+


Status:		PASS
Severity:		Medium
Number of violations: 	0
Rule Parameters:      	
		max_violations = 5000
		maximum_removal_slack = 0
		to_clock_filter = "*"
+-----------------------------------------------------------------------------+
; TMC-20812 - Paths Failing Removal Analysis with Global Routing in Data Path ;
+-----------------------------------------------------------------------------+


Status:		PASS
Severity:		Medium
Number of violations: 	0
Rule Parameters:      	
		max_violations = 5000
		maximum_removal_slack = 0
		to_clock_filter = "*"
+----------------------------------------------------------------------+
; TMC-20813 - Paths Failing Removal Analysis with Locally Routed Clock ;
+----------------------------------------------------------------------+


Status:		PASS
Severity:		Low
Number of violations: 	0
Rule Parameters:      	max_violations = 500
+--------------------------------------------------------------------+
; CDC-50008 - CDC Bus Constructed with Multi-bit Synchronizer Chains ;
+--------------------------------------------------------------------+


Status:		PASS
Severity:		Low
Number of violations: 	0
Rule Parameters:      	max_violations = 500
+-------------------------------------------------+
; CDC-50101 - Intra-Clock False Path Synchronizer ;
+-------------------------------------------------+


Status:		PASS
Severity:		Low
Number of violations: 	0
Rule Parameters:      	max_violations = 500
+-----------------------------------------------------------------+
; CDC-50102 - Synchronizer after CDC Topology with Control Signal ;
+-----------------------------------------------------------------+


Status:		PASS
Severity:		Low
Number of violations: 	0
Rule Parameters:      	
		max_violations = 5000
		max_stage_adjustment = -1
		min_width = 16
		min_depth = 3
+------------------------------------------------------------+
; FLP-40006 - Pipelining Registers That Might Be Recoverable ;
+------------------------------------------------------------+


Status:		PASS
Severity:		Low
Number of violations: 	0
Rule Parameters:      	max_violations = 5000
+--------------------------------------------------------------+
; LNT-30010 - Nets Driving both Reset and Clock Enable Signals ;
+--------------------------------------------------------------+


Status:		PASS
Severity:		Low
Number of violations: 	0
Rule Parameters:      	max_violations = 500
+------------------------------------------------------------+
; RES-50010 - Reset Synchronizer Chains with Constant Output ;
+------------------------------------------------------------+


Status:		PASS
Severity:		Low
Number of violations: 	0
Rule Parameters:      	max_violations = 500
+-------------------------------------------------------+
; RES-50101 - Intra-Clock False Path Reset Synchronizer ;
+-------------------------------------------------------+


Status:		PASS
Severity:		Low
Number of violations: 	0
Rule Parameters:      	max_violations = 5000
+-------------------------------------------+
; TMC-20020 - Invalid Multicycle Assignment ;
+-------------------------------------------+


Status:		PASS
Severity:		Low
Number of violations: 	0
Rule Parameters:      	max_violations = 5000
+--------------------------------------------------------------------------------------------+
; TMC-20550 - Automatically Selected Duplication Candidate Rejected for Placement Constraint ;
+--------------------------------------------------------------------------------------------+


Status:		PASS
Severity:		Low
Number of violations: 	0
Rule Parameters:      	
		max_violations = 5000
		avg_dup_fanout = 1000
+-------------------------------------------------------------------------------------------+
; TMC-20551 - Automatically Selected Duplication Candidate Likely Requires More Duplication ;
+-------------------------------------------------------------------------------------------+


Status:		PASS
Severity:		Low
Number of violations: 	0
Rule Parameters:      	max_violations = 5000
+--------------------------------------------------------------+
; TMC-20552 - User Selected Duplication Candidate was Rejected ;
+--------------------------------------------------------------+


Status:		PASS
Severity:		Low
Number of violations: 	0
Rule Parameters:      	
		max_violations = 5000
		minimum_tension = 100000
		minimum_sinks = 2
+-----------------------------------------------------------+
; TMC-20601 - Registers with High Immediate Fan-Out Tension ;
+-----------------------------------------------------------+


