Fitter Retime Stage Report for agilex7_wideband
Tue Jul 28 13:31:02 2026
Quartus Prime Version 26.1.0 Build 110 03/26/2026 SC Pro Edition


---------------------
; Table of Contents ;
---------------------
  1. Legal Notice
  2. Hyper-Retimer Settings
  3. Reset Sequence Requirement
  4. Retiming Limit Summary
  5. Critical Chain Summary for Clock Domain core_clk
  6. Retime Messages



----------------
; Legal Notice ;
----------------
Copyright (C) 2026  Altera Corporation. All rights reserved.
Your use of Altera Corporation's design tools, logic functions 
and other software and tools, and any partner logic 
functions, and any output files from any of the foregoing 
(including device programming or simulation files), and any 
associated documentation or information are expressly subject 
to the terms and conditions of the Altera Program License 
Subscription Agreement, the Altera Quartus Prime License Agreement,
the Altera IP License Agreement, or other applicable license
agreement, including, without limitation, that your use is for
the sole purpose of programming logic devices manufactured by
Altera and sold by Altera or its authorized distributors.  Please
refer to the Altera Software License Subscription Agreements 
on the Quartus Prime software download page.



+--------------------------------------------------+
; Hyper-Retimer Settings                           ;
+------------------------+---------+---------------+
; Option                 ; Setting ; Default Value ;
+------------------------+---------+---------------+
; Enable Auto-Pipelining ; On      ; On            ;
+------------------------+---------+---------------+


+------------------------------------------+
; Reset Sequence Requirement               ;
+------------+-----------------------------+
; Clock Name ; Number of additional cycles ;
+------------+-----------------------------+
; core_clk   ; 4                           ;
+------------+-----------------------------+
Note: Due to retiming optimizations, a clock domain may require a longer reset sequence to ensure correct functionality.  The table above indicates the minimum number of additional reset sequence cycles needed for each clock domain.


+------------------------------------------------------------------------------------------------------------------------------------------------------------------------------------+
; Retiming Limit Summary                                                                                                                                                             ;
+-----------------------+------------------------+-----------------------------------------------------------------------------------------------------------------------------------+
; Clock Transfer        ; Limiting Reason        ; Recommendation                                                                                                                    ;
+-----------------------+------------------------+-----------------------------------------------------------------------------------------------------------------------------------+
; Clock Domain core_clk ; Insufficient Registers ; See the Fast Forward Timing Closure Recommendations report for step-by-step suggestions for RTL changes and estimated performance ;
+-----------------------+------------------------+-----------------------------------------------------------------------------------------------------------------------------------+


Critical Chain Summary for Clock Domain core_clk
===============================================================================
+--------------------------------------------------------------------------------------------------------------------------------------------------------------------------------------------------------------------------------------------------------------------------------------------+
; Recommendations for Critical Chain                                                                                                                                                                                                                                                         ;
+--------------------------------------------------------------------------------------------------------------------------------------------------------------------------------------------------------------------------------------------------------------------------------------------+
; Recommendation                                                                                                                                                                                                                                                                             ;
+--------------------------------------------------------------------------------------------------------------------------------------------------------------------------------------------------------------------------------------------------------------------------------------------+
; The critical chain is limited by: Insufficient Registers                                                                                                                                                                                                                                   ;
;                                                                                                                                                                                                                                                                                            ;
; Reduce the delay of 'Long Paths' in the chain                                                                                                                                                                                                                                              ;
;   or insert more pipeline stages for 'Long Paths' in the chain                                                                                                                                                                                                                             ;
;   or remove retiming restrictions                                                                                                                                                                                                                                                          ;
;    Refer to <a href='https://docs.altera.com/r/docs/683353/25.1.1/hyperflex-architecture-high-performance-design-handbook/insufficient-registers'>Insufficient Registers</a> in the <i>Altera Hyperflex Architecture High-Performance Design Handbook</i> for more information.            ;
;                                                                                                                                                                                                                                                                                            ;
; Retiming Restriction: Not fully registered DSP                                                                                                                                                                                                                                             ;
;   u_pipe|g_cfar_per_beam[15].u_cfar|mult_1~mac                                                                                                                                                                                                                                             ;
;     Insert more pipeline stages at the inputs and outputs of the DSP block(s) to allow better register packing.                                                                                                                                                                            ;
;     Review Fitter Report: Fixed Point DSP Register Packing Details                                                                                                                                                                                                                         ;
;    Refer to <a href='https://docs.altera.com/r/docs/683353/25.1.1/hyperflex-architecture-high-performance-design-handbook/hyper-pipelining-add-pipeline-registers'>Hyper-Pipelining</a> in the <i>Altera Hyperflex Architecture High-Performance Design Handbook</i> for more information. ;
;                                                                                                                                                                                                                                                                                            ;
; Retiming Restriction: Power-Up Restriction                                                                                                                                                                                                                                                 ;
;  Remove power-up initial conditions from the register                                                                                                                                                                                                                                      ;
;   Unable to retime registers forward while preserving register power-up state:                                                                                                                                                                                                             ;
;    u_pipe|g_cfar_per_beam[15].u_cfar|state_q.ST_IDLE~DUPLICATE                                                                                                                                                                                                                             ;
;    Refer to <a href='https://docs.altera.com/r/docs/683353/25.1.1/hyperflex-architecture-high-performance-design-handbook/initial-power-up-conditions'>Initial Power-Up Conditions</a> in the <i>Altera Hyperflex Architecture High-Performance Design Handbook</i> for more information.  ;
+--------------------------------------------------------------------------------------------------------------------------------------------------------------------------------------------------------------------------------------------------------------------------------------------+

+--------------------------------------------------------------------------------------------------------------------------------------------------------------------------------------------+
; Critical Chain Details                                                                                                                                                                     ;
+--------------------------+-------------------------+-------------+-------------------------------------------------------------------------------------------------------------------------+
; Path Info                ; Register                ; Register ID ; Element                                                                                                                 ;
+--------------------------+-------------------------+-------------+-------------------------------------------------------------------------------------------------------------------------+
; Long Path (Critical)     ; Hyper-Register          ; #7          ; u_pipe|g_cfar_per_beam[15].u_cfar|act_g_lag_q[2]~RTM_54DUPLICATE_Duplicate                                              ;
; Long Path (Critical)     ;                         ;             ; u_pipe|g_cfar_per_beam[15].u_cfar|act_g_lag_q[2]~RTM_54DUPLICATE_Duplicate|q                                            ;
; Long Path (Critical)     ;                         ;             ; u_pipe|g_cfar_per_beam[15].u_cfar|act_g_lag_q[2]~RTM_54DUPLICATE~_BLOCK_INPUT_MUX_PASSTHROUGH_X314_Y380_N0_I4           ;
; Long Path (Critical)     ;                         ;             ; u_pipe|g_cfar_per_beam[15].u_cfar|act_g_lag_q[2]~RTM_54DUPLICATE~_LAB_RE_X314_Y380_N0_I3                                ;
; Long Path (Critical)     ;                         ;             ; u_pipe|g_cfar_per_beam[15].u_cfar|u_window|add_226~6|dataa                                                              ;
; Long Path (Critical)     ;                         ;             ; u_pipe|g_cfar_per_beam[15].u_cfar|u_window|add_226~6|cout                                                               ;
; Long Path (Critical)     ;                         ;             ; u_pipe|g_cfar_per_beam[15].u_cfar|u_window|add_226~11|cin                                                               ;
; Long Path (Critical)     ;                         ;             ; u_pipe|g_cfar_per_beam[15].u_cfar|u_window|add_226~16|cout                                                              ;
; Long Path (Critical)     ;                         ;             ; u_pipe|g_cfar_per_beam[15].u_cfar|u_window|add_226~21|cin                                                               ;
; Long Path (Critical)     ;                         ;             ; u_pipe|g_cfar_per_beam[15].u_cfar|u_window|add_226~21|sumout                                                            ;
; Long Path (Critical)     ;                         ;             ; u_pipe|g_cfar_per_beam[15].u_cfar|u_window|add_226~21~_LAB_RE_X314_Y380_N0_I97                                          ;
; Long Path (Critical)     ;                         ;             ; u_pipe|g_cfar_per_beam[15].u_cfar|u_window|add_226~21~_C1_X314_Y379_N0_I9                                               ;
; Long Path (Critical)     ;                         ;             ; u_pipe|g_cfar_per_beam[15].u_cfar|u_window|add_226~21~_C1_X314_Y378_N0_I9                                               ;
; Long Path (Critical)     ;                         ;             ; u_pipe|g_cfar_per_beam[15].u_cfar|u_window|add_226~21~_LOCAL_INTERCONNECT_X314_Y378_N0_I2                               ;
; Long Path (Critical)     ; Bypassed Hyper-Register ;             ; u_pipe|g_cfar_per_beam[15].u_cfar|u_window|add_226~21~_BLOCK_INPUT_MUX_PASSTHROUGH_X314_Y378_N0_I19                     ;
; Long Path (Critical)     ;                         ;             ; u_pipe|g_cfar_per_beam[15].u_cfar|u_window|add_226~21~_LAB_RE_X314_Y378_N0_I23                                          ;
; Long Path (Critical)     ;                         ;             ; u_pipe|g_cfar_per_beam[15].u_cfar|u_window|i21256~4|datae                                                               ;
; Long Path (Critical)     ;                         ;             ; u_pipe|g_cfar_per_beam[15].u_cfar|u_window|i21256~4|combout                                                             ;
; Long Path (Critical)     ;                         ;             ; u_pipe|g_cfar_per_beam[15].u_cfar|u_window|i21256~4~cw_ml_mlab/lab_lut5outt[2]                                          ;
; Long Path (Critical)     ;                         ;             ; u_pipe|g_cfar_per_beam[15].u_cfar|u_window|i21256~4~_LAB_RE_X314_Y378_N0_I131                                           ;
; Long Path (Critical)     ;                         ;             ; u_pipe|g_cfar_per_beam[15].u_cfar|u_window|i21256~4~_R1_X314_Y378_N0_I11                                                ;
; Long Path (Critical)     ;                         ;             ; u_pipe|g_cfar_per_beam[15].u_cfar|u_window|i21256~4~_R0_X313_Y378_N0_I18                                                ;
; Long Path (Critical)     ;                         ;             ; u_pipe|g_cfar_per_beam[15].u_cfar|u_window|i21256~4~_R0_X313_Y378_N0_I36                                                ;
; Long Path (Critical)     ;                         ;             ; u_pipe|g_cfar_per_beam[15].u_cfar|u_window|i21256~4~_C1_X313_Y378_N0_I0                                                 ;
; Long Path (Critical)     ;                         ;             ; u_pipe|g_cfar_per_beam[15].u_cfar|u_window|i21256~4~_LOCAL_INTERCONNECT_X313_Y379_N0_I6                                 ;
; Long Path (Critical)     ; Bypassed Hyper-Register ;             ; u_pipe|g_cfar_per_beam[15].u_cfar|u_window|i21256~4~_BLOCK_INPUT_MUX_PASSTHROUGH_X313_Y379_N0_I16                       ;
; Long Path (Critical)     ;                         ;             ; u_pipe|g_cfar_per_beam[15].u_cfar|u_window|i21256~4~_LAB_RE_X313_Y379_N0_I18                                            ;
; Long Path (Critical)     ;                         ;             ; u_pipe|g_cfar_per_beam[15].u_cfar|u_window|add_230~21|datac                                                             ;
; Long Path (Critical)     ;                         ;             ; u_pipe|g_cfar_per_beam[15].u_cfar|u_window|add_230~26|cout                                                              ;
; Long Path (Critical)     ;                         ;             ; u_pipe|g_cfar_per_beam[15].u_cfar|u_window|add_230~31|cin                                                               ;
; Long Path (Critical)     ;                         ;             ; u_pipe|g_cfar_per_beam[15].u_cfar|u_window|add_230~31|sumout                                                            ;
; Long Path (Critical)     ;                         ;             ; u_pipe|g_cfar_per_beam[15].u_cfar|u_window|add_230~31~_LAB_RE_X313_Y379_N0_I101                                         ;
; Long Path (Critical)     ;                         ;             ; u_pipe|g_cfar_per_beam[15].u_cfar|u_window|add_230~31~_C1_X313_Y378_N0_I13                                              ;
; Long Path (Critical)     ;                         ;             ; u_pipe|g_cfar_per_beam[15].u_cfar|u_window|add_230~31~_R1_X314_Y378_N0_I12                                              ;
; Long Path (Critical)     ;                         ;             ; u_pipe|g_cfar_per_beam[15].u_cfar|u_window|add_230~31~_LOCAL_INTERCONNECT_X314_Y378_N0_I26                              ;
; Long Path (Critical)     ; Bypassed Hyper-Register ;             ; u_pipe|g_cfar_per_beam[15].u_cfar|u_window|add_230~31~_BLOCK_INPUT_MUX_PASSTHROUGH_X314_Y378_N0_I41                     ;
; Long Path (Critical)     ;                         ;             ; u_pipe|g_cfar_per_beam[15].u_cfar|u_window|add_230~31~_LAB_RE_X314_Y378_N0_I45                                          ;
; Long Path (Critical)     ;                         ;             ; u_pipe|g_cfar_per_beam[15].u_cfar|u_window|i21370~6|datac                                                               ;
; Long Path (Critical)     ;                         ;             ; u_pipe|g_cfar_per_beam[15].u_cfar|u_window|i21370~6|combout                                                             ;
; Long Path (Critical)     ;                         ;             ; u_pipe|g_cfar_per_beam[15].u_cfar|u_window|i21370~6~_LAB_RE_X314_Y378_N0_I111                                           ;
; Long Path (Critical)     ;                         ;             ; u_pipe|g_cfar_per_beam[15].u_cfar|u_window|i21370~6~_R1_X314_Y378_N0_I21                                                ;
; Long Path (Critical)     ;                         ;             ; u_pipe|g_cfar_per_beam[15].u_cfar|u_window|i21370~6~_R1_X313_Y378_N0_I21                                                ;
; Long Path (Critical)     ;                         ;             ; u_pipe|g_cfar_per_beam[15].u_cfar|u_window|i21370~6~_C1_X312_Y378_N0_I20                                                ;
; Long Path (Critical)     ;                         ;             ; u_pipe|g_cfar_per_beam[15].u_cfar|u_window|i21370~6~_LOCAL_INTERCONNECT_X312_Y379_N0_I43                                ;
; Long Path (Critical)     ; Bypassed Hyper-Register ;             ; u_pipe|g_cfar_per_beam[15].u_cfar|u_window|i21370~6~_BLOCK_INPUT_MUX_PASSTHROUGH_X312_Y379_N0_I31                       ;
; Long Path (Critical)     ;                         ;             ; u_pipe|g_cfar_per_beam[15].u_cfar|u_window|i21370~6~_LAB_RE_X312_Y379_N0_I25                                            ;
; Long Path (Critical)     ;                         ;             ; u_pipe|g_cfar_per_beam[15].u_cfar|u_window|add_234~31|datad                                                             ;
; Long Path (Critical)     ;                         ;             ; u_pipe|g_cfar_per_beam[15].u_cfar|u_window|add_234~31|sumout                                                            ;
; Long Path (Critical)     ;                         ;             ; u_pipe|g_cfar_per_beam[15].u_cfar|u_window|add_234~31~_LAB_RE_X312_Y379_N0_I101                                         ;
; Long Path (Critical)     ;                         ;             ; u_pipe|g_cfar_per_beam[15].u_cfar|u_window|add_234~31~_R1_X312_Y379_N0_I13                                              ;
; Long Path (Critical)     ;                         ;             ; u_pipe|g_cfar_per_beam[15].u_cfar|u_window|add_234~31~_R1_X311_Y379_N0_I13                                              ;
; Long Path (Critical)     ;                         ;             ; u_pipe|g_cfar_per_beam[15].u_cfar|u_window|add_234~31~_C1_X310_Y379_N0_I12                                              ;
; Long Path (Critical)     ;                         ;             ; u_pipe|g_cfar_per_beam[15].u_cfar|u_window|add_234~31~_LOCAL_INTERCONNECT_X310_Y380_N0_I21                              ;
; Long Path (Critical)     ; Bypassed Hyper-Register ;             ; u_pipe|g_cfar_per_beam[15].u_cfar|u_window|add_234~31~_BLOCK_INPUT_MUX_PASSTHROUGH_X310_Y380_N0_I34                     ;
; Long Path (Critical)     ;                         ;             ; u_pipe|g_cfar_per_beam[15].u_cfar|u_window|add_234~31~_LAB_RE_X310_Y380_N0_I32                                          ;
; Long Path (Critical)     ;                         ;             ; u_pipe|g_cfar_per_beam[15].u_cfar|u_window|i21484~6|datae                                                               ;
; Long Path (Critical)     ;                         ;             ; u_pipe|g_cfar_per_beam[15].u_cfar|u_window|i21484~6|combout                                                             ;
; Long Path (Critical)     ;                         ;             ; u_pipe|g_cfar_per_beam[15].u_cfar|u_window|i21484~6~_LAB_RE_X310_Y380_N0_I138                                           ;
; Long Path (Critical)     ;                         ;             ; u_pipe|g_cfar_per_beam[15].u_cfar|u_window|i21484~6~_C1_X310_Y379_N0_I17                                                ;
; Long Path (Critical)     ;                         ;             ; u_pipe|g_cfar_per_beam[15].u_cfar|u_window|i21484~6~_LOCAL_INTERCONNECT_X310_Y379_N0_I24                                ;
; Long Path (Critical)     ; Bypassed Hyper-Register ;             ; u_pipe|g_cfar_per_beam[15].u_cfar|u_window|i21484~6~_BLOCK_INPUT_MUX_PASSTHROUGH_X310_Y379_N0_I24                       ;
; Long Path (Critical)     ;                         ;             ; u_pipe|g_cfar_per_beam[15].u_cfar|u_window|i21484~6~_LAB_RE_X310_Y379_N0_I26                                            ;
; Long Path (Critical)     ;                         ;             ; u_pipe|g_cfar_per_beam[15].u_cfar|u_window|add_238~31|datac                                                             ;
; Long Path (Critical)     ;                         ;             ; u_pipe|g_cfar_per_beam[15].u_cfar|u_window|add_238~31|sumout                                                            ;
; Long Path (Critical)     ;                         ;             ; u_pipe|g_cfar_per_beam[15].u_cfar|u_window|add_238~31~_LAB_RE_X310_Y379_N0_I102                                         ;
; Long Path (Critical)     ;                         ;             ; u_pipe|g_cfar_per_beam[15].u_cfar|u_window|add_238~31~_C1_X310_Y379_N0_I14                                              ;
; Long Path (Critical)     ;                         ;             ; u_pipe|g_cfar_per_beam[15].u_cfar|u_window|add_238~31~_R0_X310_Y380_N0_I29                                              ;
; Long Path (Critical)     ;                         ;             ; u_pipe|g_cfar_per_beam[15].u_cfar|u_window|add_238~31~_LOCAL_INTERCONNECT_X310_Y380_N0_I74                              ;
; Long Path (Critical)     ; Bypassed Hyper-Register ;             ; u_pipe|g_cfar_per_beam[15].u_cfar|u_window|add_238~31~_BLOCK_INPUT_MUX_PASSTHROUGH_X310_Y380_N0_I67                     ;
; Long Path (Critical)     ;                         ;             ; u_pipe|g_cfar_per_beam[15].u_cfar|u_window|add_238~31~_LAB_RE_X310_Y380_N0_I71                                          ;
; Long Path (Critical)     ;                         ;             ; u_pipe|g_cfar_per_beam[15].u_cfar|u_window|i21598~6|datae                                                               ;
; Long Path (Critical)     ;                         ;             ; u_pipe|g_cfar_per_beam[15].u_cfar|u_window|i21598~6|combout                                                             ;
; Long Path (Critical)     ;                         ;             ; u_pipe|g_cfar_per_beam[15].u_cfar|u_window|i21598~6~cw_la_lab/lab_lut5outb[3]                                           ;
; Long Path (Critical)     ;                         ;             ; u_pipe|g_cfar_per_beam[15].u_cfar|u_window|i21598~6~_LAB_RE_X310_Y380_N0_I142                                           ;
; Long Path (Critical)     ;                         ;             ; u_pipe|g_cfar_per_beam[15].u_cfar|u_window|i21598~6~_R1_X310_Y380_N0_I35                                                ;
; Long Path (Critical)     ;                         ;             ; u_pipe|g_cfar_per_beam[15].u_cfar|u_window|i21598~6~_C1_X309_Y379_N0_I35                                                ;
; Long Path (Critical)     ;                         ;             ; u_pipe|g_cfar_per_beam[15].u_cfar|u_window|i21598~6~_LOCAL_INTERCONNECT_X309_Y379_N0_I71                                ;
; Long Path (Critical)     ; Bypassed Hyper-Register ;             ; u_pipe|g_cfar_per_beam[15].u_cfar|u_window|i21598~6~_BLOCK_INPUT_MUX_PASSTHROUGH_X309_Y379_N0_I24                       ;
; Long Path (Critical)     ;                         ;             ; u_pipe|g_cfar_per_beam[15].u_cfar|u_window|i21598~6~_LAB_RE_X309_Y379_N0_I26                                            ;
; Long Path (Critical)     ;                         ;             ; u_pipe|g_cfar_per_beam[15].u_cfar|u_window|add_242~31|datac                                                             ;
; Long Path (Critical)     ;                         ;             ; u_pipe|g_cfar_per_beam[15].u_cfar|u_window|add_242~31|sumout                                                            ;
; Long Path (Critical)     ;                         ;             ; u_pipe|g_cfar_per_beam[15].u_cfar|u_window|add_242~31~_LAB_RE_X309_Y379_N0_I102                                         ;
; Long Path (Critical)     ;                         ;             ; u_pipe|g_cfar_per_beam[15].u_cfar|u_window|add_242~31~_C1_X309_Y379_N0_I14                                              ;
; Long Path (Critical)     ;                         ;             ; u_pipe|g_cfar_per_beam[15].u_cfar|u_window|add_242~31~_R1_X309_Y380_N0_I15                                              ;
; Long Path (Critical)     ;                         ;             ; u_pipe|g_cfar_per_beam[15].u_cfar|u_window|add_242~31~_LOCAL_INTERCONNECT_X308_Y380_N0_I37                              ;
; Long Path (Critical)     ; Bypassed Hyper-Register ;             ; u_pipe|g_cfar_per_beam[15].u_cfar|u_window|add_242~31~_BLOCK_INPUT_MUX_PASSTHROUGH_X308_Y380_N0_I3                      ;
; Long Path (Critical)     ;                         ;             ; u_pipe|g_cfar_per_beam[15].u_cfar|u_window|add_242~31~_LAB_RE_X308_Y380_N0_I7                                           ;
; Long Path (Critical)     ;                         ;             ; u_pipe|g_cfar_per_beam[15].u_cfar|u_window|i21712~6|datae                                                               ;
; Long Path (Critical)     ;                         ;             ; u_pipe|g_cfar_per_beam[15].u_cfar|u_window|i21712~6|combout                                                             ;
; Long Path (Critical)     ;                         ;             ; u_pipe|g_cfar_per_beam[15].u_cfar|u_window|i21712~6~_LAB_RE_X308_Y380_N0_I129                                           ;
; Long Path (Critical)     ;                         ;             ; u_pipe|g_cfar_per_beam[15].u_cfar|u_window|i21712~6~_C1_X308_Y379_N0_I3                                                 ;
; Long Path (Critical)     ;                         ;             ; u_pipe|g_cfar_per_beam[15].u_cfar|u_window|i21712~6~_C1_X308_Y378_N0_I3                                                 ;
; Long Path (Critical)     ;                         ;             ; u_pipe|g_cfar_per_beam[15].u_cfar|u_window|i21712~6~_R1_X308_Y378_N0_I3                                                 ;
; Long Path (Critical)     ;                         ;             ; u_pipe|g_cfar_per_beam[15].u_cfar|u_window|i21712~6~_R0_X307_Y378_N0_I4                                                 ;
; Long Path (Critical)     ;                         ;             ; u_pipe|g_cfar_per_beam[15].u_cfar|u_window|i21712~6~_LOCAL_INTERCONNECT_X307_Y378_N0_I25                                ;
; Long Path (Critical)     ; Bypassed Hyper-Register ;             ; u_pipe|g_cfar_per_beam[15].u_cfar|u_window|i21712~6~_BLOCK_INPUT_MUX_PASSTHROUGH_X307_Y378_N0_I24                       ;
; Long Path (Critical)     ;                         ;             ; u_pipe|g_cfar_per_beam[15].u_cfar|u_window|i21712~6~_LAB_RE_X307_Y378_N0_I26                                            ;
; Long Path (Critical)     ;                         ;             ; u_pipe|g_cfar_per_beam[15].u_cfar|u_window|add_246~31|datac                                                             ;
; Long Path (Critical)     ;                         ;             ; u_pipe|g_cfar_per_beam[15].u_cfar|u_window|add_246~31|sumout                                                            ;
; Long Path (Critical)     ;                         ;             ; u_pipe|g_cfar_per_beam[15].u_cfar|u_window|add_246~31~_LAB_RE_X307_Y378_N0_I101                                         ;
; Long Path (Critical)     ;                         ;             ; u_pipe|g_cfar_per_beam[15].u_cfar|u_window|add_246~31~_C1_X307_Y378_N0_I12                                              ;
; Long Path (Critical)     ;                         ;             ; u_pipe|g_cfar_per_beam[15].u_cfar|u_window|add_246~31~_C1_X307_Y379_N0_I12                                              ;
; Long Path (Critical)     ;                         ;             ; u_pipe|g_cfar_per_beam[15].u_cfar|u_window|add_246~31~_R1_X308_Y380_N0_I12                                              ;
; Long Path (Critical)     ;                         ;             ; u_pipe|g_cfar_per_beam[15].u_cfar|u_window|add_246~31~_LOCAL_INTERCONNECT_X308_Y380_N0_I36                              ;
; Long Path (Critical)     ; Bypassed Hyper-Register ;             ; u_pipe|g_cfar_per_beam[15].u_cfar|u_window|add_246~31~_BLOCK_INPUT_MUX_PASSTHROUGH_X308_Y380_N0_I78                     ;
; Long Path (Critical)     ;                         ;             ; u_pipe|g_cfar_per_beam[15].u_cfar|u_window|add_246~31~_LAB_RE_X308_Y380_N0_I78                                          ;
; Long Path (Critical)     ;                         ;             ; u_pipe|g_cfar_per_beam[15].u_cfar|u_window|i21826~6|datad                                                               ;
; Long Path (Critical)     ;                         ;             ; u_pipe|g_cfar_per_beam[15].u_cfar|u_window|i21826~6|combout                                                             ;
; Long Path (Critical)     ;                         ;             ; u_pipe|g_cfar_per_beam[15].u_cfar|u_window|i21826~6~cw_la_lab/laboutb[19]                                               ;
; Long Path (Critical)     ;                         ;             ; u_pipe|g_cfar_per_beam[15].u_cfar|u_window|i21826~6~_LAB_RE_X308_Y380_N0_I128                                           ;
; Long Path (Critical)     ;                         ;             ; u_pipe|g_cfar_per_beam[15].u_cfar|u_window|i21826~6~_R0_X308_Y380_N0_I69                                                ;
; Long Path (Critical)     ;                         ;             ; u_pipe|g_cfar_per_beam[15].u_cfar|u_window|i21826~6~_C1_X308_Y380_N0_I30                                                ;
; Long Path (Critical)     ;                         ;             ; u_pipe|g_cfar_per_beam[15].u_cfar|u_window|i21826~6~_R1_X308_Y381_N0_I31                                                ;
; Long Path (Critical)     ;                         ;             ; u_pipe|g_cfar_per_beam[15].u_cfar|u_window|i21826~6~_LOCAL_INTERCONNECT_X307_Y381_N0_I61                                ;
; Long Path (Critical)     ; Bypassed Hyper-Register ;             ; u_pipe|g_cfar_per_beam[15].u_cfar|u_window|i21826~6~_BLOCK_INPUT_MUX_PASSTHROUGH_X307_Y381_N0_I31                       ;
; Long Path (Critical)     ;                         ;             ; u_pipe|g_cfar_per_beam[15].u_cfar|u_window|i21826~6~_LAB_RE_X307_Y381_N0_I25                                            ;
; Long Path (Critical)     ;                         ;             ; u_pipe|g_cfar_per_beam[15].u_cfar|u_window|add_250~31|datad                                                             ;
; Long Path (Critical)     ;                         ;             ; u_pipe|g_cfar_per_beam[15].u_cfar|u_window|add_250~31|sumout                                                            ;
; Long Path (Critical)     ;                         ;             ; u_pipe|g_cfar_per_beam[15].u_cfar|u_window|add_250~31~_LAB_RE_X307_Y381_N0_I102                                         ;
; Long Path (Critical)     ;                         ;             ; u_pipe|g_cfar_per_beam[15].u_cfar|u_window|add_250~31~_R1_X308_Y381_N0_I14                                              ;
; Long Path (Critical)     ;                         ;             ; u_pipe|g_cfar_per_beam[15].u_cfar|u_window|add_250~31~_R1_X309_Y381_N0_I14                                              ;
; Long Path (Critical)     ;                         ;             ; u_pipe|g_cfar_per_beam[15].u_cfar|u_window|add_250~31~_C1_X309_Y380_N0_I15                                              ;
; Long Path (Critical)     ;                         ;             ; u_pipe|g_cfar_per_beam[15].u_cfar|u_window|add_250~31~_LOCAL_INTERCONNECT_X309_Y380_N0_I31                              ;
; Long Path (Critical)     ; Bypassed Hyper-Register ;             ; u_pipe|g_cfar_per_beam[15].u_cfar|u_window|add_250~31~_BLOCK_INPUT_MUX_PASSTHROUGH_X309_Y380_N0_I34                     ;
; Long Path (Critical)     ;                         ;             ; u_pipe|g_cfar_per_beam[15].u_cfar|u_window|add_250~31~_LAB_RE_X309_Y380_N0_I32                                          ;
; Long Path (Critical)     ;                         ;             ; u_pipe|g_cfar_per_beam[15].u_cfar|u_window|i21940~6|datae                                                               ;
; Long Path (Critical)     ;                         ;             ; u_pipe|g_cfar_per_beam[15].u_cfar|u_window|i21940~6|combout                                                             ;
; Long Path (Critical)     ;                         ;             ; u_pipe|g_cfar_per_beam[15].u_cfar|u_window|i21940~6~cw_ml_mlab/lab_lut6outt[4]                                          ;
; Long Path (Critical)     ;                         ;             ; u_pipe|g_cfar_per_beam[15].u_cfar|u_window|i21940~6~_LAB_RE_X309_Y380_N0_I138                                           ;
; Long Path (Critical)     ;                         ;             ; u_pipe|g_cfar_per_beam[15].u_cfar|u_window|i21940~6~_C1_X309_Y380_N0_I14                                                ;
; Long Path (Critical)     ;                         ;             ; u_pipe|g_cfar_per_beam[15].u_cfar|u_window|i21940~6~_C1_X309_Y381_N0_I14                                                ;
; Long Path (Critical)     ;                         ;             ; u_pipe|g_cfar_per_beam[15].u_cfar|u_window|i21940~6~_C1_X309_Y382_N0_I14                                                ;
; Long Path (Critical)     ;                         ;             ; u_pipe|g_cfar_per_beam[15].u_cfar|u_window|i21940~6~_LOCAL_INTERCONNECT_X309_Y383_N0_I30                                ;
; Long Path (Critical)     ; Bypassed Hyper-Register ;             ; u_pipe|g_cfar_per_beam[15].u_cfar|u_window|i21940~6~_BLOCK_INPUT_MUX_PASSTHROUGH_X309_Y383_N0_I31                       ;
; Long Path (Critical)     ;                         ;             ; u_pipe|g_cfar_per_beam[15].u_cfar|u_window|i21940~6~_LAB_RE_X309_Y383_N0_I25                                            ;
; Long Path (Critical)     ;                         ;             ; u_pipe|g_cfar_per_beam[15].u_cfar|u_window|add_254~31|datad                                                             ;
; Long Path (Critical)     ;                         ;             ; u_pipe|g_cfar_per_beam[15].u_cfar|u_window|add_254~31|sumout                                                            ;
; Long Path (Critical)     ;                         ;             ; u_pipe|g_cfar_per_beam[15].u_cfar|u_window|add_254~31~_LAB_RE_X309_Y383_N0_I102                                         ;
; Long Path (Critical)     ;                         ;             ; u_pipe|g_cfar_per_beam[15].u_cfar|u_window|add_254~31~_C1_X309_Y383_N0_I14                                              ;
; Long Path (Critical)     ;                         ;             ; u_pipe|g_cfar_per_beam[15].u_cfar|u_window|add_254~31~_LOCAL_INTERCONNECT_X309_Y384_N0_I33                              ;
; Long Path (Critical)     ; Bypassed Hyper-Register ;             ; u_pipe|g_cfar_per_beam[15].u_cfar|u_window|add_254~31~_BLOCK_INPUT_MUX_PASSTHROUGH_X309_Y384_N0_I3                      ;
; Long Path (Critical)     ;                         ;             ; u_pipe|g_cfar_per_beam[15].u_cfar|u_window|add_254~31~_LAB_RE_X309_Y384_N0_I7                                           ;
; Long Path (Critical)     ;                         ;             ; u_pipe|g_cfar_per_beam[15].u_cfar|u_window|i22054~6|dataf                                                               ;
; Long Path (Critical)     ;                         ;             ; u_pipe|g_cfar_per_beam[15].u_cfar|u_window|i22054~6|combout                                                             ;
; Long Path (Critical)     ;                         ;             ; u_pipe|g_cfar_per_beam[15].u_cfar|u_window|i22054~6~cw_ml_mlab/laboutt[2]                                               ;
; Long Path (Critical)     ;                         ;             ; u_pipe|g_cfar_per_beam[15].u_cfar|u_window|i22054~6~_LAB_RE_X309_Y384_N0_I91                                            ;
; Long Path (Critical)     ;                         ;             ; u_pipe|g_cfar_per_beam[15].u_cfar|u_window|i22054~6~_R1_X310_Y384_N0_I2                                                 ;
; Long Path (Critical)     ;                         ;             ; u_pipe|g_cfar_per_beam[15].u_cfar|u_window|i22054~6~_C1_X310_Y383_N0_I3                                                 ;
; Long Path (Critical)     ;                         ;             ; u_pipe|g_cfar_per_beam[15].u_cfar|u_window|i22054~6~_LOCAL_INTERCONNECT_X310_Y383_N0_I16                                ;
; Long Path (Critical)     ; Bypassed Hyper-Register ;             ; u_pipe|g_cfar_per_beam[15].u_cfar|u_window|i22054~6~_BLOCK_INPUT_MUX_PASSTHROUGH_X310_Y383_N0_I24                       ;
; Long Path (Critical)     ;                         ;             ; u_pipe|g_cfar_per_beam[15].u_cfar|u_window|i22054~6~_LAB_RE_X310_Y383_N0_I26                                            ;
; Long Path (Critical)     ;                         ;             ; u_pipe|g_cfar_per_beam[15].u_cfar|u_window|add_258~31|datac                                                             ;
; Long Path (Critical)     ;                         ;             ; u_pipe|g_cfar_per_beam[15].u_cfar|u_window|add_258~31|sumout                                                            ;
; Long Path (Critical)     ;                         ;             ; u_pipe|g_cfar_per_beam[15].u_cfar|u_window|add_258~31~_LAB_RE_X310_Y383_N0_I101                                         ;
; Long Path (Critical)     ;                         ;             ; u_pipe|g_cfar_per_beam[15].u_cfar|u_window|add_258~31~_R0_X310_Y383_N0_I21                                              ;
; Long Path (Critical)     ;                         ;             ; u_pipe|g_cfar_per_beam[15].u_cfar|u_window|add_258~31~_R2_X309_Y383_N0_I11                                              ;
; Long Path (Critical)     ;                         ;             ; u_pipe|g_cfar_per_beam[15].u_cfar|u_window|add_258~31~_C1_X308_Y383_N0_I20                                              ;
; Long Path (Critical)     ;                         ;             ; u_pipe|g_cfar_per_beam[15].u_cfar|u_window|add_258~31~_LOCAL_INTERCONNECT_X308_Y384_N0_I45                              ;
; Long Path (Critical)     ; Bypassed Hyper-Register ;             ; u_pipe|g_cfar_per_beam[15].u_cfar|u_window|add_258~31~_BLOCK_INPUT_MUX_PASSTHROUGH_X308_Y384_N0_I11                     ;
; Long Path (Critical)     ;                         ;             ; u_pipe|g_cfar_per_beam[15].u_cfar|u_window|add_258~31~_LAB_RE_X308_Y384_N0_I15                                          ;
; Long Path (Critical)     ;                         ;             ; u_pipe|g_cfar_per_beam[15].u_cfar|u_window|i22168~6|dataf                                                               ;
; Long Path (Critical)     ;                         ;             ; u_pipe|g_cfar_per_beam[15].u_cfar|u_window|i22168~6|combout                                                             ;
; Long Path (Critical)     ;                         ;             ; u_pipe|g_cfar_per_beam[15].u_cfar|u_window|i22168~6~cw_la_lab/laboutt[7]                                                ;
; Long Path (Critical)     ;                         ;             ; u_pipe|g_cfar_per_beam[15].u_cfar|u_window|i22168~6~_LAB_RE_X308_Y384_N0_I96                                            ;
; Long Path (Critical)     ; Bypassed Hyper-Register ;             ; u_pipe|g_cfar_per_beam[15].u_cfar|u_window|i22168~6~_R4_X309_Y384_N0_I11                                                ;
; Long Path (Critical)     ;                         ;             ; u_pipe|g_cfar_per_beam[15].u_cfar|u_window|i22168~6~_C1_X312_Y383_N0_I7                                                 ;
; Long Path (Critical)     ;                         ;             ; u_pipe|g_cfar_per_beam[15].u_cfar|u_window|i22168~6~_LOCAL_INTERCONNECT_X312_Y383_N0_I18                                ;
; Long Path (Critical)     ; Bypassed Hyper-Register ;             ; u_pipe|g_cfar_per_beam[15].u_cfar|u_window|i22168~6~_BLOCK_INPUT_MUX_PASSTHROUGH_X312_Y383_N0_I31                       ;
; Long Path (Critical)     ;                         ;             ; u_pipe|g_cfar_per_beam[15].u_cfar|u_window|i22168~6~_LAB_RE_X312_Y383_N0_I25                                            ;
; Long Path (Critical)     ;                         ;             ; u_pipe|g_cfar_per_beam[15].u_cfar|u_window|add_262~31|datad                                                             ;
; Long Path (Critical)     ;                         ;             ; u_pipe|g_cfar_per_beam[15].u_cfar|u_window|add_262~31|sumout                                                            ;
; Long Path (Critical)     ;                         ;             ; u_pipe|g_cfar_per_beam[15].u_cfar|u_window|add_262~31~_LAB_RE_X312_Y383_N0_I101                                         ;
; Long Path (Critical)     ;                         ;             ; u_pipe|g_cfar_per_beam[15].u_cfar|u_window|add_262~31~_C1_X312_Y383_N0_I12                                              ;
; Long Path (Critical)     ;                         ;             ; u_pipe|g_cfar_per_beam[15].u_cfar|u_window|add_262~31~_R4_X309_Y384_N0_I3                                               ;
; Long Path (Critical)     ;                         ;             ; u_pipe|g_cfar_per_beam[15].u_cfar|u_window|add_262~31~_LOCAL_INTERCONNECT_X308_Y384_N0_I21                              ;
; Long Path (Critical)     ; Bypassed Hyper-Register ;             ; u_pipe|g_cfar_per_beam[15].u_cfar|u_window|add_262~31~_BLOCK_INPUT_MUX_PASSTHROUGH_X308_Y384_N0_I23                     ;
; Long Path (Critical)     ;                         ;             ; u_pipe|g_cfar_per_beam[15].u_cfar|u_window|add_262~31~_LAB_RE_X308_Y384_N0_I17                                          ;
; Long Path (Critical)     ;                         ;             ; u_pipe|g_cfar_per_beam[15].u_cfar|u_window|i22282~6|datad                                                               ;
; Long Path (Critical)     ;                         ;             ; u_pipe|g_cfar_per_beam[15].u_cfar|u_window|i22282~6|combout                                                             ;
; Long Path (Critical)     ;                         ;             ; u_pipe|g_cfar_per_beam[15].u_cfar|u_window|i22282~6~cw_la_lab/laboutt[10]                                               ;
; Long Path (Critical)     ;                         ;             ; u_pipe|g_cfar_per_beam[15].u_cfar|u_window|i22282~6~_LAB_RE_X308_Y384_N0_I99                                            ;
; Long Path (Critical)     ;                         ;             ; u_pipe|g_cfar_per_beam[15].u_cfar|u_window|i22282~6~_R2_X309_Y384_N0_I4                                                 ;
; Long Path (Critical)     ;                         ;             ; u_pipe|g_cfar_per_beam[15].u_cfar|u_window|i22282~6~_C1_X310_Y384_N0_I8                                                 ;
; Long Path (Critical)     ;                         ;             ; u_pipe|g_cfar_per_beam[15].u_cfar|u_window|i22282~6~_C1_X310_Y385_N0_I8                                                 ;
; Long Path (Critical)     ;                         ;             ; u_pipe|g_cfar_per_beam[15].u_cfar|u_window|i22282~6~_C1_X310_Y386_N0_I8                                                 ;
; Long Path (Critical)     ;                         ;             ; u_pipe|g_cfar_per_beam[15].u_cfar|u_window|i22282~6~_LOCAL_INTERCONNECT_X310_Y387_N0_I20                                ;
; Long Path (Critical)     ; Bypassed Hyper-Register ;             ; u_pipe|g_cfar_per_beam[15].u_cfar|u_window|i22282~6~_BLOCK_INPUT_MUX_PASSTHROUGH_X310_Y387_N0_I24                       ;
; Long Path (Critical)     ;                         ;             ; u_pipe|g_cfar_per_beam[15].u_cfar|u_window|i22282~6~_LAB_RE_X310_Y387_N0_I26                                            ;
; Long Path (Critical)     ;                         ;             ; u_pipe|g_cfar_per_beam[15].u_cfar|u_window|add_266~31|datac                                                             ;
; Long Path (Critical)     ;                         ;             ; u_pipe|g_cfar_per_beam[15].u_cfar|u_window|add_266~46|cout                                                              ;
; Long Path (Critical)     ;                         ;             ; u_pipe|g_cfar_per_beam[15].u_cfar|u_window|add_266~51|cin                                                               ;
; Long Path (Critical)     ;                         ;             ; u_pipe|g_cfar_per_beam[15].u_cfar|u_window|add_266~51|sumout                                                            ;
; Long Path (Critical)     ;                         ;             ; u_pipe|g_cfar_per_beam[15].u_cfar|u_window|add_266~51~_LAB_RE_X310_Y387_N0_I109                                         ;
; Long Path (Critical)     ; Bypassed Hyper-Register ;             ; u_pipe|g_cfar_per_beam[15].u_cfar|u_window|add_266~51~_C4_X310_Y383_N0_I21                                              ;
; Long Path (Critical)     ;                         ;             ; u_pipe|g_cfar_per_beam[15].u_cfar|u_window|add_266~51~_R0_X310_Y383_N0_I35                                              ;
; Long Path (Critical)     ; Bypassed Hyper-Register ;             ; u_pipe|g_cfar_per_beam[15].u_cfar|u_window|add_266~51~_R4_X311_Y383_N0_I17                                              ;
; Long Path (Critical)     ;                         ;             ; u_pipe|g_cfar_per_beam[15].u_cfar|u_window|add_266~51~_R0_X314_Y383_N0_I53                                              ;
; Long Path (Critical)     ;                         ;             ; u_pipe|g_cfar_per_beam[15].u_cfar|u_window|add_266~51~_LOCAL_INTERCONNECT_X314_Y383_N0_I4                               ;
; Long Path (Critical)     ; Bypassed Hyper-Register ;             ; u_pipe|g_cfar_per_beam[15].u_cfar|u_window|add_266~51~_BLOCK_INPUT_MUX_PASSTHROUGH_X314_Y383_N0_I11                     ;
; Long Path (Critical)     ;                         ;             ; u_pipe|g_cfar_per_beam[15].u_cfar|u_window|add_266~51~_LAB_RE_X314_Y383_N0_I15                                          ;
; Long Path (Critical)     ;                         ;             ; u_pipe|g_cfar_per_beam[15].u_cfar|u_window|i22396~10|dataf                                                              ;
; Long Path (Critical)     ;                         ;             ; u_pipe|g_cfar_per_beam[15].u_cfar|u_window|i22396~10|combout                                                            ;
; Long Path (Critical)     ;                         ;             ; u_pipe|g_cfar_per_beam[15].u_cfar|u_window|i22396~10~cw_ml_mlab/laboutt[4]                                              ;
; Long Path (Critical)     ;                         ;             ; u_pipe|g_cfar_per_beam[15].u_cfar|u_window|i22396~10~_LAB_RE_X314_Y383_N0_I93                                           ;
; Long Path (Critical)     ; Bypassed Hyper-Register ;             ; u_pipe|g_cfar_per_beam[15].u_cfar|u_window|i22396~10~_R6_X309_Y383_N0_I2                                                ;
; Long Path (Critical)     ; Bypassed Hyper-Register ;             ; u_pipe|g_cfar_per_beam[15].u_cfar|u_window|i22396~10~_C4_X308_Y383_N0_I6                                                ;
; Long Path (Critical)     ;                         ;             ; u_pipe|g_cfar_per_beam[15].u_cfar|u_window|i22396~10~_R0_X308_Y387_N0_I12                                               ;
; Long Path (Critical)     ;                         ;             ; u_pipe|g_cfar_per_beam[15].u_cfar|u_window|i22396~10~_LOCAL_INTERCONNECT_X308_Y387_N0_I54                               ;
; Long Path (Critical)     ; Bypassed Hyper-Register ;             ; u_pipe|g_cfar_per_beam[15].u_cfar|u_window|i22396~10~_BLOCK_INPUT_MUX_PASSTHROUGH_X308_Y387_N0_I47                      ;
; Long Path (Critical)     ;                         ;             ; u_pipe|g_cfar_per_beam[15].u_cfar|u_window|i22396~10~_LAB_RE_X308_Y387_N0_I41                                           ;
; Long Path (Critical)     ;                         ;             ; u_pipe|g_cfar_per_beam[15].u_cfar|u_window|add_270~51|datad                                                             ;
; Long Path (Critical)     ;                         ;             ; u_pipe|g_cfar_per_beam[15].u_cfar|u_window|add_270~56|cout                                                              ;
; Long Path (Critical)     ;                         ;             ; u_pipe|g_cfar_per_beam[15].u_cfar|u_window|add_270~61|cin                                                               ;
; Long Path (Critical)     ;                         ;             ; u_pipe|g_cfar_per_beam[15].u_cfar|u_window|add_270~61|sumout                                                            ;
; Long Path (Critical)     ;                         ;             ; u_pipe|g_cfar_per_beam[15].u_cfar|u_window|add_270~61~_LAB_RE_X308_Y387_N0_I113                                         ;
; Long Path (Critical)     ;                         ;             ; u_pipe|g_cfar_per_beam[15].u_cfar|u_window|add_270~61~_C1_X308_Y386_N0_I25                                              ;
; Long Path (Critical)     ;                         ;             ; u_pipe|g_cfar_per_beam[15].u_cfar|u_window|add_270~61~_C1_X308_Y385_N0_I25                                              ;
; Long Path (Critical)     ;                         ;             ; u_pipe|g_cfar_per_beam[15].u_cfar|u_window|add_270~61~_C1_X308_Y384_N0_I25                                              ;
; Long Path (Critical)     ;                         ;             ; u_pipe|g_cfar_per_beam[15].u_cfar|u_window|add_270~61~_R0_X308_Y384_N0_I42                                              ;
; Long Path (Critical)     ;                         ;             ; u_pipe|g_cfar_per_beam[15].u_cfar|u_window|add_270~61~_LOCAL_INTERCONNECT_X308_Y384_N0_I72                              ;
; Long Path (Critical)     ; Bypassed Hyper-Register ;             ; u_pipe|g_cfar_per_beam[15].u_cfar|u_window|add_270~61~_BLOCK_INPUT_MUX_PASSTHROUGH_X308_Y384_N0_I66                     ;
; Long Path (Critical)     ;                         ;             ; u_pipe|g_cfar_per_beam[15].u_cfar|u_window|add_270~61~_LAB_RE_X308_Y384_N0_I64                                          ;
; Long Path (Critical)     ;                         ;             ; u_pipe|g_cfar_per_beam[15].u_cfar|u_window|i22510~12|datae                                                              ;
; Long Path (Critical)     ;                         ;             ; u_pipe|g_cfar_per_beam[15].u_cfar|u_window|i22510~12|combout                                                            ;
; Long Path (Critical)     ;                         ;             ; u_pipe|g_cfar_per_beam[15].u_cfar|u_window|i22510~12~cw_la_lab/laboutb[12]                                              ;
; Long Path (Critical)     ;                         ;             ; u_pipe|g_cfar_per_beam[15].u_cfar|u_window|i22510~12~_LAB_RE_X308_Y384_N0_I121                                          ;
; Long Path (Critical)     ; Bypassed Hyper-Register ;             ; u_pipe|g_cfar_per_beam[15].u_cfar|u_window|i22510~12~_C4_X308_Y384_N0_I32                                               ;
; Long Path (Critical)     ;                         ;             ; u_pipe|g_cfar_per_beam[15].u_cfar|u_window|i22510~12~_R1_X309_Y388_N0_I32                                               ;
; Long Path (Critical)     ;                         ;             ; u_pipe|g_cfar_per_beam[15].u_cfar|u_window|i22510~12~_LOCAL_INTERCONNECT_X309_Y388_N0_I69                               ;
; Long Path (Critical)     ; Bypassed Hyper-Register ;             ; u_pipe|g_cfar_per_beam[15].u_cfar|u_window|i22510~12~_BLOCK_INPUT_MUX_PASSTHROUGH_X309_Y388_N0_I55                      ;
; Long Path (Critical)     ;                         ;             ; u_pipe|g_cfar_per_beam[15].u_cfar|u_window|i22510~12~_LAB_RE_X309_Y388_N0_I49                                           ;
; Long Path (Critical)     ;                         ;             ; u_pipe|g_cfar_per_beam[15].u_cfar|u_window|add_274~61|datad                                                             ;
; Long Path (Critical)     ;                         ;             ; u_pipe|g_cfar_per_beam[15].u_cfar|u_window|add_274~66|cout                                                              ;
; Long Path (Critical)     ;                         ;             ; u_pipe|g_cfar_per_beam[15].u_cfar|u_window|add_274~71|cin                                                               ;
; Long Path (Critical)     ;                         ;             ; u_pipe|g_cfar_per_beam[15].u_cfar|u_window|add_274~76|cout                                                              ;
; Long Path (Critical)     ;                         ;             ; u_pipe|g_cfar_per_beam[15].u_cfar|u_window|add_274~81|cin                                                               ;
; Long Path (Critical)     ;                         ;             ; u_pipe|g_cfar_per_beam[15].u_cfar|u_window|add_274~86|cout                                                              ;
; Long Path (Critical)     ;                         ;             ; u_pipe|g_cfar_per_beam[15].u_cfar|u_window|add_274~91|cin                                                               ;
; Long Path (Critical)     ;                         ;             ; u_pipe|g_cfar_per_beam[15].u_cfar|u_window|add_274~91|sumout                                                            ;
; Long Path (Critical)     ;                         ;             ; u_pipe|g_cfar_per_beam[15].u_cfar|u_window|add_274~91~_LAB_RE_X309_Y388_N0_I125                                         ;
; Long Path (Critical)     ; Bypassed Hyper-Register ;             ; u_pipe|g_cfar_per_beam[15].u_cfar|u_window|add_274~91~_R6_X304_Y388_N0_I18                                              ;
; Long Path (Critical)     ;                         ;             ; u_pipe|g_cfar_per_beam[15].u_cfar|u_window|add_274~91~_R0_X303_Y388_N0_I63                                              ;
; Long Path (Critical)     ;                         ;             ; u_pipe|g_cfar_per_beam[15].u_cfar|u_window|add_274~91~_R0_X303_Y388_N0_I12                                              ;
; Long Path (Critical)     ;                         ;             ; u_pipe|g_cfar_per_beam[15].u_cfar|u_window|add_274~91~_LOCAL_INTERCONNECT_X303_Y388_N0_I54                              ;
; Long Path (Critical)     ; Bypassed Hyper-Register ;             ; u_pipe|g_cfar_per_beam[15].u_cfar|u_window|add_274~91~_BLOCK_INPUT_MUX_PASSTHROUGH_X303_Y388_N0_I47                     ;
; Long Path (Critical)     ;                         ;             ; u_pipe|g_cfar_per_beam[15].u_cfar|u_window|add_274~91~_LAB_RE_X303_Y388_N0_I41                                          ;
; Long Path (Critical)     ;                         ;             ; u_pipe|g_cfar_per_beam[15].u_cfar|u_window|i22624~18|datad                                                              ;
; Long Path (Critical)     ;                         ;             ; u_pipe|g_cfar_per_beam[15].u_cfar|u_window|i22624~18|combout                                                            ;
; Long Path (Critical)     ;                         ;             ; u_pipe|g_cfar_per_beam[15].u_cfar|u_window|i22624~18~cw_la_lab/laboutb[0]                                               ;
; Long Path (Critical)     ;                         ;             ; u_pipe|g_cfar_per_beam[15].u_cfar|u_window|i22624~18~_LAB_RE_X303_Y388_N0_I109                                          ;
; Long Path (Critical)     ;                         ;             ; u_pipe|g_cfar_per_beam[15].u_cfar|u_window|i22624~18~_R0_X303_Y388_N0_I35                                               ;
; Long Path (Critical)     ; Bypassed Hyper-Register ;             ; u_pipe|g_cfar_per_beam[15].u_cfar|u_window|i22624~18~_R4_X304_Y388_N0_I17                                               ;
; Long Path (Critical)     ;                         ;             ; u_pipe|g_cfar_per_beam[15].u_cfar|u_window|i22624~18~_LOCAL_INTERCONNECT_X307_Y388_N0_I65                               ;
; Long Path (Critical)     ; Bypassed Hyper-Register ;             ; u_pipe|g_cfar_per_beam[15].u_cfar|u_window|i22624~18~_BLOCK_INPUT_MUX_PASSTHROUGH_X307_Y388_N0_I72                      ;
; Long Path (Critical)     ;                         ;             ; u_pipe|g_cfar_per_beam[15].u_cfar|u_window|i22624~18~_LAB_RE_X307_Y388_N0_I74                                           ;
; Long Path (Critical)     ;                         ;             ; u_pipe|g_cfar_per_beam[15].u_cfar|u_window|add_278~91|datac                                                             ;
; Long Path (Critical)     ;                         ;             ; u_pipe|g_cfar_per_beam[15].u_cfar|u_window|add_278~91|sumout                                                            ;
; Long Path (Critical)     ;                         ;             ; u_pipe|g_cfar_per_beam[15].u_cfar|u_window|add_278~91~_LAB_RE_X307_Y388_N0_I125                                         ;
; Long Path (Critical)     ;                         ;             ; u_pipe|g_cfar_per_beam[15].u_cfar|u_window|add_278~91~_C1_X307_Y388_N0_I36                                              ;
; Long Path (Critical)     ;                         ;             ; u_pipe|g_cfar_per_beam[15].u_cfar|u_window|add_278~91~_R4_X304_Y389_N0_I9                                               ;
; Long Path (Critical)     ;                         ;             ; u_pipe|g_cfar_per_beam[15].u_cfar|u_window|add_278~91~_LOCAL_INTERCONNECT_X303_Y389_N0_I79                              ;
; Long Path (Critical)     ; Bypassed Hyper-Register ;             ; u_pipe|g_cfar_per_beam[15].u_cfar|u_window|add_278~91~_BLOCK_INPUT_MUX_PASSTHROUGH_X303_Y389_N0_I58                     ;
; Long Path (Critical)     ;                         ;             ; u_pipe|g_cfar_per_beam[15].u_cfar|u_window|add_278~91~_LAB_RE_X303_Y389_N0_I56                                          ;
; Long Path (Critical)     ;                         ;             ; u_pipe|g_cfar_per_beam[15].u_cfar|u_window|i22738~18|datae                                                              ;
; Long Path (Critical)     ;                         ;             ; u_pipe|g_cfar_per_beam[15].u_cfar|u_window|i22738~18|combout                                                            ;
; Long Path (Critical)     ;                         ;             ; u_pipe|g_cfar_per_beam[15].u_cfar|u_window|i22738~18~cw_la_lab/lab_lut6outb[2]                                          ;
; Long Path (Critical)     ;                         ;             ; u_pipe|g_cfar_per_beam[15].u_cfar|u_window|i22738~18~_LAB_RE_X303_Y389_N0_I146                                          ;
; Long Path (Critical)     ;                         ;             ; u_pipe|g_cfar_per_beam[15].u_cfar|u_window|i22738~18~_R1_X304_Y389_N0_I28                                               ;
; Long Path (Critical)     ;                         ;             ; u_pipe|g_cfar_per_beam[15].u_cfar|u_window|i22738~18~_C1_X304_Y388_N0_I29                                               ;
; Long Path (Critical)     ;                         ;             ; u_pipe|g_cfar_per_beam[15].u_cfar|u_window|i22738~18~_R1_X305_Y388_N0_I28                                               ;
; Long Path (Critical)     ;                         ;             ; u_pipe|g_cfar_per_beam[15].u_cfar|u_window|i22738~18~_LOCAL_INTERCONNECT_X305_Y388_N0_I59                               ;
; Long Path (Critical)     ; Bypassed Hyper-Register ;             ; u_pipe|g_cfar_per_beam[15].u_cfar|u_window|i22738~18~_BLOCK_INPUT_MUX_PASSTHROUGH_X305_Y388_N0_I72                      ;
; Long Path (Critical)     ;                         ;             ; u_pipe|g_cfar_per_beam[15].u_cfar|u_window|i22738~18~_LAB_RE_X305_Y388_N0_I74                                           ;
; Long Path (Critical)     ;                         ;             ; u_pipe|g_cfar_per_beam[15].u_cfar|u_window|add_282~91|datac                                                             ;
; Long Path (Critical)     ;                         ;             ; u_pipe|g_cfar_per_beam[15].u_cfar|u_window|add_282~91|sumout                                                            ;
; Long Path (Critical)     ;                         ;             ; u_pipe|g_cfar_per_beam[15].u_cfar|u_window|add_282~91~_LAB_RE_X305_Y388_N0_I125                                         ;
; Long Path (Critical)     ;                         ;             ; u_pipe|g_cfar_per_beam[15].u_cfar|u_window|add_282~91~_R0_X305_Y388_N0_I63                                              ;
; Long Path (Critical)     ;                         ;             ; u_pipe|g_cfar_per_beam[15].u_cfar|u_window|add_282~91~_R2_X304_Y388_N0_I3                                               ;
; Long Path (Critical)     ;                         ;             ; u_pipe|g_cfar_per_beam[15].u_cfar|u_window|add_282~91~_C1_X303_Y388_N0_I4                                               ;
; Long Path (Critical)     ;                         ;             ; u_pipe|g_cfar_per_beam[15].u_cfar|u_window|add_282~91~_LOCAL_INTERCONNECT_X303_Y389_N0_I2                               ;
; Long Path (Critical)     ; Bypassed Hyper-Register ;             ; u_pipe|g_cfar_per_beam[15].u_cfar|u_window|add_282~91~_BLOCK_INPUT_MUX_PASSTHROUGH_X303_Y389_N0_I19                     ;
; Long Path (Critical)     ;                         ;             ; u_pipe|g_cfar_per_beam[15].u_cfar|u_window|add_282~91~_LAB_RE_X303_Y389_N0_I23                                          ;
; Long Path (Critical)     ;                         ;             ; u_pipe|g_cfar_per_beam[15].u_cfar|u_window|i22852~18|datae                                                              ;
; Long Path (Critical)     ;                         ;             ; u_pipe|g_cfar_per_beam[15].u_cfar|u_window|i22852~18|combout                                                            ;
; Long Path (Critical)     ;                         ;             ; u_pipe|g_cfar_per_beam[15].u_cfar|u_window|i22852~18~cw_la_lab/lab_lut5outt[2]                                          ;
; Long Path (Critical)     ;                         ;             ; u_pipe|g_cfar_per_beam[15].u_cfar|u_window|i22852~18~_LAB_RE_X303_Y389_N0_I131                                          ;
; Long Path (Critical)     ;                         ;             ; u_pipe|g_cfar_per_beam[15].u_cfar|u_window|i22852~18~_R1_X304_Y389_N0_I10                                               ;
; Long Path (Critical)     ;                         ;             ; u_pipe|g_cfar_per_beam[15].u_cfar|u_window|i22852~18~_R0_X304_Y389_N0_I22                                               ;
; Long Path (Critical)     ;                         ;             ; u_pipe|g_cfar_per_beam[15].u_cfar|u_window|i22852~18~_LOCAL_INTERCONNECT_X304_Y389_N0_I70                               ;
; Long Path (Critical)     ; Bypassed Hyper-Register ;             ; u_pipe|g_cfar_per_beam[15].u_cfar|u_window|i22852~18~_BLOCK_INPUT_MUX_PASSTHROUGH_X304_Y389_N0_I72                      ;
; Long Path (Critical)     ;                         ;             ; u_pipe|g_cfar_per_beam[15].u_cfar|u_window|i22852~18~_LAB_RE_X304_Y389_N0_I74                                           ;
; Long Path (Critical)     ;                         ;             ; u_pipe|g_cfar_per_beam[15].u_cfar|u_window|add_286~91|datac                                                             ;
; Long Path (Critical)     ;                         ;             ; u_pipe|g_cfar_per_beam[15].u_cfar|u_window|add_286~91|sumout                                                            ;
; Long Path (Critical)     ;                         ;             ; u_pipe|g_cfar_per_beam[15].u_cfar|u_window|add_286~91~_LAB_RE_X304_Y389_N0_I125                                         ;
; Long Path (Critical)     ;                         ;             ; u_pipe|g_cfar_per_beam[15].u_cfar|u_window|add_286~91~_R0_X304_Y389_N0_I64                                              ;
; Long Path (Critical)     ;                         ;             ; u_pipe|g_cfar_per_beam[15].u_cfar|u_window|add_286~91~_R1_X304_Y389_N0_I17                                              ;
; Long Path (Critical)     ;                         ;             ; u_pipe|g_cfar_per_beam[15].u_cfar|u_window|add_286~91~_C1_X303_Y389_N0_I16                                              ;
; Long Path (Critical)     ;                         ;             ; u_pipe|g_cfar_per_beam[15].u_cfar|u_window|add_286~91~_LOCAL_INTERCONNECT_X303_Y390_N0_I38                              ;
; Long Path (Critical)     ; Bypassed Hyper-Register ;             ; u_pipe|g_cfar_per_beam[15].u_cfar|u_window|add_286~91~_BLOCK_INPUT_MUX_PASSTHROUGH_X303_Y390_N0_I51                     ;
; Long Path (Critical)     ;                         ;             ; u_pipe|g_cfar_per_beam[15].u_cfar|u_window|add_286~91~_LAB_RE_X303_Y390_N0_I55                                          ;
; Long Path (Critical)     ;                         ;             ; u_pipe|g_cfar_per_beam[15].u_cfar|u_window|i22966~18|datae                                                              ;
; Long Path (Critical)     ;                         ;             ; u_pipe|g_cfar_per_beam[15].u_cfar|u_window|i22966~18|combout                                                            ;
; Long Path (Critical)     ;                         ;             ; u_pipe|g_cfar_per_beam[15].u_cfar|u_window|i22966~18~cw_la_lab/laboutb[6]                                               ;
; Long Path (Critical)     ;                         ;             ; u_pipe|g_cfar_per_beam[15].u_cfar|u_window|i22966~18~_LAB_RE_X303_Y390_N0_I115                                          ;
; Long Path (Critical)     ; Bypassed Hyper-Register ;             ; u_pipe|g_cfar_per_beam[15].u_cfar|u_window|i22966~18~_C4_X303_Y386_N0_I25                                               ;
; Long Path (Critical)     ;                         ;             ; u_pipe|g_cfar_per_beam[15].u_cfar|u_window|i22966~18~_R0_X303_Y386_N0_I46                                               ;
; Long Path (Critical)     ;                         ;             ; u_pipe|g_cfar_per_beam[15].u_cfar|u_window|i22966~18~_LOCAL_INTERCONNECT_X303_Y386_N0_I77                               ;
; Long Path (Critical)     ; Bypassed Hyper-Register ;             ; u_pipe|g_cfar_per_beam[15].u_cfar|u_window|i22966~18~_BLOCK_INPUT_MUX_PASSTHROUGH_X303_Y386_N0_I79                      ;
; Long Path (Critical)     ;                         ;             ; u_pipe|g_cfar_per_beam[15].u_cfar|u_window|i22966~18~_LAB_RE_X303_Y386_N0_I73                                           ;
; Long Path (Critical)     ;                         ;             ; u_pipe|g_cfar_per_beam[15].u_cfar|u_window|add_290~91|datad                                                             ;
; Long Path (Critical)     ;                         ;             ; u_pipe|g_cfar_per_beam[15].u_cfar|u_window|add_290~91|sumout                                                            ;
; Long Path (Critical)     ;                         ;             ; u_pipe|g_cfar_per_beam[15].u_cfar|u_window|add_290~91~_LAB_RE_X303_Y386_N0_I125                                         ;
; Long Path (Critical)     ; Bypassed Hyper-Register ;             ; u_pipe|g_cfar_per_beam[15].u_cfar|u_window|add_290~91~_C4_X303_Y386_N0_I36                                              ;
; Long Path (Critical)     ;                         ;             ; u_pipe|g_cfar_per_beam[15].u_cfar|u_window|add_290~91~_R0_X303_Y390_N0_I65                                              ;
; Long Path (Critical)     ;                         ;             ; u_pipe|g_cfar_per_beam[15].u_cfar|u_window|add_290~91~_R0_X303_Y390_N0_I48                                              ;
; Long Path (Critical)     ;                         ;             ; u_pipe|g_cfar_per_beam[15].u_cfar|u_window|add_290~91~_LOCAL_INTERCONNECT_X303_Y390_N0_I34                              ;
; Long Path (Critical)     ; Bypassed Hyper-Register ;             ; u_pipe|g_cfar_per_beam[15].u_cfar|u_window|add_290~91~_BLOCK_INPUT_MUX_PASSTHROUGH_X303_Y390_N0_I30                     ;
; Long Path (Critical)     ;                         ;             ; u_pipe|g_cfar_per_beam[15].u_cfar|u_window|add_290~91~_LAB_RE_X303_Y390_N0_I30                                          ;
; Long Path (Critical)     ;                         ;             ; u_pipe|g_cfar_per_beam[15].u_cfar|u_window|i23080~18|datad                                                              ;
; Long Path (Critical)     ;                         ;             ; u_pipe|g_cfar_per_beam[15].u_cfar|u_window|i23080~18|combout                                                            ;
; Long Path (Critical)     ;                         ;             ; u_pipe|g_cfar_per_beam[15].u_cfar|u_window|i23080~18~cw_la_lab/laboutt[15]                                              ;
; Long Path (Critical)     ;                         ;             ; u_pipe|g_cfar_per_beam[15].u_cfar|u_window|i23080~18~_LAB_RE_X303_Y390_N0_I104                                          ;
; Long Path (Critical)     ; Bypassed Hyper-Register ;             ; u_pipe|g_cfar_per_beam[15].u_cfar|u_window|i23080~18~_C4_X303_Y386_N0_I15                                               ;
; Long Path (Critical)     ;                         ;             ; u_pipe|g_cfar_per_beam[15].u_cfar|u_window|i23080~18~_R1_X303_Y386_N0_I15                                               ;
; Long Path (Critical)     ;                         ;             ; u_pipe|g_cfar_per_beam[15].u_cfar|u_window|i23080~18~_LOCAL_INTERCONNECT_X302_Y386_N0_I33                               ;
; Long Path (Critical)     ; Bypassed Hyper-Register ;             ; u_pipe|g_cfar_per_beam[15].u_cfar|u_window|i23080~18~_BLOCK_INPUT_MUX_PASSTHROUGH_X302_Y386_N0_I72                      ;
; Long Path (Critical)     ;                         ;             ; u_pipe|g_cfar_per_beam[15].u_cfar|u_window|i23080~18~_LAB_RE_X302_Y386_N0_I74                                           ;
; Long Path (Critical)     ;                         ;             ; u_pipe|g_cfar_per_beam[15].u_cfar|u_window|add_294~91|datac                                                             ;
; Long Path (Critical)     ;                         ;             ; u_pipe|g_cfar_per_beam[15].u_cfar|u_window|add_294~91|sumout                                                            ;
; Long Path (Critical)     ;                         ;             ; u_pipe|g_cfar_per_beam[15].u_cfar|u_window|add_294~91~_LAB_RE_X302_Y386_N0_I126                                         ;
; Long Path (Critical)     ;                         ;             ; u_pipe|g_cfar_per_beam[15].u_cfar|u_window|add_294~91~_R1_X303_Y386_N0_I38                                              ;
; Long Path (Critical)     ; Bypassed Hyper-Register ;             ; u_pipe|g_cfar_per_beam[15].u_cfar|u_window|add_294~91~_C4_X303_Y386_N0_I38                                              ;
; Long Path (Critical)     ;                         ;             ; u_pipe|g_cfar_per_beam[15].u_cfar|u_window|add_294~91~_R4_X300_Y390_N0_I9                                               ;
; Long Path (Critical)     ;                         ;             ; u_pipe|g_cfar_per_beam[15].u_cfar|u_window|add_294~91~_LOCAL_INTERCONNECT_X299_Y390_N0_I78                              ;
; Long Path (Critical)     ; Bypassed Hyper-Register ;             ; u_pipe|g_cfar_per_beam[15].u_cfar|u_window|add_294~91~_BLOCK_INPUT_MUX_PASSTHROUGH_X299_Y390_N0_I63                     ;
; Long Path (Critical)     ;                         ;             ; u_pipe|g_cfar_per_beam[15].u_cfar|u_window|add_294~91~_LAB_RE_X299_Y390_N0_I57                                          ;
; Long Path (Critical)     ;                         ;             ; u_pipe|g_cfar_per_beam[15].u_cfar|u_window|i23194~18|datad                                                              ;
; Long Path (Critical)     ;                         ;             ; u_pipe|g_cfar_per_beam[15].u_cfar|u_window|i23194~18|combout                                                            ;
; Long Path (Critical)     ;                         ;             ; u_pipe|g_cfar_per_beam[15].u_cfar|u_window|i23194~18~_LAB_RE_X299_Y390_N0_I118                                          ;
; Long Path (Critical)     ; Bypassed Hyper-Register ;             ; u_pipe|g_cfar_per_beam[15].u_cfar|u_window|i23194~18~_C4_X299_Y386_N0_I31                                               ;
; Long Path (Critical)     ;                         ;             ; u_pipe|g_cfar_per_beam[15].u_cfar|u_window|i23194~18~_LOCAL_INTERCONNECT_X299_Y386_N0_I62                               ;
; Long Path (Critical)     ; Bypassed Hyper-Register ;             ; u_pipe|g_cfar_per_beam[15].u_cfar|u_window|i23194~18~_BLOCK_INPUT_MUX_PASSTHROUGH_X299_Y386_N0_I79                      ;
; Long Path (Critical)     ;                         ;             ; u_pipe|g_cfar_per_beam[15].u_cfar|u_window|i23194~18~_LAB_RE_X299_Y386_N0_I73                                           ;
; Long Path (Critical)     ;                         ;             ; u_pipe|g_cfar_per_beam[15].u_cfar|u_window|add_298~91|datad                                                             ;
; Long Path (Critical)     ; Bypassed Hyper-Register ;             ; u_pipe|g_cfar_per_beam[15].u_cfar|u_window|add_298~96|cout                                                              ;
; Long Path (Critical)     ;                         ;             ; u_pipe|g_cfar_per_beam[15].u_cfar|u_window|add_298~96~_LAB_RE_X299_Y386_N0_I88                                          ;
; Long Path (Critical)     ;                         ;             ; u_pipe|g_cfar_per_beam[15].u_cfar|u_window|add_298~96~_LAB_RE_X299_Y385_N0_I87                                          ;
; Long Path (Critical)     ;                         ;             ; u_pipe|g_cfar_per_beam[15].u_cfar|u_window|add_298~101|cin                                                              ;
; Long Path (Critical)     ;                         ;             ; u_pipe|g_cfar_per_beam[15].u_cfar|u_window|add_298~101|sumout                                                           ;
; Long Path (Critical)     ;                         ;             ; u_pipe|g_cfar_per_beam[15].u_cfar|u_window|add_298~101~_LAB_RE_X299_Y385_N0_I90                                         ;
; Long Path (Critical)     ;                         ;             ; u_pipe|g_cfar_per_beam[15].u_cfar|u_window|add_298~101~_R1_X300_Y385_N0_I2                                              ;
; Long Path (Critical)     ;                         ;             ; u_pipe|g_cfar_per_beam[15].u_cfar|u_window|add_298~101~_R4_X301_Y385_N0_I0                                              ;
; Long Path (Critical)     ;                         ;             ; u_pipe|g_cfar_per_beam[15].u_cfar|u_window|add_298~101~_LOCAL_INTERCONNECT_X304_Y385_N0_I12                             ;
; Long Path (Critical)     ; Bypassed Hyper-Register ;             ; u_pipe|g_cfar_per_beam[15].u_cfar|u_window|add_298~101~_BLOCK_INPUT_MUX_PASSTHROUGH_X304_Y385_N0_I25                    ;
; Long Path (Critical)     ;                         ;             ; u_pipe|g_cfar_per_beam[15].u_cfar|u_window|add_298~101~_LAB_RE_X304_Y385_N0_I29                                         ;
; Long Path (Critical)     ;                         ;             ; u_pipe|g_cfar_per_beam[15].u_cfar|u_window|i23308~20|datac                                                              ;
; Long Path (Critical)     ;                         ;             ; u_pipe|g_cfar_per_beam[15].u_cfar|u_window|i23308~20|combout                                                            ;
; Long Path (Critical)     ;                         ;             ; u_pipe|g_cfar_per_beam[15].u_cfar|u_window|i23308~20~_LAB_RE_X304_Y385_N0_I103                                          ;
; Long Path (Critical)     ; Bypassed Hyper-Register ;             ; u_pipe|g_cfar_per_beam[15].u_cfar|u_window|i23308~20~_R6_X299_Y385_N0_I6                                                ;
; Long Path (Critical)     ; Bypassed Hyper-Register ;             ; u_pipe|g_cfar_per_beam[15].u_cfar|u_window|i23308~20~_C4_X298_Y385_N0_I14                                               ;
; Long Path (Critical)     ;                         ;             ; u_pipe|g_cfar_per_beam[15].u_cfar|u_window|i23308~20~_R0_X298_Y389_N0_I26                                               ;
; Long Path (Critical)     ;                         ;             ; u_pipe|g_cfar_per_beam[15].u_cfar|u_window|i23308~20~_R0_X298_Y389_N0_I60                                               ;
; Long Path (Critical)     ;                         ;             ; u_pipe|g_cfar_per_beam[15].u_cfar|u_window|i23308~20~_LOCAL_INTERCONNECT_X298_Y389_N0_I13                               ;
; Long Path (Critical)     ; Bypassed Hyper-Register ;             ; u_pipe|g_cfar_per_beam[15].u_cfar|u_window|i23308~20~_BLOCK_INPUT_MUX_PASSTHROUGH_X298_Y389_N0_I0                       ;
; Long Path (Critical)     ;                         ;             ; u_pipe|g_cfar_per_beam[15].u_cfar|u_window|i23308~20~_LAB_RE_X298_Y389_N0_I2                                            ;
; Long Path (Critical)     ;                         ;             ; u_pipe|g_cfar_per_beam[15].u_cfar|u_window|add_302~101|datac                                                            ;
; Long Path (Critical)     ;                         ;             ; u_pipe|g_cfar_per_beam[15].u_cfar|u_window|add_302~101|sumout                                                           ;
; Long Path (Critical)     ;                         ;             ; u_pipe|g_cfar_per_beam[15].u_cfar|u_window|add_302~101~_LAB_RE_X298_Y389_N0_I90                                         ;
; Long Path (Critical)     ;                         ;             ; u_pipe|g_cfar_per_beam[15].u_cfar|u_window|add_302~101~_C1_X298_Y388_N0_I3                                              ;
; Long Path (Critical)     ;                         ;             ; u_pipe|g_cfar_per_beam[15].u_cfar|u_window|add_302~101~_C1_X298_Y387_N0_I3                                              ;
; Long Path (Critical)     ;                         ;             ; u_pipe|g_cfar_per_beam[15].u_cfar|u_window|add_302~101~_C1_X298_Y386_N0_I3                                              ;
; Long Path (Critical)     ;                         ;             ; u_pipe|g_cfar_per_beam[15].u_cfar|u_window|add_302~101~_LOCAL_INTERCONNECT_X298_Y386_N0_I12                             ;
; Long Path (Critical)     ; Bypassed Hyper-Register ;             ; u_pipe|g_cfar_per_beam[15].u_cfar|u_window|add_302~101~_BLOCK_INPUT_MUX_PASSTHROUGH_X298_Y386_N0_I25                    ;
; Long Path (Critical)     ;                         ;             ; u_pipe|g_cfar_per_beam[15].u_cfar|u_window|add_302~101~_LAB_RE_X298_Y386_N0_I29                                         ;
; Long Path (Critical)     ;                         ;             ; u_pipe|g_cfar_per_beam[15].u_cfar|u_window|i23422~20|datac                                                              ;
; Long Path (Critical)     ;                         ;             ; u_pipe|g_cfar_per_beam[15].u_cfar|u_window|i23422~20|combout                                                            ;
; Long Path (Critical)     ;                         ;             ; u_pipe|g_cfar_per_beam[15].u_cfar|u_window|i23422~20~_LAB_RE_X298_Y386_N0_I132                                          ;
; Long Path (Critical)     ;                         ;             ; u_pipe|g_cfar_per_beam[15].u_cfar|u_window|i23422~20~_C1_X298_Y386_N0_I16                                               ;
; Long Path (Critical)     ;                         ;             ; u_pipe|g_cfar_per_beam[15].u_cfar|u_window|i23422~20~_R1_X298_Y387_N0_I17                                               ;
; Long Path (Critical)     ;                         ;             ; u_pipe|g_cfar_per_beam[15].u_cfar|u_window|i23422~20~_LOCAL_INTERCONNECT_X297_Y387_N0_I38                               ;
; Long Path (Critical)     ; Bypassed Hyper-Register ;             ; u_pipe|g_cfar_per_beam[15].u_cfar|u_window|i23422~20~_BLOCK_INPUT_MUX_PASSTHROUGH_X297_Y387_N0_I7                       ;
; Long Path (Critical)     ;                         ;             ; u_pipe|g_cfar_per_beam[15].u_cfar|u_window|i23422~20~_LAB_RE_X297_Y387_N0_I1                                            ;
; Long Path (Critical)     ;                         ;             ; u_pipe|g_cfar_per_beam[15].u_cfar|u_window|add_306~101|datad                                                            ;
; Long Path (Critical)     ;                         ;             ; u_pipe|g_cfar_per_beam[15].u_cfar|u_window|add_306~106|cout                                                             ;
; Long Path (Critical)     ;                         ;             ; u_pipe|g_cfar_per_beam[15].u_cfar|u_window|add_306~111|cin                                                              ;
; Long Path (Critical)     ;                         ;             ; u_pipe|g_cfar_per_beam[15].u_cfar|u_window|add_306~116|cout                                                             ;
; Long Path (Critical)     ;                         ;             ; u_pipe|g_cfar_per_beam[15].u_cfar|u_window|add_306~121|cin                                                              ;
; Long Path (Critical)     ;                         ;             ; u_pipe|g_cfar_per_beam[15].u_cfar|u_window|add_306~121|sumout                                                           ;
; Long Path (Critical)     ;                         ;             ; u_pipe|g_cfar_per_beam[15].u_cfar|u_window|add_306~121~_LAB_RE_X297_Y387_N0_I98                                         ;
; Long Path (Critical)     ;                         ;             ; u_pipe|g_cfar_per_beam[15].u_cfar|u_window|add_306~121~_C1_X297_Y386_N0_I11                                             ;
; Long Path (Critical)     ;                         ;             ; u_pipe|g_cfar_per_beam[15].u_cfar|u_window|add_306~121~_R1_X298_Y386_N0_I10                                             ;
; Long Path (Critical)     ;                         ;             ; u_pipe|g_cfar_per_beam[15].u_cfar|u_window|add_306~121~_LOCAL_INTERCONNECT_X298_Y386_N0_I23                             ;
; Long Path (Critical)     ; Bypassed Hyper-Register ;             ; u_pipe|g_cfar_per_beam[15].u_cfar|u_window|add_306~121~_BLOCK_INPUT_MUX_PASSTHROUGH_X298_Y386_N0_I33                    ;
; Long Path (Critical)     ;                         ;             ; u_pipe|g_cfar_per_beam[15].u_cfar|u_window|add_306~121~_LAB_RE_X298_Y386_N0_I37                                         ;
; Long Path (Critical)     ;                         ;             ; u_pipe|g_cfar_per_beam[15].u_cfar|u_window|i23536~24|datac                                                              ;
; Long Path (Critical)     ;                         ;             ; u_pipe|g_cfar_per_beam[15].u_cfar|u_window|i23536~24|combout                                                            ;
; Long Path (Critical)     ;                         ;             ; u_pipe|g_cfar_per_beam[15].u_cfar|u_window|i23536~24~_LAB_RE_X298_Y386_N0_I133                                          ;
; Long Path (Critical)     ;                         ;             ; u_pipe|g_cfar_per_beam[15].u_cfar|u_window|i23536~24~_R1_X298_Y386_N0_I19                                               ;
; Long Path (Critical)     ;                         ;             ; u_pipe|g_cfar_per_beam[15].u_cfar|u_window|i23536~24~_C1_X297_Y386_N0_I18                                               ;
; Long Path (Critical)     ;                         ;             ; u_pipe|g_cfar_per_beam[15].u_cfar|u_window|i23536~24~_R1_X297_Y387_N0_I19                                               ;
; Long Path (Critical)     ;                         ;             ; u_pipe|g_cfar_per_beam[15].u_cfar|u_window|i23536~24~_LOCAL_INTERCONNECT_X296_Y387_N0_I37                               ;
; Long Path (Critical)     ; Bypassed Hyper-Register ;             ; u_pipe|g_cfar_per_beam[15].u_cfar|u_window|i23536~24~_BLOCK_INPUT_MUX_PASSTHROUGH_X296_Y387_N0_I23                      ;
; Long Path (Critical)     ;                         ;             ; u_pipe|g_cfar_per_beam[15].u_cfar|u_window|i23536~24~_LAB_RE_X296_Y387_N0_I17                                           ;
; Long Path (Critical)     ;                         ;             ; u_pipe|g_cfar_per_beam[15].u_cfar|u_window|add_310~121|datad                                                            ;
; Long Path (Critical)     ;                         ;             ; u_pipe|g_cfar_per_beam[15].u_cfar|u_window|add_310~126|cout                                                             ;
; Long Path (Critical)     ;                         ;             ; u_pipe|g_cfar_per_beam[15].u_cfar|u_window|add_310~131|cin                                                              ;
; Long Path (Critical)     ;                         ;             ; u_pipe|g_cfar_per_beam[15].u_cfar|u_window|add_310~131|sumout                                                           ;
; Long Path (Critical)     ;                         ;             ; u_pipe|g_cfar_per_beam[15].u_cfar|u_window|add_310~131~_LAB_RE_X296_Y387_N0_I101                                        ;
; Long Path (Critical)     ;                         ;             ; u_pipe|g_cfar_per_beam[15].u_cfar|u_window|add_310~131~_R0_X296_Y387_N0_I22                                             ;
; Long Path (Critical)     ;                         ;             ; u_pipe|g_cfar_per_beam[15].u_cfar|u_window|add_310~131~_R1_X296_Y387_N0_I33                                             ;
; Long Path (Critical)     ; Bypassed Hyper-Register ;             ; u_pipe|g_cfar_per_beam[15].u_cfar|u_window|add_310~131~_R4_X292_Y387_N0_I18                                             ;
; Long Path (Critical)     ;                         ;             ; u_pipe|g_cfar_per_beam[15].u_cfar|u_window|add_310~131~_C1_X291_Y386_N0_I33                                             ;
; Long Path (Critical)     ;                         ;             ; u_pipe|g_cfar_per_beam[15].u_cfar|u_window|add_310~131~_LOCAL_INTERCONNECT_X291_Y386_N0_I69                             ;
; Long Path (Critical)     ; Bypassed Hyper-Register ;             ; u_pipe|g_cfar_per_beam[15].u_cfar|u_window|add_310~131~_BLOCK_INPUT_MUX_PASSTHROUGH_X291_Y386_N0_I43                    ;
; Long Path (Critical)     ;                         ;             ; u_pipe|g_cfar_per_beam[15].u_cfar|u_window|add_310~131~_LAB_RE_X291_Y386_N0_I47                                         ;
; Long Path (Critical)     ;                         ;             ; u_pipe|g_cfar_per_beam[15].u_cfar|u_window|i23650~26|datae                                                              ;
; Long Path (Critical)     ;                         ;             ; u_pipe|g_cfar_per_beam[15].u_cfar|u_window|i23650~26|combout                                                            ;
; Long Path (Critical)     ;                         ;             ; u_pipe|g_cfar_per_beam[15].u_cfar|u_window|i23650~26~cw_ml_mlab/laboutb[2]                                              ;
; Long Path (Critical)     ;                         ;             ; u_pipe|g_cfar_per_beam[15].u_cfar|u_window|i23650~26~_LAB_RE_X291_Y386_N0_I111                                          ;
; Long Path (Critical)     ;                         ;             ; u_pipe|g_cfar_per_beam[15].u_cfar|u_window|i23650~26~_R2_X292_Y386_N0_I10                                               ;
; Long Path (Critical)     ;                         ;             ; u_pipe|g_cfar_per_beam[15].u_cfar|u_window|i23650~26~_R1_X294_Y386_N0_I20                                               ;
; Long Path (Critical)     ;                         ;             ; u_pipe|g_cfar_per_beam[15].u_cfar|u_window|i23650~26~_LOCAL_INTERCONNECT_X294_Y386_N0_I35                               ;
; Long Path (Critical)     ; Bypassed Hyper-Register ;             ; u_pipe|g_cfar_per_beam[15].u_cfar|u_window|i23650~26~_BLOCK_INPUT_MUX_PASSTHROUGH_X294_Y386_N0_I31                      ;
; Long Path (Critical)     ;                         ;             ; u_pipe|g_cfar_per_beam[15].u_cfar|u_window|i23650~26~_LAB_RE_X294_Y386_N0_I25                                           ;
; Long Path (Critical)     ;                         ;             ; u_pipe|g_cfar_per_beam[15].u_cfar|u_window|add_314~131|datad                                                            ;
; Long Path (Critical)     ;                         ;             ; u_pipe|g_cfar_per_beam[15].u_cfar|u_window|add_314~136|cout                                                             ;
; Long Path (Critical)     ;                         ;             ; u_pipe|g_cfar_per_beam[15].u_cfar|u_window|add_314~141|cin                                                              ;
; Long Path (Critical)     ;                         ;             ; u_pipe|g_cfar_per_beam[15].u_cfar|u_window|add_314~141|sumout                                                           ;
; Long Path (Critical)     ;                         ;             ; u_pipe|g_cfar_per_beam[15].u_cfar|u_window|add_314~141~_LAB_RE_X294_Y386_N0_I105                                        ;
; Long Path (Critical)     ;                         ;             ; u_pipe|g_cfar_per_beam[15].u_cfar|u_window|add_314~141~_R1_X294_Y386_N0_I17                                             ;
; Long Path (Critical)     ;                         ;             ; u_pipe|g_cfar_per_beam[15].u_cfar|u_window|add_314~141~_C1_X293_Y385_N0_I17                                             ;
; Long Path (Critical)     ;                         ;             ; u_pipe|g_cfar_per_beam[15].u_cfar|u_window|add_314~141~_R1_X293_Y385_N0_I17                                             ;
; Long Path (Critical)     ;                         ;             ; u_pipe|g_cfar_per_beam[15].u_cfar|u_window|add_314~141~_LOCAL_INTERCONNECT_X292_Y385_N0_I38                             ;
; Long Path (Critical)     ; Bypassed Hyper-Register ;             ; u_pipe|g_cfar_per_beam[15].u_cfar|u_window|add_314~141~_BLOCK_INPUT_MUX_PASSTHROUGH_X292_Y385_N0_I64                    ;
; Long Path (Critical)     ;                         ;             ; u_pipe|g_cfar_per_beam[15].u_cfar|u_window|add_314~141~_LAB_RE_X292_Y385_N0_I66                                         ;
; Long Path (Critical)     ;                         ;             ; u_pipe|g_cfar_per_beam[15].u_cfar|u_window|i23764~28|datac                                                              ;
; Long Path (Critical)     ;                         ;             ; u_pipe|g_cfar_per_beam[15].u_cfar|u_window|i23764~28|combout                                                            ;
; Long Path (Critical)     ;                         ;             ; u_pipe|g_cfar_per_beam[15].u_cfar|u_window|i23764~28~_LAB_RE_X292_Y385_N0_I122                                          ;
; Long Path (Critical)     ;                         ;             ; u_pipe|g_cfar_per_beam[15].u_cfar|u_window|i23764~28~_R0_X292_Y385_N0_I58                                               ;
; Long Path (Critical)     ;                         ;             ; u_pipe|g_cfar_per_beam[15].u_cfar|u_window|i23764~28~_R0_X292_Y385_N0_I41                                               ;
; Long Path (Critical)     ;                         ;             ; u_pipe|g_cfar_per_beam[15].u_cfar|u_window|i23764~28~_C1_X292_Y385_N0_I14                                               ;
; Long Path (Critical)     ;                         ;             ; u_pipe|g_cfar_per_beam[15].u_cfar|u_window|i23764~28~_LOCAL_INTERCONNECT_X292_Y386_N0_I28                               ;
; Long Path (Critical)     ; Bypassed Hyper-Register ;             ; u_pipe|g_cfar_per_beam[15].u_cfar|u_window|i23764~28~_BLOCK_INPUT_MUX_PASSTHROUGH_X292_Y386_N0_I39                      ;
; Long Path (Critical)     ;                         ;             ; u_pipe|g_cfar_per_beam[15].u_cfar|u_window|i23764~28~_LAB_RE_X292_Y386_N0_I33                                           ;
; Long Path (Critical)     ;                         ;             ; u_pipe|g_cfar_per_beam[15].u_cfar|u_window|add_318~141|datad                                                            ;
; Long Path (Critical)     ;                         ;             ; u_pipe|g_cfar_per_beam[15].u_cfar|u_window|add_318~141|sumout                                                           ;
; Long Path (Critical)     ;                         ;             ; u_pipe|g_cfar_per_beam[15].u_cfar|u_window|add_318~141~_LAB_RE_X292_Y386_N0_I106                                        ;
; Long Path (Critical)     ;                         ;             ; u_pipe|g_cfar_per_beam[15].u_cfar|u_window|add_318~141~_C1_X292_Y385_N0_I19                                             ;
; Long Path (Critical)     ;                         ;             ; u_pipe|g_cfar_per_beam[15].u_cfar|u_window|add_318~141~_LOCAL_INTERCONNECT_X292_Y385_N0_I39                             ;
; Long Path (Critical)     ; Bypassed Hyper-Register ;             ; u_pipe|g_cfar_per_beam[15].u_cfar|u_window|add_318~141~_BLOCK_INPUT_MUX_PASSTHROUGH_X292_Y385_N0_I58                    ;
; Long Path (Critical)     ;                         ;             ; u_pipe|g_cfar_per_beam[15].u_cfar|u_window|add_318~141~_LAB_RE_X292_Y385_N0_I56                                         ;
; Long Path (Critical)     ;                         ;             ; u_pipe|g_cfar_per_beam[15].u_cfar|u_window|i23878~28|datae                                                              ;
; Long Path (Critical)     ;                         ;             ; u_pipe|g_cfar_per_beam[15].u_cfar|u_window|i23878~28|combout                                                            ;
; Long Path (Critical)     ;                         ;             ; u_pipe|g_cfar_per_beam[15].u_cfar|u_window|i23878~28~cw_la_lab/laboutb[8]                                               ;
; Long Path (Critical)     ;                         ;             ; u_pipe|g_cfar_per_beam[15].u_cfar|u_window|i23878~28~_LAB_RE_X292_Y385_N0_I117                                          ;
; Long Path (Critical)     ;                         ;             ; u_pipe|g_cfar_per_beam[15].u_cfar|u_window|i23878~28~_C1_X292_Y385_N0_I28                                               ;
; Long Path (Critical)     ;                         ;             ; u_pipe|g_cfar_per_beam[15].u_cfar|u_window|i23878~28~_R1_X293_Y386_N0_I28                                               ;
; Long Path (Critical)     ;                         ;             ; u_pipe|g_cfar_per_beam[15].u_cfar|u_window|i23878~28~_R0_X293_Y386_N0_I48                                               ;
; Long Path (Critical)     ;                         ;             ; u_pipe|g_cfar_per_beam[15].u_cfar|u_window|i23878~28~_LOCAL_INTERCONNECT_X293_Y386_N0_I35                               ;
; Long Path (Critical)     ; Bypassed Hyper-Register ;             ; u_pipe|g_cfar_per_beam[15].u_cfar|u_window|i23878~28~_BLOCK_INPUT_MUX_PASSTHROUGH_X293_Y386_N0_I39                      ;
; Long Path (Critical)     ;                         ;             ; u_pipe|g_cfar_per_beam[15].u_cfar|u_window|i23878~28~_LAB_RE_X293_Y386_N0_I33                                           ;
; Long Path (Critical)     ;                         ;             ; u_pipe|g_cfar_per_beam[15].u_cfar|u_window|add_322~141|datad                                                            ;
; Long Path (Critical)     ;                         ;             ; u_pipe|g_cfar_per_beam[15].u_cfar|u_window|add_322~141|sumout                                                           ;
; Long Path (Critical)     ;                         ;             ; u_pipe|g_cfar_per_beam[15].u_cfar|u_window|add_322~141~_LAB_RE_X293_Y386_N0_I106                                        ;
; Long Path (Critical)     ;                         ;             ; u_pipe|g_cfar_per_beam[15].u_cfar|u_window|add_322~141~_C1_X293_Y385_N0_I19                                             ;
; Long Path (Critical)     ;                         ;             ; u_pipe|g_cfar_per_beam[15].u_cfar|u_window|add_322~141~_R1_X293_Y385_N0_I19                                             ;
; Long Path (Critical)     ;                         ;             ; u_pipe|g_cfar_per_beam[15].u_cfar|u_window|add_322~141~_R0_X292_Y385_N0_I32                                             ;
; Long Path (Critical)     ;                         ;             ; u_pipe|g_cfar_per_beam[15].u_cfar|u_window|add_322~141~_LOCAL_INTERCONNECT_X292_Y385_N0_I44                             ;
; Long Path (Critical)     ; Bypassed Hyper-Register ;             ; u_pipe|g_cfar_per_beam[15].u_cfar|u_window|add_322~141~_BLOCK_INPUT_MUX_PASSTHROUGH_X292_Y385_N0_I50                    ;
; Long Path (Critical)     ;                         ;             ; u_pipe|g_cfar_per_beam[15].u_cfar|u_window|add_322~141~_LAB_RE_X292_Y385_N0_I48                                         ;
; Long Path (Critical)     ;                         ;             ; u_pipe|g_cfar_per_beam[15].u_cfar|u_window|i23992~28|datae                                                              ;
; Long Path (Critical)     ;                         ;             ; u_pipe|g_cfar_per_beam[15].u_cfar|u_window|i23992~28|combout                                                            ;
; Long Path (Critical)     ;                         ;             ; u_pipe|g_cfar_per_beam[15].u_cfar|u_window|i23992~28~_LAB_RE_X292_Y385_N0_I114                                          ;
; Long Path (Critical)     ;                         ;             ; u_pipe|g_cfar_per_beam[15].u_cfar|u_window|i23992~28~_R0_X292_Y385_N0_I44                                               ;
; Long Path (Critical)     ;                         ;             ; u_pipe|g_cfar_per_beam[15].u_cfar|u_window|i23992~28~_C1_X292_Y384_N0_I15                                               ;
; Long Path (Critical)     ;                         ;             ; u_pipe|g_cfar_per_beam[15].u_cfar|u_window|i23992~28~_C1_X292_Y383_N0_I15                                               ;
; Long Path (Critical)     ;                         ;             ; u_pipe|g_cfar_per_beam[15].u_cfar|u_window|i23992~28~_C1_X292_Y382_N0_I15                                               ;
; Long Path (Critical)     ;                         ;             ; u_pipe|g_cfar_per_beam[15].u_cfar|u_window|i23992~28~_R1_X293_Y382_N0_I14                                               ;
; Long Path (Critical)     ;                         ;             ; u_pipe|g_cfar_per_beam[15].u_cfar|u_window|i23992~28~_LOCAL_INTERCONNECT_X293_Y382_N0_I34                               ;
; Long Path (Critical)     ; Bypassed Hyper-Register ;             ; u_pipe|g_cfar_per_beam[15].u_cfar|u_window|i23992~28~_BLOCK_INPUT_MUX_PASSTHROUGH_X293_Y382_N0_I39                      ;
; Long Path (Critical)     ;                         ;             ; u_pipe|g_cfar_per_beam[15].u_cfar|u_window|i23992~28~_LAB_RE_X293_Y382_N0_I33                                           ;
; Long Path (Critical)     ;                         ;             ; u_pipe|g_cfar_per_beam[15].u_cfar|u_window|add_326~141|datad                                                            ;
; Long Path (Critical)     ;                         ;             ; u_pipe|g_cfar_per_beam[15].u_cfar|u_window|add_326~141|sumout                                                           ;
; Long Path (Critical)     ;                         ;             ; u_pipe|g_cfar_per_beam[15].u_cfar|u_window|add_326~141~_LAB_RE_X293_Y382_N0_I105                                        ;
; Long Path (Critical)     ;                         ;             ; u_pipe|g_cfar_per_beam[15].u_cfar|u_window|add_326~141~_C1_X293_Y381_N0_I17                                             ;
; Long Path (Critical)     ;                         ;             ; u_pipe|g_cfar_per_beam[15].u_cfar|u_window|add_326~141~_C1_X293_Y380_N0_I17                                             ;
; Long Path (Critical)     ;                         ;             ; u_pipe|g_cfar_per_beam[15].u_cfar|u_window|add_326~141~_R1_X293_Y380_N0_I17                                             ;
; Long Path (Critical)     ;                         ;             ; u_pipe|g_cfar_per_beam[15].u_cfar|u_window|add_326~141~_LOCAL_INTERCONNECT_X292_Y380_N0_I38                             ;
; Long Path (Critical)     ; Bypassed Hyper-Register ;             ; u_pipe|g_cfar_per_beam[15].u_cfar|u_window|add_326~141~_BLOCK_INPUT_MUX_PASSTHROUGH_X292_Y380_N0_I51                    ;
; Long Path (Critical)     ;                         ;             ; u_pipe|g_cfar_per_beam[15].u_cfar|u_window|add_326~141~_LAB_RE_X292_Y380_N0_I55                                         ;
; Long Path (Critical)     ;                         ;             ; u_pipe|g_cfar_per_beam[15].u_cfar|u_window|i24106~28|datae                                                              ;
; Long Path (Critical)     ;                         ;             ; u_pipe|g_cfar_per_beam[15].u_cfar|u_window|i24106~28|combout                                                            ;
; Long Path (Critical)     ;                         ;             ; u_pipe|g_cfar_per_beam[15].u_cfar|u_window|i24106~28~cw_la_lab/laboutb[6]                                               ;
; Long Path (Critical)     ;                         ;             ; u_pipe|g_cfar_per_beam[15].u_cfar|u_window|i24106~28~_LAB_RE_X292_Y380_N0_I115                                          ;
; Long Path (Critical)     ;                         ;             ; u_pipe|g_cfar_per_beam[15].u_cfar|u_window|i24106~28~_C1_X292_Y380_N0_I26                                               ;
; Long Path (Critical)     ;                         ;             ; u_pipe|g_cfar_per_beam[15].u_cfar|u_window|i24106~28~_R0_X292_Y381_N0_I41                                               ;
; Long Path (Critical)     ;                         ;             ; u_pipe|g_cfar_per_beam[15].u_cfar|u_window|i24106~28~_LOCAL_INTERCONNECT_X292_Y381_N0_I27                               ;
; Long Path (Critical)     ; Bypassed Hyper-Register ;             ; u_pipe|g_cfar_per_beam[15].u_cfar|u_window|i24106~28~_BLOCK_INPUT_MUX_PASSTHROUGH_X292_Y381_N0_I39                      ;
; Long Path (Critical)     ;                         ;             ; u_pipe|g_cfar_per_beam[15].u_cfar|u_window|i24106~28~_LAB_RE_X292_Y381_N0_I33                                           ;
; Long Path (Critical)     ;                         ;             ; u_pipe|g_cfar_per_beam[15].u_cfar|u_window|add_330~141|datad                                                            ;
; Long Path (Critical)     ;                         ;             ; u_pipe|g_cfar_per_beam[15].u_cfar|u_window|add_330~141|sumout                                                           ;
; Long Path (Critical)     ;                         ;             ; u_pipe|g_cfar_per_beam[15].u_cfar|u_window|add_330~141~_LAB_RE_X292_Y381_N0_I105                                        ;
; Long Path (Critical)     ;                         ;             ; u_pipe|g_cfar_per_beam[15].u_cfar|u_window|add_330~141~_C1_X292_Y380_N0_I17                                             ;
; Long Path (Critical)     ;                         ;             ; u_pipe|g_cfar_per_beam[15].u_cfar|u_window|add_330~141~_LOCAL_INTERCONNECT_X292_Y380_N0_I29                             ;
; Long Path (Critical)     ; Bypassed Hyper-Register ;             ; u_pipe|g_cfar_per_beam[15].u_cfar|u_window|add_330~141~_BLOCK_INPUT_MUX_PASSTHROUGH_X292_Y380_N0_I39                    ;
; Long Path (Critical)     ;                         ;             ; u_pipe|g_cfar_per_beam[15].u_cfar|u_window|add_330~141~_LAB_RE_X292_Y380_N0_I33                                         ;
; Long Path (Critical)     ;                         ;             ; u_pipe|g_cfar_per_beam[15].u_cfar|u_window|i24220~28|datad                                                              ;
; Long Path (Critical)     ;                         ;             ; u_pipe|g_cfar_per_beam[15].u_cfar|u_window|i24220~28|combout                                                            ;
; Long Path (Critical)     ;                         ;             ; u_pipe|g_cfar_per_beam[15].u_cfar|u_window|i24220~28~_LAB_RE_X292_Y380_N0_I106                                          ;
; Long Path (Critical)     ;                         ;             ; u_pipe|g_cfar_per_beam[15].u_cfar|u_window|i24220~28~_R1_X293_Y380_N0_I18                                               ;
; Long Path (Critical)     ;                         ;             ; u_pipe|g_cfar_per_beam[15].u_cfar|u_window|i24220~28~_R1_X294_Y380_N0_I18                                               ;
; Long Path (Critical)     ;                         ;             ; u_pipe|g_cfar_per_beam[15].u_cfar|u_window|i24220~28~_C1_X294_Y380_N0_I18                                               ;
; Long Path (Critical)     ;                         ;             ; u_pipe|g_cfar_per_beam[15].u_cfar|u_window|i24220~28~_LOCAL_INTERCONNECT_X294_Y381_N0_I30                               ;
; Long Path (Critical)     ; Bypassed Hyper-Register ;             ; u_pipe|g_cfar_per_beam[15].u_cfar|u_window|i24220~28~_BLOCK_INPUT_MUX_PASSTHROUGH_X294_Y381_N0_I39                      ;
; Long Path (Critical)     ;                         ;             ; u_pipe|g_cfar_per_beam[15].u_cfar|u_window|i24220~28~_LAB_RE_X294_Y381_N0_I33                                           ;
; Long Path (Critical)     ;                         ;             ; u_pipe|g_cfar_per_beam[15].u_cfar|u_window|add_334~141|datad                                                            ;
; Long Path (Critical)     ;                         ;             ; u_pipe|g_cfar_per_beam[15].u_cfar|u_window|add_334~141|sumout                                                           ;
; Long Path (Critical)     ;                         ;             ; u_pipe|g_cfar_per_beam[15].u_cfar|u_window|add_334~141~_LAB_RE_X294_Y381_N0_I106                                        ;
; Long Path (Critical)     ;                         ;             ; u_pipe|g_cfar_per_beam[15].u_cfar|u_window|add_334~141~_R1_X295_Y381_N0_I18                                             ;
; Long Path (Critical)     ;                         ;             ; u_pipe|g_cfar_per_beam[15].u_cfar|u_window|add_334~141~_R1_X296_Y381_N0_I18                                             ;
; Long Path (Critical)     ;                         ;             ; u_pipe|g_cfar_per_beam[15].u_cfar|u_window|add_334~141~_C1_X296_Y380_N0_I19                                             ;
; Long Path (Critical)     ;                         ;             ; u_pipe|g_cfar_per_beam[15].u_cfar|u_window|add_334~141~_C1_X296_Y379_N0_I19                                             ;
; Long Path (Critical)     ;                         ;             ; u_pipe|g_cfar_per_beam[15].u_cfar|u_window|add_334~141~_LOCAL_INTERCONNECT_X296_Y379_N0_I40                             ;
; Long Path (Critical)     ; Bypassed Hyper-Register ;             ; u_pipe|g_cfar_per_beam[15].u_cfar|u_window|add_334~141~_BLOCK_INPUT_MUX_PASSTHROUGH_X296_Y379_N0_I59                    ;
; Long Path (Critical)     ;                         ;             ; u_pipe|g_cfar_per_beam[15].u_cfar|u_window|add_334~141~_LAB_RE_X296_Y379_N0_I63                                         ;
; Long Path (Critical)     ;                         ;             ; u_pipe|g_cfar_per_beam[15].u_cfar|u_window|i24334~28|datae                                                              ;
; Long Path (Critical)     ;                         ;             ; u_pipe|g_cfar_per_beam[15].u_cfar|u_window|i24334~28|combout                                                            ;
; Long Path (Critical)     ;                         ;             ; u_pipe|g_cfar_per_beam[15].u_cfar|u_window|i24334~28~_LAB_RE_X296_Y379_N0_I141                                          ;
; Long Path (Critical)     ;                         ;             ; u_pipe|g_cfar_per_beam[15].u_cfar|u_window|i24334~28~_C1_X296_Y379_N0_I32                                               ;
; Long Path (Critical)     ;                         ;             ; u_pipe|g_cfar_per_beam[15].u_cfar|u_window|i24334~28~_C1_X296_Y380_N0_I32                                               ;
; Long Path (Critical)     ;                         ;             ; u_pipe|g_cfar_per_beam[15].u_cfar|u_window|i24334~28~_R0_X296_Y381_N0_I60                                               ;
; Long Path (Critical)     ;                         ;             ; u_pipe|g_cfar_per_beam[15].u_cfar|u_window|i24334~28~_R0_X296_Y381_N0_I7                                                ;
; Long Path (Critical)     ;                         ;             ; u_pipe|g_cfar_per_beam[15].u_cfar|u_window|i24334~28~_LOCAL_INTERCONNECT_X296_Y381_N0_I34                               ;
; Long Path (Critical)     ; Bypassed Hyper-Register ;             ; u_pipe|g_cfar_per_beam[15].u_cfar|u_window|i24334~28~_BLOCK_INPUT_MUX_PASSTHROUGH_X296_Y381_N0_I39                      ;
; Long Path (Critical)     ;                         ;             ; u_pipe|g_cfar_per_beam[15].u_cfar|u_window|i24334~28~_LAB_RE_X296_Y381_N0_I33                                           ;
; Long Path (Critical)     ;                         ;             ; u_pipe|g_cfar_per_beam[15].u_cfar|u_window|add_338~141|datad                                                            ;
; Long Path (Critical)     ;                         ;             ; u_pipe|g_cfar_per_beam[15].u_cfar|u_window|add_338~146|cout                                                             ;
; Long Path (Critical)     ;                         ;             ; u_pipe|g_cfar_per_beam[15].u_cfar|u_window|add_338~151|cin                                                              ;
; Long Path (Critical)     ;                         ;             ; u_pipe|g_cfar_per_beam[15].u_cfar|u_window|add_338~151|sumout                                                           ;
; Long Path (Critical)     ;                         ;             ; u_pipe|g_cfar_per_beam[15].u_cfar|u_window|add_338~151~_LAB_RE_X296_Y381_N0_I109                                        ;
; Long Path (Critical)     ;                         ;             ; u_pipe|g_cfar_per_beam[15].u_cfar|u_window|add_338~151~_C1_X296_Y380_N0_I21                                             ;
; Long Path (Critical)     ;                         ;             ; u_pipe|g_cfar_per_beam[15].u_cfar|u_window|add_338~151~_C1_X296_Y379_N0_I21                                             ;
; Long Path (Critical)     ;                         ;             ; u_pipe|g_cfar_per_beam[15].u_cfar|u_window|add_338~151~_LOCAL_INTERCONNECT_X296_Y379_N0_I39                             ;
; Long Path (Critical)     ; Bypassed Hyper-Register ;             ; u_pipe|g_cfar_per_beam[15].u_cfar|u_window|add_338~151~_BLOCK_INPUT_MUX_PASSTHROUGH_X296_Y379_N0_I32                    ;
; Long Path (Critical)     ;                         ;             ; u_pipe|g_cfar_per_beam[15].u_cfar|u_window|add_338~151~_LAB_RE_X296_Y379_N0_I34                                         ;
; Long Path (Critical)     ;                         ;             ; u_pipe|g_cfar_per_beam[15].u_cfar|u_window|i24448~30|datac                                                              ;
; Long Path (Critical)     ;                         ;             ; u_pipe|g_cfar_per_beam[15].u_cfar|u_window|i24448~30|combout                                                            ;
; Long Path (Critical)     ;                         ;             ; u_pipe|g_cfar_per_beam[15].u_cfar|u_window|i24448~30~_LAB_RE_X296_Y379_N0_I138                                          ;
; Long Path (Critical)     ;                         ;             ; u_pipe|g_cfar_per_beam[15].u_cfar|u_window|i24448~30~_C1_X296_Y379_N0_I14                                               ;
; Long Path (Critical)     ;                         ;             ; u_pipe|g_cfar_per_beam[15].u_cfar|u_window|i24448~30~_C1_X296_Y380_N0_I14                                               ;
; Long Path (Critical)     ;                         ;             ; u_pipe|g_cfar_per_beam[15].u_cfar|u_window|i24448~30~_R1_X297_Y381_N0_I14                                               ;
; Long Path (Critical)     ;                         ;             ; u_pipe|g_cfar_per_beam[15].u_cfar|u_window|i24448~30~_R0_X297_Y381_N0_I25                                               ;
; Long Path (Critical)     ;                         ;             ; u_pipe|g_cfar_per_beam[15].u_cfar|u_window|i24448~30~_LOCAL_INTERCONNECT_X297_Y381_N0_I42                               ;
; Long Path (Critical)     ; Bypassed Hyper-Register ;             ; u_pipe|g_cfar_per_beam[15].u_cfar|u_window|i24448~30~_BLOCK_INPUT_MUX_PASSTHROUGH_X297_Y381_N0_I40                      ;
; Long Path (Critical)     ;                         ;             ; u_pipe|g_cfar_per_beam[15].u_cfar|u_window|i24448~30~_LAB_RE_X297_Y381_N0_I42                                           ;
; Long Path (Critical)     ;                         ;             ; u_pipe|g_cfar_per_beam[15].u_cfar|u_window|add_342~151|datac                                                            ;
; Long Path (Critical)     ;                         ;             ; u_pipe|g_cfar_per_beam[15].u_cfar|u_window|add_342~156|cout                                                             ;
; Long Path (Critical)     ;                         ;             ; u_pipe|g_cfar_per_beam[15].u_cfar|u_window|add_342~161|cin                                                              ;
; Long Path (Critical)     ;                         ;             ; u_pipe|g_cfar_per_beam[15].u_cfar|u_window|add_342~161|sumout                                                           ;
; Long Path (Critical)     ;                         ;             ; u_pipe|g_cfar_per_beam[15].u_cfar|u_window|add_342~161~_LAB_RE_X297_Y381_N0_I113                                        ;
; Long Path (Critical)     ; Bypassed Hyper-Register ;             ; u_pipe|g_cfar_per_beam[15].u_cfar|u_window|add_342~161~_C4_X297_Y377_N0_I25                                             ;
; Long Path (Critical)     ;                         ;             ; u_pipe|g_cfar_per_beam[15].u_cfar|u_window|add_342~161~_R1_X297_Y377_N0_I27                                             ;
; Long Path (Critical)     ;                         ;             ; u_pipe|g_cfar_per_beam[15].u_cfar|u_window|add_342~161~_C1_X296_Y377_N0_I26                                             ;
; Long Path (Critical)     ;                         ;             ; u_pipe|g_cfar_per_beam[15].u_cfar|u_window|add_342~161~_LOCAL_INTERCONNECT_X296_Y378_N0_I58                             ;
; Long Path (Critical)     ; Bypassed Hyper-Register ;             ; u_pipe|g_cfar_per_beam[15].u_cfar|u_window|add_342~161~_BLOCK_INPUT_MUX_PASSTHROUGH_X296_Y378_N0_I27                    ;
; Long Path (Critical)     ;                         ;             ; u_pipe|g_cfar_per_beam[15].u_cfar|u_window|add_342~161~_LAB_RE_X296_Y378_N0_I31                                         ;
; Long Path (Critical)     ;                         ;             ; u_pipe|g_cfar_per_beam[15].u_cfar|u_window|i24562~32|dataf                                                              ;
; Long Path (Critical)     ;                         ;             ; u_pipe|g_cfar_per_beam[15].u_cfar|u_window|i24562~32|combout                                                            ;
; Long Path (Critical)     ;                         ;             ; u_pipe|g_cfar_per_beam[15].u_cfar|u_window|i24562~32~cw_ml_mlab/laboutt[12]                                             ;
; Long Path (Critical)     ;                         ;             ; u_pipe|g_cfar_per_beam[15].u_cfar|u_window|i24562~32~_LAB_RE_X296_Y378_N0_I101                                          ;
; Long Path (Critical)     ;                         ;             ; u_pipe|g_cfar_per_beam[15].u_cfar|u_window|i24562~32~_R0_X296_Y378_N0_I22                                               ;
; Long Path (Critical)     ; Bypassed Hyper-Register ;             ; u_pipe|g_cfar_per_beam[15].u_cfar|u_window|i24562~32~_C4_X296_Y378_N0_I32                                               ;
; Long Path (Critical)     ;                         ;             ; u_pipe|g_cfar_per_beam[15].u_cfar|u_window|i24562~32~_R2_X297_Y382_N0_I16                                               ;
; Long Path (Critical)     ;                         ;             ; u_pipe|g_cfar_per_beam[15].u_cfar|u_window|i24562~32~_LOCAL_INTERCONNECT_X298_Y382_N0_I69                               ;
; Long Path (Critical)     ; Bypassed Hyper-Register ;             ; u_pipe|g_cfar_per_beam[15].u_cfar|u_window|i24562~32~_BLOCK_INPUT_MUX_PASSTHROUGH_X298_Y382_N0_I55                      ;
; Long Path (Critical)     ;                         ;             ; u_pipe|g_cfar_per_beam[15].u_cfar|u_window|i24562~32~_LAB_RE_X298_Y382_N0_I49                                           ;
; Long Path (Critical)     ;                         ;             ; u_pipe|g_cfar_per_beam[15].u_cfar|u_window|add_346~161|datad                                                            ;
; Long Path (Critical)     ;                         ;             ; u_pipe|g_cfar_per_beam[15].u_cfar|u_window|add_346~166|cout                                                             ;
; Long Path (Critical)     ;                         ;             ; u_pipe|g_cfar_per_beam[15].u_cfar|u_window|add_346~171|cin                                                              ;
; Long Path (Critical)     ;                         ;             ; u_pipe|g_cfar_per_beam[15].u_cfar|u_window|add_346~176|cout                                                             ;
; Long Path (Critical)     ;                         ;             ; u_pipe|g_cfar_per_beam[15].u_cfar|u_window|add_346~181|cin                                                              ;
; Long Path (Critical)     ;                         ;             ; u_pipe|g_cfar_per_beam[15].u_cfar|u_window|add_346~181|sumout                                                           ;
; Long Path (Critical)     ;                         ;             ; u_pipe|g_cfar_per_beam[15].u_cfar|u_window|add_346~181~_LAB_RE_X298_Y382_N0_I122                                        ;
; Long Path (Critical)     ; Bypassed Hyper-Register ;             ; u_pipe|g_cfar_per_beam[15].u_cfar|u_window|add_346~181~_C4_X298_Y378_N0_I35                                             ;
; Long Path (Critical)     ;                         ;             ; u_pipe|g_cfar_per_beam[15].u_cfar|u_window|add_346~181~_R2_X297_Y378_N0_I17                                             ;
; Long Path (Critical)     ;                         ;             ; u_pipe|g_cfar_per_beam[15].u_cfar|u_window|add_346~181~_LOCAL_INTERCONNECT_X296_Y378_N0_I71                             ;
; Long Path (Critical)     ; Bypassed Hyper-Register ;             ; u_pipe|g_cfar_per_beam[15].u_cfar|u_window|add_346~181~_BLOCK_INPUT_MUX_PASSTHROUGH_X296_Y378_N0_I35                    ;
; Long Path (Critical)     ;                         ;             ; u_pipe|g_cfar_per_beam[15].u_cfar|u_window|add_346~181~_LAB_RE_X296_Y378_N0_I39                                         ;
; Long Path (Critical)     ;                         ;             ; u_pipe|g_cfar_per_beam[15].u_cfar|u_window|i24676~36|datae                                                              ;
; Long Path (Critical)     ;                         ;             ; u_pipe|g_cfar_per_beam[15].u_cfar|u_window|i24676~36|combout                                                            ;
; Long Path (Critical)     ;                         ;             ; u_pipe|g_cfar_per_beam[15].u_cfar|u_window|i24676~36~cw_ml_mlab/laboutt[18]                                             ;
; Long Path (Critical)     ;                         ;             ; u_pipe|g_cfar_per_beam[15].u_cfar|u_window|i24676~36~_LAB_RE_X296_Y378_N0_I107                                          ;
; Long Path (Critical)     ;                         ;             ; u_pipe|g_cfar_per_beam[15].u_cfar|u_window|i24676~36~_C1_X296_Y378_N0_I18                                               ;
; Long Path (Critical)     ;                         ;             ; u_pipe|g_cfar_per_beam[15].u_cfar|u_window|i24676~36~_R2_X297_Y379_N0_I8                                                ;
; Long Path (Critical)     ;                         ;             ; u_pipe|g_cfar_per_beam[15].u_cfar|u_window|i24676~36~_LOCAL_INTERCONNECT_X298_Y379_N0_I36                               ;
; Long Path (Critical)     ; Bypassed Hyper-Register ;             ; u_pipe|g_cfar_per_beam[15].u_cfar|u_window|i24676~36~_BLOCK_INPUT_MUX_PASSTHROUGH_X298_Y379_N0_I64                      ;
; Long Path (Critical)     ;                         ;             ; u_pipe|g_cfar_per_beam[15].u_cfar|u_window|i24676~36~_LAB_RE_X298_Y379_N0_I66                                           ;
; Long Path (Critical)     ;                         ;             ; u_pipe|g_cfar_per_beam[15].u_cfar|u_window|add_350~181|datac                                                            ;
; Long Path (Critical)     ;                         ;             ; u_pipe|g_cfar_per_beam[15].u_cfar|u_window|add_350~181|sumout                                                           ;
; Long Path (Critical)     ;                         ;             ; u_pipe|g_cfar_per_beam[15].u_cfar|u_window|add_350~181~_LAB_RE_X298_Y379_N0_I122                                        ;
; Long Path (Critical)     ;                         ;             ; u_pipe|g_cfar_per_beam[15].u_cfar|u_window|add_350~181~_R0_X298_Y379_N0_I58                                             ;
; Long Path (Critical)     ;                         ;             ; u_pipe|g_cfar_per_beam[15].u_cfar|u_window|add_350~181~_C1_X298_Y378_N0_I23                                             ;
; Long Path (Critical)     ;                         ;             ; u_pipe|g_cfar_per_beam[15].u_cfar|u_window|add_350~181~_R2_X297_Y378_N0_I11                                             ;
; Long Path (Critical)     ;                         ;             ; u_pipe|g_cfar_per_beam[15].u_cfar|u_window|add_350~181~_LOCAL_INTERCONNECT_X296_Y378_N0_I43                             ;
; Long Path (Critical)     ; Bypassed Hyper-Register ;             ; u_pipe|g_cfar_per_beam[15].u_cfar|u_window|add_350~181~_BLOCK_INPUT_MUX_PASSTHROUGH_X296_Y378_N0_I54                    ;
; Long Path (Critical)     ;                         ;             ; u_pipe|g_cfar_per_beam[15].u_cfar|u_window|add_350~181~_LAB_RE_X296_Y378_N0_I54                                         ;
; Long Path (Critical)     ;                         ;             ; u_pipe|g_cfar_per_beam[15].u_cfar|u_window|i24790~36|datad                                                              ;
; Long Path (Critical)     ;                         ;             ; u_pipe|g_cfar_per_beam[15].u_cfar|u_window|i24790~36|combout                                                            ;
; Long Path (Critical)     ;                         ;             ; u_pipe|g_cfar_per_beam[15].u_cfar|u_window|i24790~36~cw_ml_mlab/lab_lut5outb[1]                                         ;
; Long Path (Critical)     ;                         ;             ; u_pipe|g_cfar_per_beam[15].u_cfar|u_window|i24790~36~_LAB_RE_X296_Y378_N0_I140                                          ;
; Long Path (Critical)     ;                         ;             ; u_pipe|g_cfar_per_beam[15].u_cfar|u_window|i24790~36~_R1_X297_Y378_N0_I26                                               ;
; Long Path (Critical)     ;                         ;             ; u_pipe|g_cfar_per_beam[15].u_cfar|u_window|i24790~36~_C1_X297_Y378_N0_I26                                               ;
; Long Path (Critical)     ;                         ;             ; u_pipe|g_cfar_per_beam[15].u_cfar|u_window|i24790~36~_R2_X298_Y379_N0_I12                                               ;
; Long Path (Critical)     ;                         ;             ; u_pipe|g_cfar_per_beam[15].u_cfar|u_window|i24790~36~_LOCAL_INTERCONNECT_X299_Y379_N0_I57                               ;
; Long Path (Critical)     ; Bypassed Hyper-Register ;             ; u_pipe|g_cfar_per_beam[15].u_cfar|u_window|i24790~36~_BLOCK_INPUT_MUX_PASSTHROUGH_X299_Y379_N0_I71                      ;
; Long Path (Critical)     ;                         ;             ; u_pipe|g_cfar_per_beam[15].u_cfar|u_window|i24790~36~_LAB_RE_X299_Y379_N0_I65                                           ;
; Long Path (Critical)     ;                         ;             ; u_pipe|g_cfar_per_beam[15].u_cfar|u_window|add_354~181|datad                                                            ;
; Long Path (Critical)     ;                         ;             ; u_pipe|g_cfar_per_beam[15].u_cfar|u_window|add_354~186|cout                                                             ;
; Long Path (Critical)     ;                         ;             ; u_pipe|g_cfar_per_beam[15].u_cfar|u_window|add_354~191|cin                                                              ;
; Long Path (Critical)     ;                         ;             ; u_pipe|g_cfar_per_beam[15].u_cfar|u_window|add_354~191|sumout                                                           ;
; Long Path (Critical)     ;                         ;             ; u_pipe|g_cfar_per_beam[15].u_cfar|u_window|add_354~191~_LAB_RE_X299_Y379_N0_I125                                        ;
; Long Path (Critical)     ;                         ;             ; u_pipe|g_cfar_per_beam[15].u_cfar|u_window|add_354~191~_C1_X299_Y379_N0_I36                                             ;
; Long Path (Critical)     ;                         ;             ; u_pipe|g_cfar_per_beam[15].u_cfar|u_window|add_354~191~_C1_X299_Y380_N0_I36                                             ;
; Long Path (Critical)     ;                         ;             ; u_pipe|g_cfar_per_beam[15].u_cfar|u_window|add_354~191~_LOCAL_INTERCONNECT_X299_Y381_N0_I76                             ;
; Long Path (Critical)     ; Bypassed Hyper-Register ;             ; u_pipe|g_cfar_per_beam[15].u_cfar|u_window|add_354~191~_BLOCK_INPUT_MUX_PASSTHROUGH_X299_Y381_N0_I6                     ;
; Long Path (Critical)     ;                         ;             ; u_pipe|g_cfar_per_beam[15].u_cfar|u_window|add_354~191~_LAB_RE_X299_Y381_N0_I6                                          ;
; Long Path (Critical)     ;                         ;             ; u_pipe|g_cfar_per_beam[15].u_cfar|u_window|i24904~19|datad                                                              ;
; Long Path (Critical)     ;                         ;             ; u_pipe|g_cfar_per_beam[15].u_cfar|u_window|i24904~19|combout                                                            ;
; Long Path (Critical)     ;                         ;             ; u_pipe|g_cfar_per_beam[15].u_cfar|u_window|i24904~19~cw_la_lab/lab_lut5outt[0]                                          ;
; Long Path (Critical)     ;                         ;             ; u_pipe|g_cfar_per_beam[15].u_cfar|u_window|i24904~19~_LAB_RE_X299_Y381_N0_I129                                          ;
; Long Path (Critical)     ;                         ;             ; u_pipe|g_cfar_per_beam[15].u_cfar|u_window|i24904~19~_R1_X299_Y381_N0_I3                                                ;
; Long Path (Critical)     ; Bypassed Hyper-Register ;             ; u_pipe|g_cfar_per_beam[15].u_cfar|u_window|i24904~19~_C4_X298_Y377_N0_I1                                                ;
; Long Path (Critical)     ;                         ;             ; u_pipe|g_cfar_per_beam[15].u_cfar|u_window|i24904~19~_R1_X298_Y377_N0_I3                                                ;
; Long Path (Critical)     ;                         ;             ; u_pipe|g_cfar_per_beam[15].u_cfar|u_window|i24904~19~_C1_X297_Y377_N0_I2                                                ;
; Long Path (Critical)     ;                         ;             ; u_pipe|g_cfar_per_beam[15].u_cfar|u_window|i24904~19~_LOCAL_INTERCONNECT_X297_Y378_N0_I16                               ;
; Long Path (Critical)     ; Bypassed Hyper-Register ;             ; u_pipe|g_cfar_per_beam[15].u_cfar|u_window|i24904~19~_BLOCK_INPUT_MUX_PASSTHROUGH_X297_Y378_N0_I72                      ;
; Long Path (Critical)     ;                         ;             ; u_pipe|g_cfar_per_beam[15].u_cfar|u_window|i24904~19~_LAB_RE_X297_Y378_N0_I74                                           ;
; Long Path (Critical)     ;                         ;             ; u_pipe|g_cfar_per_beam[15].u_cfar|u_window|add_358~191|datac                                                            ;
; Long Path (Critical)     ; Bypassed Hyper-Register ;             ; u_pipe|g_cfar_per_beam[15].u_cfar|u_window|add_358~196|cout                                                             ;
; Long Path (Critical)     ;                         ;             ; u_pipe|g_cfar_per_beam[15].u_cfar|u_window|add_358~196~_LAB_RE_X297_Y378_N0_I88                                         ;
; Long Path (Critical)     ;                         ;             ; u_pipe|g_cfar_per_beam[15].u_cfar|u_window|add_358~196~_LAB_RE_X297_Y377_N0_I87                                         ;
; Long Path (Critical)     ;                         ;             ; u_pipe|g_cfar_per_beam[15].u_cfar|u_window|add_358~201|cin                                                              ;
; Long Path (Critical)     ;                         ;             ; u_pipe|g_cfar_per_beam[15].u_cfar|u_window|add_358~206|cout                                                             ;
; Long Path (Critical)     ;                         ;             ; u_pipe|g_cfar_per_beam[15].u_cfar|u_window|add_358~211|cin                                                              ;
; Long Path (Critical)     ;                         ;             ; u_pipe|g_cfar_per_beam[15].u_cfar|u_window|add_358~216|cout                                                             ;
; Long Path (Critical)     ;                         ;             ; u_pipe|g_cfar_per_beam[15].u_cfar|u_window|add_358~221|cin                                                              ;
; Long Path (Critical)     ;                         ;             ; u_pipe|g_cfar_per_beam[15].u_cfar|u_window|add_358~221|sumout                                                           ;
; Long Path (Critical)     ;                         ;             ; u_pipe|g_cfar_per_beam[15].u_cfar|u_window|add_358~221~_LAB_RE_X297_Y377_N0_I97                                         ;
; Long Path (Critical)     ;                         ;             ; u_pipe|g_cfar_per_beam[15].u_cfar|u_window|add_358~221~_R1_X298_Y377_N0_I8                                              ;
; Long Path (Critical)     ;                         ;             ; u_pipe|g_cfar_per_beam[15].u_cfar|u_window|add_358~221~_LOCAL_INTERCONNECT_X298_Y377_N0_I19                             ;
; Long Path (Critical)     ; Bypassed Hyper-Register ;             ; u_pipe|g_cfar_per_beam[15].u_cfar|u_window|add_358~221~_BLOCK_INPUT_MUX_PASSTHROUGH_X298_Y377_N0_I14                    ;
; Long Path (Critical)     ;                         ;             ; u_pipe|g_cfar_per_beam[15].u_cfar|u_window|add_358~221~_LAB_RE_X298_Y377_N0_I14                                         ;
; Long Path (Critical)     ;                         ;             ; u_pipe|g_cfar_per_beam[15].u_cfar|u_window|sum_lag_c[0]~44|datad                                                        ;
; Long Path (Critical)     ;                         ;             ; u_pipe|g_cfar_per_beam[15].u_cfar|u_window|sum_lag_c[0]~44|combout                                                      ;
; Long Path (Critical)     ;                         ;             ; u_pipe|g_cfar_per_beam[15].u_cfar|u_window|sum_lag_c[0]~44~cw_ml_mlab/lab_lut5outt[1]                                   ;
; Long Path (Critical)     ;                         ;             ; u_pipe|g_cfar_per_beam[15].u_cfar|u_window|sum_lag_c[0]~44~_LAB_RE_X298_Y377_N0_I130                                    ;
; Long Path (Critical)     ;                         ;             ; u_pipe|g_cfar_per_beam[15].u_cfar|u_window|sum_lag_c[0]~44~_R1_X299_Y377_N0_I6                                          ;
; Long Path (Critical)     ;                         ;             ; u_pipe|g_cfar_per_beam[15].u_cfar|u_window|sum_lag_c[0]~44~_R1_X300_Y377_N0_I6                                          ;
; Long Path (Critical)     ;                         ;             ; u_pipe|g_cfar_per_beam[15].u_cfar|u_window|sum_lag_c[0]~44~_R0_X300_Y377_N0_I12                                         ;
; Long Path (Critical)     ;                         ;             ; u_pipe|g_cfar_per_beam[15].u_cfar|u_window|sum_lag_c[0]~44~_R0_X300_Y377_N0_I45                                         ;
; Long Path (Critical)     ;                         ;             ; u_pipe|g_cfar_per_beam[15].u_cfar|u_window|sum_lag_c[0]~44~_LOCAL_INTERCONNECT_X300_Y377_N0_I124                        ;
; Long Path (Critical)     ; Bypassed Hyper-Register ;             ; u_pipe|g_cfar_per_beam[15].u_cfar|u_window|sum_lag_c[0]~44~_BLOCK_INPUT_MUX_PASSTHROUGH_X300_Y377_N0_I88                ;
; Long Path (Critical)     ;                         ;             ; u_pipe|g_cfar_per_beam[15].u_cfar|u_window|sum_lag_c[0]~44~_MP_MAC_RE_X300_Y377_N0_I122                                 ;
; Long Path (Critical)     ;                         ;             ; u_pipe|g_cfar_per_beam[15].u_cfar|mult_1~mac|ax[17]                                                                     ;
; Long Path (Critical)     ; REG (DSP)               ; #8          ; u_pipe|g_cfar_per_beam[15].u_cfar|sum_lag1_q[35]                                                                        ;
; Long Path                ; REG (DSP)               ; #9          ; u_pipe|g_cfar_per_beam[15].u_cfar|mult_1~mac~AY_REG                                                                     ;
; ------------------------ ; ----------------------- ; ----------- ; ----------------------------------------------------------------------------------------------------------------------- ;
; Power-up Restriction     ; ALM Register            ; #1          ; u_pipe|g_cfar_per_beam[15].u_cfar|state_q.ST_IDLE~DUPLICATE                                                             ;
; Extend to locatable node ;                         ;             ; u_pipe|g_cfar_per_beam[15].u_cfar|state_q.ST_IDLE~DUPLICATE|q                                                           ;
; Extend to locatable node ;                         ;             ; u_pipe|g_cfar_per_beam[15].u_cfar|state_q.ST_IDLE~DUPLICATE~_LAB_RE_X346_Y348_N0_I97                                    ;
; Extend to locatable node ;                         ;             ; u_pipe|g_cfar_per_beam[15].u_cfar|state_q.ST_IDLE~DUPLICATE~_R1_X347_Y348_N0_I8                                         ;
; Extend to locatable node ;                         ;             ; u_pipe|g_cfar_per_beam[15].u_cfar|state_q.ST_IDLE~DUPLICATE~_LOCAL_INTERCONNECT_X347_Y348_N0_I1                         ;
; Long Path                ; Bypassed Hyper-Register ;             ; u_pipe|g_cfar_per_beam[15].u_cfar|state_q.ST_IDLE~DUPLICATE~_BLOCK_INPUT_MUX_PASSTHROUGH_X347_Y348_N0_I19               ;
; Long Path                ;                         ;             ; u_pipe|g_cfar_per_beam[15].u_cfar|state_q.ST_IDLE~DUPLICATE~_LAB_RE_X347_Y348_N0_I23                                    ;
; Long Path                ;                         ;             ; u_pipe|g_cfar_per_beam[15].u_cfar|admit~1|datae                                                                         ;
; Long Path                ;                         ;             ; u_pipe|g_cfar_per_beam[15].u_cfar|admit~1|combout                                                                       ;
; Long Path                ;                         ;             ; u_pipe|g_cfar_per_beam[15].u_cfar|admit~1~_LAB_RE_X347_Y348_N0_I100                                                     ;
; Long Path                ; Bypassed Hyper-Register ;             ; u_pipe|g_cfar_per_beam[15].u_cfar|admit~1~_C4_X347_Y348_N0_I8                                                           ;
; Extend to locatable node ; Bypassed Hyper-Register ;             ; u_pipe|g_cfar_per_beam[15].u_cfar|admit~1~_C4_X347_Y352_N0_I8                                                           ;
; Extend to locatable node ; Bypassed Hyper-Register ;             ; u_pipe|g_cfar_per_beam[15].u_cfar|admit~1~_C4_X347_Y356_N0_I8                                                           ;
; Extend to locatable node ; Bypassed Hyper-Register ;             ; u_pipe|g_cfar_per_beam[15].u_cfar|admit~1~_R6_X342_Y360_N0_I4                                                           ;
; Extend to locatable node ; Bypassed Hyper-Register ;             ; u_pipe|g_cfar_per_beam[15].u_cfar|admit~1~_R6_X336_Y360_N0_I4                                                           ;
; Extend to locatable node ;                         ;             ; u_pipe|g_cfar_per_beam[15].u_cfar|admit~1~_R0_X335_Y360_N0_I14                                                          ;
; Extend to locatable node ; Bypassed Hyper-Register ;             ; u_pipe|g_cfar_per_beam[15].u_cfar|admit~1~_C4_X335_Y360_N0_I18                                                          ;
; Extend to locatable node ; Bypassed Hyper-Register ;             ; u_pipe|g_cfar_per_beam[15].u_cfar|admit~1~_C4_X335_Y364_N0_I18                                                          ;
; Extend to locatable node ;                         ;             ; u_pipe|g_cfar_per_beam[15].u_cfar|admit~1~_R0_X335_Y368_N0_I33                                                          ;
; Extend to locatable node ;                         ;             ; u_pipe|g_cfar_per_beam[15].u_cfar|admit~1~_R1_X335_Y368_N0_I59                                                          ;
; Extend to locatable node ;                         ;             ; u_pipe|g_cfar_per_beam[15].u_cfar|admit~1~_C1_X334_Y368_N0_I38                                                          ;
; Extend to locatable node ;                         ;             ; u_pipe|g_cfar_per_beam[15].u_cfar|admit~1~_R0_X334_Y369_N0_I67                                                          ;
; Extend to locatable node ;                         ;             ; u_pipe|g_cfar_per_beam[15].u_cfar|admit~1~_LOCAL_INTERCONNECT_X334_Y369_N0_I7                                           ;
; Extend to locatable node ; Bypassed Hyper-Register ;             ; u_pipe|g_cfar_per_beam[15].u_cfar|admit~1~_BLOCK_INPUT_MUX_PASSTHROUGH_X334_Y369_N0_I17                                 ;
; Extend to locatable node ;                         ;             ; u_pipe|g_cfar_per_beam[15].u_cfar|admit~1~_LAB_RE_X334_Y369_N0_I21                                                      ;
; Extend to locatable node ;                         ;             ; u_pipe|g_cfar_per_beam[15].u_cfar|add_2~26|datac                                                                        ;
; Extend to locatable node ;                         ;             ; u_pipe|g_cfar_per_beam[15].u_cfar|add_2~26|sumout                                                                       ;
; Extend to locatable node ;                         ;             ; u_pipe|g_cfar_per_beam[15].u_cfar|frame_len_q[5]|d                                                                      ;
; Extend to locatable node ; ALM Register            ; #2          ; u_pipe|g_cfar_per_beam[15].u_cfar|frame_len_q[5]                                                                        ;
; ------------------------ ; ----------------------- ; ----------- ; ----------------------------------------------------------------------------------------------------------------------- ;
; Extend to locatable node ; ALM Register            ; #3          ; u_pipe|beam_ph_done_q[15]                                                                                               ;
; Extend to locatable node ;                         ;             ; u_pipe|beam_ph_done_q[15]|q                                                                                             ;
; Extend to locatable node ;                         ;             ; u_pipe|beam_ph_done_q[15]~LAB_RE_X347_Y367_N0_I113                                                                      ;
; Extend to locatable node ;                         ;             ; u_pipe|beam_ph_done_q[15]~C1_X347_Y366_N0_I25                                                                           ;
; Extend to locatable node ;                         ;             ; u_pipe|beam_ph_done_q[15]~C1_X347_Y365_N0_I25                                                                           ;
; Extend to locatable node ;                         ;             ; u_pipe|beam_ph_done_q[15]~C1_X347_Y364_N0_I25                                                                           ;
; Extend to locatable node ; Bypassed Hyper-Register ;             ; u_pipe|beam_ph_done_q[15]~C8_X347_Y356_N0_I2                                                                            ;
; Extend to locatable node ;                         ;             ; u_pipe|beam_ph_done_q[15]~R0_X347_Y356_N0_I41                                                                           ;
; Extend to locatable node ; Bypassed Hyper-Register ;             ; u_pipe|beam_ph_done_q[15]~C4_X347_Y352_N0_I11                                                                           ;
; Extend to locatable node ; Bypassed Hyper-Register ;             ; u_pipe|beam_ph_done_q[15]~C4_X347_Y348_N0_I11                                                                           ;
; Extend to locatable node ;                         ;             ; u_pipe|beam_ph_done_q[15]~LOCAL_INTERCONNECT_X347_Y348_N0_I22                                                           ;
; Retiming Dependency      ; Bypassed Hyper-Register ;             ; u_pipe|beam_ph_done_q[15]~BLOCK_INPUT_MUX_PASSTHROUGH_X347_Y348_N0_I20                                                  ;
; Retiming Dependency      ;                         ;             ; u_pipe|beam_ph_done_q[15]~LAB_RE_X347_Y348_N0_I19                                                                       ;
; Retiming Dependency      ;                         ;             ; u_pipe|g_cfar_per_beam[15].u_cfar|admit~1|dataa                                                                         ;
; Retiming Dependency      ;                         ;             ; u_pipe|g_cfar_per_beam[15].u_cfar|admit~1|combout                                                                       ;
; Retiming Dependency      ;                         ;             ; u_pipe|g_cfar_per_beam[15].u_cfar|admit~1~_LAB_RE_X347_Y348_N0_I100                                                     ;
; Retiming Dependency      ; Bypassed Hyper-Register ;             ; u_pipe|g_cfar_per_beam[15].u_cfar|admit~1~_C4_X347_Y348_N0_I8                                                           ;
; Extend to locatable node ; Bypassed Hyper-Register ;             ; u_pipe|g_cfar_per_beam[15].u_cfar|admit~1~_C4_X347_Y352_N0_I8                                                           ;
; Extend to locatable node ; Bypassed Hyper-Register ;             ; u_pipe|g_cfar_per_beam[15].u_cfar|admit~1~_C4_X347_Y356_N0_I8                                                           ;
; Extend to locatable node ; Bypassed Hyper-Register ;             ; u_pipe|g_cfar_per_beam[15].u_cfar|admit~1~_R6_X342_Y360_N0_I4                                                           ;
; Extend to locatable node ; Bypassed Hyper-Register ;             ; u_pipe|g_cfar_per_beam[15].u_cfar|admit~1~_R6_X336_Y360_N0_I4                                                           ;
; Extend to locatable node ;                         ;             ; u_pipe|g_cfar_per_beam[15].u_cfar|admit~1~_R0_X335_Y360_N0_I14                                                          ;
; Extend to locatable node ; Bypassed Hyper-Register ;             ; u_pipe|g_cfar_per_beam[15].u_cfar|admit~1~_C4_X335_Y360_N0_I18                                                          ;
; Extend to locatable node ; Bypassed Hyper-Register ;             ; u_pipe|g_cfar_per_beam[15].u_cfar|admit~1~_C4_X335_Y364_N0_I18                                                          ;
; Extend to locatable node ;                         ;             ; u_pipe|g_cfar_per_beam[15].u_cfar|admit~1~_R0_X335_Y368_N0_I33                                                          ;
; Extend to locatable node ;                         ;             ; u_pipe|g_cfar_per_beam[15].u_cfar|admit~1~_R1_X335_Y368_N0_I59                                                          ;
; Extend to locatable node ;                         ;             ; u_pipe|g_cfar_per_beam[15].u_cfar|admit~1~_C1_X334_Y368_N0_I38                                                          ;
; Extend to locatable node ;                         ;             ; u_pipe|g_cfar_per_beam[15].u_cfar|admit~1~_R0_X334_Y369_N0_I67                                                          ;
; Extend to locatable node ;                         ;             ; u_pipe|g_cfar_per_beam[15].u_cfar|admit~1~_LOCAL_INTERCONNECT_X334_Y369_N0_I7                                           ;
; Extend to locatable node ; Bypassed Hyper-Register ;             ; u_pipe|g_cfar_per_beam[15].u_cfar|admit~1~_BLOCK_INPUT_MUX_PASSTHROUGH_X334_Y369_N0_I17                                 ;
; Extend to locatable node ;                         ;             ; u_pipe|g_cfar_per_beam[15].u_cfar|admit~1~_LAB_RE_X334_Y369_N0_I21                                                      ;
; Extend to locatable node ;                         ;             ; u_pipe|g_cfar_per_beam[15].u_cfar|add_2~26|datac                                                                        ;
; Extend to locatable node ;                         ;             ; u_pipe|g_cfar_per_beam[15].u_cfar|add_2~26|sumout                                                                       ;
; Extend to locatable node ;                         ;             ; u_pipe|g_cfar_per_beam[15].u_cfar|frame_len_q[5]|d                                                                      ;
; Extend to locatable node ; ALM Register            ; #2          ; u_pipe|g_cfar_per_beam[15].u_cfar|frame_len_q[5]                                                                        ;
; ------------------------ ; ----------------------- ; ----------- ; ----------------------------------------------------------------------------------------------------------------------- ;
; Extend to locatable node ; ALM Register            ; #3          ; u_pipe|beam_ph_done_q[15]                                                                                               ;
; Extend to locatable node ;                         ;             ; u_pipe|beam_ph_done_q[15]|q                                                                                             ;
; Extend to locatable node ;                         ;             ; u_pipe|beam_ph_done_q[15]~LAB_RE_X347_Y367_N0_I113                                                                      ;
; Extend to locatable node ;                         ;             ; u_pipe|beam_ph_done_q[15]~C1_X347_Y366_N0_I25                                                                           ;
; Extend to locatable node ;                         ;             ; u_pipe|beam_ph_done_q[15]~C1_X347_Y365_N0_I25                                                                           ;
; Extend to locatable node ;                         ;             ; u_pipe|beam_ph_done_q[15]~C1_X347_Y364_N0_I25                                                                           ;
; Extend to locatable node ; Bypassed Hyper-Register ;             ; u_pipe|beam_ph_done_q[15]~C8_X347_Y356_N0_I2                                                                            ;
; Extend to locatable node ;                         ;             ; u_pipe|beam_ph_done_q[15]~R0_X347_Y356_N0_I41                                                                           ;
; Extend to locatable node ; Bypassed Hyper-Register ;             ; u_pipe|beam_ph_done_q[15]~C4_X347_Y352_N0_I11                                                                           ;
; Extend to locatable node ; Bypassed Hyper-Register ;             ; u_pipe|beam_ph_done_q[15]~C4_X347_Y348_N0_I11                                                                           ;
; Extend to locatable node ;                         ;             ; u_pipe|beam_ph_done_q[15]~LOCAL_INTERCONNECT_X347_Y348_N0_I22                                                           ;
; Long Path                ; Bypassed Hyper-Register ;             ; u_pipe|beam_ph_done_q[15]~BLOCK_INPUT_MUX_PASSTHROUGH_X347_Y348_N0_I20                                                  ;
; Long Path                ;                         ;             ; u_pipe|beam_ph_done_q[15]~LAB_RE_X347_Y348_N0_I19                                                                       ;
; Long Path                ;                         ;             ; u_pipe|g_cfar_per_beam[15].u_cfar|in_frame|dataa                                                                        ;
; Long Path                ;                         ;             ; u_pipe|g_cfar_per_beam[15].u_cfar|in_frame|combout                                                                      ;
; Long Path                ;                         ;             ; u_pipe|g_cfar_per_beam[15].u_cfar|in_frame~LAB_RE_X347_Y348_N0_I97                                                      ;
; Long Path                ; Bypassed Hyper-Register ;             ; u_pipe|g_cfar_per_beam[15].u_cfar|in_frame~R6_X342_Y348_N0_I4                                                           ;
; Long Path                ;                         ;             ; u_pipe|g_cfar_per_beam[15].u_cfar|in_frame~C1_X341_Y348_N0_I8                                                           ;
; Long Path                ; Bypassed Hyper-Register ;             ; u_pipe|g_cfar_per_beam[15].u_cfar|in_frame~R12_X335_Y349_N0_I8                                                          ;
; Long Path                ;                         ;             ; u_pipe|g_cfar_per_beam[15].u_cfar|in_frame~H12_BUF_X330_Y349_N0_I0                                                      ;
; Long Path                ; Bypassed Hyper-Register ;             ; u_pipe|g_cfar_per_beam[15].u_cfar|in_frame~C8_X329_Y349_N0_I1                                                           ;
; Long Path                ; Bypassed Hyper-Register ;             ; u_pipe|g_cfar_per_beam[15].u_cfar|in_frame~C8_X329_Y357_N0_I1                                                           ;
; Long Path                ; Bypassed Hyper-Register ;             ; u_pipe|g_cfar_per_beam[15].u_cfar|in_frame~C8_X329_Y365_N0_I1                                                           ;
; Long Path                ;                         ;             ; u_pipe|g_cfar_per_beam[15].u_cfar|in_frame~R0_X329_Y373_N0_I29                                                          ;
; Long Path                ;                         ;             ; u_pipe|g_cfar_per_beam[15].u_cfar|in_frame~R2_X330_Y373_N0_I18                                                          ;
; Long Path                ;                         ;             ; u_pipe|g_cfar_per_beam[15].u_cfar|in_frame~C1_X331_Y372_N0_I37                                                          ;
; Long Path                ;                         ;             ; u_pipe|g_cfar_per_beam[15].u_cfar|in_frame~LOCAL_INTERCONNECT_X331_Y372_N0_I76                                          ;
; Long Path                ; Bypassed Hyper-Register ;             ; u_pipe|g_cfar_per_beam[15].u_cfar|in_frame~BLOCK_INPUT_MUX_PASSTHROUGH_X331_Y372_N0_I66                                 ;
; Long Path                ;                         ;             ; u_pipe|g_cfar_per_beam[15].u_cfar|in_frame~LAB_RE_X331_Y372_N0_I64                                                      ;
; Long Path                ;                         ;             ; u_pipe|g_cfar_per_beam[15].u_cfar|u_window|cell_q[72][39]~0|datae                                                       ;
; Long Path                ;                         ;             ; u_pipe|g_cfar_per_beam[15].u_cfar|u_window|cell_q[72][39]~0|combout                                                     ;
; Long Path                ;                         ;             ; u_pipe|g_cfar_per_beam[15].u_cfar|u_window|cell_q[72][39]~0~_LAB_RE_X331_Y372_N0_I147                                   ;
; Long Path                ;                         ;             ; u_pipe|g_cfar_per_beam[15].u_cfar|u_window|cell_q[72][39]~0~_R1_X331_Y372_N0_I33                                        ;
; Long Path                ; Bypassed Hyper-Register ;             ; u_pipe|g_cfar_per_beam[15].u_cfar|u_window|cell_q[72][39]~0~_R4_X327_Y372_N0_I18                                        ;
; Long Path                ;                         ;             ; u_pipe|g_cfar_per_beam[15].u_cfar|u_window|cell_q[72][39]~0~_R0_X326_Y372_N0_I62                                        ;
; Long Path                ; Bypassed Hyper-Register ;             ; u_pipe|g_cfar_per_beam[15].u_cfar|u_window|cell_q[72][39]~0~_R12_X315_Y372_N0_I3                                        ;
; Long Path                ;                         ;             ; u_pipe|g_cfar_per_beam[15].u_cfar|u_window|cell_q[72][39]~0~_R0_X314_Y372_N0_I41                                        ;
; Long Path                ;                         ;             ; u_pipe|g_cfar_per_beam[15].u_cfar|u_window|cell_q[72][39]~0~_C1_X314_Y372_N0_I14                                        ;
; Long Path                ; Bypassed Hyper-Register ;             ; u_pipe|g_cfar_per_beam[15].u_cfar|u_window|cell_q[72][39]~0~_C4_X314_Y373_N0_I14                                        ;
; Long Path                ; Bypassed Hyper-Register ;             ; u_pipe|g_cfar_per_beam[15].u_cfar|u_window|cell_q[72][39]~0~_C4_X314_Y377_N0_I14                                        ;
; Long Path                ;                         ;             ; u_pipe|g_cfar_per_beam[15].u_cfar|u_window|cell_q[72][39]~0~_R0_X314_Y381_N0_I26                                        ;
; Long Path                ;                         ;             ; u_pipe|g_cfar_per_beam[15].u_cfar|u_window|cell_q[72][39]~0~_C1_X314_Y380_N0_I35                                        ;
; Long Path                ;                         ;             ; u_pipe|g_cfar_per_beam[15].u_cfar|u_window|cell_q[72][39]~0~_LOCAL_INTERCONNECT_X314_Y380_N0_I71                        ;
; Long Path                ;                         ;             ; u_pipe|g_cfar_per_beam[15].u_cfar|u_window|cell_q[72][39]~0~_BLOCK_INPUT_MUX_PASSTHROUGH_X314_Y380_N0_I82               ;
; Long Path                ;                         ;             ; u_pipe|g_cfar_per_beam[15].u_cfar|u_window|cell_q[72][39]~0~_LAB_RE_X314_Y380_N0_I80                                    ;
; Long Path                ; Bypassed Hyper-Register ;             ; u_pipe|g_cfar_per_beam[15].u_cfar|u_window|cell_q[40][9]~xtophalf/xale4/xcw_ml_le_regctrl/xcw_la_le_regctrl_reg/nce_out ;
; Long Path                ;                         ;             ; u_pipe|g_cfar_per_beam[15].u_cfar|u_window|cell_q[40][9]|ena                                                            ;
; Long Path                ; ALM Register            ; #4          ; u_pipe|g_cfar_per_beam[15].u_cfar|u_window|cell_q[40][9]                                                                ;
; ------------------------ ; ----------------------- ; ----------- ; ----------------------------------------------------------------------------------------------------------------------- ;
; Extend to locatable node ; ALM Register            ; #5          ; u_pipe|g_cfar_per_beam[15].u_cfar|u_window|cell_q[39][9]                                                                ;
; Extend to locatable node ;                         ;             ; u_pipe|g_cfar_per_beam[15].u_cfar|u_window|cell_q[39][9]|q                                                              ;
; Extend to locatable node ;                         ;             ; u_pipe|g_cfar_per_beam[15].u_cfar|u_window|cell_q[39][9]~LAB_RE_X314_Y381_N0_I104                                       ;
; Extend to locatable node ;                         ;             ; u_pipe|g_cfar_per_beam[15].u_cfar|u_window|cell_q[39][9]~C1_X314_Y380_N0_I15                                            ;
; Extend to locatable node ;                         ;             ; u_pipe|g_cfar_per_beam[15].u_cfar|u_window|cell_q[39][9]~R0_X314_Y380_N0_I25                                            ;
; Extend to locatable node ;                         ;             ; u_pipe|g_cfar_per_beam[15].u_cfar|u_window|cell_q[39][9]~R0_X314_Y380_N0_I43                                            ;
; Extend to locatable node ;                         ;             ; u_pipe|g_cfar_per_beam[15].u_cfar|u_window|cell_q[39][9]~R0_X314_Y380_N0_I10                                            ;
; Extend to locatable node ;                         ;             ; u_pipe|g_cfar_per_beam[15].u_cfar|u_window|cell_q[39][9]~LOCAL_INTERCONNECT_X314_Y380_N0_I20                            ;
; Retiming Dependency      ; Bypassed Hyper-Register ;             ; u_pipe|g_cfar_per_beam[15].u_cfar|u_window|cell_q[39][9]~BLOCK_INPUT_MUX_PASSTHROUGH_X314_Y380_N0_I37                   ;
; Retiming Dependency      ;                         ;             ; u_pipe|g_cfar_per_beam[15].u_cfar|u_window|cell_q[39][9]~LAB_RE_X314_Y380_N0_I36                                        ;
; Retiming Dependency      ;                         ;             ; u_pipe|g_cfar_per_beam[15].u_cfar|u_window|cell_q[40][9]|d                                                              ;
; Retiming Dependency      ; ALM Register            ; #4          ; u_pipe|g_cfar_per_beam[15].u_cfar|u_window|cell_q[40][9]                                                                ;
; ------------------------ ; ----------------------- ; ----------- ; ----------------------------------------------------------------------------------------------------------------------- ;
; Extend to locatable node ; ALM Register            ; #5          ; u_pipe|g_cfar_per_beam[15].u_cfar|u_window|cell_q[39][9]                                                                ;
; Extend to locatable node ;                         ;             ; u_pipe|g_cfar_per_beam[15].u_cfar|u_window|cell_q[39][9]|q                                                              ;
; Extend to locatable node ;                         ;             ; u_pipe|g_cfar_per_beam[15].u_cfar|u_window|cell_q[39][9]~LAB_RE_X314_Y381_N0_I104                                       ;
; Extend to locatable node ;                         ;             ; u_pipe|g_cfar_per_beam[15].u_cfar|u_window|cell_q[39][9]~C1_X314_Y380_N0_I15                                            ;
; Extend to locatable node ;                         ;             ; u_pipe|g_cfar_per_beam[15].u_cfar|u_window|cell_q[39][9]~R0_X314_Y380_N0_I25                                            ;
; Extend to locatable node ;                         ;             ; u_pipe|g_cfar_per_beam[15].u_cfar|u_window|cell_q[39][9]~R0_X314_Y380_N0_I43                                            ;
; Extend to locatable node ;                         ;             ; u_pipe|g_cfar_per_beam[15].u_cfar|u_window|cell_q[39][9]~R0_X314_Y380_N0_I10                                            ;
; Extend to locatable node ;                         ;             ; u_pipe|g_cfar_per_beam[15].u_cfar|u_window|cell_q[39][9]~LOCAL_INTERCONNECT_X314_Y380_N0_I20                            ;
; Long Path                ; Bypassed Hyper-Register ;             ; u_pipe|g_cfar_per_beam[15].u_cfar|u_window|cell_q[39][9]~BLOCK_INPUT_MUX_PASSTHROUGH_X314_Y380_N0_I37                   ;
; Long Path                ;                         ;             ; u_pipe|g_cfar_per_beam[15].u_cfar|u_window|cell_q[39][9]~LAB_RE_X314_Y380_N0_I36                                        ;
; Long Path                ;                         ;             ; u_pipe|g_cfar_per_beam[15].u_cfar|u_window|add_226~46|datab                                                             ;
; Long Path                ; Bypassed Hyper-Register ;             ; u_pipe|g_cfar_per_beam[15].u_cfar|u_window|add_226~96|cout                                                              ;
; Extend to locatable node ;                         ;             ; u_pipe|g_cfar_per_beam[15].u_cfar|u_window|add_226~96~_LAB_RE_X314_Y380_N0_I154                                         ;
; Extend to locatable node ;                         ;             ; u_pipe|g_cfar_per_beam[15].u_cfar|u_window|add_226~96~_LAB_RE_X314_Y379_N0_I153                                         ;
; Extend to locatable node ;                         ;             ; u_pipe|g_cfar_per_beam[15].u_cfar|u_window|add_226~101|cin                                                              ;
; Extend to locatable node ;                         ;             ; u_pipe|g_cfar_per_beam[15].u_cfar|u_window|add_226~106|sumout                                                           ;
; Extend to locatable node ;                         ;             ; u_pipe|g_cfar_per_beam[15].u_cfar|u_window|add_226~106~cw_ml_mlab/laboutt[2]                                            ;
; Extend to locatable node ;                         ;             ; u_pipe|g_cfar_per_beam[15].u_cfar|u_window|add_226~106~_LAB_RE_X314_Y379_N0_I91                                         ;
; Extend to locatable node ;                         ;             ; u_pipe|g_cfar_per_beam[15].u_cfar|u_window|add_226~106~_R1_X314_Y379_N0_I1                                              ;
; Extend to locatable node ;                         ;             ; u_pipe|g_cfar_per_beam[15].u_cfar|u_window|add_226~106~_C1_X313_Y378_N0_I1                                              ;
; Extend to locatable node ;                         ;             ; u_pipe|g_cfar_per_beam[15].u_cfar|u_window|add_226~106~_LOCAL_INTERCONNECT_X313_Y378_N0_I0                              ;
; Extend to locatable node ; Bypassed Hyper-Register ;             ; u_pipe|g_cfar_per_beam[15].u_cfar|u_window|add_226~106~_BLOCK_INPUT_MUX_PASSTHROUGH_X313_Y378_N0_I4                     ;
; Extend to locatable node ;                         ;             ; u_pipe|g_cfar_per_beam[15].u_cfar|u_window|add_226~106~_LAB_RE_X313_Y378_N0_I3                                          ;
; Extend to locatable node ;                         ;             ; u_pipe|g_cfar_per_beam[15].u_cfar|u_window|add_230~106|dataa                                                            ;
; Extend to locatable node ;                         ;             ; u_pipe|g_cfar_per_beam[15].u_cfar|u_window|add_230~106|sumout                                                           ;
; Extend to locatable node ;                         ;             ; u_pipe|g_cfar_per_beam[15].u_cfar|u_window|add_230~106~_LAB_RE_X313_Y378_N0_I92                                         ;
; Extend to locatable node ;                         ;             ; u_pipe|g_cfar_per_beam[15].u_cfar|u_window|add_230~106~_R1_X313_Y378_N0_I3                                              ;
; Extend to locatable node ;                         ;             ; u_pipe|g_cfar_per_beam[15].u_cfar|u_window|add_230~106~_LOCAL_INTERCONNECT_X312_Y378_N0_I9                              ;
; Extend to locatable node ; Bypassed Hyper-Register ;             ; u_pipe|g_cfar_per_beam[15].u_cfar|u_window|add_230~106~_BLOCK_INPUT_MUX_PASSTHROUGH_X312_Y378_N0_I6                     ;
; Extend to locatable node ;                         ;             ; u_pipe|g_cfar_per_beam[15].u_cfar|u_window|add_230~106~_LAB_RE_X312_Y378_N0_I6                                          ;
; Extend to locatable node ;                         ;             ; u_pipe|g_cfar_per_beam[15].u_cfar|u_window|add_234~106|datad                                                            ;
; Extend to locatable node ; Bypassed Hyper-Register ;             ; u_pipe|g_cfar_per_beam[15].u_cfar|u_window|add_234~196|cout                                                             ;
; Extend to locatable node ;                         ;             ; u_pipe|g_cfar_per_beam[15].u_cfar|u_window|add_234~196~_LAB_RE_X312_Y378_N0_I154                                        ;
; Extend to locatable node ;                         ;             ; u_pipe|g_cfar_per_beam[15].u_cfar|u_window|add_234~196~_LAB_RE_X312_Y377_N0_I153                                        ;
; Extend to locatable node ;                         ;             ; u_pipe|g_cfar_per_beam[15].u_cfar|u_window|add_234~201|cin                                                              ;
; Extend to locatable node ;                         ;             ; u_pipe|g_cfar_per_beam[15].u_cfar|u_window|add_234~201|sumout                                                           ;
; Extend to locatable node ;                         ;             ; u_pipe|g_cfar_per_beam[15].u_cfar|u_window|add_234~201~_LAB_RE_X312_Y377_N0_I90                                         ;
; Extend to locatable node ;                         ;             ; u_pipe|g_cfar_per_beam[15].u_cfar|u_window|add_234~201~_R2_X311_Y377_N0_I1                                              ;
; Extend to locatable node ;                         ;             ; u_pipe|g_cfar_per_beam[15].u_cfar|u_window|add_234~201~_LOCAL_INTERCONNECT_X310_Y377_N0_I11                             ;
; Extend to locatable node ; Bypassed Hyper-Register ;             ; u_pipe|g_cfar_per_beam[15].u_cfar|u_window|add_234~201~_BLOCK_INPUT_MUX_PASSTHROUGH_X310_Y377_N0_I7                     ;
; Extend to locatable node ;                         ;             ; u_pipe|g_cfar_per_beam[15].u_cfar|u_window|add_234~201~_LAB_RE_X310_Y377_N0_I1                                          ;
; Extend to locatable node ;                         ;             ; u_pipe|g_cfar_per_beam[15].u_cfar|u_window|add_238~201|datad                                                            ;
; Extend to locatable node ;                         ;             ; u_pipe|g_cfar_per_beam[15].u_cfar|u_window|add_238~201|sumout                                                           ;
; Extend to locatable node ;                         ;             ; u_pipe|g_cfar_per_beam[15].u_cfar|u_window|add_238~201~cw_la_lab/laboutt[1]                                             ;
; Extend to locatable node ;                         ;             ; u_pipe|g_cfar_per_beam[15].u_cfar|u_window|add_238~201~_LAB_RE_X310_Y377_N0_I90                                         ;
; Extend to locatable node ;                         ;             ; u_pipe|g_cfar_per_beam[15].u_cfar|u_window|add_238~201~_C1_X310_Y376_N0_I3                                              ;
; Extend to locatable node ;                         ;             ; u_pipe|g_cfar_per_beam[15].u_cfar|u_window|add_238~201~_R1_X310_Y376_N0_I3                                              ;
; Extend to locatable node ;                         ;             ; u_pipe|g_cfar_per_beam[15].u_cfar|u_window|add_238~201~_LOCAL_INTERCONNECT_X309_Y376_N0_I12                             ;
; Extend to locatable node ; Bypassed Hyper-Register ;             ; u_pipe|g_cfar_per_beam[15].u_cfar|u_window|add_238~201~_BLOCK_INPUT_MUX_PASSTHROUGH_X309_Y376_N0_I46                    ;
; Extend to locatable node ;                         ;             ; u_pipe|g_cfar_per_beam[15].u_cfar|u_window|add_238~201~_LAB_RE_X309_Y376_N0_I46                                         ;
; Extend to locatable node ;                         ;             ; u_pipe|g_cfar_per_beam[15].u_cfar|u_window|i21598~40|datad                                                              ;
; Extend to locatable node ;                         ;             ; u_pipe|g_cfar_per_beam[15].u_cfar|u_window|i21598~40|combout                                                            ;
; Extend to locatable node ;                         ;             ; u_pipe|g_cfar_per_beam[15].u_cfar|u_window|i21598~40~_LAB_RE_X309_Y376_N0_I112                                          ;
; Extend to locatable node ;                         ;             ; u_pipe|g_cfar_per_beam[15].u_cfar|u_window|i21598~40~_R0_X309_Y376_N0_I38                                               ;
; Extend to locatable node ;                         ;             ; u_pipe|g_cfar_per_beam[15].u_cfar|u_window|i21598~40~_LOCAL_INTERCONNECT_X309_Y376_N0_I28                               ;
; Extend to locatable node ; Bypassed Hyper-Register ;             ; u_pipe|g_cfar_per_beam[15].u_cfar|u_window|i21598~40~_BLOCK_INPUT_MUX_PASSTHROUGH_X309_Y376_N0_I29                      ;
; Extend to locatable node ;                         ;             ; u_pipe|g_cfar_per_beam[15].u_cfar|u_window|i21598~40~_LAB_RE_X309_Y376_N0_I28                                           ;
; Extend to locatable node ;                         ;             ; u_pipe|g_cfar_per_beam[15].u_cfar|u_window|i21712~40|datab                                                              ;
; Extend to locatable node ;                         ;             ; u_pipe|g_cfar_per_beam[15].u_cfar|u_window|i21712~40|combout                                                            ;
; Extend to locatable node ;                         ;             ; u_pipe|g_cfar_per_beam[15].u_cfar|u_window|i21712~40~cw_ml_mlab/lab_lut6outt[3]                                         ;
; Extend to locatable node ;                         ;             ; u_pipe|g_cfar_per_beam[15].u_cfar|u_window|i21712~40~_LAB_RE_X309_Y376_N0_I137                                          ;
; Extend to locatable node ;                         ;             ; u_pipe|g_cfar_per_beam[15].u_cfar|u_window|i21712~40~_LOCAL_INTERCONNECT_X309_Y376_N0_I26                               ;
; Extend to locatable node ; Bypassed Hyper-Register ;             ; u_pipe|g_cfar_per_beam[15].u_cfar|u_window|i21712~40~_BLOCK_INPUT_MUX_PASSTHROUGH_X309_Y376_N0_I13                      ;
; Extend to locatable node ;                         ;             ; u_pipe|g_cfar_per_beam[15].u_cfar|u_window|i21712~40~_LAB_RE_X309_Y376_N0_I12                                           ;
; Extend to locatable node ;                         ;             ; u_pipe|g_cfar_per_beam[15].u_cfar|u_window|i21826~40|datab                                                              ;
; Extend to locatable node ;                         ;             ; u_pipe|g_cfar_per_beam[15].u_cfar|u_window|i21826~40|combout                                                            ;
; Extend to locatable node ;                         ;             ; u_pipe|g_cfar_per_beam[15].u_cfar|u_window|i21826~40~_LAB_RE_X309_Y376_N0_I135                                          ;
; Extend to locatable node ;                         ;             ; u_pipe|g_cfar_per_beam[15].u_cfar|u_window|i21826~40~_C1_X309_Y376_N0_I2                                                ;
; Extend to locatable node ; Bypassed Hyper-Register ;             ; u_pipe|g_cfar_per_beam[15].u_cfar|u_window|i21826~40~_C4_X309_Y377_N0_I2                                                ;
; Extend to locatable node ;                         ;             ; u_pipe|g_cfar_per_beam[15].u_cfar|u_window|i21826~40~_LOCAL_INTERCONNECT_X309_Y381_N0_I16                               ;
; Extend to locatable node ; Bypassed Hyper-Register ;             ; u_pipe|g_cfar_per_beam[15].u_cfar|u_window|i21826~40~_BLOCK_INPUT_MUX_PASSTHROUGH_X309_Y381_N0_I7                       ;
; Extend to locatable node ;                         ;             ; u_pipe|g_cfar_per_beam[15].u_cfar|u_window|i21826~40~_LAB_RE_X309_Y381_N0_I1                                            ;
; Extend to locatable node ;                         ;             ; u_pipe|g_cfar_per_beam[15].u_cfar|u_window|add_254~201|datad                                                            ;
; Extend to locatable node ;                         ;             ; u_pipe|g_cfar_per_beam[15].u_cfar|u_window|add_254~201|sumout                                                           ;
; Extend to locatable node ;                         ;             ; u_pipe|g_cfar_per_beam[15].u_cfar|u_window|add_254~201~_LAB_RE_X309_Y381_N0_I89                                         ;
; Extend to locatable node ;                         ;             ; u_pipe|g_cfar_per_beam[15].u_cfar|u_window|add_254~201~_R1_X310_Y381_N0_I0                                              ;
; Extend to locatable node ;                         ;             ; u_pipe|g_cfar_per_beam[15].u_cfar|u_window|add_254~201~_LOCAL_INTERCONNECT_X310_Y381_N0_I5                              ;
; Extend to locatable node ; Bypassed Hyper-Register ;             ; u_pipe|g_cfar_per_beam[15].u_cfar|u_window|add_254~201~_BLOCK_INPUT_MUX_PASSTHROUGH_X310_Y381_N0_I34                    ;
; Extend to locatable node ;                         ;             ; u_pipe|g_cfar_per_beam[15].u_cfar|u_window|add_254~201~_LAB_RE_X310_Y381_N0_I32                                         ;
; Extend to locatable node ;                         ;             ; u_pipe|g_cfar_per_beam[15].u_cfar|u_window|i22054~40|datae                                                              ;
; Extend to locatable node ;                         ;             ; u_pipe|g_cfar_per_beam[15].u_cfar|u_window|i22054~40|combout                                                            ;
; Extend to locatable node ;                         ;             ; u_pipe|g_cfar_per_beam[15].u_cfar|u_window|i22054~40~_LAB_RE_X310_Y381_N0_I105                                          ;
; Extend to locatable node ;                         ;             ; u_pipe|g_cfar_per_beam[15].u_cfar|u_window|i22054~40~_LOCAL_INTERCONNECT_X310_Y381_N0_I38                               ;
; Extend to locatable node ; Bypassed Hyper-Register ;             ; u_pipe|g_cfar_per_beam[15].u_cfar|u_window|i22054~40~_BLOCK_INPUT_MUX_PASSTHROUGH_X310_Y381_N0_I45                      ;
; Extend to locatable node ;                         ;             ; u_pipe|g_cfar_per_beam[15].u_cfar|u_window|i22054~40~_LAB_RE_X310_Y381_N0_I44                                           ;
; Extend to locatable node ;                         ;             ; u_pipe|g_cfar_per_beam[15].u_cfar|u_window|i22168~40|datab                                                              ;
; Extend to locatable node ;                         ;             ; u_pipe|g_cfar_per_beam[15].u_cfar|u_window|i22168~40|combout                                                            ;
; Extend to locatable node ;                         ;             ; u_pipe|g_cfar_per_beam[15].u_cfar|u_window|i22168~40~_LAB_RE_X310_Y381_N0_I112                                          ;
; Extend to locatable node ; Bypassed Hyper-Register ;             ; u_pipe|g_cfar_per_beam[15].u_cfar|u_window|i22168~40~_C4_X310_Y381_N0_I20                                               ;
; Extend to locatable node ;                         ;             ; u_pipe|g_cfar_per_beam[15].u_cfar|u_window|i22168~40~_R0_X310_Y385_N0_I36                                               ;
; Extend to locatable node ;                         ;             ; u_pipe|g_cfar_per_beam[15].u_cfar|u_window|i22168~40~_LOCAL_INTERCONNECT_X310_Y385_N0_I11                               ;
; Extend to locatable node ; Bypassed Hyper-Register ;             ; u_pipe|g_cfar_per_beam[15].u_cfar|u_window|i22168~40~_BLOCK_INPUT_MUX_PASSTHROUGH_X310_Y385_N0_I7                       ;
; Extend to locatable node ;                         ;             ; u_pipe|g_cfar_per_beam[15].u_cfar|u_window|i22168~40~_LAB_RE_X310_Y385_N0_I1                                            ;
; Extend to locatable node ;                         ;             ; u_pipe|g_cfar_per_beam[15].u_cfar|u_window|add_266~201|datad                                                            ;
; Extend to locatable node ;                         ;             ; u_pipe|g_cfar_per_beam[15].u_cfar|u_window|add_266~201|sumout                                                           ;
; Extend to locatable node ;                         ;             ; u_pipe|g_cfar_per_beam[15].u_cfar|u_window|add_266~201~_LAB_RE_X310_Y385_N0_I90                                         ;
; Extend to locatable node ;                         ;             ; u_pipe|g_cfar_per_beam[15].u_cfar|u_window|add_266~201~_R2_X309_Y385_N0_I1                                              ;
; Extend to locatable node ;                         ;             ; u_pipe|g_cfar_per_beam[15].u_cfar|u_window|add_266~201~_LOCAL_INTERCONNECT_X308_Y385_N0_I11                             ;
; Extend to locatable node ; Bypassed Hyper-Register ;             ; u_pipe|g_cfar_per_beam[15].u_cfar|u_window|add_266~201~_BLOCK_INPUT_MUX_PASSTHROUGH_X308_Y385_N0_I7                     ;
; Extend to locatable node ;                         ;             ; u_pipe|g_cfar_per_beam[15].u_cfar|u_window|add_266~201~_LAB_RE_X308_Y385_N0_I1                                          ;
; Extend to locatable node ;                         ;             ; u_pipe|g_cfar_per_beam[15].u_cfar|u_window|add_270~201|datad                                                            ;
; Extend to locatable node ;                         ;             ; u_pipe|g_cfar_per_beam[15].u_cfar|u_window|add_270~206|sumout                                                           ;
; Extend to locatable node ;                         ;             ; u_pipe|g_cfar_per_beam[15].u_cfar|u_window|add_270~206~_LAB_RE_X308_Y385_N0_I92                                         ;
; Extend to locatable node ;                         ;             ; u_pipe|g_cfar_per_beam[15].u_cfar|u_window|add_270~206~_R1_X308_Y385_N0_I3                                              ;
; Extend to locatable node ;                         ;             ; u_pipe|g_cfar_per_beam[15].u_cfar|u_window|add_270~206~_LOCAL_INTERCONNECT_X307_Y385_N0_I12                             ;
; Extend to locatable node ; Bypassed Hyper-Register ;             ; u_pipe|g_cfar_per_beam[15].u_cfar|u_window|add_270~206~_BLOCK_INPUT_MUX_PASSTHROUGH_X307_Y385_N0_I25                    ;
; Extend to locatable node ;                         ;             ; u_pipe|g_cfar_per_beam[15].u_cfar|u_window|add_270~206~_LAB_RE_X307_Y385_N0_I29                                         ;
; Extend to locatable node ;                         ;             ; u_pipe|g_cfar_per_beam[15].u_cfar|u_window|i22510~41|datac                                                              ;
; Extend to locatable node ;                         ;             ; u_pipe|g_cfar_per_beam[15].u_cfar|u_window|i22510~41|combout                                                            ;
; Extend to locatable node ;                         ;             ; u_pipe|g_cfar_per_beam[15].u_cfar|u_window|i22510~41~_LAB_RE_X307_Y385_N0_I103                                          ;
; Extend to locatable node ;                         ;             ; u_pipe|g_cfar_per_beam[15].u_cfar|u_window|i22510~41~_R0_X307_Y385_N0_I27                                               ;
; Extend to locatable node ;                         ;             ; u_pipe|g_cfar_per_beam[15].u_cfar|u_window|i22510~41~_LOCAL_INTERCONNECT_X307_Y385_N0_I16                               ;
; Extend to locatable node ; Bypassed Hyper-Register ;             ; u_pipe|g_cfar_per_beam[15].u_cfar|u_window|i22510~41~_BLOCK_INPUT_MUX_PASSTHROUGH_X307_Y385_N0_I6                       ;
; Extend to locatable node ;                         ;             ; u_pipe|g_cfar_per_beam[15].u_cfar|u_window|i22510~41~_LAB_RE_X307_Y385_N0_I6                                            ;
; Extend to locatable node ;                         ;             ; u_pipe|g_cfar_per_beam[15].u_cfar|u_window|i22624~40|datad                                                              ;
; Extend to locatable node ;                         ;             ; u_pipe|g_cfar_per_beam[15].u_cfar|u_window|i22624~40|combout                                                            ;
; Extend to locatable node ;                         ;             ; u_pipe|g_cfar_per_beam[15].u_cfar|u_window|i22624~40~cw_ml_mlab/lab_lut5outt[0]                                         ;
; Extend to locatable node ;                         ;             ; u_pipe|g_cfar_per_beam[15].u_cfar|u_window|i22624~40~_LAB_RE_X307_Y385_N0_I129                                          ;
; Extend to locatable node ;                         ;             ; u_pipe|g_cfar_per_beam[15].u_cfar|u_window|i22624~40~_C1_X307_Y384_N0_I3                                                ;
; Extend to locatable node ;                         ;             ; u_pipe|g_cfar_per_beam[15].u_cfar|u_window|i22624~40~_LOCAL_INTERCONNECT_X307_Y384_N0_I12                               ;
; Extend to locatable node ; Bypassed Hyper-Register ;             ; u_pipe|g_cfar_per_beam[15].u_cfar|u_window|i22624~40~_BLOCK_INPUT_MUX_PASSTHROUGH_X307_Y384_N0_I47                      ;
; Extend to locatable node ;                         ;             ; u_pipe|g_cfar_per_beam[15].u_cfar|u_window|i22624~40~_LAB_RE_X307_Y384_N0_I41                                           ;
; Extend to locatable node ;                         ;             ; u_pipe|g_cfar_per_beam[15].u_cfar|u_window|i22738~41|datad                                                              ;
; Extend to locatable node ;                         ;             ; u_pipe|g_cfar_per_beam[15].u_cfar|u_window|i22738~41|combout                                                            ;
; Extend to locatable node ;                         ;             ; u_pipe|g_cfar_per_beam[15].u_cfar|u_window|i22738~41~cw_ml_mlab/laboutb[2]                                              ;
; Extend to locatable node ;                         ;             ; u_pipe|g_cfar_per_beam[15].u_cfar|u_window|i22738~41~_LAB_RE_X307_Y384_N0_I111                                          ;
; Extend to locatable node ;                         ;             ; u_pipe|g_cfar_per_beam[15].u_cfar|u_window|i22738~41~_R4_X304_Y384_N0_I5                                                ;
; Extend to locatable node ;                         ;             ; u_pipe|g_cfar_per_beam[15].u_cfar|u_window|i22738~41~_LOCAL_INTERCONNECT_X303_Y384_N0_I56                               ;
; Extend to locatable node ; Bypassed Hyper-Register ;             ; u_pipe|g_cfar_per_beam[15].u_cfar|u_window|i22738~41~_BLOCK_INPUT_MUX_PASSTHROUGH_X303_Y384_N0_I75                      ;
; Extend to locatable node ;                         ;             ; u_pipe|g_cfar_per_beam[15].u_cfar|u_window|i22738~41~_LAB_RE_X303_Y384_N0_I79                                           ;
; Extend to locatable node ;                         ;             ; u_pipe|g_cfar_per_beam[15].u_cfar|u_window|i22852~41|datae                                                              ;
; Extend to locatable node ;                         ;             ; u_pipe|g_cfar_per_beam[15].u_cfar|u_window|i22852~41|combout                                                            ;
; Extend to locatable node ;                         ;             ; u_pipe|g_cfar_per_beam[15].u_cfar|u_window|i22852~41~_LAB_RE_X303_Y384_N0_I128                                          ;
; Extend to locatable node ;                         ;             ; u_pipe|g_cfar_per_beam[15].u_cfar|u_window|i22852~41~_LOCAL_INTERCONNECT_X303_Y384_N0_I76                               ;
; Extend to locatable node ; Bypassed Hyper-Register ;             ; u_pipe|g_cfar_per_beam[15].u_cfar|u_window|i22852~41~_BLOCK_INPUT_MUX_PASSTHROUGH_X303_Y384_N0_I6                       ;
; Extend to locatable node ;                         ;             ; u_pipe|g_cfar_per_beam[15].u_cfar|u_window|i22852~41~_LAB_RE_X303_Y384_N0_I6                                            ;
; Extend to locatable node ;                         ;             ; u_pipe|g_cfar_per_beam[15].u_cfar|u_window|add_290~206|datad                                                            ;
; Extend to locatable node ;                         ;             ; u_pipe|g_cfar_per_beam[15].u_cfar|u_window|add_290~206|cout                                                             ;
; Extend to locatable node ;                         ;             ; u_pipe|g_cfar_per_beam[15].u_cfar|u_window|add_290~211|cin                                                              ;
; Extend to locatable node ;                         ;             ; u_pipe|g_cfar_per_beam[15].u_cfar|u_window|add_290~216|cout                                                             ;
; Extend to locatable node ;                         ;             ; u_pipe|g_cfar_per_beam[15].u_cfar|u_window|add_290~221|cin                                                              ;
; Extend to locatable node ;                         ;             ; u_pipe|g_cfar_per_beam[15].u_cfar|u_window|add_290~226|sumout                                                           ;
; Extend to locatable node ;                         ;             ; u_pipe|g_cfar_per_beam[15].u_cfar|u_window|add_290~226~_LAB_RE_X303_Y384_N0_I100                                        ;
; Extend to locatable node ;                         ;             ; u_pipe|g_cfar_per_beam[15].u_cfar|u_window|add_290~226~_LOCAL_INTERCONNECT_X303_Y384_N0_I19                             ;
; Extend to locatable node ; Bypassed Hyper-Register ;             ; u_pipe|g_cfar_per_beam[15].u_cfar|u_window|add_290~226~_BLOCK_INPUT_MUX_PASSTHROUGH_X303_Y384_N0_I56                    ;
; Extend to locatable node ;                         ;             ; u_pipe|g_cfar_per_beam[15].u_cfar|u_window|add_290~226~_LAB_RE_X303_Y384_N0_I58                                         ;
; Extend to locatable node ;                         ;             ; u_pipe|g_cfar_per_beam[15].u_cfar|u_window|i23080~45|datac                                                              ;
; Extend to locatable node ;                         ;             ; u_pipe|g_cfar_per_beam[15].u_cfar|u_window|i23080~45|combout                                                            ;
; Extend to locatable node ;                         ;             ; u_pipe|g_cfar_per_beam[15].u_cfar|u_window|i23080~45~cw_la_lab/laboutb[8]                                               ;
; Extend to locatable node ;                         ;             ; u_pipe|g_cfar_per_beam[15].u_cfar|u_window|i23080~45~_LAB_RE_X303_Y384_N0_I117                                          ;
; Extend to locatable node ;                         ;             ; u_pipe|g_cfar_per_beam[15].u_cfar|u_window|i23080~45~_R4_X300_Y384_N0_I7                                                ;
; Extend to locatable node ;                         ;             ; u_pipe|g_cfar_per_beam[15].u_cfar|u_window|i23080~45~_LOCAL_INTERCONNECT_X299_Y384_N0_I61                               ;
; Extend to locatable node ; Bypassed Hyper-Register ;             ; u_pipe|g_cfar_per_beam[15].u_cfar|u_window|i23080~45~_BLOCK_INPUT_MUX_PASSTHROUGH_X299_Y384_N0_I17                      ;
; Extend to locatable node ;                         ;             ; u_pipe|g_cfar_per_beam[15].u_cfar|u_window|i23080~45~_LAB_RE_X299_Y384_N0_I21                                           ;
; Extend to locatable node ;                         ;             ; u_pipe|g_cfar_per_beam[15].u_cfar|u_window|add_298~226|datac                                                            ;
; Extend to locatable node ;                         ;             ; u_pipe|g_cfar_per_beam[15].u_cfar|u_window|add_298~226|sumout                                                           ;
; Extend to locatable node ;                         ;             ; u_pipe|g_cfar_per_beam[15].u_cfar|u_window|add_298~226~_LAB_RE_X299_Y384_N0_I99                                         ;
; Extend to locatable node ;                         ;             ; u_pipe|g_cfar_per_beam[15].u_cfar|u_window|add_298~226~_R0_X299_Y384_N0_I18                                             ;
; Extend to locatable node ;                         ;             ; u_pipe|g_cfar_per_beam[15].u_cfar|u_window|add_298~226~_LOCAL_INTERCONNECT_X299_Y384_N0_I46                             ;
; Extend to locatable node ; Bypassed Hyper-Register ;             ; u_pipe|g_cfar_per_beam[15].u_cfar|u_window|add_298~226~_BLOCK_INPUT_MUX_PASSTHROUGH_X299_Y384_N0_I42                    ;
; Extend to locatable node ;                         ;             ; u_pipe|g_cfar_per_beam[15].u_cfar|u_window|add_298~226~_LAB_RE_X299_Y384_N0_I40                                         ;
; Extend to locatable node ;                         ;             ; u_pipe|g_cfar_per_beam[15].u_cfar|u_window|i23308~45|datae                                                              ;
; Extend to locatable node ;                         ;             ; u_pipe|g_cfar_per_beam[15].u_cfar|u_window|i23308~45|combout                                                            ;
; Extend to locatable node ;                         ;             ; u_pipe|g_cfar_per_beam[15].u_cfar|u_window|i23308~45~_LAB_RE_X299_Y384_N0_I144                                          ;
; Extend to locatable node ;                         ;             ; u_pipe|g_cfar_per_beam[15].u_cfar|u_window|i23308~45~_C1_X299_Y384_N0_I18                                               ;
; Extend to locatable node ;                         ;             ; u_pipe|g_cfar_per_beam[15].u_cfar|u_window|i23308~45~_R1_X299_Y385_N0_I19                                               ;
; Extend to locatable node ;                         ;             ; u_pipe|g_cfar_per_beam[15].u_cfar|u_window|i23308~45~_C1_X298_Y385_N0_I18                                               ;
; Extend to locatable node ;                         ;             ; u_pipe|g_cfar_per_beam[15].u_cfar|u_window|i23308~45~_LOCAL_INTERCONNECT_X298_Y386_N0_I28                               ;
; Extend to locatable node ; Bypassed Hyper-Register ;             ; u_pipe|g_cfar_per_beam[15].u_cfar|u_window|i23308~45~_BLOCK_INPUT_MUX_PASSTHROUGH_X298_Y386_N0_I20                      ;
; Extend to locatable node ;                         ;             ; u_pipe|g_cfar_per_beam[15].u_cfar|u_window|i23308~45~_LAB_RE_X298_Y386_N0_I19                                           ;
; Extend to locatable node ;                         ;             ; u_pipe|g_cfar_per_beam[15].u_cfar|u_window|i23422~45|dataa                                                              ;
; Extend to locatable node ;                         ;             ; u_pipe|g_cfar_per_beam[15].u_cfar|u_window|i23422~45|combout                                                            ;
; Extend to locatable node ;                         ;             ; u_pipe|g_cfar_per_beam[15].u_cfar|u_window|i23422~45~_LAB_RE_X298_Y386_N0_I98                                           ;
; Extend to locatable node ;                         ;             ; u_pipe|g_cfar_per_beam[15].u_cfar|u_window|i23422~45~_R2_X297_Y386_N0_I5                                                ;
; Extend to locatable node ;                         ;             ; u_pipe|g_cfar_per_beam[15].u_cfar|u_window|i23422~45~_LOCAL_INTERCONNECT_X296_Y386_N0_I20                               ;
; Extend to locatable node ; Bypassed Hyper-Register ;             ; u_pipe|g_cfar_per_beam[15].u_cfar|u_window|i23422~45~_BLOCK_INPUT_MUX_PASSTHROUGH_X296_Y386_N0_I22                      ;
; Extend to locatable node ;                         ;             ; u_pipe|g_cfar_per_beam[15].u_cfar|u_window|i23422~45~_LAB_RE_X296_Y386_N0_I22                                           ;
; Extend to locatable node ;                         ;             ; u_pipe|g_cfar_per_beam[15].u_cfar|u_window|add_310~226|datad                                                            ;
; Extend to locatable node ;                         ;             ; u_pipe|g_cfar_per_beam[15].u_cfar|u_window|add_310~226|cout                                                             ;
; Extend to locatable node ;                         ;             ; u_pipe|g_cfar_per_beam[15].u_cfar|u_window|add_310~231|cin                                                              ;
; Extend to locatable node ;                         ;             ; u_pipe|g_cfar_per_beam[15].u_cfar|u_window|add_310~231|sumout                                                           ;
; Extend to locatable node ;                         ;             ; u_pipe|g_cfar_per_beam[15].u_cfar|u_window|add_310~231~_LAB_RE_X296_Y386_N0_I102                                        ;
; Extend to locatable node ;                         ;             ; u_pipe|g_cfar_per_beam[15].u_cfar|u_window|add_310~231~_C1_X296_Y385_N0_I15                                             ;
; Extend to locatable node ;                         ;             ; u_pipe|g_cfar_per_beam[15].u_cfar|u_window|add_310~231~_LOCAL_INTERCONNECT_X296_Y385_N0_I33                             ;
; Extend to locatable node ; Bypassed Hyper-Register ;             ; u_pipe|g_cfar_per_beam[15].u_cfar|u_window|add_310~231~_BLOCK_INPUT_MUX_PASSTHROUGH_X296_Y385_N0_I61                    ;
; Extend to locatable node ;                         ;             ; u_pipe|g_cfar_per_beam[15].u_cfar|u_window|add_310~231~_LAB_RE_X296_Y385_N0_I60                                         ;
; Extend to locatable node ;                         ;             ; u_pipe|g_cfar_per_beam[15].u_cfar|u_window|i23650~46|datab                                                              ;
; Extend to locatable node ;                         ;             ; u_pipe|g_cfar_per_beam[15].u_cfar|u_window|i23650~46|combout                                                            ;
; Extend to locatable node ;                         ;             ; u_pipe|g_cfar_per_beam[15].u_cfar|u_window|i23650~46~_LAB_RE_X296_Y385_N0_I117                                          ;
; Extend to locatable node ;                         ;             ; u_pipe|g_cfar_per_beam[15].u_cfar|u_window|i23650~46~_R1_X296_Y385_N0_I29                                               ;
; Extend to locatable node ;                         ;             ; u_pipe|g_cfar_per_beam[15].u_cfar|u_window|i23650~46~_R1_X295_Y385_N0_I29                                               ;
; Extend to locatable node ;                         ;             ; u_pipe|g_cfar_per_beam[15].u_cfar|u_window|i23650~46~_LOCAL_INTERCONNECT_X294_Y385_N0_I55                               ;
; Extend to locatable node ; Bypassed Hyper-Register ;             ; u_pipe|g_cfar_per_beam[15].u_cfar|u_window|i23650~46~_BLOCK_INPUT_MUX_PASSTHROUGH_X294_Y385_N0_I43                      ;
; Extend to locatable node ;                         ;             ; u_pipe|g_cfar_per_beam[15].u_cfar|u_window|i23650~46~_LAB_RE_X294_Y385_N0_I47                                           ;
; Extend to locatable node ;                         ;             ; u_pipe|g_cfar_per_beam[15].u_cfar|u_window|i23764~46|datae                                                              ;
; Extend to locatable node ;                         ;             ; u_pipe|g_cfar_per_beam[15].u_cfar|u_window|i23764~46|combout                                                            ;
; Extend to locatable node ;                         ;             ; u_pipe|g_cfar_per_beam[15].u_cfar|u_window|i23764~46~_LAB_RE_X294_Y385_N0_I139                                          ;
; Extend to locatable node ;                         ;             ; u_pipe|g_cfar_per_beam[15].u_cfar|u_window|i23764~46~_R1_X294_Y385_N0_I23                                               ;
; Extend to locatable node ;                         ;             ; u_pipe|g_cfar_per_beam[15].u_cfar|u_window|i23764~46~_LOCAL_INTERCONNECT_X293_Y385_N0_I52                               ;
; Extend to locatable node ; Bypassed Hyper-Register ;             ; u_pipe|g_cfar_per_beam[15].u_cfar|u_window|i23764~46~_BLOCK_INPUT_MUX_PASSTHROUGH_X293_Y385_N0_I28                      ;
; Extend to locatable node ;                         ;             ; u_pipe|g_cfar_per_beam[15].u_cfar|u_window|i23764~46~_LAB_RE_X293_Y385_N0_I27                                           ;
; Extend to locatable node ;                         ;             ; u_pipe|g_cfar_per_beam[15].u_cfar|u_window|add_322~231|dataa                                                            ;
; Extend to locatable node ;                         ;             ; u_pipe|g_cfar_per_beam[15].u_cfar|u_window|add_322~231|sumout                                                           ;
; Extend to locatable node ;                         ;             ; u_pipe|g_cfar_per_beam[15].u_cfar|u_window|add_322~231~_LAB_RE_X293_Y385_N0_I102                                        ;
; Extend to locatable node ; Bypassed Hyper-Register ;             ; u_pipe|g_cfar_per_beam[15].u_cfar|u_window|add_322~231~_C4_X293_Y381_N0_I15                                             ;
; Extend to locatable node ;                         ;             ; u_pipe|g_cfar_per_beam[15].u_cfar|u_window|add_322~231~_LOCAL_INTERCONNECT_X293_Y381_N0_I30                             ;
; Extend to locatable node ; Bypassed Hyper-Register ;             ; u_pipe|g_cfar_per_beam[15].u_cfar|u_window|add_322~231~_BLOCK_INPUT_MUX_PASSTHROUGH_X293_Y381_N0_I31                    ;
; Extend to locatable node ;                         ;             ; u_pipe|g_cfar_per_beam[15].u_cfar|u_window|add_322~231~_LAB_RE_X293_Y381_N0_I25                                         ;
; Extend to locatable node ;                         ;             ; u_pipe|g_cfar_per_beam[15].u_cfar|u_window|add_326~231|datad                                                            ;
; Extend to locatable node ;                         ;             ; u_pipe|g_cfar_per_beam[15].u_cfar|u_window|add_326~231|sumout                                                           ;
; Extend to locatable node ;                         ;             ; u_pipe|g_cfar_per_beam[15].u_cfar|u_window|add_326~231~_LAB_RE_X293_Y381_N0_I102                                        ;
; Extend to locatable node ;                         ;             ; u_pipe|g_cfar_per_beam[15].u_cfar|u_window|add_326~231~_R1_X293_Y381_N0_I15                                             ;
; Extend to locatable node ;                         ;             ; u_pipe|g_cfar_per_beam[15].u_cfar|u_window|add_326~231~_C1_X292_Y380_N0_I15                                             ;
; Extend to locatable node ;                         ;             ; u_pipe|g_cfar_per_beam[15].u_cfar|u_window|add_326~231~_LOCAL_INTERCONNECT_X292_Y380_N0_I22                             ;
; Extend to locatable node ; Bypassed Hyper-Register ;             ; u_pipe|g_cfar_per_beam[15].u_cfar|u_window|add_326~231~_BLOCK_INPUT_MUX_PASSTHROUGH_X292_Y380_N0_I24                    ;
; Extend to locatable node ;                         ;             ; u_pipe|g_cfar_per_beam[15].u_cfar|u_window|add_326~231~_LAB_RE_X292_Y380_N0_I26                                         ;
; Extend to locatable node ;                         ;             ; u_pipe|g_cfar_per_beam[15].u_cfar|u_window|add_330~231|datac                                                            ;
; Extend to locatable node ;                         ;             ; u_pipe|g_cfar_per_beam[15].u_cfar|u_window|add_330~231|sumout                                                           ;
; Extend to locatable node ;                         ;             ; u_pipe|g_cfar_per_beam[15].u_cfar|u_window|add_330~231~_LAB_RE_X292_Y380_N0_I101                                        ;
; Extend to locatable node ;                         ;             ; u_pipe|g_cfar_per_beam[15].u_cfar|u_window|add_330~231~_LOCAL_INTERCONNECT_X292_Y380_N0_I36                             ;
; Extend to locatable node ; Bypassed Hyper-Register ;             ; u_pipe|g_cfar_per_beam[15].u_cfar|u_window|add_330~231~_BLOCK_INPUT_MUX_PASSTHROUGH_X292_Y380_N0_I41                    ;
; Extend to locatable node ;                         ;             ; u_pipe|g_cfar_per_beam[15].u_cfar|u_window|add_330~231~_LAB_RE_X292_Y380_N0_I45                                         ;
; Extend to locatable node ;                         ;             ; u_pipe|g_cfar_per_beam[15].u_cfar|u_window|i24220~46|datac                                                              ;
; Extend to locatable node ;                         ;             ; u_pipe|g_cfar_per_beam[15].u_cfar|u_window|i24220~46|combout                                                            ;
; Extend to locatable node ;                         ;             ; u_pipe|g_cfar_per_beam[15].u_cfar|u_window|i24220~46~_LAB_RE_X292_Y380_N0_I111                                          ;
; Extend to locatable node ;                         ;             ; u_pipe|g_cfar_per_beam[15].u_cfar|u_window|i24220~46~_R2_X293_Y380_N0_I10                                               ;
; Extend to locatable node ;                         ;             ; u_pipe|g_cfar_per_beam[15].u_cfar|u_window|i24220~46~_LOCAL_INTERCONNECT_X294_Y380_N0_I56                               ;
; Extend to locatable node ; Bypassed Hyper-Register ;             ; u_pipe|g_cfar_per_beam[15].u_cfar|u_window|i24220~46~_BLOCK_INPUT_MUX_PASSTHROUGH_X294_Y380_N0_I75                      ;
; Extend to locatable node ;                         ;             ; u_pipe|g_cfar_per_beam[15].u_cfar|u_window|i24220~46~_LAB_RE_X294_Y380_N0_I79                                           ;
; Extend to locatable node ;                         ;             ; u_pipe|g_cfar_per_beam[15].u_cfar|u_window|i24334~46|datae                                                              ;
; Extend to locatable node ;                         ;             ; u_pipe|g_cfar_per_beam[15].u_cfar|u_window|i24334~46|combout                                                            ;
; Extend to locatable node ;                         ;             ; u_pipe|g_cfar_per_beam[15].u_cfar|u_window|i24334~46~_LAB_RE_X294_Y380_N0_I127                                          ;
; Extend to locatable node ;                         ;             ; u_pipe|g_cfar_per_beam[15].u_cfar|u_window|i24334~46~_R2_X295_Y380_N0_I18                                               ;
; Extend to locatable node ;                         ;             ; u_pipe|g_cfar_per_beam[15].u_cfar|u_window|i24334~46~_R1_X297_Y380_N0_I36                                               ;
; Extend to locatable node ;                         ;             ; u_pipe|g_cfar_per_beam[15].u_cfar|u_window|i24334~46~_LOCAL_INTERCONNECT_X297_Y380_N0_I76                               ;
; Extend to locatable node ; Bypassed Hyper-Register ;             ; u_pipe|g_cfar_per_beam[15].u_cfar|u_window|i24334~46~_BLOCK_INPUT_MUX_PASSTHROUGH_X297_Y380_N0_I29                      ;
; Extend to locatable node ;                         ;             ; u_pipe|g_cfar_per_beam[15].u_cfar|u_window|i24334~46~_LAB_RE_X297_Y380_N0_I28                                           ;
; Extend to locatable node ;                         ;             ; u_pipe|g_cfar_per_beam[15].u_cfar|u_window|add_342~231|datab                                                            ;
; Extend to locatable node ;                         ;             ; u_pipe|g_cfar_per_beam[15].u_cfar|u_window|add_342~231|sumout                                                           ;
; Extend to locatable node ;                         ;             ; u_pipe|g_cfar_per_beam[15].u_cfar|u_window|add_342~231~_LAB_RE_X297_Y380_N0_I101                                        ;
; Extend to locatable node ;                         ;             ; u_pipe|g_cfar_per_beam[15].u_cfar|u_window|add_342~231~_C1_X297_Y380_N0_I12                                             ;
; Extend to locatable node ;                         ;             ; u_pipe|g_cfar_per_beam[15].u_cfar|u_window|add_342~231~_R1_X298_Y381_N0_I12                                             ;
; Extend to locatable node ; Bypassed Hyper-Register ;             ; u_pipe|g_cfar_per_beam[15].u_cfar|u_window|add_342~231~_C4_X298_Y377_N0_I13                                             ;
; Extend to locatable node ;                         ;             ; u_pipe|g_cfar_per_beam[15].u_cfar|u_window|add_342~231~_LOCAL_INTERCONNECT_X298_Y377_N0_I25                             ;
; Extend to locatable node ; Bypassed Hyper-Register ;             ; u_pipe|g_cfar_per_beam[15].u_cfar|u_window|add_342~231~_BLOCK_INPUT_MUX_PASSTHROUGH_X298_Y377_N0_I22                    ;
; Extend to locatable node ;                         ;             ; u_pipe|g_cfar_per_beam[15].u_cfar|u_window|add_342~231~_LAB_RE_X298_Y377_N0_I22                                         ;
; Extend to locatable node ;                         ;             ; u_pipe|g_cfar_per_beam[15].u_cfar|u_window|i24562~46|datad                                                              ;
; Extend to locatable node ;                         ;             ; u_pipe|g_cfar_per_beam[15].u_cfar|u_window|i24562~46|combout                                                            ;
; Extend to locatable node ;                         ;             ; u_pipe|g_cfar_per_beam[15].u_cfar|u_window|i24562~46~_LAB_RE_X298_Y377_N0_I131                                          ;
; Extend to locatable node ;                         ;             ; u_pipe|g_cfar_per_beam[15].u_cfar|u_window|i24562~46~_LOCAL_INTERCONNECT_X298_Y377_N0_I21                               ;
; Extend to locatable node ; Bypassed Hyper-Register ;             ; u_pipe|g_cfar_per_beam[15].u_cfar|u_window|i24562~46~_BLOCK_INPUT_MUX_PASSTHROUGH_X298_Y377_N0_I75                      ;
; Extend to locatable node ;                         ;             ; u_pipe|g_cfar_per_beam[15].u_cfar|u_window|i24562~46~_LAB_RE_X298_Y377_N0_I79                                           ;
; Extend to locatable node ;                         ;             ; u_pipe|g_cfar_per_beam[15].u_cfar|u_window|i24676~46|datae                                                              ;
; Extend to locatable node ;                         ;             ; u_pipe|g_cfar_per_beam[15].u_cfar|u_window|i24676~46|combout                                                            ;
; Extend to locatable node ;                         ;             ; u_pipe|g_cfar_per_beam[15].u_cfar|u_window|i24676~46~cw_ml_mlab/laboutb[19]                                             ;
; Extend to locatable node ;                         ;             ; u_pipe|g_cfar_per_beam[15].u_cfar|u_window|i24676~46~_LAB_RE_X298_Y377_N0_I128                                          ;
; Extend to locatable node ;                         ;             ; u_pipe|g_cfar_per_beam[15].u_cfar|u_window|i24676~46~_LOCAL_INTERCONNECT_X298_Y377_N0_I76                               ;
; Extend to locatable node ; Bypassed Hyper-Register ;             ; u_pipe|g_cfar_per_beam[15].u_cfar|u_window|i24676~46~_BLOCK_INPUT_MUX_PASSTHROUGH_X298_Y377_N0_I59                      ;
; Extend to locatable node ;                         ;             ; u_pipe|g_cfar_per_beam[15].u_cfar|u_window|i24676~46~_LAB_RE_X298_Y377_N0_I63                                           ;
; Extend to locatable node ;                         ;             ; u_pipe|g_cfar_per_beam[15].u_cfar|u_window|i24790~46|dataf                                                              ;
; Extend to locatable node ;                         ;             ; u_pipe|g_cfar_per_beam[15].u_cfar|u_window|i24790~46|combout                                                            ;
; Extend to locatable node ;                         ;             ; u_pipe|g_cfar_per_beam[15].u_cfar|u_window|i24790~46~cw_ml_mlab/lab_lut6outb[2]                                         ;
; Extend to locatable node ;                         ;             ; u_pipe|g_cfar_per_beam[15].u_cfar|u_window|i24790~46~_LAB_RE_X298_Y377_N0_I146                                          ;
; Extend to locatable node ;                         ;             ; u_pipe|g_cfar_per_beam[15].u_cfar|u_window|i24790~46~_LOCAL_INTERCONNECT_X298_Y377_N0_I50                               ;
; Extend to locatable node ; Bypassed Hyper-Register ;             ; u_pipe|g_cfar_per_beam[15].u_cfar|u_window|i24790~46~_BLOCK_INPUT_MUX_PASSTHROUGH_X298_Y377_N0_I46                      ;
; Extend to locatable node ;                         ;             ; u_pipe|g_cfar_per_beam[15].u_cfar|u_window|i24790~46~_LAB_RE_X298_Y377_N0_I46                                           ;
; Extend to locatable node ;                         ;             ; u_pipe|g_cfar_per_beam[15].u_cfar|u_window|sum_lag_c[0]~46|datad                                                        ;
; Extend to locatable node ;                         ;             ; u_pipe|g_cfar_per_beam[15].u_cfar|u_window|sum_lag_c[0]~46|combout                                                      ;
; Extend to locatable node ;                         ;             ; u_pipe|g_cfar_per_beam[15].u_cfar|sum_lag1_q[46]~_Duplicate|d                                                           ;
; Extend to locatable node ; ALM Register            ; #6          ; u_pipe|g_cfar_per_beam[15].u_cfar|sum_lag1_q[46]~_Duplicate                                                             ;
; ------------------------ ; ----------------------- ; ----------- ; ----------------------------------------------------------------------------------------------------------------------- ;
; Retiming Dependency      ; Hyper-Register          ; #7          ; u_pipe|g_cfar_per_beam[15].u_cfar|act_g_lag_q[2]~RTM_54DUPLICATE_Duplicate                                              ;
; Retiming Dependency      ;                         ;             ; u_pipe|g_cfar_per_beam[15].u_cfar|act_g_lag_q[2]~RTM_54DUPLICATE_Duplicate|q                                            ;
; Retiming Dependency      ;                         ;             ; u_pipe|g_cfar_per_beam[15].u_cfar|act_g_lag_q[2]~RTM_54DUPLICATE~_BLOCK_INPUT_MUX_PASSTHROUGH_X314_Y380_N0_I4           ;
; Retiming Dependency      ;                         ;             ; u_pipe|g_cfar_per_beam[15].u_cfar|act_g_lag_q[2]~RTM_54DUPLICATE~_LAB_RE_X314_Y380_N0_I3                                ;
; Retiming Dependency      ;                         ;             ; u_pipe|g_cfar_per_beam[15].u_cfar|u_window|add_226~6|dataa                                                              ;
; Retiming Dependency      ; Bypassed Hyper-Register ;             ; u_pipe|g_cfar_per_beam[15].u_cfar|u_window|add_226~96|cout                                                              ;
; Extend to locatable node ;                         ;             ; u_pipe|g_cfar_per_beam[15].u_cfar|u_window|add_226~96~_LAB_RE_X314_Y380_N0_I154                                         ;
; Extend to locatable node ;                         ;             ; u_pipe|g_cfar_per_beam[15].u_cfar|u_window|add_226~96~_LAB_RE_X314_Y379_N0_I153                                         ;
; Extend to locatable node ;                         ;             ; u_pipe|g_cfar_per_beam[15].u_cfar|u_window|add_226~101|cin                                                              ;
; Extend to locatable node ;                         ;             ; u_pipe|g_cfar_per_beam[15].u_cfar|u_window|add_226~106|sumout                                                           ;
; Extend to locatable node ;                         ;             ; u_pipe|g_cfar_per_beam[15].u_cfar|u_window|add_226~106~cw_ml_mlab/laboutt[2]                                            ;
; Extend to locatable node ;                         ;             ; u_pipe|g_cfar_per_beam[15].u_cfar|u_window|add_226~106~_LAB_RE_X314_Y379_N0_I91                                         ;
; Extend to locatable node ;                         ;             ; u_pipe|g_cfar_per_beam[15].u_cfar|u_window|add_226~106~_R1_X314_Y379_N0_I1                                              ;
; Extend to locatable node ;                         ;             ; u_pipe|g_cfar_per_beam[15].u_cfar|u_window|add_226~106~_C1_X313_Y378_N0_I1                                              ;
; Extend to locatable node ;                         ;             ; u_pipe|g_cfar_per_beam[15].u_cfar|u_window|add_226~106~_LOCAL_INTERCONNECT_X313_Y378_N0_I0                              ;
; Extend to locatable node ; Bypassed Hyper-Register ;             ; u_pipe|g_cfar_per_beam[15].u_cfar|u_window|add_226~106~_BLOCK_INPUT_MUX_PASSTHROUGH_X313_Y378_N0_I4                     ;
; Extend to locatable node ;                         ;             ; u_pipe|g_cfar_per_beam[15].u_cfar|u_window|add_226~106~_LAB_RE_X313_Y378_N0_I3                                          ;
; Extend to locatable node ;                         ;             ; u_pipe|g_cfar_per_beam[15].u_cfar|u_window|add_230~106|dataa                                                            ;
; Extend to locatable node ;                         ;             ; u_pipe|g_cfar_per_beam[15].u_cfar|u_window|add_230~106|sumout                                                           ;
; Extend to locatable node ;                         ;             ; u_pipe|g_cfar_per_beam[15].u_cfar|u_window|add_230~106~_LAB_RE_X313_Y378_N0_I92                                         ;
; Extend to locatable node ;                         ;             ; u_pipe|g_cfar_per_beam[15].u_cfar|u_window|add_230~106~_R1_X313_Y378_N0_I3                                              ;
; Extend to locatable node ;                         ;             ; u_pipe|g_cfar_per_beam[15].u_cfar|u_window|add_230~106~_LOCAL_INTERCONNECT_X312_Y378_N0_I9                              ;
; Extend to locatable node ; Bypassed Hyper-Register ;             ; u_pipe|g_cfar_per_beam[15].u_cfar|u_window|add_230~106~_BLOCK_INPUT_MUX_PASSTHROUGH_X312_Y378_N0_I6                     ;
; Extend to locatable node ;                         ;             ; u_pipe|g_cfar_per_beam[15].u_cfar|u_window|add_230~106~_LAB_RE_X312_Y378_N0_I6                                          ;
; Extend to locatable node ;                         ;             ; u_pipe|g_cfar_per_beam[15].u_cfar|u_window|add_234~106|datad                                                            ;
; Extend to locatable node ; Bypassed Hyper-Register ;             ; u_pipe|g_cfar_per_beam[15].u_cfar|u_window|add_234~196|cout                                                             ;
; Extend to locatable node ;                         ;             ; u_pipe|g_cfar_per_beam[15].u_cfar|u_window|add_234~196~_LAB_RE_X312_Y378_N0_I154                                        ;
; Extend to locatable node ;                         ;             ; u_pipe|g_cfar_per_beam[15].u_cfar|u_window|add_234~196~_LAB_RE_X312_Y377_N0_I153                                        ;
; Extend to locatable node ;                         ;             ; u_pipe|g_cfar_per_beam[15].u_cfar|u_window|add_234~201|cin                                                              ;
; Extend to locatable node ;                         ;             ; u_pipe|g_cfar_per_beam[15].u_cfar|u_window|add_234~201|sumout                                                           ;
; Extend to locatable node ;                         ;             ; u_pipe|g_cfar_per_beam[15].u_cfar|u_window|add_234~201~_LAB_RE_X312_Y377_N0_I90                                         ;
; Extend to locatable node ;                         ;             ; u_pipe|g_cfar_per_beam[15].u_cfar|u_window|add_234~201~_R2_X311_Y377_N0_I1                                              ;
; Extend to locatable node ;                         ;             ; u_pipe|g_cfar_per_beam[15].u_cfar|u_window|add_234~201~_LOCAL_INTERCONNECT_X310_Y377_N0_I11                             ;
; Extend to locatable node ; Bypassed Hyper-Register ;             ; u_pipe|g_cfar_per_beam[15].u_cfar|u_window|add_234~201~_BLOCK_INPUT_MUX_PASSTHROUGH_X310_Y377_N0_I7                     ;
; Extend to locatable node ;                         ;             ; u_pipe|g_cfar_per_beam[15].u_cfar|u_window|add_234~201~_LAB_RE_X310_Y377_N0_I1                                          ;
; Extend to locatable node ;                         ;             ; u_pipe|g_cfar_per_beam[15].u_cfar|u_window|add_238~201|datad                                                            ;
; Extend to locatable node ;                         ;             ; u_pipe|g_cfar_per_beam[15].u_cfar|u_window|add_238~201|sumout                                                           ;
; Extend to locatable node ;                         ;             ; u_pipe|g_cfar_per_beam[15].u_cfar|u_window|add_238~201~cw_la_lab/laboutt[1]                                             ;
; Extend to locatable node ;                         ;             ; u_pipe|g_cfar_per_beam[15].u_cfar|u_window|add_238~201~_LAB_RE_X310_Y377_N0_I90                                         ;
; Extend to locatable node ;                         ;             ; u_pipe|g_cfar_per_beam[15].u_cfar|u_window|add_238~201~_C1_X310_Y376_N0_I3                                              ;
; Extend to locatable node ;                         ;             ; u_pipe|g_cfar_per_beam[15].u_cfar|u_window|add_238~201~_R1_X310_Y376_N0_I3                                              ;
; Extend to locatable node ;                         ;             ; u_pipe|g_cfar_per_beam[15].u_cfar|u_window|add_238~201~_LOCAL_INTERCONNECT_X309_Y376_N0_I12                             ;
; Extend to locatable node ; Bypassed Hyper-Register ;             ; u_pipe|g_cfar_per_beam[15].u_cfar|u_window|add_238~201~_BLOCK_INPUT_MUX_PASSTHROUGH_X309_Y376_N0_I46                    ;
; Extend to locatable node ;                         ;             ; u_pipe|g_cfar_per_beam[15].u_cfar|u_window|add_238~201~_LAB_RE_X309_Y376_N0_I46                                         ;
; Extend to locatable node ;                         ;             ; u_pipe|g_cfar_per_beam[15].u_cfar|u_window|i21598~40|datad                                                              ;
; Extend to locatable node ;                         ;             ; u_pipe|g_cfar_per_beam[15].u_cfar|u_window|i21598~40|combout                                                            ;
; Extend to locatable node ;                         ;             ; u_pipe|g_cfar_per_beam[15].u_cfar|u_window|i21598~40~_LAB_RE_X309_Y376_N0_I112                                          ;
; Extend to locatable node ;                         ;             ; u_pipe|g_cfar_per_beam[15].u_cfar|u_window|i21598~40~_R0_X309_Y376_N0_I38                                               ;
; Extend to locatable node ;                         ;             ; u_pipe|g_cfar_per_beam[15].u_cfar|u_window|i21598~40~_LOCAL_INTERCONNECT_X309_Y376_N0_I28                               ;
; Extend to locatable node ; Bypassed Hyper-Register ;             ; u_pipe|g_cfar_per_beam[15].u_cfar|u_window|i21598~40~_BLOCK_INPUT_MUX_PASSTHROUGH_X309_Y376_N0_I29                      ;
; Extend to locatable node ;                         ;             ; u_pipe|g_cfar_per_beam[15].u_cfar|u_window|i21598~40~_LAB_RE_X309_Y376_N0_I28                                           ;
; Extend to locatable node ;                         ;             ; u_pipe|g_cfar_per_beam[15].u_cfar|u_window|i21712~40|datab                                                              ;
; Extend to locatable node ;                         ;             ; u_pipe|g_cfar_per_beam[15].u_cfar|u_window|i21712~40|combout                                                            ;
; Extend to locatable node ;                         ;             ; u_pipe|g_cfar_per_beam[15].u_cfar|u_window|i21712~40~cw_ml_mlab/lab_lut6outt[3]                                         ;
; Extend to locatable node ;                         ;             ; u_pipe|g_cfar_per_beam[15].u_cfar|u_window|i21712~40~_LAB_RE_X309_Y376_N0_I137                                          ;
; Extend to locatable node ;                         ;             ; u_pipe|g_cfar_per_beam[15].u_cfar|u_window|i21712~40~_LOCAL_INTERCONNECT_X309_Y376_N0_I26                               ;
; Extend to locatable node ; Bypassed Hyper-Register ;             ; u_pipe|g_cfar_per_beam[15].u_cfar|u_window|i21712~40~_BLOCK_INPUT_MUX_PASSTHROUGH_X309_Y376_N0_I13                      ;
; Extend to locatable node ;                         ;             ; u_pipe|g_cfar_per_beam[15].u_cfar|u_window|i21712~40~_LAB_RE_X309_Y376_N0_I12                                           ;
; Extend to locatable node ;                         ;             ; u_pipe|g_cfar_per_beam[15].u_cfar|u_window|i21826~40|datab                                                              ;
; Extend to locatable node ;                         ;             ; u_pipe|g_cfar_per_beam[15].u_cfar|u_window|i21826~40|combout                                                            ;
; Extend to locatable node ;                         ;             ; u_pipe|g_cfar_per_beam[15].u_cfar|u_window|i21826~40~_LAB_RE_X309_Y376_N0_I135                                          ;
; Extend to locatable node ;                         ;             ; u_pipe|g_cfar_per_beam[15].u_cfar|u_window|i21826~40~_C1_X309_Y376_N0_I2                                                ;
; Extend to locatable node ; Bypassed Hyper-Register ;             ; u_pipe|g_cfar_per_beam[15].u_cfar|u_window|i21826~40~_C4_X309_Y377_N0_I2                                                ;
; Extend to locatable node ;                         ;             ; u_pipe|g_cfar_per_beam[15].u_cfar|u_window|i21826~40~_LOCAL_INTERCONNECT_X309_Y381_N0_I16                               ;
; Extend to locatable node ; Bypassed Hyper-Register ;             ; u_pipe|g_cfar_per_beam[15].u_cfar|u_window|i21826~40~_BLOCK_INPUT_MUX_PASSTHROUGH_X309_Y381_N0_I7                       ;
; Extend to locatable node ;                         ;             ; u_pipe|g_cfar_per_beam[15].u_cfar|u_window|i21826~40~_LAB_RE_X309_Y381_N0_I1                                            ;
; Extend to locatable node ;                         ;             ; u_pipe|g_cfar_per_beam[15].u_cfar|u_window|add_254~201|datad                                                            ;
; Extend to locatable node ;                         ;             ; u_pipe|g_cfar_per_beam[15].u_cfar|u_window|add_254~201|sumout                                                           ;
; Extend to locatable node ;                         ;             ; u_pipe|g_cfar_per_beam[15].u_cfar|u_window|add_254~201~_LAB_RE_X309_Y381_N0_I89                                         ;
; Extend to locatable node ;                         ;             ; u_pipe|g_cfar_per_beam[15].u_cfar|u_window|add_254~201~_R1_X310_Y381_N0_I0                                              ;
; Extend to locatable node ;                         ;             ; u_pipe|g_cfar_per_beam[15].u_cfar|u_window|add_254~201~_LOCAL_INTERCONNECT_X310_Y381_N0_I5                              ;
; Extend to locatable node ; Bypassed Hyper-Register ;             ; u_pipe|g_cfar_per_beam[15].u_cfar|u_window|add_254~201~_BLOCK_INPUT_MUX_PASSTHROUGH_X310_Y381_N0_I34                    ;
; Extend to locatable node ;                         ;             ; u_pipe|g_cfar_per_beam[15].u_cfar|u_window|add_254~201~_LAB_RE_X310_Y381_N0_I32                                         ;
; Extend to locatable node ;                         ;             ; u_pipe|g_cfar_per_beam[15].u_cfar|u_window|i22054~40|datae                                                              ;
; Extend to locatable node ;                         ;             ; u_pipe|g_cfar_per_beam[15].u_cfar|u_window|i22054~40|combout                                                            ;
; Extend to locatable node ;                         ;             ; u_pipe|g_cfar_per_beam[15].u_cfar|u_window|i22054~40~_LAB_RE_X310_Y381_N0_I105                                          ;
; Extend to locatable node ;                         ;             ; u_pipe|g_cfar_per_beam[15].u_cfar|u_window|i22054~40~_LOCAL_INTERCONNECT_X310_Y381_N0_I38                               ;
; Extend to locatable node ; Bypassed Hyper-Register ;             ; u_pipe|g_cfar_per_beam[15].u_cfar|u_window|i22054~40~_BLOCK_INPUT_MUX_PASSTHROUGH_X310_Y381_N0_I45                      ;
; Extend to locatable node ;                         ;             ; u_pipe|g_cfar_per_beam[15].u_cfar|u_window|i22054~40~_LAB_RE_X310_Y381_N0_I44                                           ;
; Extend to locatable node ;                         ;             ; u_pipe|g_cfar_per_beam[15].u_cfar|u_window|i22168~40|datab                                                              ;
; Extend to locatable node ;                         ;             ; u_pipe|g_cfar_per_beam[15].u_cfar|u_window|i22168~40|combout                                                            ;
; Extend to locatable node ;                         ;             ; u_pipe|g_cfar_per_beam[15].u_cfar|u_window|i22168~40~_LAB_RE_X310_Y381_N0_I112                                          ;
; Extend to locatable node ; Bypassed Hyper-Register ;             ; u_pipe|g_cfar_per_beam[15].u_cfar|u_window|i22168~40~_C4_X310_Y381_N0_I20                                               ;
; Extend to locatable node ;                         ;             ; u_pipe|g_cfar_per_beam[15].u_cfar|u_window|i22168~40~_R0_X310_Y385_N0_I36                                               ;
; Extend to locatable node ;                         ;             ; u_pipe|g_cfar_per_beam[15].u_cfar|u_window|i22168~40~_LOCAL_INTERCONNECT_X310_Y385_N0_I11                               ;
; Extend to locatable node ; Bypassed Hyper-Register ;             ; u_pipe|g_cfar_per_beam[15].u_cfar|u_window|i22168~40~_BLOCK_INPUT_MUX_PASSTHROUGH_X310_Y385_N0_I7                       ;
; Extend to locatable node ;                         ;             ; u_pipe|g_cfar_per_beam[15].u_cfar|u_window|i22168~40~_LAB_RE_X310_Y385_N0_I1                                            ;
; Extend to locatable node ;                         ;             ; u_pipe|g_cfar_per_beam[15].u_cfar|u_window|add_266~201|datad                                                            ;
; Extend to locatable node ;                         ;             ; u_pipe|g_cfar_per_beam[15].u_cfar|u_window|add_266~201|sumout                                                           ;
; Extend to locatable node ;                         ;             ; u_pipe|g_cfar_per_beam[15].u_cfar|u_window|add_266~201~_LAB_RE_X310_Y385_N0_I90                                         ;
; Extend to locatable node ;                         ;             ; u_pipe|g_cfar_per_beam[15].u_cfar|u_window|add_266~201~_R2_X309_Y385_N0_I1                                              ;
; Extend to locatable node ;                         ;             ; u_pipe|g_cfar_per_beam[15].u_cfar|u_window|add_266~201~_LOCAL_INTERCONNECT_X308_Y385_N0_I11                             ;
; Extend to locatable node ; Bypassed Hyper-Register ;             ; u_pipe|g_cfar_per_beam[15].u_cfar|u_window|add_266~201~_BLOCK_INPUT_MUX_PASSTHROUGH_X308_Y385_N0_I7                     ;
; Extend to locatable node ;                         ;             ; u_pipe|g_cfar_per_beam[15].u_cfar|u_window|add_266~201~_LAB_RE_X308_Y385_N0_I1                                          ;
; Extend to locatable node ;                         ;             ; u_pipe|g_cfar_per_beam[15].u_cfar|u_window|add_270~201|datad                                                            ;
; Extend to locatable node ;                         ;             ; u_pipe|g_cfar_per_beam[15].u_cfar|u_window|add_270~206|sumout                                                           ;
; Extend to locatable node ;                         ;             ; u_pipe|g_cfar_per_beam[15].u_cfar|u_window|add_270~206~_LAB_RE_X308_Y385_N0_I92                                         ;
; Extend to locatable node ;                         ;             ; u_pipe|g_cfar_per_beam[15].u_cfar|u_window|add_270~206~_R1_X308_Y385_N0_I3                                              ;
; Extend to locatable node ;                         ;             ; u_pipe|g_cfar_per_beam[15].u_cfar|u_window|add_270~206~_LOCAL_INTERCONNECT_X307_Y385_N0_I12                             ;
; Extend to locatable node ; Bypassed Hyper-Register ;             ; u_pipe|g_cfar_per_beam[15].u_cfar|u_window|add_270~206~_BLOCK_INPUT_MUX_PASSTHROUGH_X307_Y385_N0_I25                    ;
; Extend to locatable node ;                         ;             ; u_pipe|g_cfar_per_beam[15].u_cfar|u_window|add_270~206~_LAB_RE_X307_Y385_N0_I29                                         ;
; Extend to locatable node ;                         ;             ; u_pipe|g_cfar_per_beam[15].u_cfar|u_window|i22510~41|datac                                                              ;
; Extend to locatable node ;                         ;             ; u_pipe|g_cfar_per_beam[15].u_cfar|u_window|i22510~41|combout                                                            ;
; Extend to locatable node ;                         ;             ; u_pipe|g_cfar_per_beam[15].u_cfar|u_window|i22510~41~_LAB_RE_X307_Y385_N0_I103                                          ;
; Extend to locatable node ;                         ;             ; u_pipe|g_cfar_per_beam[15].u_cfar|u_window|i22510~41~_R0_X307_Y385_N0_I27                                               ;
; Extend to locatable node ;                         ;             ; u_pipe|g_cfar_per_beam[15].u_cfar|u_window|i22510~41~_LOCAL_INTERCONNECT_X307_Y385_N0_I16                               ;
; Extend to locatable node ; Bypassed Hyper-Register ;             ; u_pipe|g_cfar_per_beam[15].u_cfar|u_window|i22510~41~_BLOCK_INPUT_MUX_PASSTHROUGH_X307_Y385_N0_I6                       ;
; Extend to locatable node ;                         ;             ; u_pipe|g_cfar_per_beam[15].u_cfar|u_window|i22510~41~_LAB_RE_X307_Y385_N0_I6                                            ;
; Extend to locatable node ;                         ;             ; u_pipe|g_cfar_per_beam[15].u_cfar|u_window|i22624~40|datad                                                              ;
; Extend to locatable node ;                         ;             ; u_pipe|g_cfar_per_beam[15].u_cfar|u_window|i22624~40|combout                                                            ;
; Extend to locatable node ;                         ;             ; u_pipe|g_cfar_per_beam[15].u_cfar|u_window|i22624~40~cw_ml_mlab/lab_lut5outt[0]                                         ;
; Extend to locatable node ;                         ;             ; u_pipe|g_cfar_per_beam[15].u_cfar|u_window|i22624~40~_LAB_RE_X307_Y385_N0_I129                                          ;
; Extend to locatable node ;                         ;             ; u_pipe|g_cfar_per_beam[15].u_cfar|u_window|i22624~40~_C1_X307_Y384_N0_I3                                                ;
; Extend to locatable node ;                         ;             ; u_pipe|g_cfar_per_beam[15].u_cfar|u_window|i22624~40~_LOCAL_INTERCONNECT_X307_Y384_N0_I12                               ;
; Extend to locatable node ; Bypassed Hyper-Register ;             ; u_pipe|g_cfar_per_beam[15].u_cfar|u_window|i22624~40~_BLOCK_INPUT_MUX_PASSTHROUGH_X307_Y384_N0_I47                      ;
; Extend to locatable node ;                         ;             ; u_pipe|g_cfar_per_beam[15].u_cfar|u_window|i22624~40~_LAB_RE_X307_Y384_N0_I41                                           ;
; Extend to locatable node ;                         ;             ; u_pipe|g_cfar_per_beam[15].u_cfar|u_window|i22738~41|datad                                                              ;
; Extend to locatable node ;                         ;             ; u_pipe|g_cfar_per_beam[15].u_cfar|u_window|i22738~41|combout                                                            ;
; Extend to locatable node ;                         ;             ; u_pipe|g_cfar_per_beam[15].u_cfar|u_window|i22738~41~cw_ml_mlab/laboutb[2]                                              ;
; Extend to locatable node ;                         ;             ; u_pipe|g_cfar_per_beam[15].u_cfar|u_window|i22738~41~_LAB_RE_X307_Y384_N0_I111                                          ;
; Extend to locatable node ;                         ;             ; u_pipe|g_cfar_per_beam[15].u_cfar|u_window|i22738~41~_R4_X304_Y384_N0_I5                                                ;
; Extend to locatable node ;                         ;             ; u_pipe|g_cfar_per_beam[15].u_cfar|u_window|i22738~41~_LOCAL_INTERCONNECT_X303_Y384_N0_I56                               ;
; Extend to locatable node ; Bypassed Hyper-Register ;             ; u_pipe|g_cfar_per_beam[15].u_cfar|u_window|i22738~41~_BLOCK_INPUT_MUX_PASSTHROUGH_X303_Y384_N0_I75                      ;
; Extend to locatable node ;                         ;             ; u_pipe|g_cfar_per_beam[15].u_cfar|u_window|i22738~41~_LAB_RE_X303_Y384_N0_I79                                           ;
; Extend to locatable node ;                         ;             ; u_pipe|g_cfar_per_beam[15].u_cfar|u_window|i22852~41|datae                                                              ;
; Extend to locatable node ;                         ;             ; u_pipe|g_cfar_per_beam[15].u_cfar|u_window|i22852~41|combout                                                            ;
; Extend to locatable node ;                         ;             ; u_pipe|g_cfar_per_beam[15].u_cfar|u_window|i22852~41~_LAB_RE_X303_Y384_N0_I128                                          ;
; Extend to locatable node ;                         ;             ; u_pipe|g_cfar_per_beam[15].u_cfar|u_window|i22852~41~_LOCAL_INTERCONNECT_X303_Y384_N0_I76                               ;
; Extend to locatable node ; Bypassed Hyper-Register ;             ; u_pipe|g_cfar_per_beam[15].u_cfar|u_window|i22852~41~_BLOCK_INPUT_MUX_PASSTHROUGH_X303_Y384_N0_I6                       ;
; Extend to locatable node ;                         ;             ; u_pipe|g_cfar_per_beam[15].u_cfar|u_window|i22852~41~_LAB_RE_X303_Y384_N0_I6                                            ;
; Extend to locatable node ;                         ;             ; u_pipe|g_cfar_per_beam[15].u_cfar|u_window|add_290~206|datad                                                            ;
; Extend to locatable node ;                         ;             ; u_pipe|g_cfar_per_beam[15].u_cfar|u_window|add_290~206|cout                                                             ;
; Extend to locatable node ;                         ;             ; u_pipe|g_cfar_per_beam[15].u_cfar|u_window|add_290~211|cin                                                              ;
; Extend to locatable node ;                         ;             ; u_pipe|g_cfar_per_beam[15].u_cfar|u_window|add_290~216|cout                                                             ;
; Extend to locatable node ;                         ;             ; u_pipe|g_cfar_per_beam[15].u_cfar|u_window|add_290~221|cin                                                              ;
; Extend to locatable node ;                         ;             ; u_pipe|g_cfar_per_beam[15].u_cfar|u_window|add_290~226|sumout                                                           ;
; Extend to locatable node ;                         ;             ; u_pipe|g_cfar_per_beam[15].u_cfar|u_window|add_290~226~_LAB_RE_X303_Y384_N0_I100                                        ;
; Extend to locatable node ;                         ;             ; u_pipe|g_cfar_per_beam[15].u_cfar|u_window|add_290~226~_LOCAL_INTERCONNECT_X303_Y384_N0_I19                             ;
; Extend to locatable node ; Bypassed Hyper-Register ;             ; u_pipe|g_cfar_per_beam[15].u_cfar|u_window|add_290~226~_BLOCK_INPUT_MUX_PASSTHROUGH_X303_Y384_N0_I56                    ;
; Extend to locatable node ;                         ;             ; u_pipe|g_cfar_per_beam[15].u_cfar|u_window|add_290~226~_LAB_RE_X303_Y384_N0_I58                                         ;
; Extend to locatable node ;                         ;             ; u_pipe|g_cfar_per_beam[15].u_cfar|u_window|i23080~45|datac                                                              ;
; Extend to locatable node ;                         ;             ; u_pipe|g_cfar_per_beam[15].u_cfar|u_window|i23080~45|combout                                                            ;
; Extend to locatable node ;                         ;             ; u_pipe|g_cfar_per_beam[15].u_cfar|u_window|i23080~45~cw_la_lab/laboutb[8]                                               ;
; Extend to locatable node ;                         ;             ; u_pipe|g_cfar_per_beam[15].u_cfar|u_window|i23080~45~_LAB_RE_X303_Y384_N0_I117                                          ;
; Extend to locatable node ;                         ;             ; u_pipe|g_cfar_per_beam[15].u_cfar|u_window|i23080~45~_R4_X300_Y384_N0_I7                                                ;
; Extend to locatable node ;                         ;             ; u_pipe|g_cfar_per_beam[15].u_cfar|u_window|i23080~45~_LOCAL_INTERCONNECT_X299_Y384_N0_I61                               ;
; Extend to locatable node ; Bypassed Hyper-Register ;             ; u_pipe|g_cfar_per_beam[15].u_cfar|u_window|i23080~45~_BLOCK_INPUT_MUX_PASSTHROUGH_X299_Y384_N0_I17                      ;
; Extend to locatable node ;                         ;             ; u_pipe|g_cfar_per_beam[15].u_cfar|u_window|i23080~45~_LAB_RE_X299_Y384_N0_I21                                           ;
; Extend to locatable node ;                         ;             ; u_pipe|g_cfar_per_beam[15].u_cfar|u_window|add_298~226|datac                                                            ;
; Extend to locatable node ;                         ;             ; u_pipe|g_cfar_per_beam[15].u_cfar|u_window|add_298~226|sumout                                                           ;
; Extend to locatable node ;                         ;             ; u_pipe|g_cfar_per_beam[15].u_cfar|u_window|add_298~226~_LAB_RE_X299_Y384_N0_I99                                         ;
; Extend to locatable node ;                         ;             ; u_pipe|g_cfar_per_beam[15].u_cfar|u_window|add_298~226~_R0_X299_Y384_N0_I18                                             ;
; Extend to locatable node ;                         ;             ; u_pipe|g_cfar_per_beam[15].u_cfar|u_window|add_298~226~_LOCAL_INTERCONNECT_X299_Y384_N0_I46                             ;
; Extend to locatable node ; Bypassed Hyper-Register ;             ; u_pipe|g_cfar_per_beam[15].u_cfar|u_window|add_298~226~_BLOCK_INPUT_MUX_PASSTHROUGH_X299_Y384_N0_I42                    ;
; Extend to locatable node ;                         ;             ; u_pipe|g_cfar_per_beam[15].u_cfar|u_window|add_298~226~_LAB_RE_X299_Y384_N0_I40                                         ;
; Extend to locatable node ;                         ;             ; u_pipe|g_cfar_per_beam[15].u_cfar|u_window|i23308~45|datae                                                              ;
; Extend to locatable node ;                         ;             ; u_pipe|g_cfar_per_beam[15].u_cfar|u_window|i23308~45|combout                                                            ;
; Extend to locatable node ;                         ;             ; u_pipe|g_cfar_per_beam[15].u_cfar|u_window|i23308~45~_LAB_RE_X299_Y384_N0_I144                                          ;
; Extend to locatable node ;                         ;             ; u_pipe|g_cfar_per_beam[15].u_cfar|u_window|i23308~45~_C1_X299_Y384_N0_I18                                               ;
; Extend to locatable node ;                         ;             ; u_pipe|g_cfar_per_beam[15].u_cfar|u_window|i23308~45~_R1_X299_Y385_N0_I19                                               ;
; Extend to locatable node ;                         ;             ; u_pipe|g_cfar_per_beam[15].u_cfar|u_window|i23308~45~_C1_X298_Y385_N0_I18                                               ;
; Extend to locatable node ;                         ;             ; u_pipe|g_cfar_per_beam[15].u_cfar|u_window|i23308~45~_LOCAL_INTERCONNECT_X298_Y386_N0_I28                               ;
; Extend to locatable node ; Bypassed Hyper-Register ;             ; u_pipe|g_cfar_per_beam[15].u_cfar|u_window|i23308~45~_BLOCK_INPUT_MUX_PASSTHROUGH_X298_Y386_N0_I20                      ;
; Extend to locatable node ;                         ;             ; u_pipe|g_cfar_per_beam[15].u_cfar|u_window|i23308~45~_LAB_RE_X298_Y386_N0_I19                                           ;
; Extend to locatable node ;                         ;             ; u_pipe|g_cfar_per_beam[15].u_cfar|u_window|i23422~45|dataa                                                              ;
; Extend to locatable node ;                         ;             ; u_pipe|g_cfar_per_beam[15].u_cfar|u_window|i23422~45|combout                                                            ;
; Extend to locatable node ;                         ;             ; u_pipe|g_cfar_per_beam[15].u_cfar|u_window|i23422~45~_LAB_RE_X298_Y386_N0_I98                                           ;
; Extend to locatable node ;                         ;             ; u_pipe|g_cfar_per_beam[15].u_cfar|u_window|i23422~45~_R2_X297_Y386_N0_I5                                                ;
; Extend to locatable node ;                         ;             ; u_pipe|g_cfar_per_beam[15].u_cfar|u_window|i23422~45~_LOCAL_INTERCONNECT_X296_Y386_N0_I20                               ;
; Extend to locatable node ; Bypassed Hyper-Register ;             ; u_pipe|g_cfar_per_beam[15].u_cfar|u_window|i23422~45~_BLOCK_INPUT_MUX_PASSTHROUGH_X296_Y386_N0_I22                      ;
; Extend to locatable node ;                         ;             ; u_pipe|g_cfar_per_beam[15].u_cfar|u_window|i23422~45~_LAB_RE_X296_Y386_N0_I22                                           ;
; Extend to locatable node ;                         ;             ; u_pipe|g_cfar_per_beam[15].u_cfar|u_window|add_310~226|datad                                                            ;
; Extend to locatable node ;                         ;             ; u_pipe|g_cfar_per_beam[15].u_cfar|u_window|add_310~226|cout                                                             ;
; Extend to locatable node ;                         ;             ; u_pipe|g_cfar_per_beam[15].u_cfar|u_window|add_310~231|cin                                                              ;
; Extend to locatable node ;                         ;             ; u_pipe|g_cfar_per_beam[15].u_cfar|u_window|add_310~231|sumout                                                           ;
; Extend to locatable node ;                         ;             ; u_pipe|g_cfar_per_beam[15].u_cfar|u_window|add_310~231~_LAB_RE_X296_Y386_N0_I102                                        ;
; Extend to locatable node ;                         ;             ; u_pipe|g_cfar_per_beam[15].u_cfar|u_window|add_310~231~_C1_X296_Y385_N0_I15                                             ;
; Extend to locatable node ;                         ;             ; u_pipe|g_cfar_per_beam[15].u_cfar|u_window|add_310~231~_LOCAL_INTERCONNECT_X296_Y385_N0_I33                             ;
; Extend to locatable node ; Bypassed Hyper-Register ;             ; u_pipe|g_cfar_per_beam[15].u_cfar|u_window|add_310~231~_BLOCK_INPUT_MUX_PASSTHROUGH_X296_Y385_N0_I61                    ;
; Extend to locatable node ;                         ;             ; u_pipe|g_cfar_per_beam[15].u_cfar|u_window|add_310~231~_LAB_RE_X296_Y385_N0_I60                                         ;
; Extend to locatable node ;                         ;             ; u_pipe|g_cfar_per_beam[15].u_cfar|u_window|i23650~46|datab                                                              ;
; Extend to locatable node ;                         ;             ; u_pipe|g_cfar_per_beam[15].u_cfar|u_window|i23650~46|combout                                                            ;
; Extend to locatable node ;                         ;             ; u_pipe|g_cfar_per_beam[15].u_cfar|u_window|i23650~46~_LAB_RE_X296_Y385_N0_I117                                          ;
; Extend to locatable node ;                         ;             ; u_pipe|g_cfar_per_beam[15].u_cfar|u_window|i23650~46~_R1_X296_Y385_N0_I29                                               ;
; Extend to locatable node ;                         ;             ; u_pipe|g_cfar_per_beam[15].u_cfar|u_window|i23650~46~_R1_X295_Y385_N0_I29                                               ;
; Extend to locatable node ;                         ;             ; u_pipe|g_cfar_per_beam[15].u_cfar|u_window|i23650~46~_LOCAL_INTERCONNECT_X294_Y385_N0_I55                               ;
; Extend to locatable node ; Bypassed Hyper-Register ;             ; u_pipe|g_cfar_per_beam[15].u_cfar|u_window|i23650~46~_BLOCK_INPUT_MUX_PASSTHROUGH_X294_Y385_N0_I43                      ;
; Extend to locatable node ;                         ;             ; u_pipe|g_cfar_per_beam[15].u_cfar|u_window|i23650~46~_LAB_RE_X294_Y385_N0_I47                                           ;
; Extend to locatable node ;                         ;             ; u_pipe|g_cfar_per_beam[15].u_cfar|u_window|i23764~46|datae                                                              ;
; Extend to locatable node ;                         ;             ; u_pipe|g_cfar_per_beam[15].u_cfar|u_window|i23764~46|combout                                                            ;
; Extend to locatable node ;                         ;             ; u_pipe|g_cfar_per_beam[15].u_cfar|u_window|i23764~46~_LAB_RE_X294_Y385_N0_I139                                          ;
; Extend to locatable node ;                         ;             ; u_pipe|g_cfar_per_beam[15].u_cfar|u_window|i23764~46~_R1_X294_Y385_N0_I23                                               ;
; Extend to locatable node ;                         ;             ; u_pipe|g_cfar_per_beam[15].u_cfar|u_window|i23764~46~_LOCAL_INTERCONNECT_X293_Y385_N0_I52                               ;
; Extend to locatable node ; Bypassed Hyper-Register ;             ; u_pipe|g_cfar_per_beam[15].u_cfar|u_window|i23764~46~_BLOCK_INPUT_MUX_PASSTHROUGH_X293_Y385_N0_I28                      ;
; Extend to locatable node ;                         ;             ; u_pipe|g_cfar_per_beam[15].u_cfar|u_window|i23764~46~_LAB_RE_X293_Y385_N0_I27                                           ;
; Extend to locatable node ;                         ;             ; u_pipe|g_cfar_per_beam[15].u_cfar|u_window|add_322~231|dataa                                                            ;
; Extend to locatable node ;                         ;             ; u_pipe|g_cfar_per_beam[15].u_cfar|u_window|add_322~231|sumout                                                           ;
; Extend to locatable node ;                         ;             ; u_pipe|g_cfar_per_beam[15].u_cfar|u_window|add_322~231~_LAB_RE_X293_Y385_N0_I102                                        ;
; Extend to locatable node ; Bypassed Hyper-Register ;             ; u_pipe|g_cfar_per_beam[15].u_cfar|u_window|add_322~231~_C4_X293_Y381_N0_I15                                             ;
; Extend to locatable node ;                         ;             ; u_pipe|g_cfar_per_beam[15].u_cfar|u_window|add_322~231~_LOCAL_INTERCONNECT_X293_Y381_N0_I30                             ;
; Extend to locatable node ; Bypassed Hyper-Register ;             ; u_pipe|g_cfar_per_beam[15].u_cfar|u_window|add_322~231~_BLOCK_INPUT_MUX_PASSTHROUGH_X293_Y381_N0_I31                    ;
; Extend to locatable node ;                         ;             ; u_pipe|g_cfar_per_beam[15].u_cfar|u_window|add_322~231~_LAB_RE_X293_Y381_N0_I25                                         ;
; Extend to locatable node ;                         ;             ; u_pipe|g_cfar_per_beam[15].u_cfar|u_window|add_326~231|datad                                                            ;
; Extend to locatable node ;                         ;             ; u_pipe|g_cfar_per_beam[15].u_cfar|u_window|add_326~231|sumout                                                           ;
; Extend to locatable node ;                         ;             ; u_pipe|g_cfar_per_beam[15].u_cfar|u_window|add_326~231~_LAB_RE_X293_Y381_N0_I102                                        ;
; Extend to locatable node ;                         ;             ; u_pipe|g_cfar_per_beam[15].u_cfar|u_window|add_326~231~_R1_X293_Y381_N0_I15                                             ;
; Extend to locatable node ;                         ;             ; u_pipe|g_cfar_per_beam[15].u_cfar|u_window|add_326~231~_C1_X292_Y380_N0_I15                                             ;
; Extend to locatable node ;                         ;             ; u_pipe|g_cfar_per_beam[15].u_cfar|u_window|add_326~231~_LOCAL_INTERCONNECT_X292_Y380_N0_I22                             ;
; Extend to locatable node ; Bypassed Hyper-Register ;             ; u_pipe|g_cfar_per_beam[15].u_cfar|u_window|add_326~231~_BLOCK_INPUT_MUX_PASSTHROUGH_X292_Y380_N0_I24                    ;
; Extend to locatable node ;                         ;             ; u_pipe|g_cfar_per_beam[15].u_cfar|u_window|add_326~231~_LAB_RE_X292_Y380_N0_I26                                         ;
; Extend to locatable node ;                         ;             ; u_pipe|g_cfar_per_beam[15].u_cfar|u_window|add_330~231|datac                                                            ;
; Extend to locatable node ;                         ;             ; u_pipe|g_cfar_per_beam[15].u_cfar|u_window|add_330~231|sumout                                                           ;
; Extend to locatable node ;                         ;             ; u_pipe|g_cfar_per_beam[15].u_cfar|u_window|add_330~231~_LAB_RE_X292_Y380_N0_I101                                        ;
; Extend to locatable node ;                         ;             ; u_pipe|g_cfar_per_beam[15].u_cfar|u_window|add_330~231~_LOCAL_INTERCONNECT_X292_Y380_N0_I36                             ;
; Extend to locatable node ; Bypassed Hyper-Register ;             ; u_pipe|g_cfar_per_beam[15].u_cfar|u_window|add_330~231~_BLOCK_INPUT_MUX_PASSTHROUGH_X292_Y380_N0_I41                    ;
; Extend to locatable node ;                         ;             ; u_pipe|g_cfar_per_beam[15].u_cfar|u_window|add_330~231~_LAB_RE_X292_Y380_N0_I45                                         ;
; Extend to locatable node ;                         ;             ; u_pipe|g_cfar_per_beam[15].u_cfar|u_window|i24220~46|datac                                                              ;
; Extend to locatable node ;                         ;             ; u_pipe|g_cfar_per_beam[15].u_cfar|u_window|i24220~46|combout                                                            ;
; Extend to locatable node ;                         ;             ; u_pipe|g_cfar_per_beam[15].u_cfar|u_window|i24220~46~_LAB_RE_X292_Y380_N0_I111                                          ;
; Extend to locatable node ;                         ;             ; u_pipe|g_cfar_per_beam[15].u_cfar|u_window|i24220~46~_R2_X293_Y380_N0_I10                                               ;
; Extend to locatable node ;                         ;             ; u_pipe|g_cfar_per_beam[15].u_cfar|u_window|i24220~46~_LOCAL_INTERCONNECT_X294_Y380_N0_I56                               ;
; Extend to locatable node ; Bypassed Hyper-Register ;             ; u_pipe|g_cfar_per_beam[15].u_cfar|u_window|i24220~46~_BLOCK_INPUT_MUX_PASSTHROUGH_X294_Y380_N0_I75                      ;
; Extend to locatable node ;                         ;             ; u_pipe|g_cfar_per_beam[15].u_cfar|u_window|i24220~46~_LAB_RE_X294_Y380_N0_I79                                           ;
; Extend to locatable node ;                         ;             ; u_pipe|g_cfar_per_beam[15].u_cfar|u_window|i24334~46|datae                                                              ;
; Extend to locatable node ;                         ;             ; u_pipe|g_cfar_per_beam[15].u_cfar|u_window|i24334~46|combout                                                            ;
; Extend to locatable node ;                         ;             ; u_pipe|g_cfar_per_beam[15].u_cfar|u_window|i24334~46~_LAB_RE_X294_Y380_N0_I127                                          ;
; Extend to locatable node ;                         ;             ; u_pipe|g_cfar_per_beam[15].u_cfar|u_window|i24334~46~_R2_X295_Y380_N0_I18                                               ;
; Extend to locatable node ;                         ;             ; u_pipe|g_cfar_per_beam[15].u_cfar|u_window|i24334~46~_R1_X297_Y380_N0_I36                                               ;
; Extend to locatable node ;                         ;             ; u_pipe|g_cfar_per_beam[15].u_cfar|u_window|i24334~46~_LOCAL_INTERCONNECT_X297_Y380_N0_I76                               ;
; Extend to locatable node ; Bypassed Hyper-Register ;             ; u_pipe|g_cfar_per_beam[15].u_cfar|u_window|i24334~46~_BLOCK_INPUT_MUX_PASSTHROUGH_X297_Y380_N0_I29                      ;
; Extend to locatable node ;                         ;             ; u_pipe|g_cfar_per_beam[15].u_cfar|u_window|i24334~46~_LAB_RE_X297_Y380_N0_I28                                           ;
; Extend to locatable node ;                         ;             ; u_pipe|g_cfar_per_beam[15].u_cfar|u_window|add_342~231|datab                                                            ;
; Extend to locatable node ;                         ;             ; u_pipe|g_cfar_per_beam[15].u_cfar|u_window|add_342~231|sumout                                                           ;
; Extend to locatable node ;                         ;             ; u_pipe|g_cfar_per_beam[15].u_cfar|u_window|add_342~231~_LAB_RE_X297_Y380_N0_I101                                        ;
; Extend to locatable node ;                         ;             ; u_pipe|g_cfar_per_beam[15].u_cfar|u_window|add_342~231~_C1_X297_Y380_N0_I12                                             ;
; Extend to locatable node ;                         ;             ; u_pipe|g_cfar_per_beam[15].u_cfar|u_window|add_342~231~_R1_X298_Y381_N0_I12                                             ;
; Extend to locatable node ; Bypassed Hyper-Register ;             ; u_pipe|g_cfar_per_beam[15].u_cfar|u_window|add_342~231~_C4_X298_Y377_N0_I13                                             ;
; Extend to locatable node ;                         ;             ; u_pipe|g_cfar_per_beam[15].u_cfar|u_window|add_342~231~_LOCAL_INTERCONNECT_X298_Y377_N0_I25                             ;
; Extend to locatable node ; Bypassed Hyper-Register ;             ; u_pipe|g_cfar_per_beam[15].u_cfar|u_window|add_342~231~_BLOCK_INPUT_MUX_PASSTHROUGH_X298_Y377_N0_I22                    ;
; Extend to locatable node ;                         ;             ; u_pipe|g_cfar_per_beam[15].u_cfar|u_window|add_342~231~_LAB_RE_X298_Y377_N0_I22                                         ;
; Extend to locatable node ;                         ;             ; u_pipe|g_cfar_per_beam[15].u_cfar|u_window|i24562~46|datad                                                              ;
; Extend to locatable node ;                         ;             ; u_pipe|g_cfar_per_beam[15].u_cfar|u_window|i24562~46|combout                                                            ;
; Extend to locatable node ;                         ;             ; u_pipe|g_cfar_per_beam[15].u_cfar|u_window|i24562~46~_LAB_RE_X298_Y377_N0_I131                                          ;
; Extend to locatable node ;                         ;             ; u_pipe|g_cfar_per_beam[15].u_cfar|u_window|i24562~46~_LOCAL_INTERCONNECT_X298_Y377_N0_I21                               ;
; Extend to locatable node ; Bypassed Hyper-Register ;             ; u_pipe|g_cfar_per_beam[15].u_cfar|u_window|i24562~46~_BLOCK_INPUT_MUX_PASSTHROUGH_X298_Y377_N0_I75                      ;
; Extend to locatable node ;                         ;             ; u_pipe|g_cfar_per_beam[15].u_cfar|u_window|i24562~46~_LAB_RE_X298_Y377_N0_I79                                           ;
; Extend to locatable node ;                         ;             ; u_pipe|g_cfar_per_beam[15].u_cfar|u_window|i24676~46|datae                                                              ;
; Extend to locatable node ;                         ;             ; u_pipe|g_cfar_per_beam[15].u_cfar|u_window|i24676~46|combout                                                            ;
; Extend to locatable node ;                         ;             ; u_pipe|g_cfar_per_beam[15].u_cfar|u_window|i24676~46~cw_ml_mlab/laboutb[19]                                             ;
; Extend to locatable node ;                         ;             ; u_pipe|g_cfar_per_beam[15].u_cfar|u_window|i24676~46~_LAB_RE_X298_Y377_N0_I128                                          ;
; Extend to locatable node ;                         ;             ; u_pipe|g_cfar_per_beam[15].u_cfar|u_window|i24676~46~_LOCAL_INTERCONNECT_X298_Y377_N0_I76                               ;
; Extend to locatable node ; Bypassed Hyper-Register ;             ; u_pipe|g_cfar_per_beam[15].u_cfar|u_window|i24676~46~_BLOCK_INPUT_MUX_PASSTHROUGH_X298_Y377_N0_I59                      ;
; Extend to locatable node ;                         ;             ; u_pipe|g_cfar_per_beam[15].u_cfar|u_window|i24676~46~_LAB_RE_X298_Y377_N0_I63                                           ;
; Extend to locatable node ;                         ;             ; u_pipe|g_cfar_per_beam[15].u_cfar|u_window|i24790~46|dataf                                                              ;
; Extend to locatable node ;                         ;             ; u_pipe|g_cfar_per_beam[15].u_cfar|u_window|i24790~46|combout                                                            ;
; Extend to locatable node ;                         ;             ; u_pipe|g_cfar_per_beam[15].u_cfar|u_window|i24790~46~cw_ml_mlab/lab_lut6outb[2]                                         ;
; Extend to locatable node ;                         ;             ; u_pipe|g_cfar_per_beam[15].u_cfar|u_window|i24790~46~_LAB_RE_X298_Y377_N0_I146                                          ;
; Extend to locatable node ;                         ;             ; u_pipe|g_cfar_per_beam[15].u_cfar|u_window|i24790~46~_LOCAL_INTERCONNECT_X298_Y377_N0_I50                               ;
; Extend to locatable node ; Bypassed Hyper-Register ;             ; u_pipe|g_cfar_per_beam[15].u_cfar|u_window|i24790~46~_BLOCK_INPUT_MUX_PASSTHROUGH_X298_Y377_N0_I46                      ;
; Extend to locatable node ;                         ;             ; u_pipe|g_cfar_per_beam[15].u_cfar|u_window|i24790~46~_LAB_RE_X298_Y377_N0_I46                                           ;
; Extend to locatable node ;                         ;             ; u_pipe|g_cfar_per_beam[15].u_cfar|u_window|sum_lag_c[0]~46|datad                                                        ;
; Extend to locatable node ;                         ;             ; u_pipe|g_cfar_per_beam[15].u_cfar|u_window|sum_lag_c[0]~46|combout                                                      ;
; Extend to locatable node ;                         ;             ; u_pipe|g_cfar_per_beam[15].u_cfar|sum_lag1_q[46]~_Duplicate|d                                                           ;
; Extend to locatable node ; ALM Register            ; #6          ; u_pipe|g_cfar_per_beam[15].u_cfar|sum_lag1_q[46]~_Duplicate                                                             ;
+--------------------------+-------------------------+-------------+-------------------------------------------------------------------------------------------------------------------------+



+-----------------+
; Retime Messages ;
+-----------------+
Info (20030): Parallel compilation is enabled and will use 16 of the 16 processors detected
Info: *******************************************************************
Info: Running Quartus Prime Fitter
    Info: Version 26.1.0 Build 110 03/26/2026 SC Pro Edition
    Info: Processing started: Tue Jul 28 12:15:06 2026
    Info: System process ID: 32176
Info: Command: quartus_fit --read_settings_files=on --write_settings_files=off agilex7_wideband -c agilex7_wideband --dni --seed=1 --write_settings_files=off
Info: qfit2_default_script.tcl version: #1
Info: Project  = agilex7_wideband
Info: Revision = agilex7_wideband
Info (17966): Starting Hyper-Retimer operations.
Info (17968): Completed Hyper-Retimer operations.
Info (18821): Fitter Hyper-Retimer operations ending: elapsed time is 00:03:29


