Design Assistant report for agilex7_wideband
Tue Jul 28 12:15:04 2026
Quartus Prime Version 26.1.0 Build 110 03/26/2026 SC Pro Edition


---------------------
; Table of Contents ;
---------------------
  1. Legal Notice
  2. Design Assistant (Synthesized) Results - 1 of 13 Rules Failed
  3. RES-30134 - Registers Not Reachable from Reset Release IP
  4. LNT-30011 - Design Contains Combinational Loops
  5. LNT-30017 - Register Output Driving Its Own Asynchronous Control Signal Directly or Through Combinational Logic
  6. LNT-30023 - Reset Nets with Polarity Conflict
  7. RES-30132 - Registers May Not Be Properly Reset
  8. RES-30133 - Embedded Memory Blocks with Initialized Content That Might be Modified Before the FPGA Enters User Mode
  9. TMC-20052 - Paths with Post Synthesis Inferred Latches
 10. FLP-10500 - Non Driving Top Level Inputs Found
 11. LNT-30010 - Nets Driving both Reset and Clock Enable Signals
 12. LNT-50006 - DSP Control Signal Registers Reset Mode Mismatch
 13. TMC-20053 - DSP Inputs Driven by High Fan-Out Net
 14. TMC-20500 - Hierarchical Tree Duplication was Shallower than Possible
 15. TMC-20501 - Hierarchical Tree Duplication was Shallower than Requested



----------------
; Legal Notice ;
----------------
Copyright (C) 2026  Altera Corporation. All rights reserved.
Your use of Altera Corporation's design tools, logic functions 
and other software and tools, and any partner logic 
functions, and any output files from any of the foregoing 
(including device programming or simulation files), and any 
associated documentation or information are expressly subject 
to the terms and conditions of the Altera Program License 
Subscription Agreement, the Altera Quartus Prime License Agreement,
the Altera IP License Agreement, or other applicable license
agreement, including, without limitation, that your use is for
the sole purpose of programming logic devices manufactured by
Altera and sold by Altera or its authorized distributors.  Please
refer to the Altera Software License Subscription Agreements 
on the Quartus Prime software download page.



+----------------------------------------------------------------------------------------------------------------------------------------------------------------------------------------+
; Design Assistant (Synthesized) Results - 1 of 13 Rules Failed                                                                                                                          ;
+---------------------------------------------------------------------------------------------------------------------+----------+------------+--------+---------------------------------+
; Rule                                                                                                                ; Severity ; Violations ; Waived ; Tags                            ;
+---------------------------------------------------------------------------------------------------------------------+----------+------------+--------+---------------------------------+
; RES-30134 - Registers Not Reachable from Reset Release IP                                                           ; Medium   ; 5,000+     ; 0      ; reset-usage, reset-reachability ;
; LNT-30011 - Design Contains Combinational Loops                                                                     ; High     ; 0          ; 0      ; nonstandard-timing              ;
; LNT-30017 - Register Output Driving Its Own Asynchronous Control Signal Directly or Through Combinational Logic     ; Medium   ; 0          ; 0      ; nonstandard-timing              ;
; LNT-30023 - Reset Nets with Polarity Conflict                                                                       ; Medium   ; 0          ; 0      ; reset-usage                     ;
; RES-30132 - Registers May Not Be Properly Reset                                                                     ; Medium   ; 0          ; 0      ; reset-usage, reset-reachability ;
; RES-30133 - Embedded Memory Blocks with Initialized Content That Might be Modified Before the FPGA Enters User Mode ; Medium   ; 0          ; 0      ; ram, reset-usage                ;
; TMC-20052 - Paths with Post Synthesis Inferred Latches                                                              ; Medium   ; 0          ; 0      ; nonstandard-timing, latch       ;
; FLP-10500 - Non Driving Top Level Inputs Found                                                                      ; Low      ; 0          ; 0      ; system                          ;
; LNT-30010 - Nets Driving both Reset and Clock Enable Signals                                                        ; Low      ; 0          ; 0      ; reset-usage                     ;
; LNT-50006 - DSP Control Signal Registers Reset Mode Mismatch                                                        ; Low      ; 0          ; 0      ; dsp, reset-usage                ;
; TMC-20053 - DSP Inputs Driven by High Fan-Out Net                                                                   ; Low      ; 0          ; 0      ; dsp                             ;
; TMC-20500 - Hierarchical Tree Duplication was Shallower than Possible                                               ; Low      ; 0          ; 0      ; register-duplication, synthesis ;
; TMC-20501 - Hierarchical Tree Duplication was Shallower than Requested                                              ; Low      ; 0          ; 0      ; register-duplication, synthesis ;
+---------------------------------------------------------------------------------------------------------------------+----------+------------+--------+---------------------------------+


Status:		FAIL
Severity:		Medium
Number of violations: 	5,000+
Rule Parameters:      	max_violations = 5000
+-----------------------------------------------------------------------------------------------------------+
; RES-30134 - Registers Not Reachable from Reset Release IP                                                 ;
+--------------------------------------------------------------------------------------------------+--------+
; Register Node                                                                                    ; Waived ;
+--------------------------------------------------------------------------------------------------+--------+
; u_pipe|g_fft[12].u_fft|u_out_fifo|count_q[0]                                                     ;        ;
; u_pipe|g_fft[12].u_fft|u_out_fifo|count_q[10]                                                    ;        ;
; u_pipe|g_fft[12].u_fft|credit_q[10]                                                              ;        ;
; u_pipe|g_fft[6].u_fft|u_core|g_lane[0].u_path|g_group[2].u_stage|g_twiddle.g_tag[3].w_q          ;        ;
; u_pipe|g_fft[6].u_fft|u_core|g_lane[0].u_path|g_group[3].u_stage|u_bf2i|warm_cnt_q[0]            ;        ;
; u_pipe|g_fft[6].u_fft|u_core|g_lane[0].u_path|g_group[3].u_stage|u_bf2i|warm_cnt_q[2]            ;        ;
; u_pipe|g_fft[6].u_fft|u_core|g_lane[0].u_path|g_group[3].u_stage|u_bf2i|warm_cnt_q[1]            ;        ;
; u_pipe|g_fft[6].u_fft|u_core|g_lane[0].u_path|g_group[3].u_stage|u_bf2ii|warm_cnt_q[1]           ;        ;
; u_pipe|g_fft[6].u_fft|u_core|g_lane[0].u_path|g_group[3].u_stage|u_bf2ii|warm_cnt_q[0]           ;        ;
; u_pipe|g_fft[6].u_fft|u_core|g_lane[0].u_path|g_group[3].u_stage|g_twiddle.g_align[0].w_q        ;        ;
; u_pipe|g_fft[6].u_fft|u_core|g_lane[0].u_path|g_group[3].u_stage|g_twiddle.g_align[1].w_q        ;        ;
; u_pipe|g_fft[6].u_fft|u_core|g_lane[0].u_path|g_group[3].u_stage|g_twiddle.g_tag[0].w_q          ;        ;
; u_pipe|g_fft[6].u_fft|u_core|g_lane[0].u_path|g_group[3].u_stage|g_twiddle.g_tag[1].w_q          ;        ;
; u_pipe|g_fft[12].u_fft|credit_q[0]                                                               ;        ;
; u_pipe|g_fft[6].u_fft|u_core|g_lane[0].u_path|g_group[3].u_stage|g_twiddle.g_tag[2].w_q          ;        ;
; u_pipe|g_fft[6].u_fft|u_core|g_lane[0].u_path|g_group[3].u_stage|g_twiddle.g_tag[3].w_q          ;        ;
; u_pipe|g_fft[6].u_fft|u_core|g_lane[0].u_path|g_tail.u_tail|warm_cnt_q[1]                        ;        ;
; u_pipe|g_fft[6].u_fft|u_core|g_lane[0].u_path|g_tail.u_tail|warm_cnt_q[0]                        ;        ;
; u_pipe|g_fft[6].u_fft|u_core|g_merge.u_merge|g_align[0].w_q                                      ;        ;
; u_pipe|g_fft[6].u_fft|u_core|g_merge.u_merge|g_align[1].w_q                                      ;        ;
; u_pipe|g_fft[6].u_fft|u_core|g_merge.u_merge|g_tag[0].w_q                                        ;        ;
; u_pipe|g_fft[6].u_fft|u_core|g_merge.u_merge|g_tag[1].w_q                                        ;        ;
; u_pipe|g_fft[6].u_fft|u_core|g_merge.u_merge|g_tag[2].w_q                                        ;        ;
; u_pipe|g_fft[6].u_fft|u_core|g_merge.u_merge|g_tag[3].w_q                                        ;        ;
; u_pipe|g_fft[12].u_fft|credit_q[1]                                                               ;        ;
; u_pipe|g_fft[6].u_fft|u_core|g_merge.u_merge|warm_q                                              ;        ;
; u_pipe|g_fft[6].u_fft|g_reorder.u_reorder|warm_cnt_q[0]                                          ;        ;
; u_pipe|g_fft[6].u_fft|credit_q[8]                                                                ;        ;
; u_pipe|g_fft[6].u_fft|credit_q[9]                                                                ;        ;
; u_pipe|g_fft[6].u_fft|credit_q[10]                                                               ;        ;
; u_pipe|g_fft[6].u_fft|credit_q[0]                                                                ;        ;
; u_pipe|g_fft[6].u_fft|credit_q[1]                                                                ;        ;
; u_pipe|g_fft[6].u_fft|credit_q[2]                                                                ;        ;
; u_pipe|g_fft[6].u_fft|credit_q[3]                                                                ;        ;
; u_pipe|g_fft[6].u_fft|credit_q[4]                                                                ;        ;
; u_pipe|g_fft[12].u_fft|credit_q[2]                                                               ;        ;
; u_pipe|g_fft[6].u_fft|credit_q[5]                                                                ;        ;
; u_pipe|g_fft[6].u_fft|credit_q[6]                                                                ;        ;
; u_pipe|g_fft[6].u_fft|credit_q[7]                                                                ;        ;
; u_pipe|g_fft[6].u_fft|u_eb_in|count_q[1]                                                         ;        ;
; u_pipe|g_pfb[6].u_pfb|u_out|rdy_q                                                                ;        ;
; u_pipe|g_pfb[6].u_pfb|credits_q[3]                                                               ;        ;
; u_pipe|g_pfb[6].u_pfb|credits_q[1]                                                               ;        ;
; u_pipe|g_pfb[6].u_pfb|credits_q[2]                                                               ;        ;
; u_pipe|g_pfb[6].u_pfb|credits_q[0]                                                               ;        ;
; u_pipe|g_pfb[6].u_pfb|rdy_q                                                                      ;        ;
; u_pipe|g_fft[12].u_fft|credit_q[3]                                                               ;        ;
; u_pipe|g_pfb[6].u_pfb|g_lane[0].u_lane|g_mult[0].u_mult|g_valid[0].v_q                           ;        ;
; u_pipe|g_pfb[6].u_pfb|g_lane[0].u_lane|g_mult[0].u_mult|g_valid[1].v_q                           ;        ;
; u_pipe|g_pfb[6].u_pfb|g_lane[0].u_lane|g_mult[0].u_mult|g_valid[2].v_q                           ;        ;
; u_pipe|g_pfb[6].u_pfb|g_lane[0].u_lane|g_mult[0].u_mult|g_valid[3].v_q                           ;        ;
; u_pipe|g_pfb[6].u_pfb|g_lane[0].u_lane|g_valid[0].v_q                                            ;        ;
; u_pipe|g_pfb[6].u_pfb|g_lane[0].u_lane|g_valid[1].v_q                                            ;        ;
; u_pipe|g_pfb[6].u_pfb|g_lane[0].u_lane|g_valid[2].v_q                                            ;        ;
; u_pipe|g_pfb[6].u_pfb|g_lane[0].u_lane|g_valid[3].v_q                                            ;        ;
; u_pipe|g_pfb[6].u_pfb|g_lane[0].u_lane|g_valid[4].v_q                                            ;        ;
; u_pipe|g_pfb[6].u_pfb|u_out|count_q[0]                                                           ;        ;
; u_pipe|g_fft[12].u_fft|credit_q[4]                                                               ;        ;
; u_pipe|g_pfb[6].u_pfb|u_out|count_q[1]                                                           ;        ;
; u_pipe|g_pfb[6].u_pfb|u_out|count_q[2]                                                           ;        ;
; u_pipe|g_pfb[6].u_pfb|u_out|count_q[3]                                                           ;        ;
; u_pipe|g_fft[6].u_fft|u_eb_in|rdy_q                                                              ;        ;
; u_pipe|g_fft[6].u_fft|u_eb_in|count_q[0]                                                         ;        ;
; u_pipe|g_fft[6].u_fft|u_eb_in|count_q[2]                                                         ;        ;
; u_pipe|g_fft[6].u_fft|u_core|g_lane[0].u_path|g_group[0].u_stage|u_bf2i|vld_q                    ;        ;
; u_pipe|g_fft[6].u_fft|u_core|g_lane[0].u_path|g_group[0].u_stage|u_bf2ii|vld_q                   ;        ;
; u_pipe|g_fft[6].u_fft|u_core|g_lane[0].u_path|g_group[0].u_stage|g_twiddle.u_mul|g_valid[0].v_q  ;        ;
; u_pipe|g_fft[6].u_fft|u_core|g_lane[0].u_path|g_group[0].u_stage|g_twiddle.u_mul|g_valid[1].v_q  ;        ;
; u_pipe|g_fft[12].u_fft|credit_q[5]                                                               ;        ;
; u_pipe|g_fft[6].u_fft|u_core|g_lane[0].u_path|g_group[0].u_stage|g_twiddle.u_mul|g_valid[2].v_q  ;        ;
; u_pipe|g_fft[6].u_fft|u_core|g_lane[0].u_path|g_group[0].u_stage|g_twiddle.u_mul|g_valid[3].v_q  ;        ;
; u_pipe|g_fft[6].u_fft|u_core|g_lane[0].u_path|g_group[1].u_stage|u_bf2i|vld_q                    ;        ;
; u_pipe|g_fft[6].u_fft|u_core|g_lane[0].u_path|g_group[1].u_stage|u_bf2ii|vld_q                   ;        ;
; u_pipe|g_fft[6].u_fft|u_core|g_lane[0].u_path|g_group[1].u_stage|g_twiddle.u_mul|g_valid[0].v_q  ;        ;
; u_pipe|g_fft[6].u_fft|u_core|g_lane[0].u_path|g_group[1].u_stage|g_twiddle.u_mul|g_valid[1].v_q  ;        ;
; u_pipe|g_fft[6].u_fft|u_core|g_lane[0].u_path|g_group[1].u_stage|g_twiddle.u_mul|g_valid[2].v_q  ;        ;
; u_pipe|g_fft[6].u_fft|u_core|g_lane[0].u_path|g_group[1].u_stage|g_twiddle.u_mul|g_valid[3].v_q  ;        ;
; u_pipe|g_fft[6].u_fft|u_core|g_lane[0].u_path|g_group[2].u_stage|u_bf2i|vld_q                    ;        ;
; u_pipe|g_fft[6].u_fft|u_core|g_lane[0].u_path|g_group[2].u_stage|u_bf2ii|vld_q                   ;        ;
; u_pipe|g_fft[12].u_fft|credit_q[6]                                                               ;        ;
; u_pipe|g_fft[6].u_fft|u_core|g_lane[0].u_path|g_group[2].u_stage|g_twiddle.u_mul|g_valid[0].v_q  ;        ;
; u_pipe|g_fft[6].u_fft|u_core|g_lane[0].u_path|g_group[2].u_stage|g_twiddle.u_mul|g_valid[1].v_q  ;        ;
; u_pipe|g_fft[6].u_fft|u_core|g_lane[0].u_path|g_group[2].u_stage|g_twiddle.u_mul|g_valid[2].v_q  ;        ;
; u_pipe|g_fft[6].u_fft|u_core|g_lane[0].u_path|g_group[2].u_stage|g_twiddle.u_mul|g_valid[3].v_q  ;        ;
; u_pipe|g_fft[6].u_fft|u_core|g_lane[0].u_path|g_group[3].u_stage|u_bf2i|vld_q                    ;        ;
; u_pipe|g_fft[6].u_fft|u_core|g_lane[0].u_path|g_group[3].u_stage|u_bf2ii|vld_q                   ;        ;
; u_pipe|g_fft[6].u_fft|u_core|g_lane[0].u_path|g_group[3].u_stage|g_twiddle.u_mul|g_valid[0].v_q  ;        ;
; u_pipe|g_fft[6].u_fft|u_core|g_lane[0].u_path|g_group[3].u_stage|g_twiddle.u_mul|g_valid[1].v_q  ;        ;
; u_pipe|g_fft[6].u_fft|u_core|g_lane[0].u_path|g_group[3].u_stage|g_twiddle.u_mul|g_valid[2].v_q  ;        ;
; u_pipe|g_fft[6].u_fft|u_core|g_lane[0].u_path|g_group[3].u_stage|g_twiddle.u_mul|g_valid[3].v_q  ;        ;
; u_pipe|g_fft[12].u_fft|credit_q[7]                                                               ;        ;
; u_pipe|g_fft[6].u_fft|u_core|g_lane[0].u_path|g_tail.u_tail|vld_q                                ;        ;
; u_pipe|g_fft[6].u_fft|u_core|g_merge.u_merge|u_mul|g_valid[0].v_q                                ;        ;
; u_pipe|g_fft[6].u_fft|u_core|g_merge.u_merge|u_mul|g_valid[1].v_q                                ;        ;
; u_pipe|g_fft[6].u_fft|u_core|g_merge.u_merge|u_mul|g_valid[2].v_q                                ;        ;
; u_pipe|g_fft[6].u_fft|u_core|g_merge.u_merge|u_mul|g_valid[3].v_q                                ;        ;
; u_pipe|g_fft[6].u_fft|u_core|g_merge.u_merge|vld_q                                               ;        ;
; u_pipe|g_fft[6].u_fft|g_reorder.u_reorder|vld_q                                                  ;        ;
; u_pipe|g_fft[6].u_fft|u_out_fifo|count_q[2]                                                      ;        ;
; u_pipe|g_fft[6].u_fft|u_out_fifo|g_out_reg.out_valid_q                                           ;        ;
; u_pipe|g_fft[6].u_fft|u_out_fifo|rd_ptr_q[6]                                                     ;        ;
; u_pipe|g_fft[12].u_fft|u_eb_in|count_q[1]                                                        ;        ;
; u_pipe|g_fft[6].u_fft|u_out_fifo|rd_ptr_q[1]                                                     ;        ;
; u_pipe|g_fft[6].u_fft|u_out_fifo|rd_ptr_q[10]                                                    ;        ;
; u_pipe|g_fft[6].u_fft|u_out_fifo|rd_ptr_q[0]                                                     ;        ;
; u_pipe|g_fft[6].u_fft|u_out_fifo|rd_ptr_q[2]                                                     ;        ;
; u_pipe|g_fft[6].u_fft|u_out_fifo|rd_ptr_q[3]                                                     ;        ;
; u_pipe|g_fft[6].u_fft|u_out_fifo|rd_ptr_q[4]                                                     ;        ;
; u_pipe|g_fft[6].u_fft|u_out_fifo|rd_ptr_q[5]                                                     ;        ;
; u_pipe|g_fft[6].u_fft|u_out_fifo|rd_ptr_q[7]                                                     ;        ;
; u_pipe|g_fft[6].u_fft|u_out_fifo|rd_ptr_q[8]                                                     ;        ;
; u_pipe|g_fft[6].u_fft|u_out_fifo|rd_ptr_q[9]                                                     ;        ;
; u_pipe|g_fft[12].u_fft|g_reorder.u_reorder|warm_cnt_q[1]                                         ;        ;
; u_pipe|g_pfb[12].u_pfb|u_out|rdy_q                                                               ;        ;
; u_pipe|g_fft[6].u_fft|u_out_fifo|wr_ptr_q[4]                                                     ;        ;
; u_pipe|g_fft[6].u_fft|u_out_fifo|wr_ptr_q[5]                                                     ;        ;
; u_pipe|g_fft[6].u_fft|u_out_fifo|wr_ptr_q[3]                                                     ;        ;
; u_pipe|g_fft[6].u_fft|u_out_fifo|wr_ptr_q[2]                                                     ;        ;
; u_pipe|g_fft[6].u_fft|u_out_fifo|wr_ptr_q[1]                                                     ;        ;
; u_pipe|g_fft[6].u_fft|u_out_fifo|wr_ptr_q[0]                                                     ;        ;
; u_pipe|g_fft[6].u_fft|u_out_fifo|wr_ptr_q[10]                                                    ;        ;
; u_pipe|g_fft[6].u_fft|u_out_fifo|wr_ptr_q[8]                                                     ;        ;
; u_pipe|g_fft[6].u_fft|u_out_fifo|wr_ptr_q[9]                                                     ;        ;
; u_pipe|g_fft[6].u_fft|u_out_fifo|wr_ptr_q[6]                                                     ;        ;
; u_pipe|g_pfb[12].u_pfb|credits_q[3]                                                              ;        ;
; u_pipe|g_fft[6].u_fft|u_out_fifo|wr_ptr_q[7]                                                     ;        ;
; u_pipe|g_fft[6].u_fft|u_meta_fifo|count_q[8]                                                     ;        ;
; u_pipe|g_fft[6].u_fft|u_meta_fifo|count_q[9]                                                     ;        ;
; u_pipe|g_fft[6].u_fft|u_meta_fifo|count_q[6]                                                     ;        ;
; u_pipe|g_fft[6].u_fft|u_meta_fifo|count_q[7]                                                     ;        ;
; u_pipe|g_fft[6].u_fft|u_meta_fifo|count_q[5]                                                     ;        ;
; u_pipe|g_fft[6].u_fft|u_meta_fifo|count_q[0]                                                     ;        ;
; u_pipe|g_fft[6].u_fft|u_meta_fifo|count_q[1]                                                     ;        ;
; u_pipe|g_fft[6].u_fft|u_meta_fifo|count_q[2]                                                     ;        ;
; u_pipe|g_fft[6].u_fft|u_meta_fifo|count_q[3]                                                     ;        ;
; u_pipe|g_pfb[12].u_pfb|credits_q[1]                                                              ;        ;
; u_pipe|g_fft[6].u_fft|u_meta_fifo|count_q[4]                                                     ;        ;
; u_pipe|g_fft[6].u_fft|u_meta_fifo|count_q[10]                                                    ;        ;
; u_pipe|g_fft[6].u_fft|u_meta_fifo|rd_ptr_q[1]                                                    ;        ;
; u_pipe|g_fft[6].u_fft|u_meta_fifo|rd_ptr_q[10]                                                   ;        ;
; u_pipe|g_fft[6].u_fft|u_meta_fifo|rd_ptr_q[9]                                                    ;        ;
; u_pipe|g_fft[6].u_fft|u_meta_fifo|rd_ptr_q[8]                                                    ;        ;
; u_pipe|g_fft[6].u_fft|u_meta_fifo|rd_ptr_q[6]                                                    ;        ;
; u_pipe|g_fft[6].u_fft|u_meta_fifo|rd_ptr_q[7]                                                    ;        ;
; u_pipe|g_fft[6].u_fft|u_meta_fifo|rd_ptr_q[0]                                                    ;        ;
; u_pipe|g_fft[6].u_fft|u_meta_fifo|rd_ptr_q[2]                                                    ;        ;
; u_pipe|g_pfb[12].u_pfb|credits_q[2]                                                              ;        ;
; u_pipe|g_fft[6].u_fft|u_meta_fifo|rd_ptr_q[3]                                                    ;        ;
; u_pipe|g_fft[6].u_fft|u_meta_fifo|rd_ptr_q[4]                                                    ;        ;
; u_pipe|g_fft[6].u_fft|u_meta_fifo|rd_ptr_q[5]                                                    ;        ;
; u_pipe|g_fft[6].u_fft|u_meta_fifo|wr_ptr_q[3]                                                    ;        ;
; u_pipe|g_fft[6].u_fft|u_meta_fifo|wr_ptr_q[2]                                                    ;        ;
; u_pipe|g_fft[6].u_fft|u_meta_fifo|wr_ptr_q[1]                                                    ;        ;
; u_pipe|g_fft[6].u_fft|u_meta_fifo|wr_ptr_q[0]                                                    ;        ;
; u_pipe|g_fft[6].u_fft|u_meta_fifo|wr_ptr_q[10]                                                   ;        ;
; u_pipe|g_fft[6].u_fft|u_meta_fifo|wr_ptr_q[6]                                                    ;        ;
; u_pipe|g_fft[6].u_fft|u_meta_fifo|wr_ptr_q[7]                                                    ;        ;
; u_pipe|g_pfb[12].u_pfb|credits_q[0]                                                              ;        ;
; u_pipe|g_fft[6].u_fft|u_meta_fifo|wr_ptr_q[8]                                                    ;        ;
; u_pipe|g_fft[6].u_fft|u_meta_fifo|wr_ptr_q[9]                                                    ;        ;
; u_pipe|g_fft[6].u_fft|u_meta_fifo|wr_ptr_q[4]                                                    ;        ;
; u_pipe|g_fft[6].u_fft|u_meta_fifo|wr_ptr_q[5]                                                    ;        ;
; u_pipe|g_fft[6].u_fft|u_eb_in|wr_ptr_q[0]                                                        ;        ;
; u_pipe|g_fft[6].u_fft|u_eb_in|wr_ptr_q[1]                                                        ;        ;
; u_pipe|g_pfb[6].u_pfb|u_out|wr_ptr_q[3]                                                          ;        ;
; u_pipe|g_pfb[6].u_pfb|u_out|wr_ptr_q[2]                                                          ;        ;
; u_pipe|g_pfb[6].u_pfb|u_out|wr_ptr_q[1]                                                          ;        ;
; u_pipe|g_pfb[6].u_pfb|u_out|wr_ptr_q[0]                                                          ;        ;
; u_pipe|g_pfb[12].u_pfb|rdy_q                                                                     ;        ;
; u_pipe|g_pfb[6].u_pfb|u_out|rd_ptr_q[3]                                                          ;        ;
; u_pipe|g_pfb[6].u_pfb|u_out|rd_ptr_q[2]                                                          ;        ;
; u_pipe|g_pfb[6].u_pfb|u_out|rd_ptr_q[1]                                                          ;        ;
; u_pipe|g_pfb[6].u_pfb|u_out|rd_ptr_q[0]                                                          ;        ;
; u_pipe|g_fft[6].u_fft|u_eb_in|rd_ptr_q[0]                                                        ;        ;
; u_pipe|g_fft[6].u_fft|u_eb_in|rd_ptr_q[1]                                                        ;        ;
; u_pipe|g_fft[7].u_fft|u_out_fifo|count_q[2]                                                      ;        ;
; u_pipe|g_fft[7].u_fft|u_out_fifo|count_q[0]                                                      ;        ;
; u_pipe|g_fft[7].u_fft|u_out_fifo|count_q[1]                                                      ;        ;
; u_pipe|g_fft[7].u_fft|u_out_fifo|count_q[5]                                                      ;        ;
; u_pipe|g_pfb[12].u_pfb|g_lane[0].u_lane|g_mult[0].u_mult|g_valid[0].v_q                          ;        ;
; u_pipe|g_fft[7].u_fft|u_out_fifo|count_q[6]                                                      ;        ;
; u_pipe|g_fft[7].u_fft|u_out_fifo|count_q[7]                                                      ;        ;
; u_pipe|g_fft[7].u_fft|u_out_fifo|count_q[8]                                                      ;        ;
; u_pipe|g_fft[7].u_fft|u_out_fifo|count_q[9]                                                      ;        ;
; u_pipe|g_fft[7].u_fft|u_out_fifo|count_q[10]                                                     ;        ;
; u_pipe|g_fft[7].u_fft|u_out_fifo|count_q[4]                                                      ;        ;
; u_pipe|g_fft[7].u_fft|g_reorder.u_reorder|warm_cnt_q[9]                                          ;        ;
; u_pipe|g_fft[7].u_fft|g_reorder.u_reorder|warm_cnt_q[6]                                          ;        ;
; u_pipe|g_fft[7].u_fft|g_reorder.u_reorder|warm_cnt_q[7]                                          ;        ;
; u_pipe|g_fft[7].u_fft|g_reorder.u_reorder|warm_cnt_q[8]                                          ;        ;
; u_pipe|g_pfb[12].u_pfb|g_lane[0].u_lane|g_mult[0].u_mult|g_valid[1].v_q                          ;        ;
; u_pipe|g_fft[7].u_fft|g_reorder.u_reorder|warm_cnt_q[5]                                          ;        ;
; u_pipe|g_fft[7].u_fft|g_reorder.u_reorder|warm_cnt_q[4]                                          ;        ;
; u_pipe|g_fft[7].u_fft|g_reorder.u_reorder|warm_cnt_q[3]                                          ;        ;
; u_pipe|g_fft[7].u_fft|g_reorder.u_reorder|warm_cnt_q[1]                                          ;        ;
; u_pipe|g_fft[7].u_fft|g_reorder.u_reorder|warm_cnt_q[2]                                          ;        ;
; u_pipe|g_fft[7].u_fft|u_core|g_lane[0].u_path|g_group[2].u_stage|u_bf2ii|warm_cnt_q[3]           ;        ;
; u_pipe|g_fft[7].u_fft|u_core|g_lane[0].u_path|g_group[2].u_stage|u_bf2ii|warm_cnt_q[2]           ;        ;
; u_pipe|g_fft[7].u_fft|u_core|g_lane[0].u_path|g_group[2].u_stage|u_bf2i|warm_cnt_q[2]            ;        ;
; u_pipe|g_fft[7].u_fft|u_core|g_lane[0].u_path|g_group[2].u_stage|u_bf2i|warm_cnt_q[1]            ;        ;
; u_pipe|g_fft[7].u_fft|u_core|g_lane[0].u_path|g_group[1].u_stage|u_bf2ii|warm_cnt_q[5]           ;        ;
; u_pipe|g_pfb[12].u_pfb|g_lane[0].u_lane|g_mult[0].u_mult|g_valid[2].v_q                          ;        ;
; u_pipe|g_fft[7].u_fft|u_core|g_lane[0].u_path|g_group[1].u_stage|u_bf2ii|warm_cnt_q[4]           ;        ;
; u_pipe|g_fft[7].u_fft|u_core|g_lane[0].u_path|g_group[1].u_stage|u_bf2ii|warm_cnt_q[3]           ;        ;
; u_pipe|g_fft[7].u_fft|u_core|g_lane[0].u_path|g_group[1].u_stage|u_bf2ii|warm_cnt_q[2]           ;        ;
; u_pipe|g_fft[7].u_fft|u_core|g_lane[0].u_path|g_group[1].u_stage|u_bf2ii|warm_cnt_q[1]           ;        ;
; u_pipe|g_fft[7].u_fft|u_core|g_lane[0].u_path|g_group[1].u_stage|u_bf2i|warm_cnt_q[2]            ;        ;
; u_pipe|g_fft[7].u_fft|u_core|g_lane[0].u_path|g_group[1].u_stage|u_bf2i|warm_cnt_q[1]            ;        ;
; u_pipe|g_fft[7].u_fft|u_core|g_lane[0].u_path|g_group[0].u_stage|u_bf2ii|warm_cnt_q[7]           ;        ;
; u_pipe|g_fft[7].u_fft|u_core|g_lane[0].u_path|g_group[0].u_stage|u_bf2ii|warm_cnt_q[0]           ;        ;
; u_pipe|g_fft[7].u_fft|u_core|g_lane[0].u_path|g_group[0].u_stage|u_bf2ii|warm_cnt_q[1]           ;        ;
; u_pipe|g_fft[7].u_fft|u_core|g_lane[0].u_path|g_group[0].u_stage|u_bf2ii|warm_cnt_q[2]           ;        ;
; u_pipe|g_pfb[12].u_pfb|g_lane[0].u_lane|g_mult[0].u_mult|g_valid[3].v_q                          ;        ;
; u_pipe|g_fft[7].u_fft|u_core|g_lane[0].u_path|g_group[0].u_stage|u_bf2ii|warm_cnt_q[3]           ;        ;
; u_pipe|g_fft[7].u_fft|u_core|g_lane[0].u_path|g_group[0].u_stage|u_bf2ii|warm_cnt_q[4]           ;        ;
; u_pipe|g_fft[7].u_fft|u_core|g_lane[0].u_path|g_group[0].u_stage|u_bf2i|warm_cnt_q[0]            ;        ;
; u_pipe|g_fft[7].u_fft|u_core|g_lane[0].u_path|g_group[0].u_stage|u_bf2i|warm_cnt_q[6]            ;        ;
; u_pipe|g_fft[7].u_fft|u_core|g_lane[0].u_path|g_group[0].u_stage|u_bf2i|warm_cnt_q[7]            ;        ;
; u_pipe|g_fft[7].u_fft|u_core|g_lane[0].u_path|g_group[0].u_stage|u_bf2i|warm_cnt_q[8]            ;        ;
; u_pipe|g_fft[7].u_fft|u_core|g_lane[0].u_path|g_group[0].u_stage|u_bf2i|warm_cnt_q[3]            ;        ;
; u_pipe|g_fft[7].u_fft|u_core|g_lane[0].u_path|g_group[0].u_stage|u_bf2i|warm_cnt_q[4]            ;        ;
; u_pipe|g_fft[7].u_fft|u_core|g_lane[0].u_path|g_group[0].u_stage|u_bf2i|warm_cnt_q[5]            ;        ;
; u_pipe|g_fft[7].u_fft|u_core|g_lane[0].u_path|g_group[0].u_stage|u_bf2i|warm_cnt_q[1]            ;        ;
; u_pipe|g_fft[12].u_fft|g_reorder.u_reorder|warm_cnt_q[2]                                         ;        ;
; u_pipe|g_pfb[12].u_pfb|g_lane[0].u_lane|g_valid[0].v_q                                           ;        ;
; u_pipe|g_fft[7].u_fft|u_core|g_lane[0].u_path|g_group[0].u_stage|u_bf2i|warm_cnt_q[2]            ;        ;
; u_pipe|g_fft[7].u_fft|u_core|g_lane[0].u_path|g_group[0].u_stage|u_bf2ii|warm_cnt_q[5]           ;        ;
; u_pipe|g_fft[7].u_fft|u_core|g_lane[0].u_path|g_group[0].u_stage|u_bf2ii|warm_cnt_q[6]           ;        ;
; u_pipe|g_fft[7].u_fft|u_core|g_lane[0].u_path|g_group[0].u_stage|g_twiddle.g_align[0].w_q        ;        ;
; u_pipe|g_fft[7].u_fft|u_core|g_lane[0].u_path|g_group[0].u_stage|g_twiddle.g_align[1].w_q        ;        ;
; u_pipe|g_fft[7].u_fft|u_core|g_lane[0].u_path|g_group[0].u_stage|g_twiddle.g_tag[0].w_q          ;        ;
; u_pipe|g_fft[7].u_fft|u_core|g_lane[0].u_path|g_group[0].u_stage|g_twiddle.g_tag[1].w_q          ;        ;
; u_pipe|g_fft[7].u_fft|u_core|g_lane[0].u_path|g_group[0].u_stage|g_twiddle.g_tag[2].w_q          ;        ;
; u_pipe|g_fft[7].u_fft|u_core|g_lane[0].u_path|g_group[0].u_stage|g_twiddle.g_tag[3].w_q          ;        ;
; u_pipe|g_fft[7].u_fft|u_core|g_lane[0].u_path|g_group[1].u_stage|u_bf2i|warm_cnt_q[0]            ;        ;
; u_pipe|g_pfb[12].u_pfb|g_lane[0].u_lane|g_valid[1].v_q                                           ;        ;
; u_pipe|g_fft[7].u_fft|u_core|g_lane[0].u_path|g_group[1].u_stage|u_bf2i|warm_cnt_q[3]            ;        ;
; u_pipe|g_fft[7].u_fft|u_core|g_lane[0].u_path|g_group[1].u_stage|u_bf2i|warm_cnt_q[4]            ;        ;
; u_pipe|g_fft[7].u_fft|u_core|g_lane[0].u_path|g_group[1].u_stage|u_bf2i|warm_cnt_q[5]            ;        ;
; u_pipe|g_fft[7].u_fft|u_core|g_lane[0].u_path|g_group[1].u_stage|u_bf2i|warm_cnt_q[6]            ;        ;
; u_pipe|g_fft[7].u_fft|u_core|g_lane[0].u_path|g_group[1].u_stage|u_bf2ii|warm_cnt_q[0]           ;        ;
; u_pipe|g_fft[7].u_fft|u_core|g_lane[0].u_path|g_group[1].u_stage|g_twiddle.g_align[0].w_q        ;        ;
; u_pipe|g_fft[7].u_fft|u_core|g_lane[0].u_path|g_group[1].u_stage|g_twiddle.g_align[1].w_q        ;        ;
; u_pipe|g_fft[7].u_fft|u_core|g_lane[0].u_path|g_group[1].u_stage|g_twiddle.g_tag[0].w_q          ;        ;
; u_pipe|g_fft[7].u_fft|u_core|g_lane[0].u_path|g_group[1].u_stage|g_twiddle.g_tag[1].w_q          ;        ;
; u_pipe|g_fft[7].u_fft|u_core|g_lane[0].u_path|g_group[1].u_stage|g_twiddle.g_tag[2].w_q          ;        ;
; u_pipe|g_pfb[12].u_pfb|g_lane[0].u_lane|g_valid[2].v_q                                           ;        ;
; u_pipe|g_fft[7].u_fft|u_core|g_lane[0].u_path|g_group[1].u_stage|g_twiddle.g_tag[3].w_q          ;        ;
; u_pipe|g_fft[7].u_fft|u_core|g_lane[0].u_path|g_group[2].u_stage|u_bf2i|warm_cnt_q[0]            ;        ;
; u_pipe|g_fft[7].u_fft|u_core|g_lane[0].u_path|g_group[2].u_stage|u_bf2i|warm_cnt_q[3]            ;        ;
; u_pipe|g_fft[7].u_fft|u_core|g_lane[0].u_path|g_group[2].u_stage|u_bf2i|warm_cnt_q[4]            ;        ;
; u_pipe|g_fft[7].u_fft|u_core|g_lane[0].u_path|g_group[2].u_stage|u_bf2ii|warm_cnt_q[0]           ;        ;
; u_pipe|g_fft[7].u_fft|u_core|g_lane[0].u_path|g_group[2].u_stage|u_bf2ii|warm_cnt_q[1]           ;        ;
; u_pipe|g_fft[7].u_fft|u_core|g_lane[0].u_path|g_group[2].u_stage|g_twiddle.g_align[0].w_q        ;        ;
; u_pipe|g_fft[7].u_fft|u_core|g_lane[0].u_path|g_group[2].u_stage|g_twiddle.g_align[1].w_q        ;        ;
; u_pipe|g_fft[7].u_fft|u_core|g_lane[0].u_path|g_group[2].u_stage|g_twiddle.g_tag[0].w_q          ;        ;
; u_pipe|g_fft[7].u_fft|u_core|g_lane[0].u_path|g_group[2].u_stage|g_twiddle.g_tag[1].w_q          ;        ;
; u_pipe|g_pfb[12].u_pfb|g_lane[0].u_lane|g_valid[3].v_q                                           ;        ;
; u_pipe|g_fft[7].u_fft|u_core|g_lane[0].u_path|g_group[2].u_stage|g_twiddle.g_tag[2].w_q          ;        ;
; u_pipe|g_fft[7].u_fft|u_core|g_lane[0].u_path|g_group[2].u_stage|g_twiddle.g_tag[3].w_q          ;        ;
; u_pipe|g_fft[7].u_fft|u_core|g_lane[0].u_path|g_group[3].u_stage|u_bf2i|warm_cnt_q[0]            ;        ;
; u_pipe|g_fft[7].u_fft|u_core|g_lane[0].u_path|g_group[3].u_stage|u_bf2i|warm_cnt_q[2]            ;        ;
; u_pipe|g_fft[7].u_fft|u_core|g_lane[0].u_path|g_group[3].u_stage|u_bf2i|warm_cnt_q[1]            ;        ;
; u_pipe|g_fft[7].u_fft|u_core|g_lane[0].u_path|g_group[3].u_stage|u_bf2ii|warm_cnt_q[1]           ;        ;
; u_pipe|g_fft[7].u_fft|u_core|g_lane[0].u_path|g_group[3].u_stage|u_bf2ii|warm_cnt_q[0]           ;        ;
; u_pipe|g_fft[7].u_fft|u_core|g_lane[0].u_path|g_group[3].u_stage|g_twiddle.g_align[0].w_q        ;        ;
; u_pipe|g_fft[7].u_fft|u_core|g_lane[0].u_path|g_group[3].u_stage|g_twiddle.g_align[1].w_q        ;        ;
; u_pipe|g_fft[7].u_fft|u_core|g_lane[0].u_path|g_group[3].u_stage|g_twiddle.g_tag[0].w_q          ;        ;
; u_pipe|g_pfb[12].u_pfb|g_lane[0].u_lane|g_valid[4].v_q                                           ;        ;
; u_pipe|g_fft[7].u_fft|u_core|g_lane[0].u_path|g_group[3].u_stage|g_twiddle.g_tag[1].w_q          ;        ;
; u_pipe|g_fft[7].u_fft|u_core|g_lane[0].u_path|g_group[3].u_stage|g_twiddle.g_tag[2].w_q          ;        ;
; u_pipe|g_fft[7].u_fft|u_core|g_lane[0].u_path|g_group[3].u_stage|g_twiddle.g_tag[3].w_q          ;        ;
; u_pipe|g_fft[7].u_fft|u_core|g_lane[0].u_path|g_tail.u_tail|warm_cnt_q[1]                        ;        ;
; u_pipe|g_fft[7].u_fft|u_core|g_lane[0].u_path|g_tail.u_tail|warm_cnt_q[0]                        ;        ;
; u_pipe|g_fft[7].u_fft|u_core|g_merge.u_merge|g_align[0].w_q                                      ;        ;
; u_pipe|g_fft[7].u_fft|u_core|g_merge.u_merge|g_align[1].w_q                                      ;        ;
; u_pipe|g_fft[7].u_fft|u_core|g_merge.u_merge|g_tag[0].w_q                                        ;        ;
; u_pipe|g_fft[7].u_fft|u_core|g_merge.u_merge|g_tag[1].w_q                                        ;        ;
; u_pipe|g_fft[7].u_fft|u_core|g_merge.u_merge|g_tag[2].w_q                                        ;        ;
; u_pipe|g_pfb[12].u_pfb|u_out|count_q[0]                                                          ;        ;
; u_pipe|g_fft[7].u_fft|u_core|g_merge.u_merge|g_tag[3].w_q                                        ;        ;
; u_pipe|g_fft[7].u_fft|u_core|g_merge.u_merge|warm_q                                              ;        ;
; u_pipe|g_fft[7].u_fft|g_reorder.u_reorder|warm_cnt_q[0]                                          ;        ;
; u_pipe|g_fft[7].u_fft|credit_q[10]                                                               ;        ;
; u_pipe|g_fft[7].u_fft|credit_q[0]                                                                ;        ;
; u_pipe|g_fft[7].u_fft|credit_q[1]                                                                ;        ;
; u_pipe|g_fft[7].u_fft|credit_q[2]                                                                ;        ;
; u_pipe|g_fft[7].u_fft|credit_q[3]                                                                ;        ;
; u_pipe|g_fft[7].u_fft|credit_q[4]                                                                ;        ;
; u_pipe|g_fft[7].u_fft|credit_q[5]                                                                ;        ;
; u_pipe|g_pfb[12].u_pfb|u_out|count_q[1]                                                          ;        ;
; u_pipe|g_fft[7].u_fft|credit_q[6]                                                                ;        ;
; u_pipe|g_fft[7].u_fft|credit_q[7]                                                                ;        ;
; u_pipe|g_fft[7].u_fft|credit_q[8]                                                                ;        ;
; u_pipe|g_fft[7].u_fft|credit_q[9]                                                                ;        ;
; u_pipe|g_fft[7].u_fft|u_eb_in|count_q[1]                                                         ;        ;
; u_pipe|g_pfb[7].u_pfb|u_out|rdy_q                                                                ;        ;
; u_pipe|g_pfb[7].u_pfb|credits_q[3]                                                               ;        ;
; u_pipe|g_pfb[7].u_pfb|credits_q[1]                                                               ;        ;
; u_pipe|g_pfb[7].u_pfb|credits_q[2]                                                               ;        ;
; u_pipe|g_pfb[7].u_pfb|credits_q[0]                                                               ;        ;
; u_pipe|g_pfb[12].u_pfb|u_out|count_q[2]                                                          ;        ;
; u_pipe|g_pfb[7].u_pfb|rdy_q                                                                      ;        ;
; u_pipe|g_pfb[7].u_pfb|g_lane[0].u_lane|g_mult[0].u_mult|g_valid[0].v_q                           ;        ;
; u_pipe|g_pfb[7].u_pfb|g_lane[0].u_lane|g_mult[0].u_mult|g_valid[1].v_q                           ;        ;
; u_pipe|g_pfb[7].u_pfb|g_lane[0].u_lane|g_mult[0].u_mult|g_valid[2].v_q                           ;        ;
; u_pipe|g_pfb[7].u_pfb|g_lane[0].u_lane|g_mult[0].u_mult|g_valid[3].v_q                           ;        ;
; u_pipe|g_pfb[7].u_pfb|g_lane[0].u_lane|g_valid[0].v_q                                            ;        ;
; u_pipe|g_pfb[7].u_pfb|g_lane[0].u_lane|g_valid[1].v_q                                            ;        ;
; u_pipe|g_pfb[7].u_pfb|g_lane[0].u_lane|g_valid[2].v_q                                            ;        ;
; u_pipe|g_pfb[7].u_pfb|g_lane[0].u_lane|g_valid[3].v_q                                            ;        ;
; u_pipe|g_pfb[7].u_pfb|g_lane[0].u_lane|g_valid[4].v_q                                            ;        ;
; u_pipe|g_pfb[12].u_pfb|u_out|count_q[3]                                                          ;        ;
; u_pipe|g_pfb[7].u_pfb|u_out|count_q[0]                                                           ;        ;
; u_pipe|g_pfb[7].u_pfb|u_out|count_q[1]                                                           ;        ;
; u_pipe|g_pfb[7].u_pfb|u_out|count_q[2]                                                           ;        ;
; u_pipe|g_pfb[7].u_pfb|u_out|count_q[3]                                                           ;        ;
; u_pipe|g_fft[7].u_fft|u_eb_in|rdy_q                                                              ;        ;
; u_pipe|g_fft[7].u_fft|u_eb_in|count_q[0]                                                         ;        ;
; u_pipe|g_fft[7].u_fft|u_eb_in|count_q[2]                                                         ;        ;
; u_pipe|g_fft[7].u_fft|u_core|g_lane[0].u_path|g_group[0].u_stage|u_bf2i|vld_q                    ;        ;
; u_pipe|g_fft[7].u_fft|u_core|g_lane[0].u_path|g_group[0].u_stage|u_bf2ii|vld_q                   ;        ;
; u_pipe|g_fft[7].u_fft|u_core|g_lane[0].u_path|g_group[0].u_stage|g_twiddle.u_mul|g_valid[0].v_q  ;        ;
; u_pipe|g_fft[12].u_fft|u_eb_in|rdy_q                                                             ;        ;
; u_pipe|g_fft[7].u_fft|u_core|g_lane[0].u_path|g_group[0].u_stage|g_twiddle.u_mul|g_valid[1].v_q  ;        ;
; u_pipe|g_fft[7].u_fft|u_core|g_lane[0].u_path|g_group[0].u_stage|g_twiddle.u_mul|g_valid[2].v_q  ;        ;
; u_pipe|g_fft[7].u_fft|u_core|g_lane[0].u_path|g_group[0].u_stage|g_twiddle.u_mul|g_valid[3].v_q  ;        ;
; u_pipe|g_fft[7].u_fft|u_core|g_lane[0].u_path|g_group[1].u_stage|u_bf2i|vld_q                    ;        ;
; u_pipe|g_fft[7].u_fft|u_core|g_lane[0].u_path|g_group[1].u_stage|u_bf2ii|vld_q                   ;        ;
; u_pipe|g_fft[7].u_fft|u_core|g_lane[0].u_path|g_group[1].u_stage|g_twiddle.u_mul|g_valid[0].v_q  ;        ;
; u_pipe|g_fft[7].u_fft|u_core|g_lane[0].u_path|g_group[1].u_stage|g_twiddle.u_mul|g_valid[1].v_q  ;        ;
; u_pipe|g_fft[7].u_fft|u_core|g_lane[0].u_path|g_group[1].u_stage|g_twiddle.u_mul|g_valid[2].v_q  ;        ;
; u_pipe|g_fft[7].u_fft|u_core|g_lane[0].u_path|g_group[1].u_stage|g_twiddle.u_mul|g_valid[3].v_q  ;        ;
; u_pipe|g_fft[7].u_fft|u_core|g_lane[0].u_path|g_group[2].u_stage|u_bf2i|vld_q                    ;        ;
; u_pipe|g_fft[12].u_fft|g_reorder.u_reorder|warm_cnt_q[3]                                         ;        ;
; u_pipe|g_fft[12].u_fft|u_eb_in|count_q[0]                                                        ;        ;
; u_pipe|g_fft[7].u_fft|u_core|g_lane[0].u_path|g_group[2].u_stage|u_bf2ii|vld_q                   ;        ;
; u_pipe|g_fft[7].u_fft|u_core|g_lane[0].u_path|g_group[2].u_stage|g_twiddle.u_mul|g_valid[0].v_q  ;        ;
; u_pipe|g_fft[7].u_fft|u_core|g_lane[0].u_path|g_group[2].u_stage|g_twiddle.u_mul|g_valid[1].v_q  ;        ;
; u_pipe|g_fft[7].u_fft|u_core|g_lane[0].u_path|g_group[2].u_stage|g_twiddle.u_mul|g_valid[2].v_q  ;        ;
; u_pipe|g_fft[7].u_fft|u_core|g_lane[0].u_path|g_group[2].u_stage|g_twiddle.u_mul|g_valid[3].v_q  ;        ;
; u_pipe|g_fft[7].u_fft|u_core|g_lane[0].u_path|g_group[3].u_stage|u_bf2i|vld_q                    ;        ;
; u_pipe|g_fft[7].u_fft|u_core|g_lane[0].u_path|g_group[3].u_stage|u_bf2ii|vld_q                   ;        ;
; u_pipe|g_fft[7].u_fft|u_core|g_lane[0].u_path|g_group[3].u_stage|g_twiddle.u_mul|g_valid[0].v_q  ;        ;
; u_pipe|g_fft[7].u_fft|u_core|g_lane[0].u_path|g_group[3].u_stage|g_twiddle.u_mul|g_valid[1].v_q  ;        ;
; u_pipe|g_fft[7].u_fft|u_core|g_lane[0].u_path|g_group[3].u_stage|g_twiddle.u_mul|g_valid[2].v_q  ;        ;
; u_pipe|g_fft[12].u_fft|u_eb_in|count_q[2]                                                        ;        ;
; u_pipe|g_fft[7].u_fft|u_core|g_lane[0].u_path|g_group[3].u_stage|g_twiddle.u_mul|g_valid[3].v_q  ;        ;
; u_pipe|g_fft[7].u_fft|u_core|g_lane[0].u_path|g_tail.u_tail|vld_q                                ;        ;
; u_pipe|g_fft[7].u_fft|u_core|g_merge.u_merge|u_mul|g_valid[0].v_q                                ;        ;
; u_pipe|g_fft[7].u_fft|u_core|g_merge.u_merge|u_mul|g_valid[1].v_q                                ;        ;
; u_pipe|g_fft[7].u_fft|u_core|g_merge.u_merge|u_mul|g_valid[2].v_q                                ;        ;
; u_pipe|g_fft[7].u_fft|u_core|g_merge.u_merge|u_mul|g_valid[3].v_q                                ;        ;
; u_pipe|g_fft[7].u_fft|u_core|g_merge.u_merge|vld_q                                               ;        ;
; u_pipe|g_fft[7].u_fft|g_reorder.u_reorder|vld_q                                                  ;        ;
; u_pipe|g_fft[7].u_fft|u_out_fifo|count_q[3]                                                      ;        ;
; u_pipe|g_fft[7].u_fft|u_out_fifo|g_out_reg.out_valid_q                                           ;        ;
; u_pipe|g_fft[12].u_fft|u_core|g_lane[0].u_path|g_group[0].u_stage|u_bf2i|vld_q                   ;        ;
; u_pipe|g_fft[7].u_fft|u_out_fifo|rd_ptr_q[6]                                                     ;        ;
; u_pipe|g_fft[7].u_fft|u_out_fifo|rd_ptr_q[1]                                                     ;        ;
; u_pipe|g_fft[7].u_fft|u_out_fifo|rd_ptr_q[10]                                                    ;        ;
; u_pipe|g_fft[7].u_fft|u_out_fifo|rd_ptr_q[0]                                                     ;        ;
; u_pipe|g_fft[7].u_fft|u_out_fifo|rd_ptr_q[2]                                                     ;        ;
; u_pipe|g_fft[7].u_fft|u_out_fifo|rd_ptr_q[3]                                                     ;        ;
; u_pipe|g_fft[7].u_fft|u_out_fifo|rd_ptr_q[4]                                                     ;        ;
; u_pipe|g_fft[7].u_fft|u_out_fifo|rd_ptr_q[5]                                                     ;        ;
; u_pipe|g_fft[7].u_fft|u_out_fifo|rd_ptr_q[7]                                                     ;        ;
; u_pipe|g_fft[7].u_fft|u_out_fifo|rd_ptr_q[8]                                                     ;        ;
; u_pipe|g_fft[12].u_fft|u_core|g_lane[0].u_path|g_group[0].u_stage|u_bf2ii|vld_q                  ;        ;
; u_pipe|g_fft[7].u_fft|u_out_fifo|rd_ptr_q[9]                                                     ;        ;
; u_pipe|g_fft[7].u_fft|u_out_fifo|wr_ptr_q[4]                                                     ;        ;
; u_pipe|g_fft[7].u_fft|u_out_fifo|wr_ptr_q[5]                                                     ;        ;
; u_pipe|g_fft[7].u_fft|u_out_fifo|wr_ptr_q[3]                                                     ;        ;
; u_pipe|g_fft[7].u_fft|u_out_fifo|wr_ptr_q[2]                                                     ;        ;
; u_pipe|g_fft[7].u_fft|u_out_fifo|wr_ptr_q[1]                                                     ;        ;
; u_pipe|g_fft[7].u_fft|u_out_fifo|wr_ptr_q[0]                                                     ;        ;
; u_pipe|g_fft[7].u_fft|u_out_fifo|wr_ptr_q[10]                                                    ;        ;
; u_pipe|g_fft[7].u_fft|u_out_fifo|wr_ptr_q[8]                                                     ;        ;
; u_pipe|g_fft[7].u_fft|u_out_fifo|wr_ptr_q[9]                                                     ;        ;
; u_pipe|g_fft[12].u_fft|u_core|g_lane[0].u_path|g_group[0].u_stage|g_twiddle.u_mul|g_valid[0].v_q ;        ;
; u_pipe|g_fft[7].u_fft|u_out_fifo|wr_ptr_q[6]                                                     ;        ;
; u_pipe|g_fft[7].u_fft|u_out_fifo|wr_ptr_q[7]                                                     ;        ;
; u_pipe|g_fft[7].u_fft|u_meta_fifo|count_q[0]                                                     ;        ;
; u_pipe|g_fft[7].u_fft|u_meta_fifo|count_q[1]                                                     ;        ;
; u_pipe|g_fft[7].u_fft|u_meta_fifo|count_q[2]                                                     ;        ;
; u_pipe|g_fft[7].u_fft|u_meta_fifo|count_q[3]                                                     ;        ;
; u_pipe|g_fft[7].u_fft|u_meta_fifo|count_q[4]                                                     ;        ;
; u_pipe|g_fft[7].u_fft|u_meta_fifo|count_q[6]                                                     ;        ;
; u_pipe|g_fft[7].u_fft|u_meta_fifo|count_q[7]                                                     ;        ;
; u_pipe|g_fft[7].u_fft|u_meta_fifo|count_q[8]                                                     ;        ;
; u_pipe|g_fft[12].u_fft|u_core|g_lane[0].u_path|g_group[0].u_stage|g_twiddle.u_mul|g_valid[1].v_q ;        ;
; u_pipe|g_fft[7].u_fft|u_meta_fifo|count_q[9]                                                     ;        ;
; u_pipe|g_fft[7].u_fft|u_meta_fifo|count_q[10]                                                    ;        ;
; u_pipe|g_fft[7].u_fft|u_meta_fifo|count_q[5]                                                     ;        ;
; u_pipe|g_fft[7].u_fft|u_meta_fifo|rd_ptr_q[1]                                                    ;        ;
; u_pipe|g_fft[7].u_fft|u_meta_fifo|rd_ptr_q[10]                                                   ;        ;
; u_pipe|g_fft[7].u_fft|u_meta_fifo|rd_ptr_q[9]                                                    ;        ;
; u_pipe|g_fft[7].u_fft|u_meta_fifo|rd_ptr_q[8]                                                    ;        ;
; u_pipe|g_fft[7].u_fft|u_meta_fifo|rd_ptr_q[6]                                                    ;        ;
; u_pipe|g_fft[7].u_fft|u_meta_fifo|rd_ptr_q[7]                                                    ;        ;
; u_pipe|g_fft[7].u_fft|u_meta_fifo|rd_ptr_q[0]                                                    ;        ;
; u_pipe|g_fft[12].u_fft|u_core|g_lane[0].u_path|g_group[0].u_stage|g_twiddle.u_mul|g_valid[2].v_q ;        ;
; u_pipe|g_fft[7].u_fft|u_meta_fifo|rd_ptr_q[2]                                                    ;        ;
; u_pipe|g_fft[7].u_fft|u_meta_fifo|rd_ptr_q[3]                                                    ;        ;
; u_pipe|g_fft[7].u_fft|u_meta_fifo|rd_ptr_q[4]                                                    ;        ;
; u_pipe|g_fft[7].u_fft|u_meta_fifo|rd_ptr_q[5]                                                    ;        ;
; u_pipe|g_fft[7].u_fft|u_meta_fifo|wr_ptr_q[3]                                                    ;        ;
; u_pipe|g_fft[7].u_fft|u_meta_fifo|wr_ptr_q[2]                                                    ;        ;
; u_pipe|g_fft[7].u_fft|u_meta_fifo|wr_ptr_q[1]                                                    ;        ;
; u_pipe|g_fft[7].u_fft|u_meta_fifo|wr_ptr_q[0]                                                    ;        ;
; u_pipe|g_fft[7].u_fft|u_meta_fifo|wr_ptr_q[10]                                                   ;        ;
; u_pipe|g_fft[7].u_fft|u_meta_fifo|wr_ptr_q[6]                                                    ;        ;
; u_pipe|g_fft[12].u_fft|u_core|g_lane[0].u_path|g_group[0].u_stage|g_twiddle.u_mul|g_valid[3].v_q ;        ;
; u_pipe|g_fft[7].u_fft|u_meta_fifo|wr_ptr_q[7]                                                    ;        ;
; u_pipe|g_fft[7].u_fft|u_meta_fifo|wr_ptr_q[8]                                                    ;        ;
; u_pipe|g_fft[7].u_fft|u_meta_fifo|wr_ptr_q[9]                                                    ;        ;
; u_pipe|g_fft[7].u_fft|u_meta_fifo|wr_ptr_q[4]                                                    ;        ;
; u_pipe|g_fft[7].u_fft|u_meta_fifo|wr_ptr_q[5]                                                    ;        ;
; u_pipe|g_fft[7].u_fft|u_eb_in|wr_ptr_q[0]                                                        ;        ;
; u_pipe|g_fft[7].u_fft|u_eb_in|wr_ptr_q[1]                                                        ;        ;
; u_pipe|g_pfb[7].u_pfb|u_out|wr_ptr_q[3]                                                          ;        ;
; u_pipe|g_pfb[7].u_pfb|u_out|wr_ptr_q[2]                                                          ;        ;
; u_pipe|g_pfb[7].u_pfb|u_out|wr_ptr_q[1]                                                          ;        ;
; u_pipe|g_fft[12].u_fft|u_core|g_lane[0].u_path|g_group[1].u_stage|u_bf2i|vld_q                   ;        ;
; u_pipe|g_pfb[7].u_pfb|u_out|wr_ptr_q[0]                                                          ;        ;
; u_pipe|g_pfb[7].u_pfb|u_out|rd_ptr_q[3]                                                          ;        ;
; u_pipe|g_pfb[7].u_pfb|u_out|rd_ptr_q[2]                                                          ;        ;
; u_pipe|g_pfb[7].u_pfb|u_out|rd_ptr_q[1]                                                          ;        ;
; u_pipe|g_pfb[7].u_pfb|u_out|rd_ptr_q[0]                                                          ;        ;
; u_pipe|g_fft[7].u_fft|u_eb_in|rd_ptr_q[0]                                                        ;        ;
; u_pipe|g_fft[7].u_fft|u_eb_in|rd_ptr_q[1]                                                        ;        ;
; u_pipe|g_fft[8].u_fft|u_out_fifo|count_q[0]                                                      ;        ;
; u_pipe|g_fft[8].u_fft|u_out_fifo|count_q[1]                                                      ;        ;
; u_pipe|g_fft[8].u_fft|u_out_fifo|count_q[3]                                                      ;        ;
; u_pipe|g_fft[12].u_fft|u_core|g_lane[0].u_path|g_group[1].u_stage|u_bf2ii|vld_q                  ;        ;
; u_pipe|g_fft[8].u_fft|u_out_fifo|count_q[4]                                                      ;        ;
; u_pipe|g_fft[8].u_fft|u_out_fifo|count_q[5]                                                      ;        ;
; u_pipe|g_fft[8].u_fft|u_out_fifo|count_q[6]                                                      ;        ;
; u_pipe|g_fft[8].u_fft|u_out_fifo|count_q[7]                                                      ;        ;
; u_pipe|g_fft[8].u_fft|u_out_fifo|count_q[8]                                                      ;        ;
; u_pipe|g_fft[8].u_fft|u_out_fifo|count_q[9]                                                      ;        ;
; u_pipe|g_fft[8].u_fft|u_out_fifo|count_q[10]                                                     ;        ;
; u_pipe|g_fft[8].u_fft|g_reorder.u_reorder|warm_cnt_q[1]                                          ;        ;
; u_pipe|g_fft[8].u_fft|g_reorder.u_reorder|warm_cnt_q[2]                                          ;        ;
; u_pipe|g_fft[8].u_fft|g_reorder.u_reorder|warm_cnt_q[3]                                          ;        ;
; u_pipe|g_fft[12].u_fft|g_reorder.u_reorder|warm_cnt_q[4]                                         ;        ;
; u_pipe|g_fft[12].u_fft|u_core|g_lane[0].u_path|g_group[1].u_stage|g_twiddle.u_mul|g_valid[0].v_q ;        ;
; u_pipe|g_fft[8].u_fft|g_reorder.u_reorder|warm_cnt_q[4]                                          ;        ;
; u_pipe|g_fft[8].u_fft|g_reorder.u_reorder|warm_cnt_q[5]                                          ;        ;
; u_pipe|g_fft[8].u_fft|g_reorder.u_reorder|warm_cnt_q[6]                                          ;        ;
; u_pipe|g_fft[8].u_fft|g_reorder.u_reorder|warm_cnt_q[7]                                          ;        ;
; u_pipe|g_fft[8].u_fft|g_reorder.u_reorder|warm_cnt_q[8]                                          ;        ;
; u_pipe|g_fft[8].u_fft|g_reorder.u_reorder|warm_cnt_q[9]                                          ;        ;
; u_pipe|g_fft[8].u_fft|u_core|g_lane[0].u_path|g_group[2].u_stage|u_bf2ii|warm_cnt_q[3]           ;        ;
; u_pipe|g_fft[8].u_fft|u_core|g_lane[0].u_path|g_group[2].u_stage|u_bf2ii|warm_cnt_q[2]           ;        ;
; u_pipe|g_fft[8].u_fft|u_core|g_lane[0].u_path|g_group[2].u_stage|u_bf2i|warm_cnt_q[2]            ;        ;
; u_pipe|g_fft[8].u_fft|u_core|g_lane[0].u_path|g_group[2].u_stage|u_bf2i|warm_cnt_q[1]            ;        ;
; u_pipe|g_fft[12].u_fft|u_core|g_lane[0].u_path|g_group[1].u_stage|g_twiddle.u_mul|g_valid[1].v_q ;        ;
; u_pipe|g_fft[8].u_fft|u_core|g_lane[0].u_path|g_group[1].u_stage|u_bf2ii|warm_cnt_q[5]           ;        ;
; u_pipe|g_fft[8].u_fft|u_core|g_lane[0].u_path|g_group[1].u_stage|u_bf2ii|warm_cnt_q[4]           ;        ;
; u_pipe|g_fft[8].u_fft|u_core|g_lane[0].u_path|g_group[1].u_stage|u_bf2ii|warm_cnt_q[3]           ;        ;
; u_pipe|g_fft[8].u_fft|u_core|g_lane[0].u_path|g_group[1].u_stage|u_bf2ii|warm_cnt_q[2]           ;        ;
; u_pipe|g_fft[8].u_fft|u_core|g_lane[0].u_path|g_group[1].u_stage|u_bf2ii|warm_cnt_q[1]           ;        ;
; u_pipe|g_fft[8].u_fft|u_core|g_lane[0].u_path|g_group[1].u_stage|u_bf2i|warm_cnt_q[2]            ;        ;
; u_pipe|g_fft[8].u_fft|u_core|g_lane[0].u_path|g_group[1].u_stage|u_bf2i|warm_cnt_q[1]            ;        ;
; u_pipe|g_fft[8].u_fft|u_core|g_lane[0].u_path|g_group[0].u_stage|u_bf2ii|warm_cnt_q[5]           ;        ;
; u_pipe|g_fft[8].u_fft|u_core|g_lane[0].u_path|g_group[0].u_stage|u_bf2ii|warm_cnt_q[6]           ;        ;
; u_pipe|g_fft[8].u_fft|u_core|g_lane[0].u_path|g_group[0].u_stage|u_bf2ii|warm_cnt_q[7]           ;        ;
; u_pipe|g_fft[12].u_fft|u_core|g_lane[0].u_path|g_group[1].u_stage|g_twiddle.u_mul|g_valid[2].v_q ;        ;
; u_pipe|g_fft[8].u_fft|u_core|g_lane[0].u_path|g_group[0].u_stage|u_bf2ii|warm_cnt_q[0]           ;        ;
; u_pipe|g_fft[8].u_fft|u_core|g_lane[0].u_path|g_group[0].u_stage|u_bf2ii|warm_cnt_q[1]           ;        ;
; u_pipe|g_fft[8].u_fft|u_core|g_lane[0].u_path|g_group[0].u_stage|u_bf2ii|warm_cnt_q[2]           ;        ;
; u_pipe|g_fft[8].u_fft|u_core|g_lane[0].u_path|g_group[0].u_stage|u_bf2i|warm_cnt_q[8]            ;        ;
; u_pipe|g_fft[8].u_fft|u_core|g_lane[0].u_path|g_group[0].u_stage|u_bf2i|warm_cnt_q[7]            ;        ;
; u_pipe|g_fft[8].u_fft|u_core|g_lane[0].u_path|g_group[0].u_stage|u_bf2i|warm_cnt_q[6]            ;        ;
; u_pipe|g_fft[8].u_fft|u_core|g_lane[0].u_path|g_group[0].u_stage|u_bf2i|warm_cnt_q[0]            ;        ;
; u_pipe|g_fft[8].u_fft|u_core|g_lane[0].u_path|g_group[0].u_stage|u_bf2i|warm_cnt_q[1]            ;        ;
; u_pipe|g_fft[8].u_fft|u_core|g_lane[0].u_path|g_group[0].u_stage|u_bf2i|warm_cnt_q[2]            ;        ;
; u_pipe|g_fft[8].u_fft|u_core|g_lane[0].u_path|g_group[0].u_stage|u_bf2i|warm_cnt_q[3]            ;        ;
; u_pipe|g_fft[12].u_fft|u_core|g_lane[0].u_path|g_group[1].u_stage|g_twiddle.u_mul|g_valid[3].v_q ;        ;
; u_pipe|g_fft[8].u_fft|u_core|g_lane[0].u_path|g_group[0].u_stage|u_bf2i|warm_cnt_q[4]            ;        ;
; u_pipe|g_fft[8].u_fft|u_core|g_lane[0].u_path|g_group[0].u_stage|u_bf2i|warm_cnt_q[5]            ;        ;
; u_pipe|g_fft[8].u_fft|u_core|g_lane[0].u_path|g_group[0].u_stage|u_bf2ii|warm_cnt_q[3]           ;        ;
; u_pipe|g_fft[8].u_fft|u_core|g_lane[0].u_path|g_group[0].u_stage|u_bf2ii|warm_cnt_q[4]           ;        ;
; u_pipe|g_fft[8].u_fft|u_core|g_lane[0].u_path|g_group[0].u_stage|g_twiddle.g_align[0].w_q        ;        ;
; u_pipe|g_fft[8].u_fft|u_core|g_lane[0].u_path|g_group[0].u_stage|g_twiddle.g_align[1].w_q        ;        ;
; u_pipe|g_fft[8].u_fft|u_core|g_lane[0].u_path|g_group[0].u_stage|g_twiddle.g_tag[0].w_q          ;        ;
; u_pipe|g_fft[8].u_fft|u_core|g_lane[0].u_path|g_group[0].u_stage|g_twiddle.g_tag[1].w_q          ;        ;
; u_pipe|g_fft[8].u_fft|u_core|g_lane[0].u_path|g_group[0].u_stage|g_twiddle.g_tag[2].w_q          ;        ;
; u_pipe|g_fft[8].u_fft|u_core|g_lane[0].u_path|g_group[0].u_stage|g_twiddle.g_tag[3].w_q          ;        ;
; u_pipe|g_fft[12].u_fft|u_core|g_lane[0].u_path|g_group[2].u_stage|u_bf2i|vld_q                   ;        ;
; u_pipe|g_fft[8].u_fft|u_core|g_lane[0].u_path|g_group[1].u_stage|u_bf2i|warm_cnt_q[0]            ;        ;
; u_pipe|g_fft[8].u_fft|u_core|g_lane[0].u_path|g_group[1].u_stage|u_bf2i|warm_cnt_q[3]            ;        ;
; u_pipe|g_fft[8].u_fft|u_core|g_lane[0].u_path|g_group[1].u_stage|u_bf2i|warm_cnt_q[4]            ;        ;
; u_pipe|g_fft[8].u_fft|u_core|g_lane[0].u_path|g_group[1].u_stage|u_bf2i|warm_cnt_q[5]            ;        ;
; u_pipe|g_fft[8].u_fft|u_core|g_lane[0].u_path|g_group[1].u_stage|u_bf2i|warm_cnt_q[6]            ;        ;
; u_pipe|g_fft[8].u_fft|u_core|g_lane[0].u_path|g_group[1].u_stage|u_bf2ii|warm_cnt_q[0]           ;        ;
; u_pipe|g_fft[8].u_fft|u_core|g_lane[0].u_path|g_group[1].u_stage|g_twiddle.g_align[0].w_q        ;        ;
; u_pipe|g_fft[8].u_fft|u_core|g_lane[0].u_path|g_group[1].u_stage|g_twiddle.g_align[1].w_q        ;        ;
; u_pipe|g_fft[8].u_fft|u_core|g_lane[0].u_path|g_group[1].u_stage|g_twiddle.g_tag[0].w_q          ;        ;
; u_pipe|g_fft[8].u_fft|u_core|g_lane[0].u_path|g_group[1].u_stage|g_twiddle.g_tag[1].w_q          ;        ;
; u_pipe|g_fft[12].u_fft|u_core|g_lane[0].u_path|g_group[2].u_stage|u_bf2ii|vld_q                  ;        ;
; u_pipe|g_fft[8].u_fft|u_core|g_lane[0].u_path|g_group[1].u_stage|g_twiddle.g_tag[2].w_q          ;        ;
; u_pipe|g_fft[8].u_fft|u_core|g_lane[0].u_path|g_group[1].u_stage|g_twiddle.g_tag[3].w_q          ;        ;
; u_pipe|g_fft[8].u_fft|u_core|g_lane[0].u_path|g_group[2].u_stage|u_bf2i|warm_cnt_q[0]            ;        ;
; u_pipe|g_fft[8].u_fft|u_core|g_lane[0].u_path|g_group[2].u_stage|u_bf2i|warm_cnt_q[3]            ;        ;
; u_pipe|g_fft[8].u_fft|u_core|g_lane[0].u_path|g_group[2].u_stage|u_bf2i|warm_cnt_q[4]            ;        ;
; u_pipe|g_fft[8].u_fft|u_core|g_lane[0].u_path|g_group[2].u_stage|u_bf2ii|warm_cnt_q[0]           ;        ;
; u_pipe|g_fft[8].u_fft|u_core|g_lane[0].u_path|g_group[2].u_stage|u_bf2ii|warm_cnt_q[1]           ;        ;
; u_pipe|g_fft[8].u_fft|u_core|g_lane[0].u_path|g_group[2].u_stage|g_twiddle.g_align[0].w_q        ;        ;
; u_pipe|g_fft[8].u_fft|u_core|g_lane[0].u_path|g_group[2].u_stage|g_twiddle.g_align[1].w_q        ;        ;
; u_pipe|g_fft[8].u_fft|u_core|g_lane[0].u_path|g_group[2].u_stage|g_twiddle.g_tag[0].w_q          ;        ;
; u_pipe|g_fft[12].u_fft|u_core|g_lane[0].u_path|g_group[2].u_stage|g_twiddle.u_mul|g_valid[0].v_q ;        ;
; u_pipe|g_fft[8].u_fft|u_core|g_lane[0].u_path|g_group[2].u_stage|g_twiddle.g_tag[1].w_q          ;        ;
; u_pipe|g_fft[8].u_fft|u_core|g_lane[0].u_path|g_group[2].u_stage|g_twiddle.g_tag[2].w_q          ;        ;
; u_pipe|g_fft[8].u_fft|u_core|g_lane[0].u_path|g_group[2].u_stage|g_twiddle.g_tag[3].w_q          ;        ;
; u_pipe|g_fft[8].u_fft|u_core|g_lane[0].u_path|g_group[3].u_stage|u_bf2i|warm_cnt_q[0]            ;        ;
; u_pipe|g_fft[8].u_fft|u_core|g_lane[0].u_path|g_group[3].u_stage|u_bf2i|warm_cnt_q[2]            ;        ;
; u_pipe|g_fft[8].u_fft|u_core|g_lane[0].u_path|g_group[3].u_stage|u_bf2i|warm_cnt_q[1]            ;        ;
; u_pipe|g_fft[8].u_fft|u_core|g_lane[0].u_path|g_group[3].u_stage|u_bf2ii|warm_cnt_q[1]           ;        ;
; u_pipe|g_fft[8].u_fft|u_core|g_lane[0].u_path|g_group[3].u_stage|u_bf2ii|warm_cnt_q[0]           ;        ;
; u_pipe|g_fft[8].u_fft|u_core|g_lane[0].u_path|g_group[3].u_stage|g_twiddle.g_align[0].w_q        ;        ;
; u_pipe|g_fft[8].u_fft|u_core|g_lane[0].u_path|g_group[3].u_stage|g_twiddle.g_align[1].w_q        ;        ;
; u_pipe|g_fft[12].u_fft|u_core|g_lane[0].u_path|g_group[2].u_stage|g_twiddle.u_mul|g_valid[1].v_q ;        ;
; u_pipe|g_fft[8].u_fft|u_core|g_lane[0].u_path|g_group[3].u_stage|g_twiddle.g_tag[0].w_q          ;        ;
; u_pipe|g_fft[8].u_fft|u_core|g_lane[0].u_path|g_group[3].u_stage|g_twiddle.g_tag[1].w_q          ;        ;
; u_pipe|g_fft[8].u_fft|u_core|g_lane[0].u_path|g_group[3].u_stage|g_twiddle.g_tag[2].w_q          ;        ;
; u_pipe|g_fft[8].u_fft|u_core|g_lane[0].u_path|g_group[3].u_stage|g_twiddle.g_tag[3].w_q          ;        ;
; u_pipe|g_fft[8].u_fft|u_core|g_lane[0].u_path|g_tail.u_tail|warm_cnt_q[1]                        ;        ;
; u_pipe|g_fft[8].u_fft|u_core|g_lane[0].u_path|g_tail.u_tail|warm_cnt_q[0]                        ;        ;
; u_pipe|g_fft[8].u_fft|u_core|g_merge.u_merge|g_align[0].w_q                                      ;        ;
; u_pipe|g_fft[8].u_fft|u_core|g_merge.u_merge|g_align[1].w_q                                      ;        ;
; u_pipe|g_fft[8].u_fft|u_core|g_merge.u_merge|g_tag[0].w_q                                        ;        ;
; u_pipe|g_fft[8].u_fft|u_core|g_merge.u_merge|g_tag[1].w_q                                        ;        ;
; u_pipe|g_fft[12].u_fft|u_core|g_lane[0].u_path|g_group[2].u_stage|g_twiddle.u_mul|g_valid[2].v_q ;        ;
; u_pipe|g_fft[8].u_fft|u_core|g_merge.u_merge|g_tag[2].w_q                                        ;        ;
; u_pipe|g_fft[8].u_fft|u_core|g_merge.u_merge|g_tag[3].w_q                                        ;        ;
; u_pipe|g_fft[8].u_fft|u_core|g_merge.u_merge|warm_q                                              ;        ;
; u_pipe|g_fft[8].u_fft|g_reorder.u_reorder|warm_cnt_q[0]                                          ;        ;
; u_pipe|g_fft[8].u_fft|credit_q[8]                                                                ;        ;
; u_pipe|g_fft[8].u_fft|credit_q[9]                                                                ;        ;
; u_pipe|g_fft[8].u_fft|credit_q[10]                                                               ;        ;
; u_pipe|g_fft[8].u_fft|credit_q[0]                                                                ;        ;
; u_pipe|g_fft[8].u_fft|credit_q[1]                                                                ;        ;
; u_pipe|g_fft[8].u_fft|credit_q[2]                                                                ;        ;
; u_pipe|g_fft[12].u_fft|u_core|g_lane[0].u_path|g_group[2].u_stage|g_twiddle.u_mul|g_valid[3].v_q ;        ;
; u_pipe|g_fft[8].u_fft|credit_q[3]                                                                ;        ;
; u_pipe|g_fft[8].u_fft|credit_q[4]                                                                ;        ;
; u_pipe|g_fft[8].u_fft|credit_q[5]                                                                ;        ;
; u_pipe|g_fft[8].u_fft|credit_q[6]                                                                ;        ;
; u_pipe|g_fft[8].u_fft|credit_q[7]                                                                ;        ;
; u_pipe|g_fft[8].u_fft|u_eb_in|count_q[1]                                                         ;        ;
; u_pipe|g_pfb[8].u_pfb|u_out|rdy_q                                                                ;        ;
; u_pipe|g_pfb[8].u_pfb|credits_q[3]                                                               ;        ;
; u_pipe|g_pfb[8].u_pfb|credits_q[1]                                                               ;        ;
; u_pipe|g_pfb[8].u_pfb|credits_q[2]                                                               ;        ;
; u_pipe|g_fft[12].u_fft|g_reorder.u_reorder|warm_cnt_q[5]                                         ;        ;
; u_pipe|g_fft[12].u_fft|u_core|g_lane[0].u_path|g_group[3].u_stage|u_bf2i|vld_q                   ;        ;
; u_pipe|g_pfb[8].u_pfb|credits_q[0]                                                               ;        ;
; u_pipe|g_pfb[8].u_pfb|rdy_q                                                                      ;        ;
; u_pipe|g_pfb[8].u_pfb|g_lane[0].u_lane|g_mult[0].u_mult|g_valid[0].v_q                           ;        ;
; u_pipe|g_pfb[8].u_pfb|g_lane[0].u_lane|g_mult[0].u_mult|g_valid[1].v_q                           ;        ;
; u_pipe|g_pfb[8].u_pfb|g_lane[0].u_lane|g_mult[0].u_mult|g_valid[2].v_q                           ;        ;
; u_pipe|g_pfb[8].u_pfb|g_lane[0].u_lane|g_mult[0].u_mult|g_valid[3].v_q                           ;        ;
; u_pipe|g_pfb[8].u_pfb|g_lane[0].u_lane|g_valid[0].v_q                                            ;        ;
; u_pipe|g_pfb[8].u_pfb|g_lane[0].u_lane|g_valid[1].v_q                                            ;        ;
; u_pipe|g_pfb[8].u_pfb|g_lane[0].u_lane|g_valid[2].v_q                                            ;        ;
; u_pipe|g_pfb[8].u_pfb|g_lane[0].u_lane|g_valid[3].v_q                                            ;        ;
; u_pipe|g_fft[12].u_fft|u_core|g_lane[0].u_path|g_group[3].u_stage|u_bf2ii|vld_q                  ;        ;
; u_pipe|g_pfb[8].u_pfb|g_lane[0].u_lane|g_valid[4].v_q                                            ;        ;
; u_pipe|g_pfb[8].u_pfb|u_out|count_q[0]                                                           ;        ;
; u_pipe|g_pfb[8].u_pfb|u_out|count_q[1]                                                           ;        ;
; u_pipe|g_pfb[8].u_pfb|u_out|count_q[2]                                                           ;        ;
; u_pipe|g_pfb[8].u_pfb|u_out|count_q[3]                                                           ;        ;
; u_pipe|g_fft[8].u_fft|u_eb_in|rdy_q                                                              ;        ;
; u_pipe|g_fft[8].u_fft|u_eb_in|count_q[0]                                                         ;        ;
; u_pipe|g_fft[8].u_fft|u_eb_in|count_q[2]                                                         ;        ;
; u_pipe|g_fft[8].u_fft|u_core|g_lane[0].u_path|g_group[0].u_stage|u_bf2i|vld_q                    ;        ;
; u_pipe|g_fft[8].u_fft|u_core|g_lane[0].u_path|g_group[0].u_stage|u_bf2ii|vld_q                   ;        ;
; u_pipe|g_fft[12].u_fft|u_core|g_lane[0].u_path|g_group[3].u_stage|g_twiddle.u_mul|g_valid[0].v_q ;        ;
; u_pipe|g_fft[8].u_fft|u_core|g_lane[0].u_path|g_group[0].u_stage|g_twiddle.u_mul|g_valid[0].v_q  ;        ;
; u_pipe|g_fft[8].u_fft|u_core|g_lane[0].u_path|g_group[0].u_stage|g_twiddle.u_mul|g_valid[1].v_q  ;        ;
; u_pipe|g_fft[8].u_fft|u_core|g_lane[0].u_path|g_group[0].u_stage|g_twiddle.u_mul|g_valid[2].v_q  ;        ;
; u_pipe|g_fft[8].u_fft|u_core|g_lane[0].u_path|g_group[0].u_stage|g_twiddle.u_mul|g_valid[3].v_q  ;        ;
; u_pipe|g_fft[8].u_fft|u_core|g_lane[0].u_path|g_group[1].u_stage|u_bf2i|vld_q                    ;        ;
; u_pipe|g_fft[8].u_fft|u_core|g_lane[0].u_path|g_group[1].u_stage|u_bf2ii|vld_q                   ;        ;
; u_pipe|g_fft[8].u_fft|u_core|g_lane[0].u_path|g_group[1].u_stage|g_twiddle.u_mul|g_valid[0].v_q  ;        ;
; u_pipe|g_fft[8].u_fft|u_core|g_lane[0].u_path|g_group[1].u_stage|g_twiddle.u_mul|g_valid[1].v_q  ;        ;
; u_pipe|g_fft[8].u_fft|u_core|g_lane[0].u_path|g_group[1].u_stage|g_twiddle.u_mul|g_valid[2].v_q  ;        ;
; u_pipe|g_fft[8].u_fft|u_core|g_lane[0].u_path|g_group[1].u_stage|g_twiddle.u_mul|g_valid[3].v_q  ;        ;
; u_pipe|g_fft[12].u_fft|u_core|g_lane[0].u_path|g_group[3].u_stage|g_twiddle.u_mul|g_valid[1].v_q ;        ;
; u_pipe|g_fft[8].u_fft|u_core|g_lane[0].u_path|g_group[2].u_stage|u_bf2i|vld_q                    ;        ;
; u_pipe|g_fft[8].u_fft|u_core|g_lane[0].u_path|g_group[2].u_stage|u_bf2ii|vld_q                   ;        ;
; u_pipe|g_fft[8].u_fft|u_core|g_lane[0].u_path|g_group[2].u_stage|g_twiddle.u_mul|g_valid[0].v_q  ;        ;
; u_pipe|g_fft[8].u_fft|u_core|g_lane[0].u_path|g_group[2].u_stage|g_twiddle.u_mul|g_valid[1].v_q  ;        ;
; u_pipe|g_fft[8].u_fft|u_core|g_lane[0].u_path|g_group[2].u_stage|g_twiddle.u_mul|g_valid[2].v_q  ;        ;
; u_pipe|g_fft[8].u_fft|u_core|g_lane[0].u_path|g_group[2].u_stage|g_twiddle.u_mul|g_valid[3].v_q  ;        ;
; u_pipe|g_fft[8].u_fft|u_core|g_lane[0].u_path|g_group[3].u_stage|u_bf2i|vld_q                    ;        ;
; u_pipe|g_fft[8].u_fft|u_core|g_lane[0].u_path|g_group[3].u_stage|u_bf2ii|vld_q                   ;        ;
; u_pipe|g_fft[8].u_fft|u_core|g_lane[0].u_path|g_group[3].u_stage|g_twiddle.u_mul|g_valid[0].v_q  ;        ;
; u_pipe|g_fft[8].u_fft|u_core|g_lane[0].u_path|g_group[3].u_stage|g_twiddle.u_mul|g_valid[1].v_q  ;        ;
; u_pipe|g_fft[12].u_fft|u_core|g_lane[0].u_path|g_group[3].u_stage|g_twiddle.u_mul|g_valid[2].v_q ;        ;
; u_pipe|g_fft[8].u_fft|u_core|g_lane[0].u_path|g_group[3].u_stage|g_twiddle.u_mul|g_valid[2].v_q  ;        ;
; u_pipe|g_fft[8].u_fft|u_core|g_lane[0].u_path|g_group[3].u_stage|g_twiddle.u_mul|g_valid[3].v_q  ;        ;
; u_pipe|g_fft[8].u_fft|u_core|g_lane[0].u_path|g_tail.u_tail|vld_q                                ;        ;
; u_pipe|g_fft[8].u_fft|u_core|g_merge.u_merge|u_mul|g_valid[0].v_q                                ;        ;
; u_pipe|g_fft[8].u_fft|u_core|g_merge.u_merge|u_mul|g_valid[1].v_q                                ;        ;
; u_pipe|g_fft[8].u_fft|u_core|g_merge.u_merge|u_mul|g_valid[2].v_q                                ;        ;
; u_pipe|g_fft[8].u_fft|u_core|g_merge.u_merge|u_mul|g_valid[3].v_q                                ;        ;
; u_pipe|g_fft[8].u_fft|u_core|g_merge.u_merge|vld_q                                               ;        ;
; u_pipe|g_fft[8].u_fft|g_reorder.u_reorder|vld_q                                                  ;        ;
; u_pipe|g_fft[8].u_fft|u_out_fifo|count_q[2]                                                      ;        ;
; u_pipe|g_fft[12].u_fft|u_core|g_lane[0].u_path|g_group[3].u_stage|g_twiddle.u_mul|g_valid[3].v_q ;        ;
; u_pipe|g_fft[8].u_fft|u_out_fifo|g_out_reg.out_valid_q                                           ;        ;
; u_pipe|g_fft[8].u_fft|u_out_fifo|rd_ptr_q[6]                                                     ;        ;
; u_pipe|g_fft[8].u_fft|u_out_fifo|rd_ptr_q[1]                                                     ;        ;
; u_pipe|g_fft[8].u_fft|u_out_fifo|rd_ptr_q[10]                                                    ;        ;
; u_pipe|g_fft[8].u_fft|u_out_fifo|rd_ptr_q[0]                                                     ;        ;
; u_pipe|g_fft[8].u_fft|u_out_fifo|rd_ptr_q[2]                                                     ;        ;
; u_pipe|g_fft[8].u_fft|u_out_fifo|rd_ptr_q[3]                                                     ;        ;
; u_pipe|g_fft[8].u_fft|u_out_fifo|rd_ptr_q[4]                                                     ;        ;
; u_pipe|g_fft[8].u_fft|u_out_fifo|rd_ptr_q[5]                                                     ;        ;
; u_pipe|g_fft[8].u_fft|u_out_fifo|rd_ptr_q[7]                                                     ;        ;
; u_pipe|g_fft[12].u_fft|u_core|g_lane[0].u_path|g_tail.u_tail|vld_q                               ;        ;
; u_pipe|g_fft[8].u_fft|u_out_fifo|rd_ptr_q[8]                                                     ;        ;
; u_pipe|g_fft[8].u_fft|u_out_fifo|rd_ptr_q[9]                                                     ;        ;
; u_pipe|g_fft[8].u_fft|u_out_fifo|wr_ptr_q[4]                                                     ;        ;
; u_pipe|g_fft[8].u_fft|u_out_fifo|wr_ptr_q[5]                                                     ;        ;
; u_pipe|g_fft[8].u_fft|u_out_fifo|wr_ptr_q[3]                                                     ;        ;
; u_pipe|g_fft[8].u_fft|u_out_fifo|wr_ptr_q[2]                                                     ;        ;
; u_pipe|g_fft[8].u_fft|u_out_fifo|wr_ptr_q[1]                                                     ;        ;
; u_pipe|g_fft[8].u_fft|u_out_fifo|wr_ptr_q[0]                                                     ;        ;
; u_pipe|g_fft[8].u_fft|u_out_fifo|wr_ptr_q[10]                                                    ;        ;
; u_pipe|g_fft[8].u_fft|u_out_fifo|wr_ptr_q[8]                                                     ;        ;
; u_pipe|g_fft[12].u_fft|u_core|g_merge.u_merge|u_mul|g_valid[0].v_q                               ;        ;
; u_pipe|g_fft[8].u_fft|u_out_fifo|wr_ptr_q[9]                                                     ;        ;
; u_pipe|g_fft[8].u_fft|u_out_fifo|wr_ptr_q[6]                                                     ;        ;
; u_pipe|g_fft[8].u_fft|u_out_fifo|wr_ptr_q[7]                                                     ;        ;
; u_pipe|g_fft[8].u_fft|u_meta_fifo|count_q[8]                                                     ;        ;
; u_pipe|g_fft[8].u_fft|u_meta_fifo|count_q[9]                                                     ;        ;
; u_pipe|g_fft[8].u_fft|u_meta_fifo|count_q[6]                                                     ;        ;
; u_pipe|g_fft[8].u_fft|u_meta_fifo|count_q[7]                                                     ;        ;
; u_pipe|g_fft[8].u_fft|u_meta_fifo|count_q[5]                                                     ;        ;
; u_pipe|g_fft[8].u_fft|u_meta_fifo|count_q[0]                                                     ;        ;
; u_pipe|g_fft[8].u_fft|u_meta_fifo|count_q[1]                                                     ;        ;
; u_pipe|g_fft[12].u_fft|u_core|g_merge.u_merge|u_mul|g_valid[1].v_q                               ;        ;
; u_pipe|g_fft[8].u_fft|u_meta_fifo|count_q[2]                                                     ;        ;
; u_pipe|g_fft[8].u_fft|u_meta_fifo|count_q[3]                                                     ;        ;
; u_pipe|g_fft[8].u_fft|u_meta_fifo|count_q[4]                                                     ;        ;
; u_pipe|g_fft[8].u_fft|u_meta_fifo|count_q[10]                                                    ;        ;
; u_pipe|g_fft[8].u_fft|u_meta_fifo|rd_ptr_q[1]                                                    ;        ;
; u_pipe|g_fft[8].u_fft|u_meta_fifo|rd_ptr_q[10]                                                   ;        ;
; u_pipe|g_fft[8].u_fft|u_meta_fifo|rd_ptr_q[9]                                                    ;        ;
; u_pipe|g_fft[8].u_fft|u_meta_fifo|rd_ptr_q[8]                                                    ;        ;
; u_pipe|g_fft[8].u_fft|u_meta_fifo|rd_ptr_q[6]                                                    ;        ;
; u_pipe|g_fft[8].u_fft|u_meta_fifo|rd_ptr_q[7]                                                    ;        ;
; u_pipe|g_fft[12].u_fft|u_core|g_merge.u_merge|u_mul|g_valid[2].v_q                               ;        ;
; u_pipe|g_fft[8].u_fft|u_meta_fifo|rd_ptr_q[0]                                                    ;        ;
; u_pipe|g_fft[8].u_fft|u_meta_fifo|rd_ptr_q[2]                                                    ;        ;
; u_pipe|g_fft[8].u_fft|u_meta_fifo|rd_ptr_q[3]                                                    ;        ;
; u_pipe|g_fft[8].u_fft|u_meta_fifo|rd_ptr_q[4]                                                    ;        ;
; u_pipe|g_fft[8].u_fft|u_meta_fifo|rd_ptr_q[5]                                                    ;        ;
; u_pipe|g_fft[8].u_fft|u_meta_fifo|wr_ptr_q[3]                                                    ;        ;
; u_pipe|g_fft[8].u_fft|u_meta_fifo|wr_ptr_q[2]                                                    ;        ;
; u_pipe|g_fft[8].u_fft|u_meta_fifo|wr_ptr_q[1]                                                    ;        ;
; u_pipe|g_fft[8].u_fft|u_meta_fifo|wr_ptr_q[0]                                                    ;        ;
; u_pipe|g_fft[8].u_fft|u_meta_fifo|wr_ptr_q[10]                                                   ;        ;
; u_pipe|g_fft[12].u_fft|g_reorder.u_reorder|warm_cnt_q[6]                                         ;        ;
; u_pipe|g_fft[12].u_fft|u_core|g_merge.u_merge|u_mul|g_valid[3].v_q                               ;        ;
; u_pipe|g_fft[8].u_fft|u_meta_fifo|wr_ptr_q[6]                                                    ;        ;
; u_pipe|g_fft[8].u_fft|u_meta_fifo|wr_ptr_q[7]                                                    ;        ;
; u_pipe|g_fft[8].u_fft|u_meta_fifo|wr_ptr_q[8]                                                    ;        ;
; u_pipe|g_fft[8].u_fft|u_meta_fifo|wr_ptr_q[9]                                                    ;        ;
; u_pipe|g_fft[8].u_fft|u_meta_fifo|wr_ptr_q[4]                                                    ;        ;
; u_pipe|g_fft[8].u_fft|u_meta_fifo|wr_ptr_q[5]                                                    ;        ;
; u_pipe|g_fft[8].u_fft|u_eb_in|wr_ptr_q[0]                                                        ;        ;
; u_pipe|g_fft[8].u_fft|u_eb_in|wr_ptr_q[1]                                                        ;        ;
; u_pipe|g_pfb[8].u_pfb|u_out|wr_ptr_q[3]                                                          ;        ;
; u_pipe|g_pfb[8].u_pfb|u_out|wr_ptr_q[2]                                                          ;        ;
; u_pipe|g_fft[12].u_fft|u_core|g_merge.u_merge|vld_q                                              ;        ;
; u_pipe|g_pfb[8].u_pfb|u_out|wr_ptr_q[1]                                                          ;        ;
; u_pipe|g_pfb[8].u_pfb|u_out|wr_ptr_q[0]                                                          ;        ;
; u_pipe|g_pfb[8].u_pfb|u_out|rd_ptr_q[3]                                                          ;        ;
; u_pipe|g_pfb[8].u_pfb|u_out|rd_ptr_q[2]                                                          ;        ;
; u_pipe|g_pfb[8].u_pfb|u_out|rd_ptr_q[1]                                                          ;        ;
; u_pipe|g_pfb[8].u_pfb|u_out|rd_ptr_q[0]                                                          ;        ;
; u_pipe|g_fft[8].u_fft|u_eb_in|rd_ptr_q[0]                                                        ;        ;
; u_pipe|g_fft[8].u_fft|u_eb_in|rd_ptr_q[1]                                                        ;        ;
; u_pipe|g_fft[9].u_fft|u_out_fifo|count_q[2]                                                      ;        ;
; u_pipe|g_fft[9].u_fft|u_out_fifo|count_q[0]                                                      ;        ;
; u_pipe|g_fft[12].u_fft|g_reorder.u_reorder|vld_q                                                 ;        ;
; u_pipe|g_fft[9].u_fft|u_out_fifo|count_q[1]                                                      ;        ;
; u_pipe|g_fft[9].u_fft|u_out_fifo|count_q[5]                                                      ;        ;
; u_pipe|g_fft[9].u_fft|u_out_fifo|count_q[6]                                                      ;        ;
; u_pipe|g_fft[9].u_fft|u_out_fifo|count_q[7]                                                      ;        ;
; u_pipe|g_fft[9].u_fft|u_out_fifo|count_q[8]                                                      ;        ;
; u_pipe|g_fft[9].u_fft|u_out_fifo|count_q[9]                                                      ;        ;
; u_pipe|g_fft[9].u_fft|u_out_fifo|count_q[10]                                                     ;        ;
; u_pipe|g_fft[9].u_fft|u_out_fifo|count_q[4]                                                      ;        ;
; u_pipe|g_fft[9].u_fft|g_reorder.u_reorder|warm_cnt_q[9]                                          ;        ;
; u_pipe|g_fft[9].u_fft|g_reorder.u_reorder|warm_cnt_q[6]                                          ;        ;
; u_pipe|g_fft[12].u_fft|u_out_fifo|count_q[2]                                                     ;        ;
; u_pipe|g_fft[9].u_fft|g_reorder.u_reorder|warm_cnt_q[7]                                          ;        ;
; u_pipe|g_fft[9].u_fft|g_reorder.u_reorder|warm_cnt_q[8]                                          ;        ;
; u_pipe|g_fft[9].u_fft|g_reorder.u_reorder|warm_cnt_q[5]                                          ;        ;
; u_pipe|g_fft[9].u_fft|g_reorder.u_reorder|warm_cnt_q[4]                                          ;        ;
; u_pipe|g_fft[9].u_fft|g_reorder.u_reorder|warm_cnt_q[3]                                          ;        ;
; u_pipe|g_fft[9].u_fft|g_reorder.u_reorder|warm_cnt_q[1]                                          ;        ;
; u_pipe|g_fft[9].u_fft|g_reorder.u_reorder|warm_cnt_q[2]                                          ;        ;
; u_pipe|g_fft[9].u_fft|u_core|g_lane[0].u_path|g_group[2].u_stage|u_bf2ii|warm_cnt_q[3]           ;        ;
; u_pipe|g_fft[9].u_fft|u_core|g_lane[0].u_path|g_group[2].u_stage|u_bf2ii|warm_cnt_q[2]           ;        ;
; u_pipe|g_fft[9].u_fft|u_core|g_lane[0].u_path|g_group[2].u_stage|u_bf2i|warm_cnt_q[2]            ;        ;
; u_pipe|g_fft[12].u_fft|u_out_fifo|g_out_reg.out_valid_q                                          ;        ;
; u_pipe|g_fft[9].u_fft|u_core|g_lane[0].u_path|g_group[2].u_stage|u_bf2i|warm_cnt_q[1]            ;        ;
; u_pipe|g_fft[9].u_fft|u_core|g_lane[0].u_path|g_group[1].u_stage|u_bf2ii|warm_cnt_q[5]           ;        ;
; u_pipe|g_fft[9].u_fft|u_core|g_lane[0].u_path|g_group[1].u_stage|u_bf2ii|warm_cnt_q[4]           ;        ;
; u_pipe|g_fft[9].u_fft|u_core|g_lane[0].u_path|g_group[1].u_stage|u_bf2ii|warm_cnt_q[3]           ;        ;
; u_pipe|g_fft[9].u_fft|u_core|g_lane[0].u_path|g_group[1].u_stage|u_bf2ii|warm_cnt_q[2]           ;        ;
; u_pipe|g_fft[9].u_fft|u_core|g_lane[0].u_path|g_group[1].u_stage|u_bf2ii|warm_cnt_q[1]           ;        ;
; u_pipe|g_fft[9].u_fft|u_core|g_lane[0].u_path|g_group[1].u_stage|u_bf2i|warm_cnt_q[2]            ;        ;
; u_pipe|g_fft[9].u_fft|u_core|g_lane[0].u_path|g_group[1].u_stage|u_bf2i|warm_cnt_q[1]            ;        ;
; u_pipe|g_fft[9].u_fft|u_core|g_lane[0].u_path|g_group[0].u_stage|u_bf2ii|warm_cnt_q[7]           ;        ;
; u_pipe|g_fft[9].u_fft|u_core|g_lane[0].u_path|g_group[0].u_stage|u_bf2ii|warm_cnt_q[0]           ;        ;
; u_pipe|g_fft[12].u_fft|u_out_fifo|rd_ptr_q[6]                                                    ;        ;
; u_pipe|g_fft[9].u_fft|u_core|g_lane[0].u_path|g_group[0].u_stage|u_bf2ii|warm_cnt_q[1]           ;        ;
; u_pipe|g_fft[9].u_fft|u_core|g_lane[0].u_path|g_group[0].u_stage|u_bf2ii|warm_cnt_q[2]           ;        ;
; u_pipe|g_fft[9].u_fft|u_core|g_lane[0].u_path|g_group[0].u_stage|u_bf2ii|warm_cnt_q[3]           ;        ;
; u_pipe|g_fft[9].u_fft|u_core|g_lane[0].u_path|g_group[0].u_stage|u_bf2ii|warm_cnt_q[4]           ;        ;
; u_pipe|g_fft[9].u_fft|u_core|g_lane[0].u_path|g_group[0].u_stage|u_bf2i|warm_cnt_q[0]            ;        ;
; u_pipe|g_fft[9].u_fft|u_core|g_lane[0].u_path|g_group[0].u_stage|u_bf2i|warm_cnt_q[6]            ;        ;
; u_pipe|g_fft[9].u_fft|u_core|g_lane[0].u_path|g_group[0].u_stage|u_bf2i|warm_cnt_q[7]            ;        ;
; u_pipe|g_fft[9].u_fft|u_core|g_lane[0].u_path|g_group[0].u_stage|u_bf2i|warm_cnt_q[8]            ;        ;
; u_pipe|g_fft[9].u_fft|u_core|g_lane[0].u_path|g_group[0].u_stage|u_bf2i|warm_cnt_q[3]            ;        ;
; u_pipe|g_fft[9].u_fft|u_core|g_lane[0].u_path|g_group[0].u_stage|u_bf2i|warm_cnt_q[4]            ;        ;
; u_pipe|g_fft[12].u_fft|u_out_fifo|rd_ptr_q[1]                                                    ;        ;
; u_pipe|g_fft[9].u_fft|u_core|g_lane[0].u_path|g_group[0].u_stage|u_bf2i|warm_cnt_q[5]            ;        ;
; u_pipe|g_fft[9].u_fft|u_core|g_lane[0].u_path|g_group[0].u_stage|u_bf2i|warm_cnt_q[1]            ;        ;
; u_pipe|g_fft[9].u_fft|u_core|g_lane[0].u_path|g_group[0].u_stage|u_bf2i|warm_cnt_q[2]            ;        ;
; u_pipe|g_fft[9].u_fft|u_core|g_lane[0].u_path|g_group[0].u_stage|u_bf2ii|warm_cnt_q[5]           ;        ;
; u_pipe|g_fft[9].u_fft|u_core|g_lane[0].u_path|g_group[0].u_stage|u_bf2ii|warm_cnt_q[6]           ;        ;
; u_pipe|g_fft[9].u_fft|u_core|g_lane[0].u_path|g_group[0].u_stage|g_twiddle.g_align[0].w_q        ;        ;
; u_pipe|g_fft[9].u_fft|u_core|g_lane[0].u_path|g_group[0].u_stage|g_twiddle.g_align[1].w_q        ;        ;
; u_pipe|g_fft[9].u_fft|u_core|g_lane[0].u_path|g_group[0].u_stage|g_twiddle.g_tag[0].w_q          ;        ;
; u_pipe|g_fft[9].u_fft|u_core|g_lane[0].u_path|g_group[0].u_stage|g_twiddle.g_tag[1].w_q          ;        ;
; u_pipe|g_fft[9].u_fft|u_core|g_lane[0].u_path|g_group[0].u_stage|g_twiddle.g_tag[2].w_q          ;        ;
; u_pipe|g_fft[12].u_fft|u_out_fifo|rd_ptr_q[10]                                                   ;        ;
; u_pipe|g_fft[9].u_fft|u_core|g_lane[0].u_path|g_group[0].u_stage|g_twiddle.g_tag[3].w_q          ;        ;
; u_pipe|g_fft[9].u_fft|u_core|g_lane[0].u_path|g_group[1].u_stage|u_bf2i|warm_cnt_q[0]            ;        ;
; u_pipe|g_fft[9].u_fft|u_core|g_lane[0].u_path|g_group[1].u_stage|u_bf2i|warm_cnt_q[3]            ;        ;
; u_pipe|g_fft[9].u_fft|u_core|g_lane[0].u_path|g_group[1].u_stage|u_bf2i|warm_cnt_q[4]            ;        ;
; u_pipe|g_fft[9].u_fft|u_core|g_lane[0].u_path|g_group[1].u_stage|u_bf2i|warm_cnt_q[5]            ;        ;
; u_pipe|g_fft[9].u_fft|u_core|g_lane[0].u_path|g_group[1].u_stage|u_bf2i|warm_cnt_q[6]            ;        ;
; u_pipe|g_fft[9].u_fft|u_core|g_lane[0].u_path|g_group[1].u_stage|u_bf2ii|warm_cnt_q[0]           ;        ;
; u_pipe|g_fft[9].u_fft|u_core|g_lane[0].u_path|g_group[1].u_stage|g_twiddle.g_align[0].w_q        ;        ;
; u_pipe|g_fft[9].u_fft|u_core|g_lane[0].u_path|g_group[1].u_stage|g_twiddle.g_align[1].w_q        ;        ;
; u_pipe|g_fft[9].u_fft|u_core|g_lane[0].u_path|g_group[1].u_stage|g_twiddle.g_tag[0].w_q          ;        ;
; u_pipe|g_fft[12].u_fft|u_out_fifo|rd_ptr_q[0]                                                    ;        ;
; u_pipe|g_fft[9].u_fft|u_core|g_lane[0].u_path|g_group[1].u_stage|g_twiddle.g_tag[1].w_q          ;        ;
; u_pipe|g_fft[9].u_fft|u_core|g_lane[0].u_path|g_group[1].u_stage|g_twiddle.g_tag[2].w_q          ;        ;
; u_pipe|g_fft[9].u_fft|u_core|g_lane[0].u_path|g_group[1].u_stage|g_twiddle.g_tag[3].w_q          ;        ;
; u_pipe|g_fft[9].u_fft|u_core|g_lane[0].u_path|g_group[2].u_stage|u_bf2i|warm_cnt_q[0]            ;        ;
; u_pipe|g_fft[9].u_fft|u_core|g_lane[0].u_path|g_group[2].u_stage|u_bf2i|warm_cnt_q[3]            ;        ;
; u_pipe|g_fft[9].u_fft|u_core|g_lane[0].u_path|g_group[2].u_stage|u_bf2i|warm_cnt_q[4]            ;        ;
; u_pipe|g_fft[9].u_fft|u_core|g_lane[0].u_path|g_group[2].u_stage|u_bf2ii|warm_cnt_q[0]           ;        ;
; u_pipe|g_fft[9].u_fft|u_core|g_lane[0].u_path|g_group[2].u_stage|u_bf2ii|warm_cnt_q[1]           ;        ;
; u_pipe|g_fft[9].u_fft|u_core|g_lane[0].u_path|g_group[2].u_stage|g_twiddle.g_align[0].w_q        ;        ;
; u_pipe|g_fft[9].u_fft|u_core|g_lane[0].u_path|g_group[2].u_stage|g_twiddle.g_align[1].w_q        ;        ;
; u_pipe|g_fft[12].u_fft|u_out_fifo|rd_ptr_q[2]                                                    ;        ;
; u_pipe|g_fft[9].u_fft|u_core|g_lane[0].u_path|g_group[2].u_stage|g_twiddle.g_tag[0].w_q          ;        ;
; u_pipe|g_fft[9].u_fft|u_core|g_lane[0].u_path|g_group[2].u_stage|g_twiddle.g_tag[1].w_q          ;        ;
; u_pipe|g_fft[9].u_fft|u_core|g_lane[0].u_path|g_group[2].u_stage|g_twiddle.g_tag[2].w_q          ;        ;
; u_pipe|g_fft[9].u_fft|u_core|g_lane[0].u_path|g_group[2].u_stage|g_twiddle.g_tag[3].w_q          ;        ;
; u_pipe|g_fft[9].u_fft|u_core|g_lane[0].u_path|g_group[3].u_stage|u_bf2i|warm_cnt_q[0]            ;        ;
; u_pipe|g_fft[9].u_fft|u_core|g_lane[0].u_path|g_group[3].u_stage|u_bf2i|warm_cnt_q[2]            ;        ;
; u_pipe|g_fft[9].u_fft|u_core|g_lane[0].u_path|g_group[3].u_stage|u_bf2i|warm_cnt_q[1]            ;        ;
; u_pipe|g_fft[9].u_fft|u_core|g_lane[0].u_path|g_group[3].u_stage|u_bf2ii|warm_cnt_q[1]           ;        ;
; u_pipe|g_fft[9].u_fft|u_core|g_lane[0].u_path|g_group[3].u_stage|u_bf2ii|warm_cnt_q[0]           ;        ;
; u_pipe|g_fft[9].u_fft|u_core|g_lane[0].u_path|g_group[3].u_stage|g_twiddle.g_align[0].w_q        ;        ;
; u_pipe|g_fft[12].u_fft|g_reorder.u_reorder|warm_cnt_q[7]                                         ;        ;
; u_pipe|g_fft[12].u_fft|u_out_fifo|rd_ptr_q[3]                                                    ;        ;
; u_pipe|g_fft[9].u_fft|u_core|g_lane[0].u_path|g_group[3].u_stage|g_twiddle.g_align[1].w_q        ;        ;
; u_pipe|g_fft[9].u_fft|u_core|g_lane[0].u_path|g_group[3].u_stage|g_twiddle.g_tag[0].w_q          ;        ;
; u_pipe|g_fft[9].u_fft|u_core|g_lane[0].u_path|g_group[3].u_stage|g_twiddle.g_tag[1].w_q          ;        ;
; u_pipe|g_fft[9].u_fft|u_core|g_lane[0].u_path|g_group[3].u_stage|g_twiddle.g_tag[2].w_q          ;        ;
; u_pipe|g_fft[9].u_fft|u_core|g_lane[0].u_path|g_group[3].u_stage|g_twiddle.g_tag[3].w_q          ;        ;
; u_pipe|g_fft[9].u_fft|u_core|g_lane[0].u_path|g_tail.u_tail|warm_cnt_q[1]                        ;        ;
; u_pipe|g_fft[9].u_fft|u_core|g_lane[0].u_path|g_tail.u_tail|warm_cnt_q[0]                        ;        ;
; u_pipe|g_fft[9].u_fft|u_core|g_merge.u_merge|g_align[0].w_q                                      ;        ;
; u_pipe|g_fft[9].u_fft|u_core|g_merge.u_merge|g_align[1].w_q                                      ;        ;
; u_pipe|g_fft[9].u_fft|u_core|g_merge.u_merge|g_tag[0].w_q                                        ;        ;
; u_pipe|g_fft[12].u_fft|u_out_fifo|rd_ptr_q[4]                                                    ;        ;
; u_pipe|g_fft[9].u_fft|u_core|g_merge.u_merge|g_tag[1].w_q                                        ;        ;
; u_pipe|g_fft[9].u_fft|u_core|g_merge.u_merge|g_tag[2].w_q                                        ;        ;
; u_pipe|g_fft[9].u_fft|u_core|g_merge.u_merge|g_tag[3].w_q                                        ;        ;
; u_pipe|g_fft[9].u_fft|u_core|g_merge.u_merge|warm_q                                              ;        ;
; u_pipe|g_fft[9].u_fft|g_reorder.u_reorder|warm_cnt_q[0]                                          ;        ;
; u_pipe|g_fft[9].u_fft|credit_q[10]                                                               ;        ;
; u_pipe|g_fft[9].u_fft|credit_q[0]                                                                ;        ;
; u_pipe|g_fft[9].u_fft|credit_q[1]                                                                ;        ;
; u_pipe|g_fft[9].u_fft|credit_q[2]                                                                ;        ;
; u_pipe|g_fft[9].u_fft|credit_q[3]                                                                ;        ;
; u_pipe|g_fft[12].u_fft|u_out_fifo|rd_ptr_q[5]                                                    ;        ;
; u_pipe|g_fft[9].u_fft|credit_q[4]                                                                ;        ;
; u_pipe|g_fft[9].u_fft|credit_q[5]                                                                ;        ;
; u_pipe|g_fft[9].u_fft|credit_q[6]                                                                ;        ;
; u_pipe|g_fft[9].u_fft|credit_q[7]                                                                ;        ;
; u_pipe|g_fft[9].u_fft|credit_q[8]                                                                ;        ;
; u_pipe|g_fft[9].u_fft|credit_q[9]                                                                ;        ;
; u_pipe|g_fft[9].u_fft|u_eb_in|count_q[1]                                                         ;        ;
; u_pipe|g_pfb[9].u_pfb|u_out|rdy_q                                                                ;        ;
; u_pipe|g_pfb[9].u_pfb|credits_q[3]                                                               ;        ;
; u_pipe|g_pfb[9].u_pfb|credits_q[1]                                                               ;        ;
; u_pipe|g_fft[12].u_fft|u_out_fifo|rd_ptr_q[7]                                                    ;        ;
; u_pipe|g_pfb[9].u_pfb|credits_q[2]                                                               ;        ;
; u_pipe|g_pfb[9].u_pfb|credits_q[0]                                                               ;        ;
; u_pipe|g_pfb[9].u_pfb|rdy_q                                                                      ;        ;
; u_pipe|g_pfb[9].u_pfb|g_lane[0].u_lane|g_mult[0].u_mult|g_valid[0].v_q                           ;        ;
; u_pipe|g_pfb[9].u_pfb|g_lane[0].u_lane|g_mult[0].u_mult|g_valid[1].v_q                           ;        ;
; u_pipe|g_pfb[9].u_pfb|g_lane[0].u_lane|g_mult[0].u_mult|g_valid[2].v_q                           ;        ;
; u_pipe|g_pfb[9].u_pfb|g_lane[0].u_lane|g_mult[0].u_mult|g_valid[3].v_q                           ;        ;
; u_pipe|g_pfb[9].u_pfb|g_lane[0].u_lane|g_valid[0].v_q                                            ;        ;
; u_pipe|g_pfb[9].u_pfb|g_lane[0].u_lane|g_valid[1].v_q                                            ;        ;
; u_pipe|g_pfb[9].u_pfb|g_lane[0].u_lane|g_valid[2].v_q                                            ;        ;
; u_pipe|g_fft[12].u_fft|u_out_fifo|rd_ptr_q[8]                                                    ;        ;
; u_pipe|g_pfb[9].u_pfb|g_lane[0].u_lane|g_valid[3].v_q                                            ;        ;
; u_pipe|g_pfb[9].u_pfb|g_lane[0].u_lane|g_valid[4].v_q                                            ;        ;
; u_pipe|g_pfb[9].u_pfb|u_out|count_q[0]                                                           ;        ;
; u_pipe|g_pfb[9].u_pfb|u_out|count_q[1]                                                           ;        ;
; u_pipe|g_pfb[9].u_pfb|u_out|count_q[2]                                                           ;        ;
; u_pipe|g_pfb[9].u_pfb|u_out|count_q[3]                                                           ;        ;
; u_pipe|g_fft[9].u_fft|u_eb_in|rdy_q                                                              ;        ;
; u_pipe|g_fft[9].u_fft|u_eb_in|count_q[0]                                                         ;        ;
; u_pipe|g_fft[9].u_fft|u_eb_in|count_q[2]                                                         ;        ;
; u_pipe|g_fft[9].u_fft|u_core|g_lane[0].u_path|g_group[0].u_stage|u_bf2i|vld_q                    ;        ;
; u_pipe|g_fft[12].u_fft|u_out_fifo|rd_ptr_q[9]                                                    ;        ;
; u_pipe|g_fft[9].u_fft|u_core|g_lane[0].u_path|g_group[0].u_stage|u_bf2ii|vld_q                   ;        ;
; u_pipe|g_fft[9].u_fft|u_core|g_lane[0].u_path|g_group[0].u_stage|g_twiddle.u_mul|g_valid[0].v_q  ;        ;
; u_pipe|g_fft[9].u_fft|u_core|g_lane[0].u_path|g_group[0].u_stage|g_twiddle.u_mul|g_valid[1].v_q  ;        ;
; u_pipe|g_fft[9].u_fft|u_core|g_lane[0].u_path|g_group[0].u_stage|g_twiddle.u_mul|g_valid[2].v_q  ;        ;
; u_pipe|g_fft[9].u_fft|u_core|g_lane[0].u_path|g_group[0].u_stage|g_twiddle.u_mul|g_valid[3].v_q  ;        ;
; u_pipe|g_fft[9].u_fft|u_core|g_lane[0].u_path|g_group[1].u_stage|u_bf2i|vld_q                    ;        ;
; u_pipe|g_fft[9].u_fft|u_core|g_lane[0].u_path|g_group[1].u_stage|u_bf2ii|vld_q                   ;        ;
; u_pipe|g_fft[9].u_fft|u_core|g_lane[0].u_path|g_group[1].u_stage|g_twiddle.u_mul|g_valid[0].v_q  ;        ;
; u_pipe|g_fft[9].u_fft|u_core|g_lane[0].u_path|g_group[1].u_stage|g_twiddle.u_mul|g_valid[1].v_q  ;        ;
; u_pipe|g_fft[9].u_fft|u_core|g_lane[0].u_path|g_group[1].u_stage|g_twiddle.u_mul|g_valid[2].v_q  ;        ;
; u_pipe|g_fft[12].u_fft|u_out_fifo|wr_ptr_q[4]                                                    ;        ;
; u_pipe|g_fft[9].u_fft|u_core|g_lane[0].u_path|g_group[1].u_stage|g_twiddle.u_mul|g_valid[3].v_q  ;        ;
; u_pipe|g_fft[9].u_fft|u_core|g_lane[0].u_path|g_group[2].u_stage|u_bf2i|vld_q                    ;        ;
; u_pipe|g_fft[9].u_fft|u_core|g_lane[0].u_path|g_group[2].u_stage|u_bf2ii|vld_q                   ;        ;
; u_pipe|g_fft[9].u_fft|u_core|g_lane[0].u_path|g_group[2].u_stage|g_twiddle.u_mul|g_valid[0].v_q  ;        ;
; u_pipe|g_fft[9].u_fft|u_core|g_lane[0].u_path|g_group[2].u_stage|g_twiddle.u_mul|g_valid[1].v_q  ;        ;
; u_pipe|g_fft[9].u_fft|u_core|g_lane[0].u_path|g_group[2].u_stage|g_twiddle.u_mul|g_valid[2].v_q  ;        ;
; u_pipe|g_fft[9].u_fft|u_core|g_lane[0].u_path|g_group[2].u_stage|g_twiddle.u_mul|g_valid[3].v_q  ;        ;
; u_pipe|g_fft[9].u_fft|u_core|g_lane[0].u_path|g_group[3].u_stage|u_bf2i|vld_q                    ;        ;
; u_pipe|g_fft[9].u_fft|u_core|g_lane[0].u_path|g_group[3].u_stage|u_bf2ii|vld_q                   ;        ;
; u_pipe|g_fft[9].u_fft|u_core|g_lane[0].u_path|g_group[3].u_stage|g_twiddle.u_mul|g_valid[0].v_q  ;        ;
; u_pipe|g_fft[12].u_fft|u_out_fifo|wr_ptr_q[5]                                                    ;        ;
; u_pipe|g_fft[9].u_fft|u_core|g_lane[0].u_path|g_group[3].u_stage|g_twiddle.u_mul|g_valid[1].v_q  ;        ;
; u_pipe|g_fft[9].u_fft|u_core|g_lane[0].u_path|g_group[3].u_stage|g_twiddle.u_mul|g_valid[2].v_q  ;        ;
; u_pipe|g_fft[9].u_fft|u_core|g_lane[0].u_path|g_group[3].u_stage|g_twiddle.u_mul|g_valid[3].v_q  ;        ;
; u_pipe|g_fft[9].u_fft|u_core|g_lane[0].u_path|g_tail.u_tail|vld_q                                ;        ;
; u_pipe|g_fft[9].u_fft|u_core|g_merge.u_merge|u_mul|g_valid[0].v_q                                ;        ;
; u_pipe|g_fft[9].u_fft|u_core|g_merge.u_merge|u_mul|g_valid[1].v_q                                ;        ;
; u_pipe|g_fft[9].u_fft|u_core|g_merge.u_merge|u_mul|g_valid[2].v_q                                ;        ;
; u_pipe|g_fft[9].u_fft|u_core|g_merge.u_merge|u_mul|g_valid[3].v_q                                ;        ;
; u_pipe|g_fft[9].u_fft|u_core|g_merge.u_merge|vld_q                                               ;        ;
; u_pipe|g_fft[9].u_fft|g_reorder.u_reorder|vld_q                                                  ;        ;
; u_pipe|g_fft[12].u_fft|u_out_fifo|wr_ptr_q[3]                                                    ;        ;
; u_pipe|g_fft[9].u_fft|u_out_fifo|count_q[3]                                                      ;        ;
; u_pipe|g_fft[9].u_fft|u_out_fifo|g_out_reg.out_valid_q                                           ;        ;
; u_pipe|g_fft[9].u_fft|u_out_fifo|rd_ptr_q[6]                                                     ;        ;
; u_pipe|g_fft[9].u_fft|u_out_fifo|rd_ptr_q[1]                                                     ;        ;
; u_pipe|g_fft[9].u_fft|u_out_fifo|rd_ptr_q[10]                                                    ;        ;
; u_pipe|g_fft[9].u_fft|u_out_fifo|rd_ptr_q[0]                                                     ;        ;
; u_pipe|g_fft[9].u_fft|u_out_fifo|rd_ptr_q[2]                                                     ;        ;
; u_pipe|g_fft[9].u_fft|u_out_fifo|rd_ptr_q[3]                                                     ;        ;
; u_pipe|g_fft[9].u_fft|u_out_fifo|rd_ptr_q[4]                                                     ;        ;
; u_pipe|g_fft[9].u_fft|u_out_fifo|rd_ptr_q[5]                                                     ;        ;
; u_pipe|g_fft[12].u_fft|u_out_fifo|wr_ptr_q[2]                                                    ;        ;
; u_pipe|g_fft[9].u_fft|u_out_fifo|rd_ptr_q[7]                                                     ;        ;
; u_pipe|g_fft[9].u_fft|u_out_fifo|rd_ptr_q[8]                                                     ;        ;
; u_pipe|g_fft[9].u_fft|u_out_fifo|rd_ptr_q[9]                                                     ;        ;
; u_pipe|g_fft[9].u_fft|u_out_fifo|wr_ptr_q[4]                                                     ;        ;
; u_pipe|g_fft[9].u_fft|u_out_fifo|wr_ptr_q[5]                                                     ;        ;
; u_pipe|g_fft[9].u_fft|u_out_fifo|wr_ptr_q[3]                                                     ;        ;
; u_pipe|g_fft[9].u_fft|u_out_fifo|wr_ptr_q[2]                                                     ;        ;
; u_pipe|g_fft[9].u_fft|u_out_fifo|wr_ptr_q[1]                                                     ;        ;
; u_pipe|g_fft[9].u_fft|u_out_fifo|wr_ptr_q[0]                                                     ;        ;
; u_pipe|g_fft[9].u_fft|u_out_fifo|wr_ptr_q[10]                                                    ;        ;
; u_pipe|g_fft[12].u_fft|g_reorder.u_reorder|warm_cnt_q[8]                                         ;        ;
; u_pipe|g_fft[12].u_fft|u_out_fifo|wr_ptr_q[1]                                                    ;        ;
; u_pipe|g_fft[9].u_fft|u_out_fifo|wr_ptr_q[8]                                                     ;        ;
; u_pipe|g_fft[9].u_fft|u_out_fifo|wr_ptr_q[9]                                                     ;        ;
; u_pipe|g_fft[9].u_fft|u_out_fifo|wr_ptr_q[6]                                                     ;        ;
; u_pipe|g_fft[9].u_fft|u_out_fifo|wr_ptr_q[7]                                                     ;        ;
; u_pipe|g_fft[9].u_fft|u_meta_fifo|count_q[0]                                                     ;        ;
; u_pipe|g_fft[9].u_fft|u_meta_fifo|count_q[1]                                                     ;        ;
; u_pipe|g_fft[9].u_fft|u_meta_fifo|count_q[2]                                                     ;        ;
; u_pipe|g_fft[9].u_fft|u_meta_fifo|count_q[3]                                                     ;        ;
; u_pipe|g_fft[9].u_fft|u_meta_fifo|count_q[4]                                                     ;        ;
; u_pipe|g_fft[9].u_fft|u_meta_fifo|count_q[6]                                                     ;        ;
; u_pipe|g_fft[12].u_fft|u_out_fifo|wr_ptr_q[0]                                                    ;        ;
; u_pipe|g_fft[9].u_fft|u_meta_fifo|count_q[7]                                                     ;        ;
; u_pipe|g_fft[9].u_fft|u_meta_fifo|count_q[8]                                                     ;        ;
; u_pipe|g_fft[9].u_fft|u_meta_fifo|count_q[9]                                                     ;        ;
; u_pipe|g_fft[9].u_fft|u_meta_fifo|count_q[10]                                                    ;        ;
; u_pipe|g_fft[9].u_fft|u_meta_fifo|count_q[5]                                                     ;        ;
; u_pipe|g_fft[9].u_fft|u_meta_fifo|rd_ptr_q[1]                                                    ;        ;
; u_pipe|g_fft[9].u_fft|u_meta_fifo|rd_ptr_q[10]                                                   ;        ;
; u_pipe|g_fft[9].u_fft|u_meta_fifo|rd_ptr_q[9]                                                    ;        ;
; u_pipe|g_fft[9].u_fft|u_meta_fifo|rd_ptr_q[8]                                                    ;        ;
; u_pipe|g_fft[9].u_fft|u_meta_fifo|rd_ptr_q[6]                                                    ;        ;
; u_pipe|g_fft[12].u_fft|u_out_fifo|wr_ptr_q[10]                                                   ;        ;
; u_pipe|g_fft[9].u_fft|u_meta_fifo|rd_ptr_q[7]                                                    ;        ;
; u_pipe|g_fft[9].u_fft|u_meta_fifo|rd_ptr_q[0]                                                    ;        ;
; u_pipe|g_fft[9].u_fft|u_meta_fifo|rd_ptr_q[2]                                                    ;        ;
; u_pipe|g_fft[9].u_fft|u_meta_fifo|rd_ptr_q[3]                                                    ;        ;
; u_pipe|g_fft[9].u_fft|u_meta_fifo|rd_ptr_q[4]                                                    ;        ;
; u_pipe|g_fft[9].u_fft|u_meta_fifo|rd_ptr_q[5]                                                    ;        ;
; u_pipe|g_fft[9].u_fft|u_meta_fifo|wr_ptr_q[3]                                                    ;        ;
; u_pipe|g_fft[9].u_fft|u_meta_fifo|wr_ptr_q[2]                                                    ;        ;
; u_pipe|g_fft[9].u_fft|u_meta_fifo|wr_ptr_q[1]                                                    ;        ;
; u_pipe|g_fft[9].u_fft|u_meta_fifo|wr_ptr_q[0]                                                    ;        ;
; u_pipe|g_fft[12].u_fft|u_out_fifo|wr_ptr_q[8]                                                    ;        ;
; u_pipe|g_fft[9].u_fft|u_meta_fifo|wr_ptr_q[10]                                                   ;        ;
; u_pipe|g_fft[9].u_fft|u_meta_fifo|wr_ptr_q[6]                                                    ;        ;
; u_pipe|g_fft[9].u_fft|u_meta_fifo|wr_ptr_q[7]                                                    ;        ;
; u_pipe|g_fft[9].u_fft|u_meta_fifo|wr_ptr_q[8]                                                    ;        ;
; u_pipe|g_fft[9].u_fft|u_meta_fifo|wr_ptr_q[9]                                                    ;        ;
; u_pipe|g_fft[9].u_fft|u_meta_fifo|wr_ptr_q[4]                                                    ;        ;
; u_pipe|g_fft[9].u_fft|u_meta_fifo|wr_ptr_q[5]                                                    ;        ;
; u_pipe|g_fft[9].u_fft|u_eb_in|wr_ptr_q[0]                                                        ;        ;
; u_pipe|g_fft[9].u_fft|u_eb_in|wr_ptr_q[1]                                                        ;        ;
; u_pipe|g_pfb[9].u_pfb|u_out|wr_ptr_q[3]                                                          ;        ;
; u_pipe|g_fft[12].u_fft|u_out_fifo|wr_ptr_q[9]                                                    ;        ;
; u_pipe|g_pfb[9].u_pfb|u_out|wr_ptr_q[2]                                                          ;        ;
; u_pipe|g_pfb[9].u_pfb|u_out|wr_ptr_q[1]                                                          ;        ;
; u_pipe|g_pfb[9].u_pfb|u_out|wr_ptr_q[0]                                                          ;        ;
; u_pipe|g_pfb[9].u_pfb|u_out|rd_ptr_q[3]                                                          ;        ;
; u_pipe|g_pfb[9].u_pfb|u_out|rd_ptr_q[2]                                                          ;        ;
; u_pipe|g_pfb[9].u_pfb|u_out|rd_ptr_q[1]                                                          ;        ;
; u_pipe|g_pfb[9].u_pfb|u_out|rd_ptr_q[0]                                                          ;        ;
; u_pipe|g_fft[9].u_fft|u_eb_in|rd_ptr_q[0]                                                        ;        ;
; u_pipe|g_fft[9].u_fft|u_eb_in|rd_ptr_q[1]                                                        ;        ;
; u_pipe|g_fft[0].u_fft|u_out_fifo|count_q[5]                                                      ;        ;
; u_pipe|g_fft[12].u_fft|u_out_fifo|wr_ptr_q[6]                                                    ;        ;
; u_pipe|g_fft[0].u_fft|u_out_fifo|count_q[0]                                                      ;        ;
; u_pipe|g_fft[0].u_fft|u_out_fifo|count_q[1]                                                      ;        ;
; u_pipe|g_fft[0].u_fft|u_out_fifo|count_q[2]                                                      ;        ;
; u_pipe|g_fft[0].u_fft|u_out_fifo|count_q[3]                                                      ;        ;
; u_pipe|g_fft[0].u_fft|u_out_fifo|count_q[4]                                                      ;        ;
; u_pipe|g_fft[0].u_fft|u_out_fifo|count_q[7]                                                      ;        ;
; u_pipe|g_fft[0].u_fft|u_out_fifo|count_q[8]                                                      ;        ;
; u_pipe|g_fft[0].u_fft|u_out_fifo|count_q[9]                                                      ;        ;
; u_pipe|g_fft[0].u_fft|u_out_fifo|count_q[10]                                                     ;        ;
; u_pipe|g_fft[0].u_fft|g_reorder.u_reorder|warm_cnt_q[9]                                          ;        ;
; u_pipe|g_fft[12].u_fft|u_out_fifo|wr_ptr_q[7]                                                    ;        ;
; u_pipe|g_fft[0].u_fft|g_reorder.u_reorder|warm_cnt_q[0]                                          ;        ;
; u_pipe|g_fft[0].u_fft|g_reorder.u_reorder|warm_cnt_q[1]                                          ;        ;
; u_pipe|g_fft[0].u_fft|g_reorder.u_reorder|warm_cnt_q[2]                                          ;        ;
; u_pipe|g_fft[0].u_fft|g_reorder.u_reorder|warm_cnt_q[3]                                          ;        ;
; u_pipe|g_fft[0].u_fft|g_reorder.u_reorder|warm_cnt_q[4]                                          ;        ;
; u_pipe|g_fft[0].u_fft|g_reorder.u_reorder|warm_cnt_q[5]                                          ;        ;
; u_pipe|g_fft[0].u_fft|g_reorder.u_reorder|warm_cnt_q[6]                                          ;        ;
; u_pipe|g_fft[0].u_fft|u_core|g_lane[0].u_path|g_group[2].u_stage|u_bf2ii|warm_cnt_q[3]           ;        ;
; u_pipe|g_fft[0].u_fft|u_core|g_lane[0].u_path|g_group[2].u_stage|u_bf2ii|warm_cnt_q[2]           ;        ;
; u_pipe|g_fft[0].u_fft|u_core|g_lane[0].u_path|g_group[2].u_stage|u_bf2ii|warm_cnt_q[1]           ;        ;
; u_pipe|g_fft[12].u_fft|u_meta_fifo|count_q[8]                                                    ;        ;
; u_pipe|g_fft[0].u_fft|u_core|g_lane[0].u_path|g_group[2].u_stage|u_bf2i|warm_cnt_q[3]            ;        ;
; u_pipe|g_fft[0].u_fft|u_core|g_lane[0].u_path|g_group[2].u_stage|u_bf2i|warm_cnt_q[2]            ;        ;
; u_pipe|g_fft[0].u_fft|u_core|g_lane[0].u_path|g_group[2].u_stage|u_bf2i|warm_cnt_q[1]            ;        ;
; u_pipe|g_fft[0].u_fft|u_core|g_lane[0].u_path|g_group[1].u_stage|u_bf2ii|warm_cnt_q[5]           ;        ;
; u_pipe|g_fft[0].u_fft|u_core|g_lane[0].u_path|g_group[1].u_stage|u_bf2ii|warm_cnt_q[4]           ;        ;
; u_pipe|g_fft[0].u_fft|u_core|g_lane[0].u_path|g_group[1].u_stage|u_bf2ii|warm_cnt_q[3]           ;        ;
; u_pipe|g_fft[0].u_fft|u_core|g_lane[0].u_path|g_group[1].u_stage|u_bf2ii|warm_cnt_q[2]           ;        ;
; u_pipe|g_fft[0].u_fft|u_core|g_lane[0].u_path|g_group[1].u_stage|u_bf2ii|warm_cnt_q[1]           ;        ;
; u_pipe|g_fft[0].u_fft|u_core|g_lane[0].u_path|g_group[1].u_stage|u_bf2i|warm_cnt_q[6]            ;        ;
; u_pipe|g_fft[0].u_fft|u_core|g_lane[0].u_path|g_group[1].u_stage|u_bf2i|warm_cnt_q[5]            ;        ;
; u_pipe|g_fft[12].u_fft|u_meta_fifo|count_q[9]                                                    ;        ;
; u_pipe|g_fft[0].u_fft|u_core|g_lane[0].u_path|g_group[1].u_stage|u_bf2i|warm_cnt_q[3]            ;        ;
; u_pipe|g_fft[0].u_fft|u_core|g_lane[0].u_path|g_group[1].u_stage|u_bf2i|warm_cnt_q[2]            ;        ;
; u_pipe|g_fft[0].u_fft|u_core|g_lane[0].u_path|g_group[1].u_stage|u_bf2i|warm_cnt_q[1]            ;        ;
; u_pipe|g_fft[0].u_fft|u_core|g_lane[0].u_path|g_group[0].u_stage|u_bf2ii|warm_cnt_q[4]           ;        ;
; u_pipe|g_fft[0].u_fft|u_core|g_lane[0].u_path|g_group[0].u_stage|u_bf2ii|warm_cnt_q[5]           ;        ;
; u_pipe|g_fft[0].u_fft|u_core|g_lane[0].u_path|g_group[0].u_stage|u_bf2ii|warm_cnt_q[6]           ;        ;
; u_pipe|g_fft[0].u_fft|u_core|g_lane[0].u_path|g_group[0].u_stage|u_bf2ii|warm_cnt_q[7]           ;        ;
; u_pipe|g_fft[0].u_fft|u_core|g_lane[0].u_path|g_group[0].u_stage|u_bf2ii|warm_cnt_q[3]           ;        ;
; u_pipe|g_fft[0].u_fft|u_core|g_lane[0].u_path|g_group[0].u_stage|u_bf2ii|warm_cnt_q[2]           ;        ;
; u_pipe|g_fft[0].u_fft|u_core|g_lane[0].u_path|g_group[0].u_stage|u_bf2i|warm_cnt_q[5]            ;        ;
; u_pipe|g_fft[12].u_fft|u_meta_fifo|count_q[6]                                                    ;        ;
; u_pipe|g_fft[0].u_fft|u_core|g_lane[0].u_path|g_group[0].u_stage|u_bf2i|warm_cnt_q[6]            ;        ;
; u_pipe|g_fft[0].u_fft|u_core|g_lane[0].u_path|g_group[0].u_stage|u_bf2i|warm_cnt_q[4]            ;        ;
; u_pipe|g_fft[0].u_fft|u_core|g_lane[0].u_path|g_group[0].u_stage|u_bf2i|warm_cnt_q[1]            ;        ;
; u_pipe|g_fft[0].u_fft|u_core|g_lane[0].u_path|g_group[0].u_stage|u_bf2i|warm_cnt_q[2]            ;        ;
; u_pipe|g_fft[0].u_fft|u_core|g_lane[0].u_path|g_group[0].u_stage|u_bf2i|warm_cnt_q[3]            ;        ;
; u_pipe|g_fft[0].u_fft|u_core|g_lane[0].u_path|g_group[0].u_stage|u_bf2i|warm_cnt_q[0]            ;        ;
; u_pipe|g_fft[0].u_fft|u_core|g_lane[0].u_path|g_group[0].u_stage|u_bf2i|warm_cnt_q[7]            ;        ;
; u_pipe|g_fft[0].u_fft|u_core|g_lane[0].u_path|g_group[0].u_stage|u_bf2i|warm_cnt_q[8]            ;        ;
; u_pipe|g_fft[0].u_fft|u_core|g_lane[0].u_path|g_group[0].u_stage|u_bf2ii|warm_cnt_q[0]           ;        ;
; u_pipe|g_fft[0].u_fft|u_core|g_lane[0].u_path|g_group[0].u_stage|u_bf2ii|warm_cnt_q[1]           ;        ;
; u_pipe|g_fft[12].u_fft|g_reorder.u_reorder|warm_cnt_q[9]                                         ;        ;
; u_pipe|g_fft[12].u_fft|u_meta_fifo|count_q[7]                                                    ;        ;
; u_pipe|g_fft[0].u_fft|u_core|g_lane[0].u_path|g_group[0].u_stage|g_twiddle.g_align[0].w_q        ;        ;
; u_pipe|g_fft[0].u_fft|u_core|g_lane[0].u_path|g_group[0].u_stage|g_twiddle.g_align[1].w_q        ;        ;
; u_pipe|g_fft[0].u_fft|u_core|g_lane[0].u_path|g_group[0].u_stage|g_twiddle.g_tag[0].w_q          ;        ;
; u_pipe|g_fft[0].u_fft|u_core|g_lane[0].u_path|g_group[0].u_stage|g_twiddle.g_tag[1].w_q          ;        ;
; u_pipe|g_fft[0].u_fft|u_core|g_lane[0].u_path|g_group[0].u_stage|g_twiddle.g_tag[2].w_q          ;        ;
; u_pipe|g_fft[0].u_fft|u_core|g_lane[0].u_path|g_group[0].u_stage|g_twiddle.g_tag[3].w_q          ;        ;
; u_pipe|g_fft[0].u_fft|u_core|g_lane[0].u_path|g_group[1].u_stage|u_bf2i|warm_cnt_q[0]            ;        ;
; u_pipe|g_fft[0].u_fft|u_core|g_lane[0].u_path|g_group[1].u_stage|u_bf2i|warm_cnt_q[4]            ;        ;
; u_pipe|g_fft[0].u_fft|u_core|g_lane[0].u_path|g_group[1].u_stage|u_bf2ii|warm_cnt_q[0]           ;        ;
; u_pipe|g_fft[0].u_fft|u_core|g_lane[0].u_path|g_group[1].u_stage|g_twiddle.g_align[0].w_q        ;        ;
; u_pipe|g_fft[12].u_fft|u_meta_fifo|count_q[5]                                                    ;        ;
; u_pipe|g_fft[0].u_fft|u_core|g_lane[0].u_path|g_group[1].u_stage|g_twiddle.g_align[1].w_q        ;        ;
; u_pipe|g_fft[0].u_fft|u_core|g_lane[0].u_path|g_group[1].u_stage|g_twiddle.g_tag[0].w_q          ;        ;
; u_pipe|g_fft[0].u_fft|u_core|g_lane[0].u_path|g_group[1].u_stage|g_twiddle.g_tag[1].w_q          ;        ;
; u_pipe|g_fft[0].u_fft|u_core|g_lane[0].u_path|g_group[1].u_stage|g_twiddle.g_tag[2].w_q          ;        ;
; u_pipe|g_fft[0].u_fft|u_core|g_lane[0].u_path|g_group[1].u_stage|g_twiddle.g_tag[3].w_q          ;        ;
; u_pipe|g_fft[0].u_fft|u_core|g_lane[0].u_path|g_group[2].u_stage|u_bf2i|warm_cnt_q[0]            ;        ;
; u_pipe|g_fft[0].u_fft|u_core|g_lane[0].u_path|g_group[2].u_stage|u_bf2i|warm_cnt_q[4]            ;        ;
; u_pipe|g_fft[0].u_fft|u_core|g_lane[0].u_path|g_group[2].u_stage|u_bf2ii|warm_cnt_q[0]           ;        ;
; u_pipe|g_fft[0].u_fft|u_core|g_lane[0].u_path|g_group[2].u_stage|g_twiddle.g_align[0].w_q        ;        ;
; u_pipe|g_fft[0].u_fft|u_core|g_lane[0].u_path|g_group[2].u_stage|g_twiddle.g_align[1].w_q        ;        ;
; u_pipe|g_fft[12].u_fft|u_meta_fifo|count_q[0]                                                    ;        ;
; u_pipe|g_fft[0].u_fft|u_core|g_lane[0].u_path|g_group[2].u_stage|g_twiddle.g_tag[0].w_q          ;        ;
; u_pipe|g_fft[0].u_fft|u_core|g_lane[0].u_path|g_group[2].u_stage|g_twiddle.g_tag[1].w_q          ;        ;
; u_pipe|g_fft[0].u_fft|u_core|g_lane[0].u_path|g_group[2].u_stage|g_twiddle.g_tag[2].w_q          ;        ;
; u_pipe|g_fft[0].u_fft|u_core|g_lane[0].u_path|g_group[2].u_stage|g_twiddle.g_tag[3].w_q          ;        ;
; u_pipe|g_fft[0].u_fft|u_core|g_lane[0].u_path|g_group[3].u_stage|u_bf2i|warm_cnt_q[0]            ;        ;
; u_pipe|g_fft[0].u_fft|u_core|g_lane[0].u_path|g_group[3].u_stage|u_bf2i|warm_cnt_q[2]            ;        ;
; u_pipe|g_fft[0].u_fft|u_core|g_lane[0].u_path|g_group[3].u_stage|u_bf2i|warm_cnt_q[1]            ;        ;
; u_pipe|g_fft[0].u_fft|u_core|g_lane[0].u_path|g_group[3].u_stage|u_bf2ii|warm_cnt_q[1]           ;        ;
; u_pipe|g_fft[0].u_fft|u_core|g_lane[0].u_path|g_group[3].u_stage|u_bf2ii|warm_cnt_q[0]           ;        ;
; u_pipe|g_fft[0].u_fft|u_core|g_lane[0].u_path|g_group[3].u_stage|g_twiddle.g_align[0].w_q        ;        ;
; u_pipe|g_fft[12].u_fft|u_meta_fifo|count_q[1]                                                    ;        ;
; u_pipe|g_fft[0].u_fft|u_core|g_lane[0].u_path|g_group[3].u_stage|g_twiddle.g_align[1].w_q        ;        ;
; u_pipe|g_fft[0].u_fft|u_core|g_lane[0].u_path|g_group[3].u_stage|g_twiddle.g_tag[0].w_q          ;        ;
; u_pipe|g_fft[0].u_fft|u_core|g_lane[0].u_path|g_group[3].u_stage|g_twiddle.g_tag[1].w_q          ;        ;
; u_pipe|g_fft[0].u_fft|u_core|g_lane[0].u_path|g_group[3].u_stage|g_twiddle.g_tag[2].w_q          ;        ;
; u_pipe|g_fft[0].u_fft|u_core|g_lane[0].u_path|g_group[3].u_stage|g_twiddle.g_tag[3].w_q          ;        ;
; u_pipe|g_fft[0].u_fft|u_core|g_lane[0].u_path|g_tail.u_tail|warm_cnt_q[1]                        ;        ;
; u_pipe|g_fft[0].u_fft|u_core|g_lane[0].u_path|g_tail.u_tail|warm_cnt_q[0]                        ;        ;
; u_pipe|g_fft[0].u_fft|u_core|g_merge.u_merge|g_align[0].w_q                                      ;        ;
; u_pipe|g_fft[0].u_fft|u_core|g_merge.u_merge|g_align[1].w_q                                      ;        ;
; u_pipe|g_fft[0].u_fft|u_core|g_merge.u_merge|g_tag[0].w_q                                        ;        ;
; u_pipe|g_fft[12].u_fft|u_meta_fifo|count_q[2]                                                    ;        ;
; u_pipe|g_fft[0].u_fft|u_core|g_merge.u_merge|g_tag[1].w_q                                        ;        ;
; u_pipe|g_fft[0].u_fft|u_core|g_merge.u_merge|g_tag[2].w_q                                        ;        ;
; u_pipe|g_fft[0].u_fft|u_core|g_merge.u_merge|g_tag[3].w_q                                        ;        ;
; u_pipe|g_fft[0].u_fft|u_core|g_merge.u_merge|warm_q                                              ;        ;
; u_pipe|g_fft[0].u_fft|g_reorder.u_reorder|warm_cnt_q[7]                                          ;        ;
; u_pipe|g_fft[0].u_fft|g_reorder.u_reorder|warm_cnt_q[8]                                          ;        ;
; u_pipe|g_fft[0].u_fft|credit_q[10]                                                               ;        ;
; u_pipe|g_fft[0].u_fft|credit_q[8]                                                                ;        ;
; u_pipe|g_fft[0].u_fft|credit_q[9]                                                                ;        ;
; u_pipe|g_fft[0].u_fft|credit_q[7]                                                                ;        ;
; u_pipe|g_fft[12].u_fft|u_meta_fifo|count_q[3]                                                    ;        ;
; u_pipe|g_fft[0].u_fft|credit_q[3]                                                                ;        ;
; u_pipe|g_fft[0].u_fft|credit_q[4]                                                                ;        ;
; u_pipe|g_fft[0].u_fft|credit_q[5]                                                                ;        ;
; u_pipe|g_fft[0].u_fft|credit_q[6]                                                                ;        ;
; u_pipe|g_fft[0].u_fft|credit_q[0]                                                                ;        ;
; u_pipe|g_fft[0].u_fft|credit_q[1]                                                                ;        ;
; u_pipe|g_fft[0].u_fft|credit_q[2]                                                                ;        ;
; u_pipe|g_fft[0].u_fft|u_eb_in|count_q[1]                                                         ;        ;
; u_pipe|g_pfb[0].u_pfb|u_out|count_q[3]                                                           ;        ;
; u_pipe|g_pfb[0].u_pfb|u_out|count_q[1]                                                           ;        ;
; u_pipe|g_fft[12].u_fft|u_meta_fifo|count_q[4]                                                    ;        ;
; u_pipe|g_pfb[0].u_pfb|u_out|rdy_q                                                                ;        ;
; u_pipe|g_pfb[0].u_pfb|credits_q[3]                                                               ;        ;
; u_pipe|g_pfb[0].u_pfb|credits_q[1]                                                               ;        ;
; u_pipe|g_pfb[0].u_pfb|credits_q[2]                                                               ;        ;
; u_pipe|g_pfb[0].u_pfb|credits_q[0]                                                               ;        ;
; u_pipe|g_pfb[0].u_pfb|rdy_q                                                                      ;        ;
; u_pipe|g_pfb[0].u_pfb|g_lane[0].u_lane|g_mult[0].u_mult|g_valid[0].v_q                           ;        ;
; u_pipe|g_pfb[0].u_pfb|g_lane[0].u_lane|g_mult[0].u_mult|g_valid[1].v_q                           ;        ;
; u_pipe|g_pfb[0].u_pfb|g_lane[0].u_lane|g_mult[0].u_mult|g_valid[2].v_q                           ;        ;
; u_pipe|g_pfb[0].u_pfb|g_lane[0].u_lane|g_mult[0].u_mult|g_valid[3].v_q                           ;        ;
; u_pipe|g_fft[12].u_fft|u_meta_fifo|count_q[10]                                                   ;        ;
; u_pipe|g_pfb[0].u_pfb|g_lane[0].u_lane|g_valid[0].v_q                                            ;        ;
; u_pipe|g_pfb[0].u_pfb|g_lane[0].u_lane|g_valid[1].v_q                                            ;        ;
; u_pipe|g_pfb[0].u_pfb|g_lane[0].u_lane|g_valid[2].v_q                                            ;        ;
; u_pipe|g_pfb[0].u_pfb|g_lane[0].u_lane|g_valid[3].v_q                                            ;        ;
; u_pipe|g_pfb[0].u_pfb|g_lane[0].u_lane|g_valid[4].v_q                                            ;        ;
; u_pipe|g_pfb[0].u_pfb|u_out|count_q[0]                                                           ;        ;
; u_pipe|g_pfb[0].u_pfb|u_out|count_q[2]                                                           ;        ;
; u_pipe|g_fft[0].u_fft|u_eb_in|rdy_q                                                              ;        ;
; u_pipe|g_fft[0].u_fft|u_eb_in|count_q[0]                                                         ;        ;
; u_pipe|g_fft[0].u_fft|u_eb_in|count_q[2]                                                         ;        ;
; u_pipe|g_fft[12].u_fft|u_meta_fifo|rd_ptr_q[1]                                                   ;        ;
; u_pipe|g_fft[0].u_fft|u_core|g_lane[0].u_path|g_group[0].u_stage|u_bf2i|vld_q                    ;        ;
; u_pipe|g_fft[0].u_fft|u_core|g_lane[0].u_path|g_group[0].u_stage|u_bf2ii|vld_q                   ;        ;
; u_pipe|g_fft[0].u_fft|u_core|g_lane[0].u_path|g_group[0].u_stage|g_twiddle.u_mul|g_valid[0].v_q  ;        ;
; u_pipe|g_fft[0].u_fft|u_core|g_lane[0].u_path|g_group[0].u_stage|g_twiddle.u_mul|g_valid[1].v_q  ;        ;
; u_pipe|g_fft[0].u_fft|u_core|g_lane[0].u_path|g_group[0].u_stage|g_twiddle.u_mul|g_valid[2].v_q  ;        ;
; u_pipe|g_fft[0].u_fft|u_core|g_lane[0].u_path|g_group[0].u_stage|g_twiddle.u_mul|g_valid[3].v_q  ;        ;
; u_pipe|g_fft[0].u_fft|u_core|g_lane[0].u_path|g_group[1].u_stage|u_bf2i|vld_q                    ;        ;
; u_pipe|g_fft[0].u_fft|u_core|g_lane[0].u_path|g_group[1].u_stage|u_bf2ii|vld_q                   ;        ;
; u_pipe|g_fft[0].u_fft|u_core|g_lane[0].u_path|g_group[1].u_stage|g_twiddle.u_mul|g_valid[0].v_q  ;        ;
; u_pipe|g_fft[0].u_fft|u_core|g_lane[0].u_path|g_group[1].u_stage|g_twiddle.u_mul|g_valid[1].v_q  ;        ;
; u_pipe|g_fft[12].u_fft|u_meta_fifo|rd_ptr_q[10]                                                  ;        ;
; u_pipe|g_fft[0].u_fft|u_core|g_lane[0].u_path|g_group[1].u_stage|g_twiddle.u_mul|g_valid[2].v_q  ;        ;
; u_pipe|g_fft[0].u_fft|u_core|g_lane[0].u_path|g_group[1].u_stage|g_twiddle.u_mul|g_valid[3].v_q  ;        ;
; u_pipe|g_fft[0].u_fft|u_core|g_lane[0].u_path|g_group[2].u_stage|u_bf2i|vld_q                    ;        ;
; u_pipe|g_fft[0].u_fft|u_core|g_lane[0].u_path|g_group[2].u_stage|u_bf2ii|vld_q                   ;        ;
; u_pipe|g_fft[0].u_fft|u_core|g_lane[0].u_path|g_group[2].u_stage|g_twiddle.u_mul|g_valid[0].v_q  ;        ;
; u_pipe|g_fft[0].u_fft|u_core|g_lane[0].u_path|g_group[2].u_stage|g_twiddle.u_mul|g_valid[1].v_q  ;        ;
; u_pipe|g_fft[0].u_fft|u_core|g_lane[0].u_path|g_group[2].u_stage|g_twiddle.u_mul|g_valid[2].v_q  ;        ;
; u_pipe|g_fft[0].u_fft|u_core|g_lane[0].u_path|g_group[2].u_stage|g_twiddle.u_mul|g_valid[3].v_q  ;        ;
; u_pipe|g_fft[0].u_fft|u_core|g_lane[0].u_path|g_group[3].u_stage|u_bf2i|vld_q                    ;        ;
; u_pipe|g_fft[0].u_fft|u_core|g_lane[0].u_path|g_group[3].u_stage|u_bf2ii|vld_q                   ;        ;
; u_pipe|g_fft[12].u_fft|u_out_fifo|count_q[1]                                                     ;        ;
; u_pipe|g_fft[12].u_fft|u_core|g_lane[0].u_path|g_group[2].u_stage|u_bf2ii|warm_cnt_q[3]          ;        ;
; u_pipe|g_fft[12].u_fft|u_meta_fifo|rd_ptr_q[9]                                                   ;        ;
; u_pipe|g_fft[0].u_fft|u_core|g_lane[0].u_path|g_group[3].u_stage|g_twiddle.u_mul|g_valid[0].v_q  ;        ;
; u_pipe|g_fft[0].u_fft|u_core|g_lane[0].u_path|g_group[3].u_stage|g_twiddle.u_mul|g_valid[1].v_q  ;        ;
; u_pipe|g_fft[0].u_fft|u_core|g_lane[0].u_path|g_group[3].u_stage|g_twiddle.u_mul|g_valid[2].v_q  ;        ;
; u_pipe|g_fft[0].u_fft|u_core|g_lane[0].u_path|g_group[3].u_stage|g_twiddle.u_mul|g_valid[3].v_q  ;        ;
; u_pipe|g_fft[0].u_fft|u_core|g_lane[0].u_path|g_tail.u_tail|vld_q                                ;        ;
; u_pipe|g_fft[0].u_fft|u_core|g_merge.u_merge|u_mul|g_valid[0].v_q                                ;        ;
; u_pipe|g_fft[0].u_fft|u_core|g_merge.u_merge|u_mul|g_valid[1].v_q                                ;        ;
; u_pipe|g_fft[0].u_fft|u_core|g_merge.u_merge|u_mul|g_valid[2].v_q                                ;        ;
; u_pipe|g_fft[0].u_fft|u_core|g_merge.u_merge|u_mul|g_valid[3].v_q                                ;        ;
; u_pipe|g_fft[0].u_fft|u_core|g_merge.u_merge|vld_q                                               ;        ;
; u_pipe|g_fft[12].u_fft|u_meta_fifo|rd_ptr_q[8]                                                   ;        ;
; u_pipe|g_fft[0].u_fft|g_reorder.u_reorder|vld_q                                                  ;        ;
; u_pipe|g_fft[0].u_fft|u_out_fifo|count_q[6]                                                      ;        ;
; u_pipe|g_fft[0].u_fft|u_out_fifo|g_out_reg.out_valid_q                                           ;        ;
; u_pipe|g_fft[0].u_fft|u_out_fifo|rd_ptr_q[6]                                                     ;        ;
; u_pipe|g_fft[0].u_fft|u_out_fifo|rd_ptr_q[1]                                                     ;        ;
; u_pipe|g_fft[0].u_fft|u_out_fifo|rd_ptr_q[10]                                                    ;        ;
; u_pipe|g_fft[0].u_fft|u_out_fifo|rd_ptr_q[0]                                                     ;        ;
; u_pipe|g_fft[0].u_fft|u_out_fifo|rd_ptr_q[2]                                                     ;        ;
; u_pipe|g_fft[0].u_fft|u_out_fifo|rd_ptr_q[3]                                                     ;        ;
; u_pipe|g_fft[0].u_fft|u_out_fifo|rd_ptr_q[4]                                                     ;        ;
; u_pipe|g_fft[12].u_fft|u_meta_fifo|rd_ptr_q[6]                                                   ;        ;
; u_pipe|g_fft[0].u_fft|u_out_fifo|rd_ptr_q[5]                                                     ;        ;
; u_pipe|g_fft[0].u_fft|u_out_fifo|rd_ptr_q[7]                                                     ;        ;
; u_pipe|g_fft[0].u_fft|u_out_fifo|rd_ptr_q[8]                                                     ;        ;
; u_pipe|g_fft[0].u_fft|u_out_fifo|rd_ptr_q[9]                                                     ;        ;
; u_pipe|g_fft[0].u_fft|u_out_fifo|wr_ptr_q[4]                                                     ;        ;
; u_pipe|g_fft[0].u_fft|u_out_fifo|wr_ptr_q[5]                                                     ;        ;
; u_pipe|g_fft[0].u_fft|u_out_fifo|wr_ptr_q[3]                                                     ;        ;
; u_pipe|g_fft[0].u_fft|u_out_fifo|wr_ptr_q[2]                                                     ;        ;
; u_pipe|g_fft[0].u_fft|u_out_fifo|wr_ptr_q[1]                                                     ;        ;
; u_pipe|g_fft[0].u_fft|u_out_fifo|wr_ptr_q[0]                                                     ;        ;
; u_pipe|g_fft[12].u_fft|u_meta_fifo|rd_ptr_q[7]                                                   ;        ;
; u_pipe|g_fft[0].u_fft|u_out_fifo|wr_ptr_q[10]                                                    ;        ;
; u_pipe|g_fft[0].u_fft|u_out_fifo|wr_ptr_q[8]                                                     ;        ;
; u_pipe|g_fft[0].u_fft|u_out_fifo|wr_ptr_q[9]                                                     ;        ;
; u_pipe|g_fft[0].u_fft|u_out_fifo|wr_ptr_q[6]                                                     ;        ;
; u_pipe|g_fft[0].u_fft|u_out_fifo|wr_ptr_q[7]                                                     ;        ;
; u_pipe|g_fft[0].u_fft|u_meta_fifo|count_q[9]                                                     ;        ;
; u_pipe|g_fft[0].u_fft|u_meta_fifo|count_q[6]                                                     ;        ;
; u_pipe|g_fft[0].u_fft|u_meta_fifo|count_q[7]                                                     ;        ;
; u_pipe|g_fft[0].u_fft|u_meta_fifo|count_q[8]                                                     ;        ;
; u_pipe|g_fft[0].u_fft|u_meta_fifo|count_q[5]                                                     ;        ;
; u_pipe|g_fft[12].u_fft|u_meta_fifo|rd_ptr_q[0]                                                   ;        ;
; u_pipe|g_fft[0].u_fft|u_meta_fifo|count_q[0]                                                     ;        ;
; u_pipe|g_fft[0].u_fft|u_meta_fifo|count_q[1]                                                     ;        ;
; u_pipe|g_fft[0].u_fft|u_meta_fifo|count_q[2]                                                     ;        ;
; u_pipe|g_fft[0].u_fft|u_meta_fifo|count_q[3]                                                     ;        ;
; u_pipe|g_fft[0].u_fft|u_meta_fifo|count_q[4]                                                     ;        ;
; u_pipe|g_fft[0].u_fft|u_meta_fifo|count_q[10]                                                    ;        ;
; u_pipe|g_fft[0].u_fft|u_meta_fifo|rd_ptr_q[1]                                                    ;        ;
; u_pipe|g_fft[0].u_fft|u_meta_fifo|rd_ptr_q[10]                                                   ;        ;
; u_pipe|g_fft[0].u_fft|u_meta_fifo|rd_ptr_q[9]                                                    ;        ;
; u_pipe|g_fft[0].u_fft|u_meta_fifo|rd_ptr_q[8]                                                    ;        ;
; u_pipe|g_fft[12].u_fft|u_meta_fifo|rd_ptr_q[2]                                                   ;        ;
; u_pipe|g_fft[0].u_fft|u_meta_fifo|rd_ptr_q[6]                                                    ;        ;
; u_pipe|g_fft[0].u_fft|u_meta_fifo|rd_ptr_q[7]                                                    ;        ;
; u_pipe|g_fft[0].u_fft|u_meta_fifo|rd_ptr_q[0]                                                    ;        ;
; u_pipe|g_fft[0].u_fft|u_meta_fifo|rd_ptr_q[2]                                                    ;        ;
; u_pipe|g_fft[0].u_fft|u_meta_fifo|rd_ptr_q[3]                                                    ;        ;
; u_pipe|g_fft[0].u_fft|u_meta_fifo|rd_ptr_q[4]                                                    ;        ;
; u_pipe|g_fft[0].u_fft|u_meta_fifo|rd_ptr_q[5]                                                    ;        ;
; u_pipe|g_fft[0].u_fft|u_meta_fifo|wr_ptr_q[3]                                                    ;        ;
; u_pipe|g_fft[0].u_fft|u_meta_fifo|wr_ptr_q[2]                                                    ;        ;
; u_pipe|g_fft[0].u_fft|u_meta_fifo|wr_ptr_q[1]                                                    ;        ;
; u_pipe|g_fft[12].u_fft|u_meta_fifo|rd_ptr_q[3]                                                   ;        ;
; u_pipe|g_fft[0].u_fft|u_meta_fifo|wr_ptr_q[0]                                                    ;        ;
; u_pipe|g_fft[0].u_fft|u_meta_fifo|wr_ptr_q[10]                                                   ;        ;
; u_pipe|g_fft[0].u_fft|u_meta_fifo|wr_ptr_q[6]                                                    ;        ;
; u_pipe|g_fft[0].u_fft|u_meta_fifo|wr_ptr_q[7]                                                    ;        ;
; u_pipe|g_fft[0].u_fft|u_meta_fifo|wr_ptr_q[8]                                                    ;        ;
; u_pipe|g_fft[0].u_fft|u_meta_fifo|wr_ptr_q[9]                                                    ;        ;
; u_pipe|g_fft[0].u_fft|u_meta_fifo|wr_ptr_q[4]                                                    ;        ;
; u_pipe|g_fft[0].u_fft|u_meta_fifo|wr_ptr_q[5]                                                    ;        ;
; u_pipe|g_fft[0].u_fft|u_eb_in|wr_ptr_q[0]                                                        ;        ;
; u_pipe|g_fft[0].u_fft|u_eb_in|wr_ptr_q[1]                                                        ;        ;
; u_pipe|g_fft[12].u_fft|u_meta_fifo|rd_ptr_q[4]                                                   ;        ;
; u_pipe|g_pfb[0].u_pfb|u_out|wr_ptr_q[3]                                                          ;        ;
; u_pipe|g_pfb[0].u_pfb|u_out|wr_ptr_q[2]                                                          ;        ;
; u_pipe|g_pfb[0].u_pfb|u_out|wr_ptr_q[1]                                                          ;        ;
; u_pipe|g_pfb[0].u_pfb|u_out|wr_ptr_q[0]                                                          ;        ;
; u_pipe|g_pfb[0].u_pfb|u_out|rd_ptr_q[3]                                                          ;        ;
; u_pipe|g_pfb[0].u_pfb|u_out|rd_ptr_q[2]                                                          ;        ;
; u_pipe|g_pfb[0].u_pfb|u_out|rd_ptr_q[1]                                                          ;        ;
; u_pipe|g_pfb[0].u_pfb|u_out|rd_ptr_q[0]                                                          ;        ;
; u_pipe|g_fft[0].u_fft|u_eb_in|rd_ptr_q[0]                                                        ;        ;
; u_pipe|g_fft[0].u_fft|u_eb_in|rd_ptr_q[1]                                                        ;        ;
; u_pipe|g_fft[12].u_fft|u_meta_fifo|rd_ptr_q[5]                                                   ;        ;
; u_pipe|g_fft[1].u_fft|u_out_fifo|count_q[2]                                                      ;        ;
; u_pipe|g_fft[1].u_fft|u_out_fifo|count_q[0]                                                      ;        ;
; u_pipe|g_fft[1].u_fft|u_out_fifo|count_q[1]                                                      ;        ;
; u_pipe|g_fft[1].u_fft|u_out_fifo|count_q[5]                                                      ;        ;
; u_pipe|g_fft[1].u_fft|u_out_fifo|count_q[6]                                                      ;        ;
; u_pipe|g_fft[1].u_fft|u_out_fifo|count_q[7]                                                      ;        ;
; u_pipe|g_fft[1].u_fft|u_out_fifo|count_q[8]                                                      ;        ;
; u_pipe|g_fft[1].u_fft|u_out_fifo|count_q[9]                                                      ;        ;
; u_pipe|g_fft[1].u_fft|u_out_fifo|count_q[10]                                                     ;        ;
; u_pipe|g_fft[1].u_fft|u_out_fifo|count_q[4]                                                      ;        ;
; u_pipe|g_fft[12].u_fft|u_meta_fifo|wr_ptr_q[3]                                                   ;        ;
; u_pipe|g_fft[1].u_fft|g_reorder.u_reorder|warm_cnt_q[9]                                          ;        ;
; u_pipe|g_fft[1].u_fft|g_reorder.u_reorder|warm_cnt_q[6]                                          ;        ;
; u_pipe|g_fft[1].u_fft|g_reorder.u_reorder|warm_cnt_q[7]                                          ;        ;
; u_pipe|g_fft[1].u_fft|g_reorder.u_reorder|warm_cnt_q[8]                                          ;        ;
; u_pipe|g_fft[1].u_fft|g_reorder.u_reorder|warm_cnt_q[5]                                          ;        ;
; u_pipe|g_fft[1].u_fft|g_reorder.u_reorder|warm_cnt_q[4]                                          ;        ;
; u_pipe|g_fft[1].u_fft|g_reorder.u_reorder|warm_cnt_q[3]                                          ;        ;
; u_pipe|g_fft[1].u_fft|g_reorder.u_reorder|warm_cnt_q[1]                                          ;        ;
; u_pipe|g_fft[1].u_fft|g_reorder.u_reorder|warm_cnt_q[2]                                          ;        ;
; u_pipe|g_fft[1].u_fft|u_core|g_lane[0].u_path|g_group[2].u_stage|u_bf2ii|warm_cnt_q[3]           ;        ;
; u_pipe|g_fft[12].u_fft|u_core|g_lane[0].u_path|g_group[2].u_stage|u_bf2ii|warm_cnt_q[2]          ;        ;
; u_pipe|g_fft[12].u_fft|u_meta_fifo|wr_ptr_q[2]                                                   ;        ;
; u_pipe|g_fft[1].u_fft|u_core|g_lane[0].u_path|g_group[2].u_stage|u_bf2ii|warm_cnt_q[2]           ;        ;
; u_pipe|g_fft[1].u_fft|u_core|g_lane[0].u_path|g_group[2].u_stage|u_bf2i|warm_cnt_q[2]            ;        ;
; u_pipe|g_fft[1].u_fft|u_core|g_lane[0].u_path|g_group[2].u_stage|u_bf2i|warm_cnt_q[1]            ;        ;
; u_pipe|g_fft[1].u_fft|u_core|g_lane[0].u_path|g_group[1].u_stage|u_bf2ii|warm_cnt_q[5]           ;        ;
; u_pipe|g_fft[1].u_fft|u_core|g_lane[0].u_path|g_group[1].u_stage|u_bf2ii|warm_cnt_q[4]           ;        ;
; u_pipe|g_fft[1].u_fft|u_core|g_lane[0].u_path|g_group[1].u_stage|u_bf2ii|warm_cnt_q[3]           ;        ;
; u_pipe|g_fft[1].u_fft|u_core|g_lane[0].u_path|g_group[1].u_stage|u_bf2ii|warm_cnt_q[2]           ;        ;
; u_pipe|g_fft[1].u_fft|u_core|g_lane[0].u_path|g_group[1].u_stage|u_bf2ii|warm_cnt_q[1]           ;        ;
; u_pipe|g_fft[1].u_fft|u_core|g_lane[0].u_path|g_group[1].u_stage|u_bf2i|warm_cnt_q[2]            ;        ;
; u_pipe|g_fft[1].u_fft|u_core|g_lane[0].u_path|g_group[1].u_stage|u_bf2i|warm_cnt_q[1]            ;        ;
; u_pipe|g_fft[12].u_fft|u_meta_fifo|wr_ptr_q[1]                                                   ;        ;
; u_pipe|g_fft[1].u_fft|u_core|g_lane[0].u_path|g_group[0].u_stage|u_bf2ii|warm_cnt_q[7]           ;        ;
; u_pipe|g_fft[1].u_fft|u_core|g_lane[0].u_path|g_group[0].u_stage|u_bf2ii|warm_cnt_q[0]           ;        ;
; u_pipe|g_fft[1].u_fft|u_core|g_lane[0].u_path|g_group[0].u_stage|u_bf2ii|warm_cnt_q[1]           ;        ;
; u_pipe|g_fft[1].u_fft|u_core|g_lane[0].u_path|g_group[0].u_stage|u_bf2ii|warm_cnt_q[2]           ;        ;
; u_pipe|g_fft[1].u_fft|u_core|g_lane[0].u_path|g_group[0].u_stage|u_bf2ii|warm_cnt_q[3]           ;        ;
; u_pipe|g_fft[1].u_fft|u_core|g_lane[0].u_path|g_group[0].u_stage|u_bf2ii|warm_cnt_q[4]           ;        ;
; u_pipe|g_fft[1].u_fft|u_core|g_lane[0].u_path|g_group[0].u_stage|u_bf2i|warm_cnt_q[0]            ;        ;
; u_pipe|g_fft[1].u_fft|u_core|g_lane[0].u_path|g_group[0].u_stage|u_bf2i|warm_cnt_q[6]            ;        ;
; u_pipe|g_fft[1].u_fft|u_core|g_lane[0].u_path|g_group[0].u_stage|u_bf2i|warm_cnt_q[7]            ;        ;
; u_pipe|g_fft[1].u_fft|u_core|g_lane[0].u_path|g_group[0].u_stage|u_bf2i|warm_cnt_q[8]            ;        ;
; u_pipe|g_fft[12].u_fft|u_meta_fifo|wr_ptr_q[0]                                                   ;        ;
; u_pipe|g_fft[1].u_fft|u_core|g_lane[0].u_path|g_group[0].u_stage|u_bf2i|warm_cnt_q[3]            ;        ;
; u_pipe|g_fft[1].u_fft|u_core|g_lane[0].u_path|g_group[0].u_stage|u_bf2i|warm_cnt_q[4]            ;        ;
; u_pipe|g_fft[1].u_fft|u_core|g_lane[0].u_path|g_group[0].u_stage|u_bf2i|warm_cnt_q[5]            ;        ;
; u_pipe|g_fft[1].u_fft|u_core|g_lane[0].u_path|g_group[0].u_stage|u_bf2i|warm_cnt_q[1]            ;        ;
; u_pipe|g_fft[1].u_fft|u_core|g_lane[0].u_path|g_group[0].u_stage|u_bf2i|warm_cnt_q[2]            ;        ;
; u_pipe|g_fft[1].u_fft|u_core|g_lane[0].u_path|g_group[0].u_stage|u_bf2ii|warm_cnt_q[5]           ;        ;
; u_pipe|g_fft[1].u_fft|u_core|g_lane[0].u_path|g_group[0].u_stage|u_bf2ii|warm_cnt_q[6]           ;        ;
; u_pipe|g_fft[1].u_fft|u_core|g_lane[0].u_path|g_group[0].u_stage|g_twiddle.g_align[0].w_q        ;        ;
; u_pipe|g_fft[1].u_fft|u_core|g_lane[0].u_path|g_group[0].u_stage|g_twiddle.g_align[1].w_q        ;        ;
; u_pipe|g_fft[1].u_fft|u_core|g_lane[0].u_path|g_group[0].u_stage|g_twiddle.g_tag[0].w_q          ;        ;
; u_pipe|g_fft[12].u_fft|u_meta_fifo|wr_ptr_q[10]                                                  ;        ;
; u_pipe|g_fft[1].u_fft|u_core|g_lane[0].u_path|g_group[0].u_stage|g_twiddle.g_tag[1].w_q          ;        ;
; u_pipe|g_fft[1].u_fft|u_core|g_lane[0].u_path|g_group[0].u_stage|g_twiddle.g_tag[2].w_q          ;        ;
; u_pipe|g_fft[1].u_fft|u_core|g_lane[0].u_path|g_group[0].u_stage|g_twiddle.g_tag[3].w_q          ;        ;
; u_pipe|g_fft[1].u_fft|u_core|g_lane[0].u_path|g_group[1].u_stage|u_bf2i|warm_cnt_q[0]            ;        ;
; u_pipe|g_fft[1].u_fft|u_core|g_lane[0].u_path|g_group[1].u_stage|u_bf2i|warm_cnt_q[3]            ;        ;
; u_pipe|g_fft[1].u_fft|u_core|g_lane[0].u_path|g_group[1].u_stage|u_bf2i|warm_cnt_q[4]            ;        ;
; u_pipe|g_fft[1].u_fft|u_core|g_lane[0].u_path|g_group[1].u_stage|u_bf2i|warm_cnt_q[5]            ;        ;
; u_pipe|g_fft[1].u_fft|u_core|g_lane[0].u_path|g_group[1].u_stage|u_bf2i|warm_cnt_q[6]            ;        ;
; u_pipe|g_fft[1].u_fft|u_core|g_lane[0].u_path|g_group[1].u_stage|u_bf2ii|warm_cnt_q[0]           ;        ;
; u_pipe|g_fft[1].u_fft|u_core|g_lane[0].u_path|g_group[1].u_stage|g_twiddle.g_align[0].w_q        ;        ;
; u_pipe|g_fft[12].u_fft|u_meta_fifo|wr_ptr_q[6]                                                   ;        ;
; u_pipe|g_fft[1].u_fft|u_core|g_lane[0].u_path|g_group[1].u_stage|g_twiddle.g_align[1].w_q        ;        ;
; u_pipe|g_fft[1].u_fft|u_core|g_lane[0].u_path|g_group[1].u_stage|g_twiddle.g_tag[0].w_q          ;        ;
; u_pipe|g_fft[1].u_fft|u_core|g_lane[0].u_path|g_group[1].u_stage|g_twiddle.g_tag[1].w_q          ;        ;
; u_pipe|g_fft[1].u_fft|u_core|g_lane[0].u_path|g_group[1].u_stage|g_twiddle.g_tag[2].w_q          ;        ;
; u_pipe|g_fft[1].u_fft|u_core|g_lane[0].u_path|g_group[1].u_stage|g_twiddle.g_tag[3].w_q          ;        ;
; u_pipe|g_fft[1].u_fft|u_core|g_lane[0].u_path|g_group[2].u_stage|u_bf2i|warm_cnt_q[0]            ;        ;
; u_pipe|g_fft[1].u_fft|u_core|g_lane[0].u_path|g_group[2].u_stage|u_bf2i|warm_cnt_q[3]            ;        ;
; u_pipe|g_fft[1].u_fft|u_core|g_lane[0].u_path|g_group[2].u_stage|u_bf2i|warm_cnt_q[4]            ;        ;
; u_pipe|g_fft[1].u_fft|u_core|g_lane[0].u_path|g_group[2].u_stage|u_bf2ii|warm_cnt_q[0]           ;        ;
; u_pipe|g_fft[1].u_fft|u_core|g_lane[0].u_path|g_group[2].u_stage|u_bf2ii|warm_cnt_q[1]           ;        ;
; u_pipe|g_fft[12].u_fft|u_meta_fifo|wr_ptr_q[7]                                                   ;        ;
; u_pipe|g_fft[1].u_fft|u_core|g_lane[0].u_path|g_group[2].u_stage|g_twiddle.g_align[0].w_q        ;        ;
; u_pipe|g_fft[1].u_fft|u_core|g_lane[0].u_path|g_group[2].u_stage|g_twiddle.g_align[1].w_q        ;        ;
; u_pipe|g_fft[1].u_fft|u_core|g_lane[0].u_path|g_group[2].u_stage|g_twiddle.g_tag[0].w_q          ;        ;
; u_pipe|g_fft[1].u_fft|u_core|g_lane[0].u_path|g_group[2].u_stage|g_twiddle.g_tag[1].w_q          ;        ;
; u_pipe|g_fft[1].u_fft|u_core|g_lane[0].u_path|g_group[2].u_stage|g_twiddle.g_tag[2].w_q          ;        ;
; u_pipe|g_fft[1].u_fft|u_core|g_lane[0].u_path|g_group[2].u_stage|g_twiddle.g_tag[3].w_q          ;        ;
; u_pipe|g_fft[1].u_fft|u_core|g_lane[0].u_path|g_group[3].u_stage|u_bf2i|warm_cnt_q[0]            ;        ;
; u_pipe|g_fft[1].u_fft|u_core|g_lane[0].u_path|g_group[3].u_stage|u_bf2i|warm_cnt_q[2]            ;        ;
; u_pipe|g_fft[1].u_fft|u_core|g_lane[0].u_path|g_group[3].u_stage|u_bf2i|warm_cnt_q[1]            ;        ;
; u_pipe|g_fft[1].u_fft|u_core|g_lane[0].u_path|g_group[3].u_stage|u_bf2ii|warm_cnt_q[1]           ;        ;
; u_pipe|g_fft[12].u_fft|u_meta_fifo|wr_ptr_q[8]                                                   ;        ;
; u_pipe|g_fft[1].u_fft|u_core|g_lane[0].u_path|g_group[3].u_stage|u_bf2ii|warm_cnt_q[0]           ;        ;
; u_pipe|g_fft[1].u_fft|u_core|g_lane[0].u_path|g_group[3].u_stage|g_twiddle.g_align[0].w_q        ;        ;
; u_pipe|g_fft[1].u_fft|u_core|g_lane[0].u_path|g_group[3].u_stage|g_twiddle.g_align[1].w_q        ;        ;
; u_pipe|g_fft[1].u_fft|u_core|g_lane[0].u_path|g_group[3].u_stage|g_twiddle.g_tag[0].w_q          ;        ;
; u_pipe|g_fft[1].u_fft|u_core|g_lane[0].u_path|g_group[3].u_stage|g_twiddle.g_tag[1].w_q          ;        ;
; u_pipe|g_fft[1].u_fft|u_core|g_lane[0].u_path|g_group[3].u_stage|g_twiddle.g_tag[2].w_q          ;        ;
; u_pipe|g_fft[1].u_fft|u_core|g_lane[0].u_path|g_group[3].u_stage|g_twiddle.g_tag[3].w_q          ;        ;
; u_pipe|g_fft[1].u_fft|u_core|g_lane[0].u_path|g_tail.u_tail|warm_cnt_q[1]                        ;        ;
; u_pipe|g_fft[1].u_fft|u_core|g_lane[0].u_path|g_tail.u_tail|warm_cnt_q[0]                        ;        ;
; u_pipe|g_fft[1].u_fft|u_core|g_merge.u_merge|g_align[0].w_q                                      ;        ;
; u_pipe|g_fft[12].u_fft|u_meta_fifo|wr_ptr_q[9]                                                   ;        ;
; u_pipe|g_fft[1].u_fft|u_core|g_merge.u_merge|g_align[1].w_q                                      ;        ;
; u_pipe|g_fft[1].u_fft|u_core|g_merge.u_merge|g_tag[0].w_q                                        ;        ;
; u_pipe|g_fft[1].u_fft|u_core|g_merge.u_merge|g_tag[1].w_q                                        ;        ;
; u_pipe|g_fft[1].u_fft|u_core|g_merge.u_merge|g_tag[2].w_q                                        ;        ;
; u_pipe|g_fft[1].u_fft|u_core|g_merge.u_merge|g_tag[3].w_q                                        ;        ;
; u_pipe|g_fft[1].u_fft|u_core|g_merge.u_merge|warm_q                                              ;        ;
; u_pipe|g_fft[1].u_fft|g_reorder.u_reorder|warm_cnt_q[0]                                          ;        ;
; u_pipe|g_fft[1].u_fft|credit_q[10]                                                               ;        ;
; u_pipe|g_fft[1].u_fft|credit_q[0]                                                                ;        ;
; u_pipe|g_fft[1].u_fft|credit_q[1]                                                                ;        ;
; u_pipe|g_fft[12].u_fft|u_meta_fifo|wr_ptr_q[4]                                                   ;        ;
; u_pipe|g_fft[1].u_fft|credit_q[2]                                                                ;        ;
; u_pipe|g_fft[1].u_fft|credit_q[3]                                                                ;        ;
; u_pipe|g_fft[1].u_fft|credit_q[4]                                                                ;        ;
; u_pipe|g_fft[1].u_fft|credit_q[5]                                                                ;        ;
; u_pipe|g_fft[1].u_fft|credit_q[6]                                                                ;        ;
; u_pipe|g_fft[1].u_fft|credit_q[7]                                                                ;        ;
; u_pipe|g_fft[1].u_fft|credit_q[8]                                                                ;        ;
; u_pipe|g_fft[1].u_fft|credit_q[9]                                                                ;        ;
; u_pipe|g_fft[1].u_fft|u_eb_in|count_q[1]                                                         ;        ;
; u_pipe|g_pfb[1].u_pfb|u_out|rdy_q                                                                ;        ;
; u_pipe|g_fft[12].u_fft|u_meta_fifo|wr_ptr_q[5]                                                   ;        ;
; u_pipe|g_pfb[1].u_pfb|credits_q[3]                                                               ;        ;
; u_pipe|g_pfb[1].u_pfb|credits_q[1]                                                               ;        ;
; u_pipe|g_pfb[1].u_pfb|credits_q[2]                                                               ;        ;
; u_pipe|g_pfb[1].u_pfb|credits_q[0]                                                               ;        ;
; u_pipe|g_pfb[1].u_pfb|rdy_q                                                                      ;        ;
; u_pipe|g_pfb[1].u_pfb|g_lane[0].u_lane|g_mult[0].u_mult|g_valid[0].v_q                           ;        ;
; u_pipe|g_pfb[1].u_pfb|g_lane[0].u_lane|g_mult[0].u_mult|g_valid[1].v_q                           ;        ;
; u_pipe|g_pfb[1].u_pfb|g_lane[0].u_lane|g_mult[0].u_mult|g_valid[2].v_q                           ;        ;
; u_pipe|g_pfb[1].u_pfb|g_lane[0].u_lane|g_mult[0].u_mult|g_valid[3].v_q                           ;        ;
; u_pipe|g_pfb[1].u_pfb|g_lane[0].u_lane|g_valid[0].v_q                                            ;        ;
; u_pipe|g_fft[12].u_fft|u_core|g_lane[0].u_path|g_group[2].u_stage|u_bf2ii|warm_cnt_q[1]          ;        ;
; u_pipe|g_fft[12].u_fft|u_eb_in|wr_ptr_q[0]                                                       ;        ;
; u_pipe|g_pfb[1].u_pfb|g_lane[0].u_lane|g_valid[1].v_q                                            ;        ;
; u_pipe|g_pfb[1].u_pfb|g_lane[0].u_lane|g_valid[2].v_q                                            ;        ;
; u_pipe|g_pfb[1].u_pfb|g_lane[0].u_lane|g_valid[3].v_q                                            ;        ;
; u_pipe|g_pfb[1].u_pfb|g_lane[0].u_lane|g_valid[4].v_q                                            ;        ;
; u_pipe|g_pfb[1].u_pfb|u_out|count_q[0]                                                           ;        ;
; u_pipe|g_pfb[1].u_pfb|u_out|count_q[1]                                                           ;        ;
; u_pipe|g_pfb[1].u_pfb|u_out|count_q[2]                                                           ;        ;
; u_pipe|g_pfb[1].u_pfb|u_out|count_q[3]                                                           ;        ;
; u_pipe|g_fft[1].u_fft|u_eb_in|rdy_q                                                              ;        ;
; u_pipe|g_fft[1].u_fft|u_eb_in|count_q[0]                                                         ;        ;
; u_pipe|g_fft[12].u_fft|u_eb_in|wr_ptr_q[1]                                                       ;        ;
; u_pipe|g_fft[1].u_fft|u_eb_in|count_q[2]                                                         ;        ;
; u_pipe|g_fft[1].u_fft|u_core|g_lane[0].u_path|g_group[0].u_stage|u_bf2i|vld_q                    ;        ;
; u_pipe|g_fft[1].u_fft|u_core|g_lane[0].u_path|g_group[0].u_stage|u_bf2ii|vld_q                   ;        ;
; u_pipe|g_fft[1].u_fft|u_core|g_lane[0].u_path|g_group[0].u_stage|g_twiddle.u_mul|g_valid[0].v_q  ;        ;
; u_pipe|g_fft[1].u_fft|u_core|g_lane[0].u_path|g_group[0].u_stage|g_twiddle.u_mul|g_valid[1].v_q  ;        ;
; u_pipe|g_fft[1].u_fft|u_core|g_lane[0].u_path|g_group[0].u_stage|g_twiddle.u_mul|g_valid[2].v_q  ;        ;
; u_pipe|g_fft[1].u_fft|u_core|g_lane[0].u_path|g_group[0].u_stage|g_twiddle.u_mul|g_valid[3].v_q  ;        ;
; u_pipe|g_fft[1].u_fft|u_core|g_lane[0].u_path|g_group[1].u_stage|u_bf2i|vld_q                    ;        ;
; u_pipe|g_fft[1].u_fft|u_core|g_lane[0].u_path|g_group[1].u_stage|u_bf2ii|vld_q                   ;        ;
; u_pipe|g_fft[1].u_fft|u_core|g_lane[0].u_path|g_group[1].u_stage|g_twiddle.u_mul|g_valid[0].v_q  ;        ;
; u_pipe|g_pfb[12].u_pfb|u_out|wr_ptr_q[3]                                                         ;        ;
; u_pipe|g_fft[1].u_fft|u_core|g_lane[0].u_path|g_group[1].u_stage|g_twiddle.u_mul|g_valid[1].v_q  ;        ;
; u_pipe|g_fft[1].u_fft|u_core|g_lane[0].u_path|g_group[1].u_stage|g_twiddle.u_mul|g_valid[2].v_q  ;        ;
; u_pipe|g_fft[1].u_fft|u_core|g_lane[0].u_path|g_group[1].u_stage|g_twiddle.u_mul|g_valid[3].v_q  ;        ;
; u_pipe|g_fft[1].u_fft|u_core|g_lane[0].u_path|g_group[2].u_stage|u_bf2i|vld_q                    ;        ;
; u_pipe|g_fft[1].u_fft|u_core|g_lane[0].u_path|g_group[2].u_stage|u_bf2ii|vld_q                   ;        ;
; u_pipe|g_fft[1].u_fft|u_core|g_lane[0].u_path|g_group[2].u_stage|g_twiddle.u_mul|g_valid[0].v_q  ;        ;
; u_pipe|g_fft[1].u_fft|u_core|g_lane[0].u_path|g_group[2].u_stage|g_twiddle.u_mul|g_valid[1].v_q  ;        ;
; u_pipe|g_fft[1].u_fft|u_core|g_lane[0].u_path|g_group[2].u_stage|g_twiddle.u_mul|g_valid[2].v_q  ;        ;
; u_pipe|g_fft[1].u_fft|u_core|g_lane[0].u_path|g_group[2].u_stage|g_twiddle.u_mul|g_valid[3].v_q  ;        ;
; u_pipe|g_fft[1].u_fft|u_core|g_lane[0].u_path|g_group[3].u_stage|u_bf2i|vld_q                    ;        ;
; u_pipe|g_pfb[12].u_pfb|u_out|wr_ptr_q[2]                                                         ;        ;
; u_pipe|g_fft[1].u_fft|u_core|g_lane[0].u_path|g_group[3].u_stage|u_bf2ii|vld_q                   ;        ;
; u_pipe|g_fft[1].u_fft|u_core|g_lane[0].u_path|g_group[3].u_stage|g_twiddle.u_mul|g_valid[0].v_q  ;        ;
; u_pipe|g_fft[1].u_fft|u_core|g_lane[0].u_path|g_group[3].u_stage|g_twiddle.u_mul|g_valid[1].v_q  ;        ;
; u_pipe|g_fft[1].u_fft|u_core|g_lane[0].u_path|g_group[3].u_stage|g_twiddle.u_mul|g_valid[2].v_q  ;        ;
; u_pipe|g_fft[1].u_fft|u_core|g_lane[0].u_path|g_group[3].u_stage|g_twiddle.u_mul|g_valid[3].v_q  ;        ;
; u_pipe|g_fft[1].u_fft|u_core|g_lane[0].u_path|g_tail.u_tail|vld_q                                ;        ;
; u_pipe|g_fft[1].u_fft|u_core|g_merge.u_merge|u_mul|g_valid[0].v_q                                ;        ;
; u_pipe|g_fft[1].u_fft|u_core|g_merge.u_merge|u_mul|g_valid[1].v_q                                ;        ;
; u_pipe|g_fft[1].u_fft|u_core|g_merge.u_merge|u_mul|g_valid[2].v_q                                ;        ;
; u_pipe|g_fft[1].u_fft|u_core|g_merge.u_merge|u_mul|g_valid[3].v_q                                ;        ;
; u_pipe|g_pfb[12].u_pfb|u_out|wr_ptr_q[1]                                                         ;        ;
; u_pipe|g_fft[1].u_fft|u_core|g_merge.u_merge|vld_q                                               ;        ;
; u_pipe|g_fft[1].u_fft|g_reorder.u_reorder|vld_q                                                  ;        ;
; u_pipe|g_fft[1].u_fft|u_out_fifo|count_q[3]                                                      ;        ;
; u_pipe|g_fft[1].u_fft|u_out_fifo|g_out_reg.out_valid_q                                           ;        ;
; u_pipe|g_fft[1].u_fft|u_out_fifo|rd_ptr_q[6]                                                     ;        ;
; u_pipe|g_fft[1].u_fft|u_out_fifo|rd_ptr_q[1]                                                     ;        ;
; u_pipe|g_fft[1].u_fft|u_out_fifo|rd_ptr_q[10]                                                    ;        ;
; u_pipe|g_fft[1].u_fft|u_out_fifo|rd_ptr_q[0]                                                     ;        ;
; u_pipe|g_fft[1].u_fft|u_out_fifo|rd_ptr_q[2]                                                     ;        ;
; u_pipe|g_fft[1].u_fft|u_out_fifo|rd_ptr_q[3]                                                     ;        ;
; u_pipe|g_pfb[12].u_pfb|u_out|wr_ptr_q[0]                                                         ;        ;
; u_pipe|g_fft[1].u_fft|u_out_fifo|rd_ptr_q[4]                                                     ;        ;
; u_pipe|g_fft[1].u_fft|u_out_fifo|rd_ptr_q[5]                                                     ;        ;
; u_pipe|g_fft[1].u_fft|u_out_fifo|rd_ptr_q[7]                                                     ;        ;
; u_pipe|g_fft[1].u_fft|u_out_fifo|rd_ptr_q[8]                                                     ;        ;
; u_pipe|g_fft[1].u_fft|u_out_fifo|rd_ptr_q[9]                                                     ;        ;
; u_pipe|g_fft[1].u_fft|u_out_fifo|wr_ptr_q[4]                                                     ;        ;
; u_pipe|g_fft[1].u_fft|u_out_fifo|wr_ptr_q[5]                                                     ;        ;
; u_pipe|g_fft[1].u_fft|u_out_fifo|wr_ptr_q[3]                                                     ;        ;
; u_pipe|g_fft[1].u_fft|u_out_fifo|wr_ptr_q[2]                                                     ;        ;
; u_pipe|g_fft[1].u_fft|u_out_fifo|wr_ptr_q[1]                                                     ;        ;
; u_pipe|g_pfb[12].u_pfb|u_out|rd_ptr_q[3]                                                         ;        ;
; u_pipe|g_fft[1].u_fft|u_out_fifo|wr_ptr_q[0]                                                     ;        ;
; u_pipe|g_fft[1].u_fft|u_out_fifo|wr_ptr_q[10]                                                    ;        ;
; u_pipe|g_fft[1].u_fft|u_out_fifo|wr_ptr_q[8]                                                     ;        ;
; u_pipe|g_fft[1].u_fft|u_out_fifo|wr_ptr_q[9]                                                     ;        ;
; u_pipe|g_fft[1].u_fft|u_out_fifo|wr_ptr_q[6]                                                     ;        ;
; u_pipe|g_fft[1].u_fft|u_out_fifo|wr_ptr_q[7]                                                     ;        ;
; u_pipe|g_fft[1].u_fft|u_meta_fifo|count_q[0]                                                     ;        ;
; u_pipe|g_fft[1].u_fft|u_meta_fifo|count_q[1]                                                     ;        ;
; u_pipe|g_fft[1].u_fft|u_meta_fifo|count_q[2]                                                     ;        ;
; u_pipe|g_fft[1].u_fft|u_meta_fifo|count_q[3]                                                     ;        ;
; u_pipe|g_pfb[12].u_pfb|u_out|rd_ptr_q[2]                                                         ;        ;
; u_pipe|g_fft[1].u_fft|u_meta_fifo|count_q[4]                                                     ;        ;
; u_pipe|g_fft[1].u_fft|u_meta_fifo|count_q[6]                                                     ;        ;
; u_pipe|g_fft[1].u_fft|u_meta_fifo|count_q[7]                                                     ;        ;
; u_pipe|g_fft[1].u_fft|u_meta_fifo|count_q[8]                                                     ;        ;
; u_pipe|g_fft[1].u_fft|u_meta_fifo|count_q[9]                                                     ;        ;
; u_pipe|g_fft[1].u_fft|u_meta_fifo|count_q[10]                                                    ;        ;
; u_pipe|g_fft[1].u_fft|u_meta_fifo|count_q[5]                                                     ;        ;
; u_pipe|g_fft[1].u_fft|u_meta_fifo|rd_ptr_q[1]                                                    ;        ;
; u_pipe|g_fft[1].u_fft|u_meta_fifo|rd_ptr_q[10]                                                   ;        ;
; u_pipe|g_fft[1].u_fft|u_meta_fifo|rd_ptr_q[9]                                                    ;        ;
; u_pipe|g_pfb[12].u_pfb|u_out|rd_ptr_q[1]                                                         ;        ;
; u_pipe|g_fft[1].u_fft|u_meta_fifo|rd_ptr_q[8]                                                    ;        ;
; u_pipe|g_fft[1].u_fft|u_meta_fifo|rd_ptr_q[6]                                                    ;        ;
; u_pipe|g_fft[1].u_fft|u_meta_fifo|rd_ptr_q[7]                                                    ;        ;
; u_pipe|g_fft[1].u_fft|u_meta_fifo|rd_ptr_q[0]                                                    ;        ;
; u_pipe|g_fft[1].u_fft|u_meta_fifo|rd_ptr_q[2]                                                    ;        ;
; u_pipe|g_fft[1].u_fft|u_meta_fifo|rd_ptr_q[3]                                                    ;        ;
; u_pipe|g_fft[1].u_fft|u_meta_fifo|rd_ptr_q[4]                                                    ;        ;
; u_pipe|g_fft[1].u_fft|u_meta_fifo|rd_ptr_q[5]                                                    ;        ;
; u_pipe|g_fft[1].u_fft|u_meta_fifo|wr_ptr_q[3]                                                    ;        ;
; u_pipe|g_fft[1].u_fft|u_meta_fifo|wr_ptr_q[2]                                                    ;        ;
; u_pipe|g_pfb[12].u_pfb|u_out|rd_ptr_q[0]                                                         ;        ;
; u_pipe|g_fft[1].u_fft|u_meta_fifo|wr_ptr_q[1]                                                    ;        ;
; u_pipe|g_fft[1].u_fft|u_meta_fifo|wr_ptr_q[0]                                                    ;        ;
; u_pipe|g_fft[1].u_fft|u_meta_fifo|wr_ptr_q[10]                                                   ;        ;
; u_pipe|g_fft[1].u_fft|u_meta_fifo|wr_ptr_q[6]                                                    ;        ;
; u_pipe|g_fft[1].u_fft|u_meta_fifo|wr_ptr_q[7]                                                    ;        ;
; u_pipe|g_fft[1].u_fft|u_meta_fifo|wr_ptr_q[8]                                                    ;        ;
; u_pipe|g_fft[1].u_fft|u_meta_fifo|wr_ptr_q[9]                                                    ;        ;
; u_pipe|g_fft[1].u_fft|u_meta_fifo|wr_ptr_q[4]                                                    ;        ;
; u_pipe|g_fft[1].u_fft|u_meta_fifo|wr_ptr_q[5]                                                    ;        ;
; u_pipe|g_fft[1].u_fft|u_eb_in|wr_ptr_q[0]                                                        ;        ;
; u_pipe|g_fft[12].u_fft|u_core|g_lane[0].u_path|g_group[2].u_stage|u_bf2i|warm_cnt_q[3]           ;        ;
; u_pipe|g_fft[12].u_fft|u_eb_in|rd_ptr_q[0]                                                       ;        ;
; u_pipe|g_fft[1].u_fft|u_eb_in|wr_ptr_q[1]                                                        ;        ;
; u_pipe|g_pfb[1].u_pfb|u_out|wr_ptr_q[3]                                                          ;        ;
; u_pipe|g_pfb[1].u_pfb|u_out|wr_ptr_q[2]                                                          ;        ;
; u_pipe|g_pfb[1].u_pfb|u_out|wr_ptr_q[1]                                                          ;        ;
; u_pipe|g_pfb[1].u_pfb|u_out|wr_ptr_q[0]                                                          ;        ;
; u_pipe|g_pfb[1].u_pfb|u_out|rd_ptr_q[3]                                                          ;        ;
; u_pipe|g_pfb[1].u_pfb|u_out|rd_ptr_q[2]                                                          ;        ;
; u_pipe|g_pfb[1].u_pfb|u_out|rd_ptr_q[1]                                                          ;        ;
; u_pipe|g_pfb[1].u_pfb|u_out|rd_ptr_q[0]                                                          ;        ;
; u_pipe|g_fft[1].u_fft|u_eb_in|rd_ptr_q[0]                                                        ;        ;
; u_pipe|g_fft[12].u_fft|u_eb_in|rd_ptr_q[1]                                                       ;        ;
; u_pipe|g_fft[1].u_fft|u_eb_in|rd_ptr_q[1]                                                        ;        ;
; u_pipe|g_fft[2].u_fft|u_out_fifo|count_q[0]                                                      ;        ;
; u_pipe|g_fft[2].u_fft|u_out_fifo|count_q[1]                                                      ;        ;
; u_pipe|g_fft[2].u_fft|u_out_fifo|count_q[3]                                                      ;        ;
; u_pipe|g_fft[2].u_fft|u_out_fifo|count_q[4]                                                      ;        ;
; u_pipe|g_fft[2].u_fft|u_out_fifo|count_q[5]                                                      ;        ;
; u_pipe|g_fft[2].u_fft|u_out_fifo|count_q[6]                                                      ;        ;
; u_pipe|g_fft[2].u_fft|u_out_fifo|count_q[7]                                                      ;        ;
; u_pipe|g_fft[2].u_fft|u_out_fifo|count_q[8]                                                      ;        ;
; u_pipe|g_fft[2].u_fft|u_out_fifo|count_q[9]                                                      ;        ;
; u_pipe|g_fft[5].u_fft|u_out_fifo|count_q[2]                                                      ;        ;
; u_pipe|g_fft[2].u_fft|u_out_fifo|count_q[10]                                                     ;        ;
; u_pipe|g_fft[2].u_fft|g_reorder.u_reorder|warm_cnt_q[1]                                          ;        ;
; u_pipe|g_fft[2].u_fft|g_reorder.u_reorder|warm_cnt_q[2]                                          ;        ;
; u_pipe|g_fft[2].u_fft|g_reorder.u_reorder|warm_cnt_q[3]                                          ;        ;
; u_pipe|g_fft[2].u_fft|g_reorder.u_reorder|warm_cnt_q[4]                                          ;        ;
; u_pipe|g_fft[2].u_fft|g_reorder.u_reorder|warm_cnt_q[5]                                          ;        ;
; u_pipe|g_fft[2].u_fft|g_reorder.u_reorder|warm_cnt_q[6]                                          ;        ;
; u_pipe|g_fft[2].u_fft|g_reorder.u_reorder|warm_cnt_q[7]                                          ;        ;
; u_pipe|g_fft[2].u_fft|g_reorder.u_reorder|warm_cnt_q[8]                                          ;        ;
; u_pipe|g_fft[2].u_fft|g_reorder.u_reorder|warm_cnt_q[9]                                          ;        ;
; u_pipe|g_fft[5].u_fft|u_out_fifo|count_q[0]                                                      ;        ;
; u_pipe|g_fft[2].u_fft|u_core|g_lane[0].u_path|g_group[2].u_stage|u_bf2ii|warm_cnt_q[3]           ;        ;
; u_pipe|g_fft[2].u_fft|u_core|g_lane[0].u_path|g_group[2].u_stage|u_bf2ii|warm_cnt_q[2]           ;        ;
; u_pipe|g_fft[2].u_fft|u_core|g_lane[0].u_path|g_group[2].u_stage|u_bf2i|warm_cnt_q[2]            ;        ;
; u_pipe|g_fft[2].u_fft|u_core|g_lane[0].u_path|g_group[2].u_stage|u_bf2i|warm_cnt_q[1]            ;        ;
; u_pipe|g_fft[2].u_fft|u_core|g_lane[0].u_path|g_group[1].u_stage|u_bf2ii|warm_cnt_q[5]           ;        ;
; u_pipe|g_fft[2].u_fft|u_core|g_lane[0].u_path|g_group[1].u_stage|u_bf2ii|warm_cnt_q[4]           ;        ;
; u_pipe|g_fft[2].u_fft|u_core|g_lane[0].u_path|g_group[1].u_stage|u_bf2ii|warm_cnt_q[3]           ;        ;
; u_pipe|g_fft[2].u_fft|u_core|g_lane[0].u_path|g_group[1].u_stage|u_bf2ii|warm_cnt_q[2]           ;        ;
; u_pipe|g_fft[2].u_fft|u_core|g_lane[0].u_path|g_group[1].u_stage|u_bf2ii|warm_cnt_q[1]           ;        ;
; u_pipe|g_fft[2].u_fft|u_core|g_lane[0].u_path|g_group[1].u_stage|u_bf2i|warm_cnt_q[2]            ;        ;
; u_pipe|g_fft[5].u_fft|u_out_fifo|count_q[1]                                                      ;        ;
; u_pipe|g_fft[2].u_fft|u_core|g_lane[0].u_path|g_group[1].u_stage|u_bf2i|warm_cnt_q[1]            ;        ;
; u_pipe|g_fft[2].u_fft|u_core|g_lane[0].u_path|g_group[0].u_stage|u_bf2ii|warm_cnt_q[5]           ;        ;
; u_pipe|g_fft[2].u_fft|u_core|g_lane[0].u_path|g_group[0].u_stage|u_bf2ii|warm_cnt_q[6]           ;        ;
; u_pipe|g_fft[2].u_fft|u_core|g_lane[0].u_path|g_group[0].u_stage|u_bf2ii|warm_cnt_q[7]           ;        ;
; u_pipe|g_fft[2].u_fft|u_core|g_lane[0].u_path|g_group[0].u_stage|u_bf2ii|warm_cnt_q[0]           ;        ;
; u_pipe|g_fft[2].u_fft|u_core|g_lane[0].u_path|g_group[0].u_stage|u_bf2ii|warm_cnt_q[1]           ;        ;
; u_pipe|g_fft[2].u_fft|u_core|g_lane[0].u_path|g_group[0].u_stage|u_bf2ii|warm_cnt_q[2]           ;        ;
; u_pipe|g_fft[2].u_fft|u_core|g_lane[0].u_path|g_group[0].u_stage|u_bf2i|warm_cnt_q[8]            ;        ;
; u_pipe|g_fft[2].u_fft|u_core|g_lane[0].u_path|g_group[0].u_stage|u_bf2i|warm_cnt_q[7]            ;        ;
; u_pipe|g_fft[2].u_fft|u_core|g_lane[0].u_path|g_group[0].u_stage|u_bf2i|warm_cnt_q[6]            ;        ;
; u_pipe|g_fft[5].u_fft|u_out_fifo|count_q[5]                                                      ;        ;
; u_pipe|g_fft[2].u_fft|u_core|g_lane[0].u_path|g_group[0].u_stage|u_bf2i|warm_cnt_q[0]            ;        ;
; u_pipe|g_fft[2].u_fft|u_core|g_lane[0].u_path|g_group[0].u_stage|u_bf2i|warm_cnt_q[1]            ;        ;
; u_pipe|g_fft[2].u_fft|u_core|g_lane[0].u_path|g_group[0].u_stage|u_bf2i|warm_cnt_q[2]            ;        ;
; u_pipe|g_fft[2].u_fft|u_core|g_lane[0].u_path|g_group[0].u_stage|u_bf2i|warm_cnt_q[3]            ;        ;
; u_pipe|g_fft[2].u_fft|u_core|g_lane[0].u_path|g_group[0].u_stage|u_bf2i|warm_cnt_q[4]            ;        ;
; u_pipe|g_fft[2].u_fft|u_core|g_lane[0].u_path|g_group[0].u_stage|u_bf2i|warm_cnt_q[5]            ;        ;
; u_pipe|g_fft[2].u_fft|u_core|g_lane[0].u_path|g_group[0].u_stage|u_bf2ii|warm_cnt_q[3]           ;        ;
; u_pipe|g_fft[2].u_fft|u_core|g_lane[0].u_path|g_group[0].u_stage|u_bf2ii|warm_cnt_q[4]           ;        ;
; u_pipe|g_fft[2].u_fft|u_core|g_lane[0].u_path|g_group[0].u_stage|g_twiddle.g_align[0].w_q        ;        ;
; u_pipe|g_fft[2].u_fft|u_core|g_lane[0].u_path|g_group[0].u_stage|g_twiddle.g_align[1].w_q        ;        ;
; u_pipe|g_fft[5].u_fft|u_out_fifo|count_q[6]                                                      ;        ;
; u_pipe|g_fft[2].u_fft|u_core|g_lane[0].u_path|g_group[0].u_stage|g_twiddle.g_tag[0].w_q          ;        ;
; u_pipe|g_fft[2].u_fft|u_core|g_lane[0].u_path|g_group[0].u_stage|g_twiddle.g_tag[1].w_q          ;        ;
; u_pipe|g_fft[2].u_fft|u_core|g_lane[0].u_path|g_group[0].u_stage|g_twiddle.g_tag[2].w_q          ;        ;
; u_pipe|g_fft[2].u_fft|u_core|g_lane[0].u_path|g_group[0].u_stage|g_twiddle.g_tag[3].w_q          ;        ;
; u_pipe|g_fft[2].u_fft|u_core|g_lane[0].u_path|g_group[1].u_stage|u_bf2i|warm_cnt_q[0]            ;        ;
; u_pipe|g_fft[2].u_fft|u_core|g_lane[0].u_path|g_group[1].u_stage|u_bf2i|warm_cnt_q[3]            ;        ;
; u_pipe|g_fft[2].u_fft|u_core|g_lane[0].u_path|g_group[1].u_stage|u_bf2i|warm_cnt_q[4]            ;        ;
; u_pipe|g_fft[2].u_fft|u_core|g_lane[0].u_path|g_group[1].u_stage|u_bf2i|warm_cnt_q[5]            ;        ;
; u_pipe|g_fft[2].u_fft|u_core|g_lane[0].u_path|g_group[1].u_stage|u_bf2i|warm_cnt_q[6]            ;        ;
; u_pipe|g_fft[2].u_fft|u_core|g_lane[0].u_path|g_group[1].u_stage|u_bf2ii|warm_cnt_q[0]           ;        ;
; u_pipe|g_fft[5].u_fft|u_out_fifo|count_q[7]                                                      ;        ;
; u_pipe|g_fft[2].u_fft|u_core|g_lane[0].u_path|g_group[1].u_stage|g_twiddle.g_align[0].w_q        ;        ;
; u_pipe|g_fft[2].u_fft|u_core|g_lane[0].u_path|g_group[1].u_stage|g_twiddle.g_align[1].w_q        ;        ;
; u_pipe|g_fft[2].u_fft|u_core|g_lane[0].u_path|g_group[1].u_stage|g_twiddle.g_tag[0].w_q          ;        ;
; u_pipe|g_fft[2].u_fft|u_core|g_lane[0].u_path|g_group[1].u_stage|g_twiddle.g_tag[1].w_q          ;        ;
; u_pipe|g_fft[2].u_fft|u_core|g_lane[0].u_path|g_group[1].u_stage|g_twiddle.g_tag[2].w_q          ;        ;
; u_pipe|g_fft[2].u_fft|u_core|g_lane[0].u_path|g_group[1].u_stage|g_twiddle.g_tag[3].w_q          ;        ;
; u_pipe|g_fft[2].u_fft|u_core|g_lane[0].u_path|g_group[2].u_stage|u_bf2i|warm_cnt_q[0]            ;        ;
; u_pipe|g_fft[2].u_fft|u_core|g_lane[0].u_path|g_group[2].u_stage|u_bf2i|warm_cnt_q[3]            ;        ;
; u_pipe|g_fft[2].u_fft|u_core|g_lane[0].u_path|g_group[2].u_stage|u_bf2i|warm_cnt_q[4]            ;        ;
; u_pipe|g_fft[2].u_fft|u_core|g_lane[0].u_path|g_group[2].u_stage|u_bf2ii|warm_cnt_q[0]           ;        ;
; u_pipe|g_fft[5].u_fft|u_out_fifo|count_q[8]                                                      ;        ;
; u_pipe|g_fft[2].u_fft|u_core|g_lane[0].u_path|g_group[2].u_stage|u_bf2ii|warm_cnt_q[1]           ;        ;
; u_pipe|g_fft[2].u_fft|u_core|g_lane[0].u_path|g_group[2].u_stage|g_twiddle.g_align[0].w_q        ;        ;
; u_pipe|g_fft[2].u_fft|u_core|g_lane[0].u_path|g_group[2].u_stage|g_twiddle.g_align[1].w_q        ;        ;
; u_pipe|g_fft[2].u_fft|u_core|g_lane[0].u_path|g_group[2].u_stage|g_twiddle.g_tag[0].w_q          ;        ;
; u_pipe|g_fft[2].u_fft|u_core|g_lane[0].u_path|g_group[2].u_stage|g_twiddle.g_tag[1].w_q          ;        ;
; u_pipe|g_fft[2].u_fft|u_core|g_lane[0].u_path|g_group[2].u_stage|g_twiddle.g_tag[2].w_q          ;        ;
; u_pipe|g_fft[2].u_fft|u_core|g_lane[0].u_path|g_group[2].u_stage|g_twiddle.g_tag[3].w_q          ;        ;
; u_pipe|g_fft[2].u_fft|u_core|g_lane[0].u_path|g_group[3].u_stage|u_bf2i|warm_cnt_q[0]            ;        ;
; u_pipe|g_fft[2].u_fft|u_core|g_lane[0].u_path|g_group[3].u_stage|u_bf2i|warm_cnt_q[2]            ;        ;
; u_pipe|g_fft[2].u_fft|u_core|g_lane[0].u_path|g_group[3].u_stage|u_bf2i|warm_cnt_q[1]            ;        ;
; u_pipe|g_fft[5].u_fft|u_out_fifo|count_q[9]                                                      ;        ;
; u_pipe|g_fft[2].u_fft|u_core|g_lane[0].u_path|g_group[3].u_stage|u_bf2ii|warm_cnt_q[1]           ;        ;
; u_pipe|g_fft[2].u_fft|u_core|g_lane[0].u_path|g_group[3].u_stage|u_bf2ii|warm_cnt_q[0]           ;        ;
; u_pipe|g_fft[2].u_fft|u_core|g_lane[0].u_path|g_group[3].u_stage|g_twiddle.g_align[0].w_q        ;        ;
; u_pipe|g_fft[2].u_fft|u_core|g_lane[0].u_path|g_group[3].u_stage|g_twiddle.g_align[1].w_q        ;        ;
; u_pipe|g_fft[2].u_fft|u_core|g_lane[0].u_path|g_group[3].u_stage|g_twiddle.g_tag[0].w_q          ;        ;
; u_pipe|g_fft[2].u_fft|u_core|g_lane[0].u_path|g_group[3].u_stage|g_twiddle.g_tag[1].w_q          ;        ;
; u_pipe|g_fft[2].u_fft|u_core|g_lane[0].u_path|g_group[3].u_stage|g_twiddle.g_tag[2].w_q          ;        ;
; u_pipe|g_fft[2].u_fft|u_core|g_lane[0].u_path|g_group[3].u_stage|g_twiddle.g_tag[3].w_q          ;        ;
; u_pipe|g_fft[2].u_fft|u_core|g_lane[0].u_path|g_tail.u_tail|warm_cnt_q[1]                        ;        ;
; u_pipe|g_fft[2].u_fft|u_core|g_lane[0].u_path|g_tail.u_tail|warm_cnt_q[0]                        ;        ;
; u_pipe|g_fft[12].u_fft|u_core|g_lane[0].u_path|g_group[2].u_stage|u_bf2i|warm_cnt_q[2]           ;        ;
; u_pipe|g_fft[5].u_fft|u_out_fifo|count_q[10]                                                     ;        ;
; u_pipe|g_fft[2].u_fft|u_core|g_merge.u_merge|g_align[0].w_q                                      ;        ;
; u_pipe|g_fft[2].u_fft|u_core|g_merge.u_merge|g_align[1].w_q                                      ;        ;
; u_pipe|g_fft[2].u_fft|u_core|g_merge.u_merge|g_tag[0].w_q                                        ;        ;
; u_pipe|g_fft[2].u_fft|u_core|g_merge.u_merge|g_tag[1].w_q                                        ;        ;
; u_pipe|g_fft[2].u_fft|u_core|g_merge.u_merge|g_tag[2].w_q                                        ;        ;
; u_pipe|g_fft[2].u_fft|u_core|g_merge.u_merge|g_tag[3].w_q                                        ;        ;
; u_pipe|g_fft[2].u_fft|u_core|g_merge.u_merge|warm_q                                              ;        ;
; u_pipe|g_fft[2].u_fft|g_reorder.u_reorder|warm_cnt_q[0]                                          ;        ;
; u_pipe|g_fft[2].u_fft|credit_q[8]                                                                ;        ;
; u_pipe|g_fft[2].u_fft|credit_q[9]                                                                ;        ;
; u_pipe|g_fft[5].u_fft|u_out_fifo|count_q[4]                                                      ;        ;
; u_pipe|g_fft[2].u_fft|credit_q[10]                                                               ;        ;
; u_pipe|g_fft[2].u_fft|credit_q[0]                                                                ;        ;
; u_pipe|g_fft[2].u_fft|credit_q[1]                                                                ;        ;
; u_pipe|g_fft[2].u_fft|credit_q[2]                                                                ;        ;
; u_pipe|g_fft[2].u_fft|credit_q[3]                                                                ;        ;
; u_pipe|g_fft[2].u_fft|credit_q[4]                                                                ;        ;
; u_pipe|g_fft[2].u_fft|credit_q[5]                                                                ;        ;
; u_pipe|g_fft[2].u_fft|credit_q[6]                                                                ;        ;
; u_pipe|g_fft[2].u_fft|credit_q[7]                                                                ;        ;
; u_pipe|g_fft[2].u_fft|u_eb_in|count_q[1]                                                         ;        ;
; u_pipe|g_fft[5].u_fft|g_reorder.u_reorder|warm_cnt_q[9]                                          ;        ;
; u_pipe|g_pfb[2].u_pfb|u_out|rdy_q                                                                ;        ;
; u_pipe|g_pfb[2].u_pfb|credits_q[3]                                                               ;        ;
; u_pipe|g_pfb[2].u_pfb|credits_q[1]                                                               ;        ;
; u_pipe|g_pfb[2].u_pfb|credits_q[2]                                                               ;        ;
; u_pipe|g_pfb[2].u_pfb|credits_q[0]                                                               ;        ;
; u_pipe|g_pfb[2].u_pfb|rdy_q                                                                      ;        ;
; u_pipe|g_pfb[2].u_pfb|g_lane[0].u_lane|g_mult[0].u_mult|g_valid[0].v_q                           ;        ;
; u_pipe|g_pfb[2].u_pfb|g_lane[0].u_lane|g_mult[0].u_mult|g_valid[1].v_q                           ;        ;
; u_pipe|g_pfb[2].u_pfb|g_lane[0].u_lane|g_mult[0].u_mult|g_valid[2].v_q                           ;        ;
; u_pipe|g_pfb[2].u_pfb|g_lane[0].u_lane|g_mult[0].u_mult|g_valid[3].v_q                           ;        ;
; u_pipe|g_fft[5].u_fft|g_reorder.u_reorder|warm_cnt_q[6]                                          ;        ;
; u_pipe|g_pfb[2].u_pfb|g_lane[0].u_lane|g_valid[0].v_q                                            ;        ;
; u_pipe|g_pfb[2].u_pfb|g_lane[0].u_lane|g_valid[1].v_q                                            ;        ;
; u_pipe|g_pfb[2].u_pfb|g_lane[0].u_lane|g_valid[2].v_q                                            ;        ;
; u_pipe|g_pfb[2].u_pfb|g_lane[0].u_lane|g_valid[3].v_q                                            ;        ;
; u_pipe|g_pfb[2].u_pfb|g_lane[0].u_lane|g_valid[4].v_q                                            ;        ;
; u_pipe|g_pfb[2].u_pfb|u_out|count_q[0]                                                           ;        ;
; u_pipe|g_pfb[2].u_pfb|u_out|count_q[1]                                                           ;        ;
; u_pipe|g_pfb[2].u_pfb|u_out|count_q[2]                                                           ;        ;
; u_pipe|g_pfb[2].u_pfb|u_out|count_q[3]                                                           ;        ;
; u_pipe|g_fft[2].u_fft|u_eb_in|rdy_q                                                              ;        ;
; u_pipe|g_fft[5].u_fft|g_reorder.u_reorder|warm_cnt_q[7]                                          ;        ;
; u_pipe|g_fft[2].u_fft|u_eb_in|count_q[0]                                                         ;        ;
; u_pipe|g_fft[2].u_fft|u_eb_in|count_q[2]                                                         ;        ;
; u_pipe|g_fft[2].u_fft|u_core|g_lane[0].u_path|g_group[0].u_stage|u_bf2i|vld_q                    ;        ;
; u_pipe|g_fft[2].u_fft|u_core|g_lane[0].u_path|g_group[0].u_stage|u_bf2ii|vld_q                   ;        ;
; u_pipe|g_fft[2].u_fft|u_core|g_lane[0].u_path|g_group[0].u_stage|g_twiddle.u_mul|g_valid[0].v_q  ;        ;
; u_pipe|g_fft[2].u_fft|u_core|g_lane[0].u_path|g_group[0].u_stage|g_twiddle.u_mul|g_valid[1].v_q  ;        ;
; u_pipe|g_fft[2].u_fft|u_core|g_lane[0].u_path|g_group[0].u_stage|g_twiddle.u_mul|g_valid[2].v_q  ;        ;
; u_pipe|g_fft[2].u_fft|u_core|g_lane[0].u_path|g_group[0].u_stage|g_twiddle.u_mul|g_valid[3].v_q  ;        ;
; u_pipe|g_fft[2].u_fft|u_core|g_lane[0].u_path|g_group[1].u_stage|u_bf2i|vld_q                    ;        ;
; u_pipe|g_fft[2].u_fft|u_core|g_lane[0].u_path|g_group[1].u_stage|u_bf2ii|vld_q                   ;        ;
; u_pipe|g_fft[5].u_fft|g_reorder.u_reorder|warm_cnt_q[8]                                          ;        ;
; u_pipe|g_fft[2].u_fft|u_core|g_lane[0].u_path|g_group[1].u_stage|g_twiddle.u_mul|g_valid[0].v_q  ;        ;
; u_pipe|g_fft[2].u_fft|u_core|g_lane[0].u_path|g_group[1].u_stage|g_twiddle.u_mul|g_valid[1].v_q  ;        ;
; u_pipe|g_fft[2].u_fft|u_core|g_lane[0].u_path|g_group[1].u_stage|g_twiddle.u_mul|g_valid[2].v_q  ;        ;
; u_pipe|g_fft[2].u_fft|u_core|g_lane[0].u_path|g_group[1].u_stage|g_twiddle.u_mul|g_valid[3].v_q  ;        ;
; u_pipe|g_fft[2].u_fft|u_core|g_lane[0].u_path|g_group[2].u_stage|u_bf2i|vld_q                    ;        ;
; u_pipe|g_fft[2].u_fft|u_core|g_lane[0].u_path|g_group[2].u_stage|u_bf2ii|vld_q                   ;        ;
; u_pipe|g_fft[2].u_fft|u_core|g_lane[0].u_path|g_group[2].u_stage|g_twiddle.u_mul|g_valid[0].v_q  ;        ;
; u_pipe|g_fft[2].u_fft|u_core|g_lane[0].u_path|g_group[2].u_stage|g_twiddle.u_mul|g_valid[1].v_q  ;        ;
; u_pipe|g_fft[2].u_fft|u_core|g_lane[0].u_path|g_group[2].u_stage|g_twiddle.u_mul|g_valid[2].v_q  ;        ;
; u_pipe|g_fft[2].u_fft|u_core|g_lane[0].u_path|g_group[2].u_stage|g_twiddle.u_mul|g_valid[3].v_q  ;        ;
; u_pipe|g_fft[5].u_fft|g_reorder.u_reorder|warm_cnt_q[5]                                          ;        ;
; u_pipe|g_fft[2].u_fft|u_core|g_lane[0].u_path|g_group[3].u_stage|u_bf2i|vld_q                    ;        ;
; u_pipe|g_fft[2].u_fft|u_core|g_lane[0].u_path|g_group[3].u_stage|u_bf2ii|vld_q                   ;        ;
; u_pipe|g_fft[2].u_fft|u_core|g_lane[0].u_path|g_group[3].u_stage|g_twiddle.u_mul|g_valid[0].v_q  ;        ;
; u_pipe|g_fft[2].u_fft|u_core|g_lane[0].u_path|g_group[3].u_stage|g_twiddle.u_mul|g_valid[1].v_q  ;        ;
; u_pipe|g_fft[2].u_fft|u_core|g_lane[0].u_path|g_group[3].u_stage|g_twiddle.u_mul|g_valid[2].v_q  ;        ;
; u_pipe|g_fft[2].u_fft|u_core|g_lane[0].u_path|g_group[3].u_stage|g_twiddle.u_mul|g_valid[3].v_q  ;        ;
; u_pipe|g_fft[2].u_fft|u_core|g_lane[0].u_path|g_tail.u_tail|vld_q                                ;        ;
; u_pipe|g_fft[2].u_fft|u_core|g_merge.u_merge|u_mul|g_valid[0].v_q                                ;        ;
; u_pipe|g_fft[2].u_fft|u_core|g_merge.u_merge|u_mul|g_valid[1].v_q                                ;        ;
; u_pipe|g_fft[2].u_fft|u_core|g_merge.u_merge|u_mul|g_valid[2].v_q                                ;        ;
; u_pipe|g_fft[5].u_fft|g_reorder.u_reorder|warm_cnt_q[4]                                          ;        ;
; u_pipe|g_fft[2].u_fft|u_core|g_merge.u_merge|u_mul|g_valid[3].v_q                                ;        ;
; u_pipe|g_fft[2].u_fft|u_core|g_merge.u_merge|vld_q                                               ;        ;
; u_pipe|g_fft[2].u_fft|g_reorder.u_reorder|vld_q                                                  ;        ;
; u_pipe|g_fft[2].u_fft|u_out_fifo|count_q[2]                                                      ;        ;
; u_pipe|g_fft[2].u_fft|u_out_fifo|g_out_reg.out_valid_q                                           ;        ;
; u_pipe|g_fft[2].u_fft|u_out_fifo|rd_ptr_q[6]                                                     ;        ;
; u_pipe|g_fft[2].u_fft|u_out_fifo|rd_ptr_q[1]                                                     ;        ;
; u_pipe|g_fft[2].u_fft|u_out_fifo|rd_ptr_q[10]                                                    ;        ;
; u_pipe|g_fft[2].u_fft|u_out_fifo|rd_ptr_q[0]                                                     ;        ;
; u_pipe|g_fft[2].u_fft|u_out_fifo|rd_ptr_q[2]                                                     ;        ;
; u_pipe|g_fft[5].u_fft|g_reorder.u_reorder|warm_cnt_q[3]                                          ;        ;
; u_pipe|g_fft[2].u_fft|u_out_fifo|rd_ptr_q[3]                                                     ;        ;
; u_pipe|g_fft[2].u_fft|u_out_fifo|rd_ptr_q[4]                                                     ;        ;
; u_pipe|g_fft[2].u_fft|u_out_fifo|rd_ptr_q[5]                                                     ;        ;
; u_pipe|g_fft[2].u_fft|u_out_fifo|rd_ptr_q[7]                                                     ;        ;
; u_pipe|g_fft[2].u_fft|u_out_fifo|rd_ptr_q[8]                                                     ;        ;
; u_pipe|g_fft[2].u_fft|u_out_fifo|rd_ptr_q[9]                                                     ;        ;
; u_pipe|g_fft[2].u_fft|u_out_fifo|wr_ptr_q[4]                                                     ;        ;
; u_pipe|g_fft[2].u_fft|u_out_fifo|wr_ptr_q[5]                                                     ;        ;
; u_pipe|g_fft[2].u_fft|u_out_fifo|wr_ptr_q[3]                                                     ;        ;
; u_pipe|g_fft[2].u_fft|u_out_fifo|wr_ptr_q[2]                                                     ;        ;
; u_pipe|g_fft[5].u_fft|g_reorder.u_reorder|warm_cnt_q[1]                                          ;        ;
; u_pipe|g_fft[2].u_fft|u_out_fifo|wr_ptr_q[1]                                                     ;        ;
; u_pipe|g_fft[2].u_fft|u_out_fifo|wr_ptr_q[0]                                                     ;        ;
; u_pipe|g_fft[2].u_fft|u_out_fifo|wr_ptr_q[10]                                                    ;        ;
; u_pipe|g_fft[2].u_fft|u_out_fifo|wr_ptr_q[8]                                                     ;        ;
; u_pipe|g_fft[2].u_fft|u_out_fifo|wr_ptr_q[9]                                                     ;        ;
; u_pipe|g_fft[2].u_fft|u_out_fifo|wr_ptr_q[6]                                                     ;        ;
; u_pipe|g_fft[2].u_fft|u_out_fifo|wr_ptr_q[7]                                                     ;        ;
; u_pipe|g_fft[2].u_fft|u_meta_fifo|count_q[8]                                                     ;        ;
; u_pipe|g_fft[2].u_fft|u_meta_fifo|count_q[9]                                                     ;        ;
; u_pipe|g_fft[2].u_fft|u_meta_fifo|count_q[6]                                                     ;        ;
; u_pipe|g_fft[12].u_fft|u_core|g_lane[0].u_path|g_group[2].u_stage|u_bf2i|warm_cnt_q[1]           ;        ;
; u_pipe|g_fft[5].u_fft|g_reorder.u_reorder|warm_cnt_q[2]                                          ;        ;
; u_pipe|g_fft[2].u_fft|u_meta_fifo|count_q[7]                                                     ;        ;
; u_pipe|g_fft[2].u_fft|u_meta_fifo|count_q[5]                                                     ;        ;
; u_pipe|g_fft[2].u_fft|u_meta_fifo|count_q[0]                                                     ;        ;
; u_pipe|g_fft[2].u_fft|u_meta_fifo|count_q[1]                                                     ;        ;
; u_pipe|g_fft[2].u_fft|u_meta_fifo|count_q[2]                                                     ;        ;
; u_pipe|g_fft[2].u_fft|u_meta_fifo|count_q[3]                                                     ;        ;
; u_pipe|g_fft[2].u_fft|u_meta_fifo|count_q[4]                                                     ;        ;
; u_pipe|g_fft[2].u_fft|u_meta_fifo|count_q[10]                                                    ;        ;
; u_pipe|g_fft[2].u_fft|u_meta_fifo|rd_ptr_q[1]                                                    ;        ;
; u_pipe|g_fft[2].u_fft|u_meta_fifo|rd_ptr_q[10]                                                   ;        ;
; u_pipe|g_fft[5].u_fft|u_core|g_lane[0].u_path|g_group[2].u_stage|u_bf2ii|warm_cnt_q[3]           ;        ;
; u_pipe|g_fft[2].u_fft|u_meta_fifo|rd_ptr_q[9]                                                    ;        ;
; u_pipe|g_fft[2].u_fft|u_meta_fifo|rd_ptr_q[8]                                                    ;        ;
; u_pipe|g_fft[2].u_fft|u_meta_fifo|rd_ptr_q[6]                                                    ;        ;
; u_pipe|g_fft[2].u_fft|u_meta_fifo|rd_ptr_q[7]                                                    ;        ;
; u_pipe|g_fft[2].u_fft|u_meta_fifo|rd_ptr_q[0]                                                    ;        ;
; u_pipe|g_fft[2].u_fft|u_meta_fifo|rd_ptr_q[2]                                                    ;        ;
; u_pipe|g_fft[2].u_fft|u_meta_fifo|rd_ptr_q[3]                                                    ;        ;
; u_pipe|g_fft[2].u_fft|u_meta_fifo|rd_ptr_q[4]                                                    ;        ;
; u_pipe|g_fft[2].u_fft|u_meta_fifo|rd_ptr_q[5]                                                    ;        ;
; u_pipe|g_fft[2].u_fft|u_meta_fifo|wr_ptr_q[3]                                                    ;        ;
; u_pipe|g_fft[5].u_fft|u_core|g_lane[0].u_path|g_group[2].u_stage|u_bf2ii|warm_cnt_q[2]           ;        ;
; u_pipe|g_fft[2].u_fft|u_meta_fifo|wr_ptr_q[2]                                                    ;        ;
; u_pipe|g_fft[2].u_fft|u_meta_fifo|wr_ptr_q[1]                                                    ;        ;
; u_pipe|g_fft[2].u_fft|u_meta_fifo|wr_ptr_q[0]                                                    ;        ;
; u_pipe|g_fft[2].u_fft|u_meta_fifo|wr_ptr_q[10]                                                   ;        ;
; u_pipe|g_fft[2].u_fft|u_meta_fifo|wr_ptr_q[6]                                                    ;        ;
; u_pipe|g_fft[2].u_fft|u_meta_fifo|wr_ptr_q[7]                                                    ;        ;
; u_pipe|g_fft[2].u_fft|u_meta_fifo|wr_ptr_q[8]                                                    ;        ;
; u_pipe|g_fft[2].u_fft|u_meta_fifo|wr_ptr_q[9]                                                    ;        ;
; u_pipe|g_fft[2].u_fft|u_meta_fifo|wr_ptr_q[4]                                                    ;        ;
; u_pipe|g_fft[2].u_fft|u_meta_fifo|wr_ptr_q[5]                                                    ;        ;
; u_pipe|g_fft[5].u_fft|u_core|g_lane[0].u_path|g_group[2].u_stage|u_bf2i|warm_cnt_q[2]            ;        ;
; u_pipe|g_fft[2].u_fft|u_eb_in|wr_ptr_q[0]                                                        ;        ;
; u_pipe|g_fft[2].u_fft|u_eb_in|wr_ptr_q[1]                                                        ;        ;
; u_pipe|g_pfb[2].u_pfb|u_out|wr_ptr_q[3]                                                          ;        ;
; u_pipe|g_pfb[2].u_pfb|u_out|wr_ptr_q[2]                                                          ;        ;
; u_pipe|g_pfb[2].u_pfb|u_out|wr_ptr_q[1]                                                          ;        ;
; u_pipe|g_pfb[2].u_pfb|u_out|wr_ptr_q[0]                                                          ;        ;
; u_pipe|g_pfb[2].u_pfb|u_out|rd_ptr_q[3]                                                          ;        ;
; u_pipe|g_pfb[2].u_pfb|u_out|rd_ptr_q[2]                                                          ;        ;
; u_pipe|g_pfb[2].u_pfb|u_out|rd_ptr_q[1]                                                          ;        ;
; u_pipe|g_pfb[2].u_pfb|u_out|rd_ptr_q[0]                                                          ;        ;
; u_pipe|g_fft[5].u_fft|u_core|g_lane[0].u_path|g_group[2].u_stage|u_bf2i|warm_cnt_q[1]            ;        ;
; u_pipe|g_fft[2].u_fft|u_eb_in|rd_ptr_q[0]                                                        ;        ;
; u_pipe|g_fft[2].u_fft|u_eb_in|rd_ptr_q[1]                                                        ;        ;
; u_pipe|g_fft[3].u_fft|u_out_fifo|count_q[2]                                                      ;        ;
; u_pipe|g_fft[3].u_fft|u_out_fifo|count_q[0]                                                      ;        ;
; u_pipe|g_fft[3].u_fft|u_out_fifo|count_q[1]                                                      ;        ;
; u_pipe|g_fft[3].u_fft|u_out_fifo|count_q[5]                                                      ;        ;
; u_pipe|g_fft[3].u_fft|u_out_fifo|count_q[6]                                                      ;        ;
; u_pipe|g_fft[3].u_fft|u_out_fifo|count_q[7]                                                      ;        ;
; u_pipe|g_fft[3].u_fft|u_out_fifo|count_q[8]                                                      ;        ;
; u_pipe|g_fft[3].u_fft|u_out_fifo|count_q[9]                                                      ;        ;
; u_pipe|g_fft[5].u_fft|u_core|g_lane[0].u_path|g_group[1].u_stage|u_bf2ii|warm_cnt_q[5]           ;        ;
; u_pipe|g_fft[3].u_fft|u_out_fifo|count_q[10]                                                     ;        ;
; u_pipe|g_fft[3].u_fft|u_out_fifo|count_q[4]                                                      ;        ;
; u_pipe|g_fft[3].u_fft|g_reorder.u_reorder|warm_cnt_q[9]                                          ;        ;
; u_pipe|g_fft[3].u_fft|g_reorder.u_reorder|warm_cnt_q[6]                                          ;        ;
; u_pipe|g_fft[3].u_fft|g_reorder.u_reorder|warm_cnt_q[7]                                          ;        ;
; u_pipe|g_fft[3].u_fft|g_reorder.u_reorder|warm_cnt_q[8]                                          ;        ;
; u_pipe|g_fft[3].u_fft|g_reorder.u_reorder|warm_cnt_q[5]                                          ;        ;
; u_pipe|g_fft[3].u_fft|g_reorder.u_reorder|warm_cnt_q[4]                                          ;        ;
; u_pipe|g_fft[3].u_fft|g_reorder.u_reorder|warm_cnt_q[3]                                          ;        ;
; u_pipe|g_fft[3].u_fft|g_reorder.u_reorder|warm_cnt_q[1]                                          ;        ;
; u_pipe|g_fft[5].u_fft|u_core|g_lane[0].u_path|g_group[1].u_stage|u_bf2ii|warm_cnt_q[4]           ;        ;
; u_pipe|g_fft[3].u_fft|g_reorder.u_reorder|warm_cnt_q[2]                                          ;        ;
; u_pipe|g_fft[3].u_fft|u_core|g_lane[0].u_path|g_group[2].u_stage|u_bf2ii|warm_cnt_q[3]           ;        ;
; u_pipe|g_fft[3].u_fft|u_core|g_lane[0].u_path|g_group[2].u_stage|u_bf2ii|warm_cnt_q[2]           ;        ;
; u_pipe|g_fft[3].u_fft|u_core|g_lane[0].u_path|g_group[2].u_stage|u_bf2i|warm_cnt_q[2]            ;        ;
; u_pipe|g_fft[3].u_fft|u_core|g_lane[0].u_path|g_group[2].u_stage|u_bf2i|warm_cnt_q[1]            ;        ;
; u_pipe|g_fft[3].u_fft|u_core|g_lane[0].u_path|g_group[1].u_stage|u_bf2ii|warm_cnt_q[5]           ;        ;
; u_pipe|g_fft[3].u_fft|u_core|g_lane[0].u_path|g_group[1].u_stage|u_bf2ii|warm_cnt_q[4]           ;        ;
; u_pipe|g_fft[3].u_fft|u_core|g_lane[0].u_path|g_group[1].u_stage|u_bf2ii|warm_cnt_q[3]           ;        ;
; u_pipe|g_fft[3].u_fft|u_core|g_lane[0].u_path|g_group[1].u_stage|u_bf2ii|warm_cnt_q[2]           ;        ;
; u_pipe|g_fft[3].u_fft|u_core|g_lane[0].u_path|g_group[1].u_stage|u_bf2ii|warm_cnt_q[1]           ;        ;
; u_pipe|g_fft[5].u_fft|u_core|g_lane[0].u_path|g_group[1].u_stage|u_bf2ii|warm_cnt_q[3]           ;        ;
; u_pipe|g_fft[3].u_fft|u_core|g_lane[0].u_path|g_group[1].u_stage|u_bf2i|warm_cnt_q[2]            ;        ;
; u_pipe|g_fft[3].u_fft|u_core|g_lane[0].u_path|g_group[1].u_stage|u_bf2i|warm_cnt_q[1]            ;        ;
; u_pipe|g_fft[3].u_fft|u_core|g_lane[0].u_path|g_group[0].u_stage|u_bf2ii|warm_cnt_q[7]           ;        ;
; u_pipe|g_fft[3].u_fft|u_core|g_lane[0].u_path|g_group[0].u_stage|u_bf2ii|warm_cnt_q[0]           ;        ;
; u_pipe|g_fft[3].u_fft|u_core|g_lane[0].u_path|g_group[0].u_stage|u_bf2ii|warm_cnt_q[1]           ;        ;
; u_pipe|g_fft[3].u_fft|u_core|g_lane[0].u_path|g_group[0].u_stage|u_bf2ii|warm_cnt_q[2]           ;        ;
; u_pipe|g_fft[3].u_fft|u_core|g_lane[0].u_path|g_group[0].u_stage|u_bf2ii|warm_cnt_q[3]           ;        ;
; u_pipe|g_fft[3].u_fft|u_core|g_lane[0].u_path|g_group[0].u_stage|u_bf2ii|warm_cnt_q[4]           ;        ;
; u_pipe|g_fft[3].u_fft|u_core|g_lane[0].u_path|g_group[0].u_stage|u_bf2i|warm_cnt_q[0]            ;        ;
; u_pipe|g_fft[3].u_fft|u_core|g_lane[0].u_path|g_group[0].u_stage|u_bf2i|warm_cnt_q[6]            ;        ;
; u_pipe|g_fft[5].u_fft|u_core|g_lane[0].u_path|g_group[1].u_stage|u_bf2ii|warm_cnt_q[2]           ;        ;
; u_pipe|g_fft[3].u_fft|u_core|g_lane[0].u_path|g_group[0].u_stage|u_bf2i|warm_cnt_q[7]            ;        ;
; u_pipe|g_fft[3].u_fft|u_core|g_lane[0].u_path|g_group[0].u_stage|u_bf2i|warm_cnt_q[8]            ;        ;
; u_pipe|g_fft[3].u_fft|u_core|g_lane[0].u_path|g_group[0].u_stage|u_bf2i|warm_cnt_q[3]            ;        ;
; u_pipe|g_fft[3].u_fft|u_core|g_lane[0].u_path|g_group[0].u_stage|u_bf2i|warm_cnt_q[4]            ;        ;
; u_pipe|g_fft[3].u_fft|u_core|g_lane[0].u_path|g_group[0].u_stage|u_bf2i|warm_cnt_q[5]            ;        ;
; u_pipe|g_fft[3].u_fft|u_core|g_lane[0].u_path|g_group[0].u_stage|u_bf2i|warm_cnt_q[1]            ;        ;
; u_pipe|g_fft[3].u_fft|u_core|g_lane[0].u_path|g_group[0].u_stage|u_bf2i|warm_cnt_q[2]            ;        ;
; u_pipe|g_fft[3].u_fft|u_core|g_lane[0].u_path|g_group[0].u_stage|u_bf2ii|warm_cnt_q[5]           ;        ;
; u_pipe|g_fft[3].u_fft|u_core|g_lane[0].u_path|g_group[0].u_stage|u_bf2ii|warm_cnt_q[6]           ;        ;
; u_pipe|g_fft[3].u_fft|u_core|g_lane[0].u_path|g_group[0].u_stage|g_twiddle.g_align[0].w_q        ;        ;
; u_pipe|g_fft[5].u_fft|u_core|g_lane[0].u_path|g_group[1].u_stage|u_bf2ii|warm_cnt_q[1]           ;        ;
; u_pipe|g_fft[3].u_fft|u_core|g_lane[0].u_path|g_group[0].u_stage|g_twiddle.g_align[1].w_q        ;        ;
; u_pipe|g_fft[3].u_fft|u_core|g_lane[0].u_path|g_group[0].u_stage|g_twiddle.g_tag[0].w_q          ;        ;
; u_pipe|g_fft[3].u_fft|u_core|g_lane[0].u_path|g_group[0].u_stage|g_twiddle.g_tag[1].w_q          ;        ;
; u_pipe|g_fft[3].u_fft|u_core|g_lane[0].u_path|g_group[0].u_stage|g_twiddle.g_tag[2].w_q          ;        ;
; u_pipe|g_fft[3].u_fft|u_core|g_lane[0].u_path|g_group[0].u_stage|g_twiddle.g_tag[3].w_q          ;        ;
; u_pipe|g_fft[3].u_fft|u_core|g_lane[0].u_path|g_group[1].u_stage|u_bf2i|warm_cnt_q[0]            ;        ;
; u_pipe|g_fft[3].u_fft|u_core|g_lane[0].u_path|g_group[1].u_stage|u_bf2i|warm_cnt_q[3]            ;        ;
; u_pipe|g_fft[3].u_fft|u_core|g_lane[0].u_path|g_group[1].u_stage|u_bf2i|warm_cnt_q[4]            ;        ;
; u_pipe|g_fft[3].u_fft|u_core|g_lane[0].u_path|g_group[1].u_stage|u_bf2i|warm_cnt_q[5]            ;        ;
; u_pipe|g_fft[3].u_fft|u_core|g_lane[0].u_path|g_group[1].u_stage|u_bf2i|warm_cnt_q[6]            ;        ;
; u_pipe|g_fft[12].u_fft|u_core|g_lane[0].u_path|g_group[1].u_stage|u_bf2ii|warm_cnt_q[5]          ;        ;
; u_pipe|g_fft[5].u_fft|u_core|g_lane[0].u_path|g_group[1].u_stage|u_bf2i|warm_cnt_q[2]            ;        ;
; u_pipe|g_fft[3].u_fft|u_core|g_lane[0].u_path|g_group[1].u_stage|u_bf2ii|warm_cnt_q[0]           ;        ;
; u_pipe|g_fft[3].u_fft|u_core|g_lane[0].u_path|g_group[1].u_stage|g_twiddle.g_align[0].w_q        ;        ;
; u_pipe|g_fft[3].u_fft|u_core|g_lane[0].u_path|g_group[1].u_stage|g_twiddle.g_align[1].w_q        ;        ;
; u_pipe|g_fft[3].u_fft|u_core|g_lane[0].u_path|g_group[1].u_stage|g_twiddle.g_tag[0].w_q          ;        ;
; u_pipe|g_fft[3].u_fft|u_core|g_lane[0].u_path|g_group[1].u_stage|g_twiddle.g_tag[1].w_q          ;        ;
; u_pipe|g_fft[3].u_fft|u_core|g_lane[0].u_path|g_group[1].u_stage|g_twiddle.g_tag[2].w_q          ;        ;
; u_pipe|g_fft[3].u_fft|u_core|g_lane[0].u_path|g_group[1].u_stage|g_twiddle.g_tag[3].w_q          ;        ;
; u_pipe|g_fft[3].u_fft|u_core|g_lane[0].u_path|g_group[2].u_stage|u_bf2i|warm_cnt_q[0]            ;        ;
; u_pipe|g_fft[3].u_fft|u_core|g_lane[0].u_path|g_group[2].u_stage|u_bf2i|warm_cnt_q[3]            ;        ;
; u_pipe|g_fft[3].u_fft|u_core|g_lane[0].u_path|g_group[2].u_stage|u_bf2i|warm_cnt_q[4]            ;        ;
; u_pipe|g_fft[5].u_fft|u_core|g_lane[0].u_path|g_group[1].u_stage|u_bf2i|warm_cnt_q[1]            ;        ;
; u_pipe|g_fft[3].u_fft|u_core|g_lane[0].u_path|g_group[2].u_stage|u_bf2ii|warm_cnt_q[0]           ;        ;
; u_pipe|g_fft[3].u_fft|u_core|g_lane[0].u_path|g_group[2].u_stage|u_bf2ii|warm_cnt_q[1]           ;        ;
; u_pipe|g_fft[3].u_fft|u_core|g_lane[0].u_path|g_group[2].u_stage|g_twiddle.g_align[0].w_q        ;        ;
; u_pipe|g_fft[3].u_fft|u_core|g_lane[0].u_path|g_group[2].u_stage|g_twiddle.g_align[1].w_q        ;        ;
; u_pipe|g_fft[3].u_fft|u_core|g_lane[0].u_path|g_group[2].u_stage|g_twiddle.g_tag[0].w_q          ;        ;
; u_pipe|g_fft[3].u_fft|u_core|g_lane[0].u_path|g_group[2].u_stage|g_twiddle.g_tag[1].w_q          ;        ;
; u_pipe|g_fft[3].u_fft|u_core|g_lane[0].u_path|g_group[2].u_stage|g_twiddle.g_tag[2].w_q          ;        ;
; u_pipe|g_fft[3].u_fft|u_core|g_lane[0].u_path|g_group[2].u_stage|g_twiddle.g_tag[3].w_q          ;        ;
; u_pipe|g_fft[3].u_fft|u_core|g_lane[0].u_path|g_group[3].u_stage|u_bf2i|warm_cnt_q[0]            ;        ;
; u_pipe|g_fft[3].u_fft|u_core|g_lane[0].u_path|g_group[3].u_stage|u_bf2i|warm_cnt_q[2]            ;        ;
; u_pipe|g_fft[5].u_fft|u_core|g_lane[0].u_path|g_group[0].u_stage|u_bf2ii|warm_cnt_q[7]           ;        ;
; u_pipe|g_fft[3].u_fft|u_core|g_lane[0].u_path|g_group[3].u_stage|u_bf2i|warm_cnt_q[1]            ;        ;
; u_pipe|g_fft[3].u_fft|u_core|g_lane[0].u_path|g_group[3].u_stage|u_bf2ii|warm_cnt_q[1]           ;        ;
; u_pipe|g_fft[3].u_fft|u_core|g_lane[0].u_path|g_group[3].u_stage|u_bf2ii|warm_cnt_q[0]           ;        ;
; u_pipe|g_fft[3].u_fft|u_core|g_lane[0].u_path|g_group[3].u_stage|g_twiddle.g_align[0].w_q        ;        ;
; u_pipe|g_fft[3].u_fft|u_core|g_lane[0].u_path|g_group[3].u_stage|g_twiddle.g_align[1].w_q        ;        ;
; u_pipe|g_fft[3].u_fft|u_core|g_lane[0].u_path|g_group[3].u_stage|g_twiddle.g_tag[0].w_q          ;        ;
; u_pipe|g_fft[3].u_fft|u_core|g_lane[0].u_path|g_group[3].u_stage|g_twiddle.g_tag[1].w_q          ;        ;
; u_pipe|g_fft[3].u_fft|u_core|g_lane[0].u_path|g_group[3].u_stage|g_twiddle.g_tag[2].w_q          ;        ;
; u_pipe|g_fft[3].u_fft|u_core|g_lane[0].u_path|g_group[3].u_stage|g_twiddle.g_tag[3].w_q          ;        ;
; u_pipe|g_fft[3].u_fft|u_core|g_lane[0].u_path|g_tail.u_tail|warm_cnt_q[1]                        ;        ;
; u_pipe|g_fft[5].u_fft|u_core|g_lane[0].u_path|g_group[0].u_stage|u_bf2ii|warm_cnt_q[0]           ;        ;
; u_pipe|g_fft[3].u_fft|u_core|g_lane[0].u_path|g_tail.u_tail|warm_cnt_q[0]                        ;        ;
; u_pipe|g_fft[3].u_fft|u_core|g_merge.u_merge|g_align[0].w_q                                      ;        ;
; u_pipe|g_fft[3].u_fft|u_core|g_merge.u_merge|g_align[1].w_q                                      ;        ;
; u_pipe|g_fft[3].u_fft|u_core|g_merge.u_merge|g_tag[0].w_q                                        ;        ;
; u_pipe|g_fft[3].u_fft|u_core|g_merge.u_merge|g_tag[1].w_q                                        ;        ;
; u_pipe|g_fft[3].u_fft|u_core|g_merge.u_merge|g_tag[2].w_q                                        ;        ;
; u_pipe|g_fft[3].u_fft|u_core|g_merge.u_merge|g_tag[3].w_q                                        ;        ;
; u_pipe|g_fft[3].u_fft|u_core|g_merge.u_merge|warm_q                                              ;        ;
; u_pipe|g_fft[3].u_fft|g_reorder.u_reorder|warm_cnt_q[0]                                          ;        ;
; u_pipe|g_fft[3].u_fft|credit_q[10]                                                               ;        ;
; u_pipe|g_fft[5].u_fft|u_core|g_lane[0].u_path|g_group[0].u_stage|u_bf2ii|warm_cnt_q[1]           ;        ;
; u_pipe|g_fft[3].u_fft|credit_q[0]                                                                ;        ;
; u_pipe|g_fft[3].u_fft|credit_q[1]                                                                ;        ;
; u_pipe|g_fft[3].u_fft|credit_q[2]                                                                ;        ;
; u_pipe|g_fft[3].u_fft|credit_q[3]                                                                ;        ;
; u_pipe|g_fft[3].u_fft|credit_q[4]                                                                ;        ;
; u_pipe|g_fft[3].u_fft|credit_q[5]                                                                ;        ;
; u_pipe|g_fft[3].u_fft|credit_q[6]                                                                ;        ;
; u_pipe|g_fft[3].u_fft|credit_q[7]                                                                ;        ;
; u_pipe|g_fft[3].u_fft|credit_q[8]                                                                ;        ;
; u_pipe|g_fft[3].u_fft|credit_q[9]                                                                ;        ;
; u_pipe|g_fft[5].u_fft|u_core|g_lane[0].u_path|g_group[0].u_stage|u_bf2ii|warm_cnt_q[2]           ;        ;
; u_pipe|g_fft[3].u_fft|u_eb_in|count_q[1]                                                         ;        ;
; u_pipe|g_pfb[3].u_pfb|u_out|rdy_q                                                                ;        ;
; u_pipe|g_pfb[3].u_pfb|credits_q[3]                                                               ;        ;
; u_pipe|g_pfb[3].u_pfb|credits_q[1]                                                               ;        ;
; u_pipe|g_pfb[3].u_pfb|credits_q[2]                                                               ;        ;
; u_pipe|g_pfb[3].u_pfb|credits_q[0]                                                               ;        ;
; u_pipe|g_pfb[3].u_pfb|rdy_q                                                                      ;        ;
; u_pipe|g_pfb[3].u_pfb|g_lane[0].u_lane|g_mult[0].u_mult|g_valid[0].v_q                           ;        ;
; u_pipe|g_pfb[3].u_pfb|g_lane[0].u_lane|g_mult[0].u_mult|g_valid[1].v_q                           ;        ;
; u_pipe|g_pfb[3].u_pfb|g_lane[0].u_lane|g_mult[0].u_mult|g_valid[2].v_q                           ;        ;
; u_pipe|g_fft[5].u_fft|u_core|g_lane[0].u_path|g_group[0].u_stage|u_bf2ii|warm_cnt_q[3]           ;        ;
; u_pipe|g_pfb[3].u_pfb|g_lane[0].u_lane|g_mult[0].u_mult|g_valid[3].v_q                           ;        ;
; u_pipe|g_pfb[3].u_pfb|g_lane[0].u_lane|g_valid[0].v_q                                            ;        ;
; u_pipe|g_pfb[3].u_pfb|g_lane[0].u_lane|g_valid[1].v_q                                            ;        ;
; u_pipe|g_pfb[3].u_pfb|g_lane[0].u_lane|g_valid[2].v_q                                            ;        ;
; u_pipe|g_pfb[3].u_pfb|g_lane[0].u_lane|g_valid[3].v_q                                            ;        ;
; u_pipe|g_pfb[3].u_pfb|g_lane[0].u_lane|g_valid[4].v_q                                            ;        ;
; u_pipe|g_pfb[3].u_pfb|u_out|count_q[0]                                                           ;        ;
; u_pipe|g_pfb[3].u_pfb|u_out|count_q[1]                                                           ;        ;
; u_pipe|g_pfb[3].u_pfb|u_out|count_q[2]                                                           ;        ;
; u_pipe|g_pfb[3].u_pfb|u_out|count_q[3]                                                           ;        ;
; u_pipe|g_fft[5].u_fft|u_core|g_lane[0].u_path|g_group[0].u_stage|u_bf2ii|warm_cnt_q[4]           ;        ;
; u_pipe|g_fft[3].u_fft|u_eb_in|rdy_q                                                              ;        ;
; u_pipe|g_fft[3].u_fft|u_eb_in|count_q[0]                                                         ;        ;
; u_pipe|g_fft[3].u_fft|u_eb_in|count_q[2]                                                         ;        ;
; u_pipe|g_fft[3].u_fft|u_core|g_lane[0].u_path|g_group[0].u_stage|u_bf2i|vld_q                    ;        ;
; u_pipe|g_fft[3].u_fft|u_core|g_lane[0].u_path|g_group[0].u_stage|u_bf2ii|vld_q                   ;        ;
; u_pipe|g_fft[3].u_fft|u_core|g_lane[0].u_path|g_group[0].u_stage|g_twiddle.u_mul|g_valid[0].v_q  ;        ;
; u_pipe|g_fft[3].u_fft|u_core|g_lane[0].u_path|g_group[0].u_stage|g_twiddle.u_mul|g_valid[1].v_q  ;        ;
; u_pipe|g_fft[3].u_fft|u_core|g_lane[0].u_path|g_group[0].u_stage|g_twiddle.u_mul|g_valid[2].v_q  ;        ;
; u_pipe|g_fft[3].u_fft|u_core|g_lane[0].u_path|g_group[0].u_stage|g_twiddle.u_mul|g_valid[3].v_q  ;        ;
; u_pipe|g_fft[3].u_fft|u_core|g_lane[0].u_path|g_group[1].u_stage|u_bf2i|vld_q                    ;        ;
; u_pipe|g_fft[5].u_fft|u_core|g_lane[0].u_path|g_group[0].u_stage|u_bf2i|warm_cnt_q[0]            ;        ;
; u_pipe|g_fft[3].u_fft|u_core|g_lane[0].u_path|g_group[1].u_stage|u_bf2ii|vld_q                   ;        ;
; u_pipe|g_fft[3].u_fft|u_core|g_lane[0].u_path|g_group[1].u_stage|g_twiddle.u_mul|g_valid[0].v_q  ;        ;
; u_pipe|g_fft[3].u_fft|u_core|g_lane[0].u_path|g_group[1].u_stage|g_twiddle.u_mul|g_valid[1].v_q  ;        ;
; u_pipe|g_fft[3].u_fft|u_core|g_lane[0].u_path|g_group[1].u_stage|g_twiddle.u_mul|g_valid[2].v_q  ;        ;
; u_pipe|g_fft[3].u_fft|u_core|g_lane[0].u_path|g_group[1].u_stage|g_twiddle.u_mul|g_valid[3].v_q  ;        ;
; u_pipe|g_fft[3].u_fft|u_core|g_lane[0].u_path|g_group[2].u_stage|u_bf2i|vld_q                    ;        ;
; u_pipe|g_fft[3].u_fft|u_core|g_lane[0].u_path|g_group[2].u_stage|u_bf2ii|vld_q                   ;        ;
; u_pipe|g_fft[3].u_fft|u_core|g_lane[0].u_path|g_group[2].u_stage|g_twiddle.u_mul|g_valid[0].v_q  ;        ;
; u_pipe|g_fft[3].u_fft|u_core|g_lane[0].u_path|g_group[2].u_stage|g_twiddle.u_mul|g_valid[1].v_q  ;        ;
; u_pipe|g_fft[3].u_fft|u_core|g_lane[0].u_path|g_group[2].u_stage|g_twiddle.u_mul|g_valid[2].v_q  ;        ;
; u_pipe|g_fft[5].u_fft|u_core|g_lane[0].u_path|g_group[0].u_stage|u_bf2i|warm_cnt_q[6]            ;        ;
; u_pipe|g_fft[3].u_fft|u_core|g_lane[0].u_path|g_group[2].u_stage|g_twiddle.u_mul|g_valid[3].v_q  ;        ;
; u_pipe|g_fft[3].u_fft|u_core|g_lane[0].u_path|g_group[3].u_stage|u_bf2i|vld_q                    ;        ;
; u_pipe|g_fft[3].u_fft|u_core|g_lane[0].u_path|g_group[3].u_stage|u_bf2ii|vld_q                   ;        ;
; u_pipe|g_fft[3].u_fft|u_core|g_lane[0].u_path|g_group[3].u_stage|g_twiddle.u_mul|g_valid[0].v_q  ;        ;
; u_pipe|g_fft[3].u_fft|u_core|g_lane[0].u_path|g_group[3].u_stage|g_twiddle.u_mul|g_valid[1].v_q  ;        ;
; u_pipe|g_fft[3].u_fft|u_core|g_lane[0].u_path|g_group[3].u_stage|g_twiddle.u_mul|g_valid[2].v_q  ;        ;
; u_pipe|g_fft[3].u_fft|u_core|g_lane[0].u_path|g_group[3].u_stage|g_twiddle.u_mul|g_valid[3].v_q  ;        ;
; u_pipe|g_fft[3].u_fft|u_core|g_lane[0].u_path|g_tail.u_tail|vld_q                                ;        ;
; u_pipe|g_fft[3].u_fft|u_core|g_merge.u_merge|u_mul|g_valid[0].v_q                                ;        ;
; u_pipe|g_fft[3].u_fft|u_core|g_merge.u_merge|u_mul|g_valid[1].v_q                                ;        ;
; u_pipe|g_fft[12].u_fft|u_core|g_lane[0].u_path|g_group[1].u_stage|u_bf2ii|warm_cnt_q[4]          ;        ;
; u_pipe|g_fft[5].u_fft|u_core|g_lane[0].u_path|g_group[0].u_stage|u_bf2i|warm_cnt_q[7]            ;        ;
; u_pipe|g_fft[3].u_fft|u_core|g_merge.u_merge|u_mul|g_valid[2].v_q                                ;        ;
; u_pipe|g_fft[3].u_fft|u_core|g_merge.u_merge|u_mul|g_valid[3].v_q                                ;        ;
; u_pipe|g_fft[3].u_fft|u_core|g_merge.u_merge|vld_q                                               ;        ;
; u_pipe|g_fft[3].u_fft|g_reorder.u_reorder|vld_q                                                  ;        ;
; u_pipe|g_fft[3].u_fft|u_out_fifo|count_q[3]                                                      ;        ;
; u_pipe|g_fft[3].u_fft|u_out_fifo|g_out_reg.out_valid_q                                           ;        ;
; u_pipe|g_fft[3].u_fft|u_out_fifo|rd_ptr_q[6]                                                     ;        ;
; u_pipe|g_fft[3].u_fft|u_out_fifo|rd_ptr_q[1]                                                     ;        ;
; u_pipe|g_fft[3].u_fft|u_out_fifo|rd_ptr_q[10]                                                    ;        ;
; u_pipe|g_fft[3].u_fft|u_out_fifo|rd_ptr_q[0]                                                     ;        ;
; u_pipe|g_fft[5].u_fft|u_core|g_lane[0].u_path|g_group[0].u_stage|u_bf2i|warm_cnt_q[8]            ;        ;
; u_pipe|g_fft[3].u_fft|u_out_fifo|rd_ptr_q[2]                                                     ;        ;
; u_pipe|g_fft[3].u_fft|u_out_fifo|rd_ptr_q[3]                                                     ;        ;
; u_pipe|g_fft[3].u_fft|u_out_fifo|rd_ptr_q[4]                                                     ;        ;
; u_pipe|g_fft[3].u_fft|u_out_fifo|rd_ptr_q[5]                                                     ;        ;
; u_pipe|g_fft[3].u_fft|u_out_fifo|rd_ptr_q[7]                                                     ;        ;
; u_pipe|g_fft[3].u_fft|u_out_fifo|rd_ptr_q[8]                                                     ;        ;
; u_pipe|g_fft[3].u_fft|u_out_fifo|rd_ptr_q[9]                                                     ;        ;
; u_pipe|g_fft[3].u_fft|u_out_fifo|wr_ptr_q[4]                                                     ;        ;
; u_pipe|g_fft[3].u_fft|u_out_fifo|wr_ptr_q[5]                                                     ;        ;
; u_pipe|g_fft[3].u_fft|u_out_fifo|wr_ptr_q[3]                                                     ;        ;
; u_pipe|g_fft[5].u_fft|u_core|g_lane[0].u_path|g_group[0].u_stage|u_bf2i|warm_cnt_q[3]            ;        ;
; u_pipe|g_fft[3].u_fft|u_out_fifo|wr_ptr_q[2]                                                     ;        ;
; u_pipe|g_fft[3].u_fft|u_out_fifo|wr_ptr_q[1]                                                     ;        ;
; u_pipe|g_fft[3].u_fft|u_out_fifo|wr_ptr_q[0]                                                     ;        ;
; u_pipe|g_fft[3].u_fft|u_out_fifo|wr_ptr_q[10]                                                    ;        ;
; u_pipe|g_fft[3].u_fft|u_out_fifo|wr_ptr_q[8]                                                     ;        ;
; u_pipe|g_fft[3].u_fft|u_out_fifo|wr_ptr_q[9]                                                     ;        ;
; u_pipe|g_fft[3].u_fft|u_out_fifo|wr_ptr_q[6]                                                     ;        ;
; u_pipe|g_fft[3].u_fft|u_out_fifo|wr_ptr_q[7]                                                     ;        ;
; u_pipe|g_fft[3].u_fft|u_meta_fifo|count_q[0]                                                     ;        ;
; u_pipe|g_fft[3].u_fft|u_meta_fifo|count_q[1]                                                     ;        ;
; u_pipe|g_fft[5].u_fft|u_core|g_lane[0].u_path|g_group[0].u_stage|u_bf2i|warm_cnt_q[4]            ;        ;
; u_pipe|g_fft[3].u_fft|u_meta_fifo|count_q[2]                                                     ;        ;
; u_pipe|g_fft[3].u_fft|u_meta_fifo|count_q[3]                                                     ;        ;
; u_pipe|g_fft[3].u_fft|u_meta_fifo|count_q[4]                                                     ;        ;
; u_pipe|g_fft[3].u_fft|u_meta_fifo|count_q[6]                                                     ;        ;
; u_pipe|g_fft[3].u_fft|u_meta_fifo|count_q[7]                                                     ;        ;
; u_pipe|g_fft[3].u_fft|u_meta_fifo|count_q[8]                                                     ;        ;
; u_pipe|g_fft[3].u_fft|u_meta_fifo|count_q[9]                                                     ;        ;
; u_pipe|g_fft[3].u_fft|u_meta_fifo|count_q[10]                                                    ;        ;
; u_pipe|g_fft[3].u_fft|u_meta_fifo|count_q[5]                                                     ;        ;
; u_pipe|g_fft[3].u_fft|u_meta_fifo|rd_ptr_q[1]                                                    ;        ;
; u_pipe|g_fft[5].u_fft|u_core|g_lane[0].u_path|g_group[0].u_stage|u_bf2i|warm_cnt_q[5]            ;        ;
; u_pipe|g_fft[3].u_fft|u_meta_fifo|rd_ptr_q[10]                                                   ;        ;
; u_pipe|g_fft[3].u_fft|u_meta_fifo|rd_ptr_q[9]                                                    ;        ;
; u_pipe|g_fft[3].u_fft|u_meta_fifo|rd_ptr_q[8]                                                    ;        ;
; u_pipe|g_fft[3].u_fft|u_meta_fifo|rd_ptr_q[6]                                                    ;        ;
; u_pipe|g_fft[3].u_fft|u_meta_fifo|rd_ptr_q[7]                                                    ;        ;
; u_pipe|g_fft[3].u_fft|u_meta_fifo|rd_ptr_q[0]                                                    ;        ;
; u_pipe|g_fft[3].u_fft|u_meta_fifo|rd_ptr_q[2]                                                    ;        ;
; u_pipe|g_fft[3].u_fft|u_meta_fifo|rd_ptr_q[3]                                                    ;        ;
; u_pipe|g_fft[3].u_fft|u_meta_fifo|rd_ptr_q[4]                                                    ;        ;
; u_pipe|g_fft[3].u_fft|u_meta_fifo|rd_ptr_q[5]                                                    ;        ;
; u_pipe|g_fft[5].u_fft|u_core|g_lane[0].u_path|g_group[0].u_stage|u_bf2i|warm_cnt_q[1]            ;        ;
; u_pipe|g_fft[3].u_fft|u_meta_fifo|wr_ptr_q[3]                                                    ;        ;
; u_pipe|g_fft[3].u_fft|u_meta_fifo|wr_ptr_q[2]                                                    ;        ;
; u_pipe|g_fft[3].u_fft|u_meta_fifo|wr_ptr_q[1]                                                    ;        ;
; u_pipe|g_fft[3].u_fft|u_meta_fifo|wr_ptr_q[0]                                                    ;        ;
; u_pipe|g_fft[3].u_fft|u_meta_fifo|wr_ptr_q[10]                                                   ;        ;
; u_pipe|g_fft[3].u_fft|u_meta_fifo|wr_ptr_q[6]                                                    ;        ;
; u_pipe|g_fft[3].u_fft|u_meta_fifo|wr_ptr_q[7]                                                    ;        ;
; u_pipe|g_fft[3].u_fft|u_meta_fifo|wr_ptr_q[8]                                                    ;        ;
; u_pipe|g_fft[3].u_fft|u_meta_fifo|wr_ptr_q[9]                                                    ;        ;
; u_pipe|g_fft[3].u_fft|u_meta_fifo|wr_ptr_q[4]                                                    ;        ;
; u_pipe|g_fft[5].u_fft|u_core|g_lane[0].u_path|g_group[0].u_stage|u_bf2i|warm_cnt_q[2]            ;        ;
; u_pipe|g_fft[3].u_fft|u_meta_fifo|wr_ptr_q[5]                                                    ;        ;
; u_pipe|g_fft[3].u_fft|u_eb_in|wr_ptr_q[0]                                                        ;        ;
; u_pipe|g_fft[3].u_fft|u_eb_in|wr_ptr_q[1]                                                        ;        ;
; u_pipe|g_pfb[3].u_pfb|u_out|wr_ptr_q[3]                                                          ;        ;
; u_pipe|g_pfb[3].u_pfb|u_out|wr_ptr_q[2]                                                          ;        ;
; u_pipe|g_pfb[3].u_pfb|u_out|wr_ptr_q[1]                                                          ;        ;
; u_pipe|g_pfb[3].u_pfb|u_out|wr_ptr_q[0]                                                          ;        ;
; u_pipe|g_pfb[3].u_pfb|u_out|rd_ptr_q[3]                                                          ;        ;
; u_pipe|g_pfb[3].u_pfb|u_out|rd_ptr_q[2]                                                          ;        ;
; u_pipe|g_pfb[3].u_pfb|u_out|rd_ptr_q[1]                                                          ;        ;
; u_pipe|g_fft[5].u_fft|u_core|g_lane[0].u_path|g_group[0].u_stage|u_bf2ii|warm_cnt_q[5]           ;        ;
; u_pipe|g_pfb[3].u_pfb|u_out|rd_ptr_q[0]                                                          ;        ;
; u_pipe|g_fft[3].u_fft|u_eb_in|rd_ptr_q[0]                                                        ;        ;
; u_pipe|g_fft[3].u_fft|u_eb_in|rd_ptr_q[1]                                                        ;        ;
; u_pipe|g_fft[4].u_fft|u_out_fifo|count_q[0]                                                      ;        ;
; u_pipe|g_fft[4].u_fft|u_out_fifo|count_q[1]                                                      ;        ;
; u_pipe|g_fft[4].u_fft|u_out_fifo|count_q[3]                                                      ;        ;
; u_pipe|g_fft[4].u_fft|u_out_fifo|count_q[4]                                                      ;        ;
; u_pipe|g_fft[4].u_fft|u_out_fifo|count_q[5]                                                      ;        ;
; u_pipe|g_fft[4].u_fft|u_out_fifo|count_q[6]                                                      ;        ;
; u_pipe|g_fft[4].u_fft|u_out_fifo|count_q[7]                                                      ;        ;
; u_pipe|g_fft[5].u_fft|u_core|g_lane[0].u_path|g_group[0].u_stage|u_bf2ii|warm_cnt_q[6]           ;        ;
; u_pipe|g_fft[4].u_fft|u_out_fifo|count_q[8]                                                      ;        ;
; u_pipe|g_fft[4].u_fft|u_out_fifo|count_q[9]                                                      ;        ;
; u_pipe|g_fft[4].u_fft|u_out_fifo|count_q[10]                                                     ;        ;
; u_pipe|g_fft[4].u_fft|g_reorder.u_reorder|warm_cnt_q[1]                                          ;        ;
; u_pipe|g_fft[4].u_fft|g_reorder.u_reorder|warm_cnt_q[2]                                          ;        ;
; u_pipe|g_fft[4].u_fft|g_reorder.u_reorder|warm_cnt_q[3]                                          ;        ;
; u_pipe|g_fft[4].u_fft|g_reorder.u_reorder|warm_cnt_q[4]                                          ;        ;
; u_pipe|g_fft[4].u_fft|g_reorder.u_reorder|warm_cnt_q[5]                                          ;        ;
; u_pipe|g_fft[4].u_fft|g_reorder.u_reorder|warm_cnt_q[6]                                          ;        ;
; u_pipe|g_fft[4].u_fft|g_reorder.u_reorder|warm_cnt_q[7]                                          ;        ;
; u_pipe|g_fft[5].u_fft|u_core|g_lane[0].u_path|g_group[0].u_stage|g_twiddle.g_align[0].w_q        ;        ;
; u_pipe|g_fft[4].u_fft|g_reorder.u_reorder|warm_cnt_q[8]                                          ;        ;
; u_pipe|g_fft[4].u_fft|g_reorder.u_reorder|warm_cnt_q[9]                                          ;        ;
; u_pipe|g_fft[4].u_fft|u_core|g_lane[0].u_path|g_group[2].u_stage|u_bf2ii|warm_cnt_q[3]           ;        ;
; u_pipe|g_fft[4].u_fft|u_core|g_lane[0].u_path|g_group[2].u_stage|u_bf2ii|warm_cnt_q[2]           ;        ;
; u_pipe|g_fft[4].u_fft|u_core|g_lane[0].u_path|g_group[2].u_stage|u_bf2i|warm_cnt_q[2]            ;        ;
; u_pipe|g_fft[4].u_fft|u_core|g_lane[0].u_path|g_group[2].u_stage|u_bf2i|warm_cnt_q[1]            ;        ;
; u_pipe|g_fft[4].u_fft|u_core|g_lane[0].u_path|g_group[1].u_stage|u_bf2ii|warm_cnt_q[5]           ;        ;
; u_pipe|g_fft[4].u_fft|u_core|g_lane[0].u_path|g_group[1].u_stage|u_bf2ii|warm_cnt_q[4]           ;        ;
; u_pipe|g_fft[4].u_fft|u_core|g_lane[0].u_path|g_group[1].u_stage|u_bf2ii|warm_cnt_q[3]           ;        ;
; u_pipe|g_fft[4].u_fft|u_core|g_lane[0].u_path|g_group[1].u_stage|u_bf2ii|warm_cnt_q[2]           ;        ;
; u_pipe|g_fft[12].u_fft|u_core|g_lane[0].u_path|g_group[1].u_stage|u_bf2ii|warm_cnt_q[3]          ;        ;
; u_pipe|g_fft[5].u_fft|u_core|g_lane[0].u_path|g_group[0].u_stage|g_twiddle.g_align[1].w_q        ;        ;
; u_pipe|g_fft[4].u_fft|u_core|g_lane[0].u_path|g_group[1].u_stage|u_bf2ii|warm_cnt_q[1]           ;        ;
; u_pipe|g_fft[4].u_fft|u_core|g_lane[0].u_path|g_group[1].u_stage|u_bf2i|warm_cnt_q[2]            ;        ;
; u_pipe|g_fft[4].u_fft|u_core|g_lane[0].u_path|g_group[1].u_stage|u_bf2i|warm_cnt_q[1]            ;        ;
; u_pipe|g_fft[4].u_fft|u_core|g_lane[0].u_path|g_group[0].u_stage|u_bf2ii|warm_cnt_q[5]           ;        ;
; u_pipe|g_fft[4].u_fft|u_core|g_lane[0].u_path|g_group[0].u_stage|u_bf2ii|warm_cnt_q[6]           ;        ;
; u_pipe|g_fft[4].u_fft|u_core|g_lane[0].u_path|g_group[0].u_stage|u_bf2ii|warm_cnt_q[7]           ;        ;
; u_pipe|g_fft[4].u_fft|u_core|g_lane[0].u_path|g_group[0].u_stage|u_bf2ii|warm_cnt_q[0]           ;        ;
; u_pipe|g_fft[4].u_fft|u_core|g_lane[0].u_path|g_group[0].u_stage|u_bf2ii|warm_cnt_q[1]           ;        ;
; u_pipe|g_fft[4].u_fft|u_core|g_lane[0].u_path|g_group[0].u_stage|u_bf2ii|warm_cnt_q[2]           ;        ;
; u_pipe|g_fft[4].u_fft|u_core|g_lane[0].u_path|g_group[0].u_stage|u_bf2i|warm_cnt_q[8]            ;        ;
; u_pipe|g_fft[5].u_fft|u_core|g_lane[0].u_path|g_group[0].u_stage|g_twiddle.g_tag[0].w_q          ;        ;
; u_pipe|g_fft[4].u_fft|u_core|g_lane[0].u_path|g_group[0].u_stage|u_bf2i|warm_cnt_q[7]            ;        ;
; u_pipe|g_fft[4].u_fft|u_core|g_lane[0].u_path|g_group[0].u_stage|u_bf2i|warm_cnt_q[6]            ;        ;
; u_pipe|g_fft[4].u_fft|u_core|g_lane[0].u_path|g_group[0].u_stage|u_bf2i|warm_cnt_q[0]            ;        ;
; u_pipe|g_fft[4].u_fft|u_core|g_lane[0].u_path|g_group[0].u_stage|u_bf2i|warm_cnt_q[1]            ;        ;
; u_pipe|g_fft[4].u_fft|u_core|g_lane[0].u_path|g_group[0].u_stage|u_bf2i|warm_cnt_q[2]            ;        ;
; u_pipe|g_fft[4].u_fft|u_core|g_lane[0].u_path|g_group[0].u_stage|u_bf2i|warm_cnt_q[3]            ;        ;
; u_pipe|g_fft[4].u_fft|u_core|g_lane[0].u_path|g_group[0].u_stage|u_bf2i|warm_cnt_q[4]            ;        ;
; u_pipe|g_fft[4].u_fft|u_core|g_lane[0].u_path|g_group[0].u_stage|u_bf2i|warm_cnt_q[5]            ;        ;
; u_pipe|g_fft[4].u_fft|u_core|g_lane[0].u_path|g_group[0].u_stage|u_bf2ii|warm_cnt_q[3]           ;        ;
; u_pipe|g_fft[4].u_fft|u_core|g_lane[0].u_path|g_group[0].u_stage|u_bf2ii|warm_cnt_q[4]           ;        ;
; u_pipe|g_fft[5].u_fft|u_core|g_lane[0].u_path|g_group[0].u_stage|g_twiddle.g_tag[1].w_q          ;        ;
; u_pipe|g_fft[4].u_fft|u_core|g_lane[0].u_path|g_group[0].u_stage|g_twiddle.g_align[0].w_q        ;        ;
; u_pipe|g_fft[4].u_fft|u_core|g_lane[0].u_path|g_group[0].u_stage|g_twiddle.g_align[1].w_q        ;        ;
; u_pipe|g_fft[4].u_fft|u_core|g_lane[0].u_path|g_group[0].u_stage|g_twiddle.g_tag[0].w_q          ;        ;
; u_pipe|g_fft[4].u_fft|u_core|g_lane[0].u_path|g_group[0].u_stage|g_twiddle.g_tag[1].w_q          ;        ;
; u_pipe|g_fft[4].u_fft|u_core|g_lane[0].u_path|g_group[0].u_stage|g_twiddle.g_tag[2].w_q          ;        ;
; u_pipe|g_fft[4].u_fft|u_core|g_lane[0].u_path|g_group[0].u_stage|g_twiddle.g_tag[3].w_q          ;        ;
; u_pipe|g_fft[4].u_fft|u_core|g_lane[0].u_path|g_group[1].u_stage|u_bf2i|warm_cnt_q[0]            ;        ;
; u_pipe|g_fft[4].u_fft|u_core|g_lane[0].u_path|g_group[1].u_stage|u_bf2i|warm_cnt_q[3]            ;        ;
; u_pipe|g_fft[4].u_fft|u_core|g_lane[0].u_path|g_group[1].u_stage|u_bf2i|warm_cnt_q[4]            ;        ;
; u_pipe|g_fft[4].u_fft|u_core|g_lane[0].u_path|g_group[1].u_stage|u_bf2i|warm_cnt_q[5]            ;        ;
; u_pipe|g_fft[5].u_fft|u_core|g_lane[0].u_path|g_group[0].u_stage|g_twiddle.g_tag[2].w_q          ;        ;
; u_pipe|g_fft[4].u_fft|u_core|g_lane[0].u_path|g_group[1].u_stage|u_bf2i|warm_cnt_q[6]            ;        ;
; u_pipe|g_fft[4].u_fft|u_core|g_lane[0].u_path|g_group[1].u_stage|u_bf2ii|warm_cnt_q[0]           ;        ;
; u_pipe|g_fft[4].u_fft|u_core|g_lane[0].u_path|g_group[1].u_stage|g_twiddle.g_align[0].w_q        ;        ;
; u_pipe|g_fft[4].u_fft|u_core|g_lane[0].u_path|g_group[1].u_stage|g_twiddle.g_align[1].w_q        ;        ;
; u_pipe|g_fft[4].u_fft|u_core|g_lane[0].u_path|g_group[1].u_stage|g_twiddle.g_tag[0].w_q          ;        ;
; u_pipe|g_fft[4].u_fft|u_core|g_lane[0].u_path|g_group[1].u_stage|g_twiddle.g_tag[1].w_q          ;        ;
; u_pipe|g_fft[4].u_fft|u_core|g_lane[0].u_path|g_group[1].u_stage|g_twiddle.g_tag[2].w_q          ;        ;
; u_pipe|g_fft[4].u_fft|u_core|g_lane[0].u_path|g_group[1].u_stage|g_twiddle.g_tag[3].w_q          ;        ;
; u_pipe|g_fft[4].u_fft|u_core|g_lane[0].u_path|g_group[2].u_stage|u_bf2i|warm_cnt_q[0]            ;        ;
; u_pipe|g_fft[4].u_fft|u_core|g_lane[0].u_path|g_group[2].u_stage|u_bf2i|warm_cnt_q[3]            ;        ;
; u_pipe|g_fft[5].u_fft|u_core|g_lane[0].u_path|g_group[0].u_stage|g_twiddle.g_tag[3].w_q          ;        ;
; u_pipe|g_fft[4].u_fft|u_core|g_lane[0].u_path|g_group[2].u_stage|u_bf2i|warm_cnt_q[4]            ;        ;
; u_pipe|g_fft[4].u_fft|u_core|g_lane[0].u_path|g_group[2].u_stage|u_bf2ii|warm_cnt_q[0]           ;        ;
; u_pipe|g_fft[4].u_fft|u_core|g_lane[0].u_path|g_group[2].u_stage|u_bf2ii|warm_cnt_q[1]           ;        ;
; u_pipe|g_fft[4].u_fft|u_core|g_lane[0].u_path|g_group[2].u_stage|g_twiddle.g_align[0].w_q        ;        ;
; u_pipe|g_fft[4].u_fft|u_core|g_lane[0].u_path|g_group[2].u_stage|g_twiddle.g_align[1].w_q        ;        ;
; u_pipe|g_fft[4].u_fft|u_core|g_lane[0].u_path|g_group[2].u_stage|g_twiddle.g_tag[0].w_q          ;        ;
; u_pipe|g_fft[4].u_fft|u_core|g_lane[0].u_path|g_group[2].u_stage|g_twiddle.g_tag[1].w_q          ;        ;
; u_pipe|g_fft[4].u_fft|u_core|g_lane[0].u_path|g_group[2].u_stage|g_twiddle.g_tag[2].w_q          ;        ;
; u_pipe|g_fft[4].u_fft|u_core|g_lane[0].u_path|g_group[2].u_stage|g_twiddle.g_tag[3].w_q          ;        ;
; u_pipe|g_fft[4].u_fft|u_core|g_lane[0].u_path|g_group[3].u_stage|u_bf2i|warm_cnt_q[0]            ;        ;
; u_pipe|g_fft[5].u_fft|u_core|g_lane[0].u_path|g_group[1].u_stage|u_bf2i|warm_cnt_q[0]            ;        ;
; u_pipe|g_fft[4].u_fft|u_core|g_lane[0].u_path|g_group[3].u_stage|u_bf2i|warm_cnt_q[2]            ;        ;
; u_pipe|g_fft[4].u_fft|u_core|g_lane[0].u_path|g_group[3].u_stage|u_bf2i|warm_cnt_q[1]            ;        ;
; u_pipe|g_fft[4].u_fft|u_core|g_lane[0].u_path|g_group[3].u_stage|u_bf2ii|warm_cnt_q[1]           ;        ;
; u_pipe|g_fft[4].u_fft|u_core|g_lane[0].u_path|g_group[3].u_stage|u_bf2ii|warm_cnt_q[0]           ;        ;
; u_pipe|g_fft[4].u_fft|u_core|g_lane[0].u_path|g_group[3].u_stage|g_twiddle.g_align[0].w_q        ;        ;
; u_pipe|g_fft[4].u_fft|u_core|g_lane[0].u_path|g_group[3].u_stage|g_twiddle.g_align[1].w_q        ;        ;
; u_pipe|g_fft[4].u_fft|u_core|g_lane[0].u_path|g_group[3].u_stage|g_twiddle.g_tag[0].w_q          ;        ;
; u_pipe|g_fft[4].u_fft|u_core|g_lane[0].u_path|g_group[3].u_stage|g_twiddle.g_tag[1].w_q          ;        ;
; u_pipe|g_fft[4].u_fft|u_core|g_lane[0].u_path|g_group[3].u_stage|g_twiddle.g_tag[2].w_q          ;        ;
; u_pipe|g_fft[4].u_fft|u_core|g_lane[0].u_path|g_group[3].u_stage|g_twiddle.g_tag[3].w_q          ;        ;
; u_pipe|g_fft[5].u_fft|u_core|g_lane[0].u_path|g_group[1].u_stage|u_bf2i|warm_cnt_q[3]            ;        ;
; u_pipe|g_fft[4].u_fft|u_core|g_lane[0].u_path|g_tail.u_tail|warm_cnt_q[1]                        ;        ;
; u_pipe|g_fft[4].u_fft|u_core|g_lane[0].u_path|g_tail.u_tail|warm_cnt_q[0]                        ;        ;
; u_pipe|g_fft[4].u_fft|u_core|g_merge.u_merge|g_align[0].w_q                                      ;        ;
; u_pipe|g_fft[4].u_fft|u_core|g_merge.u_merge|g_align[1].w_q                                      ;        ;
; u_pipe|g_fft[4].u_fft|u_core|g_merge.u_merge|g_tag[0].w_q                                        ;        ;
; u_pipe|g_fft[4].u_fft|u_core|g_merge.u_merge|g_tag[1].w_q                                        ;        ;
; u_pipe|g_fft[4].u_fft|u_core|g_merge.u_merge|g_tag[2].w_q                                        ;        ;
; u_pipe|g_fft[4].u_fft|u_core|g_merge.u_merge|g_tag[3].w_q                                        ;        ;
; u_pipe|g_fft[4].u_fft|u_core|g_merge.u_merge|warm_q                                              ;        ;
; u_pipe|g_fft[4].u_fft|g_reorder.u_reorder|warm_cnt_q[0]                                          ;        ;
; u_pipe|g_fft[5].u_fft|u_core|g_lane[0].u_path|g_group[1].u_stage|u_bf2i|warm_cnt_q[4]            ;        ;
; u_pipe|g_fft[4].u_fft|credit_q[8]                                                                ;        ;
; u_pipe|g_fft[4].u_fft|credit_q[9]                                                                ;        ;
; u_pipe|g_fft[4].u_fft|credit_q[10]                                                               ;        ;
; u_pipe|g_fft[4].u_fft|credit_q[0]                                                                ;        ;
; u_pipe|g_fft[4].u_fft|credit_q[1]                                                                ;        ;
; u_pipe|g_fft[4].u_fft|credit_q[2]                                                                ;        ;
; u_pipe|g_fft[4].u_fft|credit_q[3]                                                                ;        ;
; u_pipe|g_fft[4].u_fft|credit_q[4]                                                                ;        ;
; u_pipe|g_fft[4].u_fft|credit_q[5]                                                                ;        ;
; u_pipe|g_fft[4].u_fft|credit_q[6]                                                                ;        ;
; u_pipe|g_fft[5].u_fft|u_core|g_lane[0].u_path|g_group[1].u_stage|u_bf2i|warm_cnt_q[5]            ;        ;
; u_pipe|g_fft[4].u_fft|credit_q[7]                                                                ;        ;
; u_pipe|g_fft[4].u_fft|u_eb_in|count_q[1]                                                         ;        ;
; u_pipe|g_pfb[4].u_pfb|u_out|rdy_q                                                                ;        ;
; u_pipe|g_pfb[4].u_pfb|credits_q[3]                                                               ;        ;
; u_pipe|g_pfb[4].u_pfb|credits_q[1]                                                               ;        ;
; u_pipe|g_pfb[4].u_pfb|credits_q[2]                                                               ;        ;
; u_pipe|g_pfb[4].u_pfb|credits_q[0]                                                               ;        ;
; u_pipe|g_pfb[4].u_pfb|rdy_q                                                                      ;        ;
; u_pipe|g_pfb[4].u_pfb|g_lane[0].u_lane|g_mult[0].u_mult|g_valid[0].v_q                           ;        ;
; u_pipe|g_pfb[4].u_pfb|g_lane[0].u_lane|g_mult[0].u_mult|g_valid[1].v_q                           ;        ;
; u_pipe|g_fft[5].u_fft|u_core|g_lane[0].u_path|g_group[1].u_stage|u_bf2i|warm_cnt_q[6]            ;        ;
; u_pipe|g_pfb[4].u_pfb|g_lane[0].u_lane|g_mult[0].u_mult|g_valid[2].v_q                           ;        ;
; u_pipe|g_pfb[4].u_pfb|g_lane[0].u_lane|g_mult[0].u_mult|g_valid[3].v_q                           ;        ;
; u_pipe|g_pfb[4].u_pfb|g_lane[0].u_lane|g_valid[0].v_q                                            ;        ;
; u_pipe|g_pfb[4].u_pfb|g_lane[0].u_lane|g_valid[1].v_q                                            ;        ;
; u_pipe|g_pfb[4].u_pfb|g_lane[0].u_lane|g_valid[2].v_q                                            ;        ;
; u_pipe|g_pfb[4].u_pfb|g_lane[0].u_lane|g_valid[3].v_q                                            ;        ;
; u_pipe|g_pfb[4].u_pfb|g_lane[0].u_lane|g_valid[4].v_q                                            ;        ;
; u_pipe|g_pfb[4].u_pfb|u_out|count_q[0]                                                           ;        ;
; u_pipe|g_pfb[4].u_pfb|u_out|count_q[1]                                                           ;        ;
; u_pipe|g_pfb[4].u_pfb|u_out|count_q[2]                                                           ;        ;
; u_pipe|g_fft[12].u_fft|u_core|g_lane[0].u_path|g_group[1].u_stage|u_bf2ii|warm_cnt_q[2]          ;        ;
; u_pipe|g_fft[5].u_fft|u_core|g_lane[0].u_path|g_group[1].u_stage|u_bf2ii|warm_cnt_q[0]           ;        ;
; u_pipe|g_pfb[4].u_pfb|u_out|count_q[3]                                                           ;        ;
; u_pipe|g_fft[4].u_fft|u_eb_in|rdy_q                                                              ;        ;
; u_pipe|g_fft[4].u_fft|u_eb_in|count_q[0]                                                         ;        ;
; u_pipe|g_fft[4].u_fft|u_eb_in|count_q[2]                                                         ;        ;
; u_pipe|g_fft[4].u_fft|u_core|g_lane[0].u_path|g_group[0].u_stage|u_bf2i|vld_q                    ;        ;
; u_pipe|g_fft[4].u_fft|u_core|g_lane[0].u_path|g_group[0].u_stage|u_bf2ii|vld_q                   ;        ;
; u_pipe|g_fft[4].u_fft|u_core|g_lane[0].u_path|g_group[0].u_stage|g_twiddle.u_mul|g_valid[0].v_q  ;        ;
; u_pipe|g_fft[4].u_fft|u_core|g_lane[0].u_path|g_group[0].u_stage|g_twiddle.u_mul|g_valid[1].v_q  ;        ;
; u_pipe|g_fft[4].u_fft|u_core|g_lane[0].u_path|g_group[0].u_stage|g_twiddle.u_mul|g_valid[2].v_q  ;        ;
; u_pipe|g_fft[4].u_fft|u_core|g_lane[0].u_path|g_group[0].u_stage|g_twiddle.u_mul|g_valid[3].v_q  ;        ;
; u_pipe|g_fft[5].u_fft|u_core|g_lane[0].u_path|g_group[1].u_stage|g_twiddle.g_align[0].w_q        ;        ;
; u_pipe|g_fft[4].u_fft|u_core|g_lane[0].u_path|g_group[1].u_stage|u_bf2i|vld_q                    ;        ;
; u_pipe|g_fft[4].u_fft|u_core|g_lane[0].u_path|g_group[1].u_stage|u_bf2ii|vld_q                   ;        ;
; u_pipe|g_fft[4].u_fft|u_core|g_lane[0].u_path|g_group[1].u_stage|g_twiddle.u_mul|g_valid[0].v_q  ;        ;
; u_pipe|g_fft[4].u_fft|u_core|g_lane[0].u_path|g_group[1].u_stage|g_twiddle.u_mul|g_valid[1].v_q  ;        ;
; u_pipe|g_fft[4].u_fft|u_core|g_lane[0].u_path|g_group[1].u_stage|g_twiddle.u_mul|g_valid[2].v_q  ;        ;
; u_pipe|g_fft[4].u_fft|u_core|g_lane[0].u_path|g_group[1].u_stage|g_twiddle.u_mul|g_valid[3].v_q  ;        ;
; u_pipe|g_fft[4].u_fft|u_core|g_lane[0].u_path|g_group[2].u_stage|u_bf2i|vld_q                    ;        ;
; u_pipe|g_fft[4].u_fft|u_core|g_lane[0].u_path|g_group[2].u_stage|u_bf2ii|vld_q                   ;        ;
; u_pipe|g_fft[4].u_fft|u_core|g_lane[0].u_path|g_group[2].u_stage|g_twiddle.u_mul|g_valid[0].v_q  ;        ;
; u_pipe|g_fft[4].u_fft|u_core|g_lane[0].u_path|g_group[2].u_stage|g_twiddle.u_mul|g_valid[1].v_q  ;        ;
; u_pipe|g_fft[5].u_fft|u_core|g_lane[0].u_path|g_group[1].u_stage|g_twiddle.g_align[1].w_q        ;        ;
; u_pipe|g_fft[4].u_fft|u_core|g_lane[0].u_path|g_group[2].u_stage|g_twiddle.u_mul|g_valid[2].v_q  ;        ;
; u_pipe|g_fft[4].u_fft|u_core|g_lane[0].u_path|g_group[2].u_stage|g_twiddle.u_mul|g_valid[3].v_q  ;        ;
; u_pipe|g_fft[4].u_fft|u_core|g_lane[0].u_path|g_group[3].u_stage|u_bf2i|vld_q                    ;        ;
; u_pipe|g_fft[4].u_fft|u_core|g_lane[0].u_path|g_group[3].u_stage|u_bf2ii|vld_q                   ;        ;
; u_pipe|g_fft[4].u_fft|u_core|g_lane[0].u_path|g_group[3].u_stage|g_twiddle.u_mul|g_valid[0].v_q  ;        ;
; u_pipe|g_fft[4].u_fft|u_core|g_lane[0].u_path|g_group[3].u_stage|g_twiddle.u_mul|g_valid[1].v_q  ;        ;
; u_pipe|g_fft[4].u_fft|u_core|g_lane[0].u_path|g_group[3].u_stage|g_twiddle.u_mul|g_valid[2].v_q  ;        ;
; u_pipe|g_fft[4].u_fft|u_core|g_lane[0].u_path|g_group[3].u_stage|g_twiddle.u_mul|g_valid[3].v_q  ;        ;
; u_pipe|g_fft[4].u_fft|u_core|g_lane[0].u_path|g_tail.u_tail|vld_q                                ;        ;
; u_pipe|g_fft[4].u_fft|u_core|g_merge.u_merge|u_mul|g_valid[0].v_q                                ;        ;
; u_pipe|g_fft[5].u_fft|u_core|g_lane[0].u_path|g_group[1].u_stage|g_twiddle.g_tag[0].w_q          ;        ;
; u_pipe|g_fft[4].u_fft|u_core|g_merge.u_merge|u_mul|g_valid[1].v_q                                ;        ;
; u_pipe|g_fft[4].u_fft|u_core|g_merge.u_merge|u_mul|g_valid[2].v_q                                ;        ;
; u_pipe|g_fft[4].u_fft|u_core|g_merge.u_merge|u_mul|g_valid[3].v_q                                ;        ;
; u_pipe|g_fft[4].u_fft|u_core|g_merge.u_merge|vld_q                                               ;        ;
; u_pipe|g_fft[4].u_fft|g_reorder.u_reorder|vld_q                                                  ;        ;
; u_pipe|g_fft[4].u_fft|u_out_fifo|count_q[2]                                                      ;        ;
; u_pipe|g_fft[4].u_fft|u_out_fifo|g_out_reg.out_valid_q                                           ;        ;
; u_pipe|g_fft[4].u_fft|u_out_fifo|rd_ptr_q[6]                                                     ;        ;
; u_pipe|g_fft[4].u_fft|u_out_fifo|rd_ptr_q[1]                                                     ;        ;
; u_pipe|g_fft[4].u_fft|u_out_fifo|rd_ptr_q[10]                                                    ;        ;
; u_pipe|g_fft[5].u_fft|u_core|g_lane[0].u_path|g_group[1].u_stage|g_twiddle.g_tag[1].w_q          ;        ;
; u_pipe|g_fft[4].u_fft|u_out_fifo|rd_ptr_q[0]                                                     ;        ;
; u_pipe|g_fft[4].u_fft|u_out_fifo|rd_ptr_q[2]                                                     ;        ;
; u_pipe|g_fft[4].u_fft|u_out_fifo|rd_ptr_q[3]                                                     ;        ;
; u_pipe|g_fft[4].u_fft|u_out_fifo|rd_ptr_q[4]                                                     ;        ;
; u_pipe|g_fft[4].u_fft|u_out_fifo|rd_ptr_q[5]                                                     ;        ;
; u_pipe|g_fft[4].u_fft|u_out_fifo|rd_ptr_q[7]                                                     ;        ;
; u_pipe|g_fft[4].u_fft|u_out_fifo|rd_ptr_q[8]                                                     ;        ;
; u_pipe|g_fft[4].u_fft|u_out_fifo|rd_ptr_q[9]                                                     ;        ;
; u_pipe|g_fft[4].u_fft|u_out_fifo|wr_ptr_q[4]                                                     ;        ;
; u_pipe|g_fft[4].u_fft|u_out_fifo|wr_ptr_q[5]                                                     ;        ;
; u_pipe|g_fft[5].u_fft|u_core|g_lane[0].u_path|g_group[1].u_stage|g_twiddle.g_tag[2].w_q          ;        ;
; u_pipe|g_fft[4].u_fft|u_out_fifo|wr_ptr_q[3]                                                     ;        ;
; u_pipe|g_fft[4].u_fft|u_out_fifo|wr_ptr_q[2]                                                     ;        ;
; u_pipe|g_fft[4].u_fft|u_out_fifo|wr_ptr_q[1]                                                     ;        ;
; u_pipe|g_fft[4].u_fft|u_out_fifo|wr_ptr_q[0]                                                     ;        ;
; u_pipe|g_fft[4].u_fft|u_out_fifo|wr_ptr_q[10]                                                    ;        ;
; u_pipe|g_fft[4].u_fft|u_out_fifo|wr_ptr_q[8]                                                     ;        ;
; u_pipe|g_fft[4].u_fft|u_out_fifo|wr_ptr_q[9]                                                     ;        ;
; u_pipe|g_fft[4].u_fft|u_out_fifo|wr_ptr_q[6]                                                     ;        ;
; u_pipe|g_fft[4].u_fft|u_out_fifo|wr_ptr_q[7]                                                     ;        ;
; u_pipe|g_fft[4].u_fft|u_meta_fifo|count_q[8]                                                     ;        ;
; u_pipe|g_fft[5].u_fft|u_core|g_lane[0].u_path|g_group[1].u_stage|g_twiddle.g_tag[3].w_q          ;        ;
; u_pipe|g_fft[4].u_fft|u_meta_fifo|count_q[9]                                                     ;        ;
; u_pipe|g_fft[4].u_fft|u_meta_fifo|count_q[6]                                                     ;        ;
; u_pipe|g_fft[4].u_fft|u_meta_fifo|count_q[7]                                                     ;        ;
; u_pipe|g_fft[4].u_fft|u_meta_fifo|count_q[5]                                                     ;        ;
; u_pipe|g_fft[4].u_fft|u_meta_fifo|count_q[0]                                                     ;        ;
; u_pipe|g_fft[4].u_fft|u_meta_fifo|count_q[1]                                                     ;        ;
; u_pipe|g_fft[4].u_fft|u_meta_fifo|count_q[2]                                                     ;        ;
; u_pipe|g_fft[4].u_fft|u_meta_fifo|count_q[3]                                                     ;        ;
; u_pipe|g_fft[4].u_fft|u_meta_fifo|count_q[4]                                                     ;        ;
; u_pipe|g_fft[4].u_fft|u_meta_fifo|count_q[10]                                                    ;        ;
; u_pipe|g_fft[5].u_fft|u_core|g_lane[0].u_path|g_group[2].u_stage|u_bf2i|warm_cnt_q[0]            ;        ;
; u_pipe|g_fft[4].u_fft|u_meta_fifo|rd_ptr_q[1]                                                    ;        ;
; u_pipe|g_fft[4].u_fft|u_meta_fifo|rd_ptr_q[10]                                                   ;        ;
; u_pipe|g_fft[4].u_fft|u_meta_fifo|rd_ptr_q[9]                                                    ;        ;
; u_pipe|g_fft[4].u_fft|u_meta_fifo|rd_ptr_q[8]                                                    ;        ;
; u_pipe|g_fft[4].u_fft|u_meta_fifo|rd_ptr_q[6]                                                    ;        ;
; u_pipe|g_fft[4].u_fft|u_meta_fifo|rd_ptr_q[7]                                                    ;        ;
; u_pipe|g_fft[4].u_fft|u_meta_fifo|rd_ptr_q[0]                                                    ;        ;
; u_pipe|g_fft[4].u_fft|u_meta_fifo|rd_ptr_q[2]                                                    ;        ;
; u_pipe|g_fft[4].u_fft|u_meta_fifo|rd_ptr_q[3]                                                    ;        ;
; u_pipe|g_fft[4].u_fft|u_meta_fifo|rd_ptr_q[4]                                                    ;        ;
; u_pipe|g_fft[5].u_fft|u_core|g_lane[0].u_path|g_group[2].u_stage|u_bf2i|warm_cnt_q[3]            ;        ;
; u_pipe|g_fft[4].u_fft|u_meta_fifo|rd_ptr_q[5]                                                    ;        ;
; u_pipe|g_fft[4].u_fft|u_meta_fifo|wr_ptr_q[3]                                                    ;        ;
; u_pipe|g_fft[4].u_fft|u_meta_fifo|wr_ptr_q[2]                                                    ;        ;
; u_pipe|g_fft[4].u_fft|u_meta_fifo|wr_ptr_q[1]                                                    ;        ;
; u_pipe|g_fft[4].u_fft|u_meta_fifo|wr_ptr_q[0]                                                    ;        ;
; u_pipe|g_fft[4].u_fft|u_meta_fifo|wr_ptr_q[10]                                                   ;        ;
; u_pipe|g_fft[4].u_fft|u_meta_fifo|wr_ptr_q[6]                                                    ;        ;
; u_pipe|g_fft[4].u_fft|u_meta_fifo|wr_ptr_q[7]                                                    ;        ;
; u_pipe|g_fft[4].u_fft|u_meta_fifo|wr_ptr_q[8]                                                    ;        ;
; u_pipe|g_fft[4].u_fft|u_meta_fifo|wr_ptr_q[9]                                                    ;        ;
; u_pipe|g_fft[5].u_fft|u_core|g_lane[0].u_path|g_group[2].u_stage|u_bf2i|warm_cnt_q[4]            ;        ;
; u_pipe|g_fft[4].u_fft|u_meta_fifo|wr_ptr_q[4]                                                    ;        ;
; u_pipe|g_fft[4].u_fft|u_meta_fifo|wr_ptr_q[5]                                                    ;        ;
; u_pipe|g_fft[4].u_fft|u_eb_in|wr_ptr_q[0]                                                        ;        ;
; u_pipe|g_fft[4].u_fft|u_eb_in|wr_ptr_q[1]                                                        ;        ;
; u_pipe|g_pfb[4].u_pfb|u_out|wr_ptr_q[3]                                                          ;        ;
; u_pipe|g_pfb[4].u_pfb|u_out|wr_ptr_q[2]                                                          ;        ;
; u_pipe|g_pfb[4].u_pfb|u_out|wr_ptr_q[1]                                                          ;        ;
; u_pipe|g_pfb[4].u_pfb|u_out|wr_ptr_q[0]                                                          ;        ;
; u_pipe|g_pfb[4].u_pfb|u_out|rd_ptr_q[3]                                                          ;        ;
; u_pipe|g_pfb[4].u_pfb|u_out|rd_ptr_q[2]                                                          ;        ;
; u_pipe|g_fft[12].u_fft|u_out_fifo|count_q[3]                                                     ;        ;
; u_pipe|g_fft[12].u_fft|u_core|g_lane[0].u_path|g_group[1].u_stage|u_bf2ii|warm_cnt_q[1]          ;        ;
; u_pipe|g_fft[5].u_fft|u_core|g_lane[0].u_path|g_group[2].u_stage|u_bf2ii|warm_cnt_q[0]           ;        ;
; u_pipe|g_pfb[4].u_pfb|u_out|rd_ptr_q[1]                                                          ;        ;
; u_pipe|g_pfb[4].u_pfb|u_out|rd_ptr_q[0]                                                          ;        ;
; u_pipe|g_fft[4].u_fft|u_eb_in|rd_ptr_q[0]                                                        ;        ;
; u_pipe|g_fft[4].u_fft|u_eb_in|rd_ptr_q[1]                                                        ;        ;
; u_pipe|g_fft[13].u_fft|u_out_fifo|count_q[2]                                                     ;        ;
; u_pipe|g_fft[13].u_fft|u_out_fifo|count_q[0]                                                     ;        ;
; u_pipe|g_fft[13].u_fft|u_out_fifo|count_q[1]                                                     ;        ;
; u_pipe|g_fft[13].u_fft|u_out_fifo|count_q[5]                                                     ;        ;
; u_pipe|g_fft[13].u_fft|u_out_fifo|count_q[6]                                                     ;        ;
; u_pipe|g_fft[13].u_fft|u_out_fifo|count_q[7]                                                     ;        ;
; u_pipe|g_fft[5].u_fft|u_core|g_lane[0].u_path|g_group[2].u_stage|u_bf2ii|warm_cnt_q[1]           ;        ;
; u_pipe|g_fft[13].u_fft|u_out_fifo|count_q[8]                                                     ;        ;
; u_pipe|g_fft[13].u_fft|u_out_fifo|count_q[9]                                                     ;        ;
; u_pipe|g_fft[13].u_fft|u_out_fifo|count_q[10]                                                    ;        ;
; u_pipe|g_fft[13].u_fft|u_out_fifo|count_q[4]                                                     ;        ;
; u_pipe|g_fft[13].u_fft|g_reorder.u_reorder|warm_cnt_q[9]                                         ;        ;
; u_pipe|g_fft[13].u_fft|g_reorder.u_reorder|warm_cnt_q[6]                                         ;        ;
; u_pipe|g_fft[13].u_fft|g_reorder.u_reorder|warm_cnt_q[7]                                         ;        ;
; u_pipe|g_fft[13].u_fft|g_reorder.u_reorder|warm_cnt_q[8]                                         ;        ;
; u_pipe|g_fft[13].u_fft|g_reorder.u_reorder|warm_cnt_q[5]                                         ;        ;
; u_pipe|g_fft[13].u_fft|g_reorder.u_reorder|warm_cnt_q[4]                                         ;        ;
; u_pipe|g_fft[5].u_fft|u_core|g_lane[0].u_path|g_group[2].u_stage|g_twiddle.g_align[0].w_q        ;        ;
; u_pipe|g_fft[13].u_fft|g_reorder.u_reorder|warm_cnt_q[3]                                         ;        ;
; u_pipe|g_fft[13].u_fft|g_reorder.u_reorder|warm_cnt_q[1]                                         ;        ;
; u_pipe|g_fft[13].u_fft|g_reorder.u_reorder|warm_cnt_q[2]                                         ;        ;
; u_pipe|g_fft[13].u_fft|u_core|g_lane[0].u_path|g_group[2].u_stage|u_bf2ii|warm_cnt_q[3]          ;        ;
; u_pipe|g_fft[13].u_fft|u_core|g_lane[0].u_path|g_group[2].u_stage|u_bf2ii|warm_cnt_q[2]          ;        ;
; u_pipe|g_fft[13].u_fft|u_core|g_lane[0].u_path|g_group[2].u_stage|u_bf2ii|warm_cnt_q[1]          ;        ;
; u_pipe|g_fft[13].u_fft|u_core|g_lane[0].u_path|g_group[2].u_stage|u_bf2i|warm_cnt_q[3]           ;        ;
; u_pipe|g_fft[13].u_fft|u_core|g_lane[0].u_path|g_group[2].u_stage|u_bf2i|warm_cnt_q[2]           ;        ;
; u_pipe|g_fft[13].u_fft|u_core|g_lane[0].u_path|g_group[2].u_stage|u_bf2i|warm_cnt_q[1]           ;        ;
; u_pipe|g_fft[13].u_fft|u_core|g_lane[0].u_path|g_group[1].u_stage|u_bf2ii|warm_cnt_q[5]          ;        ;
; u_pipe|g_fft[5].u_fft|u_core|g_lane[0].u_path|g_group[2].u_stage|g_twiddle.g_align[1].w_q        ;        ;
; u_pipe|g_fft[13].u_fft|u_core|g_lane[0].u_path|g_group[1].u_stage|u_bf2ii|warm_cnt_q[4]          ;        ;
; u_pipe|g_fft[13].u_fft|u_core|g_lane[0].u_path|g_group[1].u_stage|u_bf2ii|warm_cnt_q[3]          ;        ;
; u_pipe|g_fft[13].u_fft|u_core|g_lane[0].u_path|g_group[1].u_stage|u_bf2ii|warm_cnt_q[2]          ;        ;
; u_pipe|g_fft[13].u_fft|u_core|g_lane[0].u_path|g_group[1].u_stage|u_bf2ii|warm_cnt_q[1]          ;        ;
; u_pipe|g_fft[13].u_fft|u_core|g_lane[0].u_path|g_group[1].u_stage|u_bf2i|warm_cnt_q[6]           ;        ;
; u_pipe|g_fft[13].u_fft|u_core|g_lane[0].u_path|g_group[1].u_stage|u_bf2i|warm_cnt_q[5]           ;        ;
; u_pipe|g_fft[13].u_fft|u_core|g_lane[0].u_path|g_group[1].u_stage|u_bf2i|warm_cnt_q[3]           ;        ;
; u_pipe|g_fft[13].u_fft|u_core|g_lane[0].u_path|g_group[1].u_stage|u_bf2i|warm_cnt_q[2]           ;        ;
; u_pipe|g_fft[13].u_fft|u_core|g_lane[0].u_path|g_group[1].u_stage|u_bf2i|warm_cnt_q[1]           ;        ;
; u_pipe|g_fft[13].u_fft|u_core|g_lane[0].u_path|g_group[0].u_stage|u_bf2ii|warm_cnt_q[7]          ;        ;
; u_pipe|g_fft[5].u_fft|u_core|g_lane[0].u_path|g_group[2].u_stage|g_twiddle.g_tag[0].w_q          ;        ;
; u_pipe|g_fft[13].u_fft|u_core|g_lane[0].u_path|g_group[0].u_stage|u_bf2ii|warm_cnt_q[0]          ;        ;
; u_pipe|g_fft[13].u_fft|u_core|g_lane[0].u_path|g_group[0].u_stage|u_bf2ii|warm_cnt_q[1]          ;        ;
; u_pipe|g_fft[13].u_fft|u_core|g_lane[0].u_path|g_group[0].u_stage|u_bf2ii|warm_cnt_q[2]          ;        ;
; u_pipe|g_fft[13].u_fft|u_core|g_lane[0].u_path|g_group[0].u_stage|u_bf2ii|warm_cnt_q[3]          ;        ;
; u_pipe|g_fft[13].u_fft|u_core|g_lane[0].u_path|g_group[0].u_stage|u_bf2ii|warm_cnt_q[4]          ;        ;
; u_pipe|g_fft[13].u_fft|u_core|g_lane[0].u_path|g_group[0].u_stage|u_bf2i|warm_cnt_q[0]           ;        ;
; u_pipe|g_fft[13].u_fft|u_core|g_lane[0].u_path|g_group[0].u_stage|u_bf2i|warm_cnt_q[6]           ;        ;
; u_pipe|g_fft[13].u_fft|u_core|g_lane[0].u_path|g_group[0].u_stage|u_bf2i|warm_cnt_q[7]           ;        ;
; u_pipe|g_fft[13].u_fft|u_core|g_lane[0].u_path|g_group[0].u_stage|u_bf2i|warm_cnt_q[8]           ;        ;
; u_pipe|g_fft[13].u_fft|u_core|g_lane[0].u_path|g_group[0].u_stage|u_bf2i|warm_cnt_q[3]           ;        ;
; u_pipe|g_fft[5].u_fft|u_core|g_lane[0].u_path|g_group[2].u_stage|g_twiddle.g_tag[1].w_q          ;        ;
; u_pipe|g_fft[13].u_fft|u_core|g_lane[0].u_path|g_group[0].u_stage|u_bf2i|warm_cnt_q[4]           ;        ;
; u_pipe|g_fft[13].u_fft|u_core|g_lane[0].u_path|g_group[0].u_stage|u_bf2i|warm_cnt_q[5]           ;        ;
; u_pipe|g_fft[13].u_fft|u_core|g_lane[0].u_path|g_group[0].u_stage|u_bf2i|warm_cnt_q[1]           ;        ;
; u_pipe|g_fft[13].u_fft|u_core|g_lane[0].u_path|g_group[0].u_stage|u_bf2i|warm_cnt_q[2]           ;        ;
; u_pipe|g_fft[13].u_fft|u_core|g_lane[0].u_path|g_group[0].u_stage|u_bf2ii|warm_cnt_q[5]          ;        ;
; u_pipe|g_fft[13].u_fft|u_core|g_lane[0].u_path|g_group[0].u_stage|u_bf2ii|warm_cnt_q[6]          ;        ;
; u_pipe|g_fft[13].u_fft|u_core|g_lane[0].u_path|g_group[0].u_stage|g_twiddle.g_align[0].w_q       ;        ;
; u_pipe|g_fft[13].u_fft|u_core|g_lane[0].u_path|g_group[0].u_stage|g_twiddle.g_align[1].w_q       ;        ;
; u_pipe|g_fft[13].u_fft|u_core|g_lane[0].u_path|g_group[0].u_stage|g_twiddle.g_tag[0].w_q         ;        ;
; u_pipe|g_fft[13].u_fft|u_core|g_lane[0].u_path|g_group[0].u_stage|g_twiddle.g_tag[1].w_q         ;        ;
; u_pipe|g_fft[5].u_fft|u_core|g_lane[0].u_path|g_group[2].u_stage|g_twiddle.g_tag[2].w_q          ;        ;
; u_pipe|g_fft[13].u_fft|u_core|g_lane[0].u_path|g_group[0].u_stage|g_twiddle.g_tag[2].w_q         ;        ;
; u_pipe|g_fft[13].u_fft|u_core|g_lane[0].u_path|g_group[0].u_stage|g_twiddle.g_tag[3].w_q         ;        ;
; u_pipe|g_fft[13].u_fft|u_core|g_lane[0].u_path|g_group[1].u_stage|u_bf2i|warm_cnt_q[0]           ;        ;
; u_pipe|g_fft[13].u_fft|u_core|g_lane[0].u_path|g_group[1].u_stage|u_bf2i|warm_cnt_q[4]           ;        ;
; u_pipe|g_fft[13].u_fft|u_core|g_lane[0].u_path|g_group[1].u_stage|u_bf2ii|warm_cnt_q[0]          ;        ;
; u_pipe|g_fft[13].u_fft|u_core|g_lane[0].u_path|g_group[1].u_stage|g_twiddle.g_align[0].w_q       ;        ;
; u_pipe|g_fft[13].u_fft|u_core|g_lane[0].u_path|g_group[1].u_stage|g_twiddle.g_align[1].w_q       ;        ;
; u_pipe|g_fft[13].u_fft|u_core|g_lane[0].u_path|g_group[1].u_stage|g_twiddle.g_tag[0].w_q         ;        ;
; u_pipe|g_fft[13].u_fft|u_core|g_lane[0].u_path|g_group[1].u_stage|g_twiddle.g_tag[1].w_q         ;        ;
; u_pipe|g_fft[13].u_fft|u_core|g_lane[0].u_path|g_group[1].u_stage|g_twiddle.g_tag[2].w_q         ;        ;
; u_pipe|g_fft[5].u_fft|u_core|g_lane[0].u_path|g_group[2].u_stage|g_twiddle.g_tag[3].w_q          ;        ;
; u_pipe|g_fft[13].u_fft|u_core|g_lane[0].u_path|g_group[1].u_stage|g_twiddle.g_tag[3].w_q         ;        ;
; u_pipe|g_fft[13].u_fft|u_core|g_lane[0].u_path|g_group[2].u_stage|u_bf2i|warm_cnt_q[0]           ;        ;
; u_pipe|g_fft[13].u_fft|u_core|g_lane[0].u_path|g_group[2].u_stage|u_bf2i|warm_cnt_q[4]           ;        ;
; u_pipe|g_fft[13].u_fft|u_core|g_lane[0].u_path|g_group[2].u_stage|u_bf2ii|warm_cnt_q[0]          ;        ;
; u_pipe|g_fft[13].u_fft|u_core|g_lane[0].u_path|g_group[2].u_stage|g_twiddle.g_align[0].w_q       ;        ;
; u_pipe|g_fft[13].u_fft|u_core|g_lane[0].u_path|g_group[2].u_stage|g_twiddle.g_align[1].w_q       ;        ;
; u_pipe|g_fft[13].u_fft|u_core|g_lane[0].u_path|g_group[2].u_stage|g_twiddle.g_tag[0].w_q         ;        ;
; u_pipe|g_fft[13].u_fft|u_core|g_lane[0].u_path|g_group[2].u_stage|g_twiddle.g_tag[1].w_q         ;        ;
; u_pipe|g_fft[13].u_fft|u_core|g_lane[0].u_path|g_group[2].u_stage|g_twiddle.g_tag[2].w_q         ;        ;
; u_pipe|g_fft[13].u_fft|u_core|g_lane[0].u_path|g_group[2].u_stage|g_twiddle.g_tag[3].w_q         ;        ;
; u_pipe|g_fft[5].u_fft|u_core|g_lane[0].u_path|g_group[3].u_stage|u_bf2i|warm_cnt_q[0]            ;        ;
; u_pipe|g_fft[13].u_fft|u_core|g_lane[0].u_path|g_group[3].u_stage|u_bf2i|warm_cnt_q[0]           ;        ;
; u_pipe|g_fft[13].u_fft|u_core|g_lane[0].u_path|g_group[3].u_stage|u_bf2i|warm_cnt_q[2]           ;        ;
; u_pipe|g_fft[13].u_fft|u_core|g_lane[0].u_path|g_group[3].u_stage|u_bf2i|warm_cnt_q[1]           ;        ;
; u_pipe|g_fft[13].u_fft|u_core|g_lane[0].u_path|g_group[3].u_stage|u_bf2ii|warm_cnt_q[1]          ;        ;
; u_pipe|g_fft[13].u_fft|u_core|g_lane[0].u_path|g_group[3].u_stage|u_bf2ii|warm_cnt_q[0]          ;        ;
; u_pipe|g_fft[13].u_fft|u_core|g_lane[0].u_path|g_group[3].u_stage|g_twiddle.g_align[0].w_q       ;        ;
; u_pipe|g_fft[13].u_fft|u_core|g_lane[0].u_path|g_group[3].u_stage|g_twiddle.g_align[1].w_q       ;        ;
; u_pipe|g_fft[13].u_fft|u_core|g_lane[0].u_path|g_group[3].u_stage|g_twiddle.g_tag[0].w_q         ;        ;
; u_pipe|g_fft[13].u_fft|u_core|g_lane[0].u_path|g_group[3].u_stage|g_twiddle.g_tag[1].w_q         ;        ;
; u_pipe|g_fft[13].u_fft|u_core|g_lane[0].u_path|g_group[3].u_stage|g_twiddle.g_tag[2].w_q         ;        ;
; u_pipe|g_fft[5].u_fft|u_core|g_lane[0].u_path|g_group[3].u_stage|u_bf2i|warm_cnt_q[2]            ;        ;
; u_pipe|g_fft[13].u_fft|u_core|g_lane[0].u_path|g_group[3].u_stage|g_twiddle.g_tag[3].w_q         ;        ;
; u_pipe|g_fft[13].u_fft|u_core|g_lane[0].u_path|g_tail.u_tail|warm_cnt_q[1]                       ;        ;
; u_pipe|g_fft[13].u_fft|u_core|g_lane[0].u_path|g_tail.u_tail|warm_cnt_q[0]                       ;        ;
; u_pipe|g_fft[13].u_fft|u_core|g_merge.u_merge|g_align[0].w_q                                     ;        ;
; u_pipe|g_fft[13].u_fft|u_core|g_merge.u_merge|g_align[1].w_q                                     ;        ;
; u_pipe|g_fft[13].u_fft|u_core|g_merge.u_merge|g_tag[0].w_q                                       ;        ;
; u_pipe|g_fft[13].u_fft|u_core|g_merge.u_merge|g_tag[1].w_q                                       ;        ;
; u_pipe|g_fft[13].u_fft|u_core|g_merge.u_merge|g_tag[2].w_q                                       ;        ;
; u_pipe|g_fft[13].u_fft|u_core|g_merge.u_merge|g_tag[3].w_q                                       ;        ;
; u_pipe|g_fft[13].u_fft|u_core|g_merge.u_merge|warm_q                                             ;        ;
; u_pipe|g_fft[12].u_fft|u_core|g_lane[0].u_path|g_group[1].u_stage|u_bf2i|warm_cnt_q[6]           ;        ;
; u_pipe|g_fft[5].u_fft|u_core|g_lane[0].u_path|g_group[3].u_stage|u_bf2i|warm_cnt_q[1]            ;        ;
; u_pipe|g_fft[13].u_fft|g_reorder.u_reorder|warm_cnt_q[0]                                         ;        ;
; u_pipe|g_fft[13].u_fft|credit_q[10]                                                              ;        ;
; u_pipe|g_fft[13].u_fft|credit_q[0]                                                               ;        ;
; u_pipe|g_fft[13].u_fft|credit_q[1]                                                               ;        ;
; u_pipe|g_fft[13].u_fft|credit_q[2]                                                               ;        ;
; u_pipe|g_fft[13].u_fft|credit_q[3]                                                               ;        ;
; u_pipe|g_fft[13].u_fft|credit_q[4]                                                               ;        ;
; u_pipe|g_fft[13].u_fft|credit_q[5]                                                               ;        ;
; u_pipe|g_fft[13].u_fft|credit_q[6]                                                               ;        ;
; u_pipe|g_fft[13].u_fft|credit_q[7]                                                               ;        ;
; u_pipe|g_fft[5].u_fft|u_core|g_lane[0].u_path|g_group[3].u_stage|u_bf2ii|warm_cnt_q[1]           ;        ;
; u_pipe|g_fft[13].u_fft|credit_q[8]                                                               ;        ;
; u_pipe|g_fft[13].u_fft|credit_q[9]                                                               ;        ;
; u_pipe|g_fft[13].u_fft|u_eb_in|count_q[1]                                                        ;        ;
; u_pipe|g_pfb[13].u_pfb|u_out|rdy_q                                                               ;        ;
; u_pipe|g_pfb[13].u_pfb|credits_q[3]                                                              ;        ;
; u_pipe|g_pfb[13].u_pfb|credits_q[1]                                                              ;        ;
; u_pipe|g_pfb[13].u_pfb|credits_q[2]                                                              ;        ;
; u_pipe|g_pfb[13].u_pfb|credits_q[0]                                                              ;        ;
; u_pipe|g_pfb[13].u_pfb|rdy_q                                                                     ;        ;
; u_pipe|g_pfb[13].u_pfb|g_lane[0].u_lane|g_mult[0].u_mult|g_valid[0].v_q                          ;        ;
; u_pipe|g_fft[5].u_fft|u_core|g_lane[0].u_path|g_group[3].u_stage|u_bf2ii|warm_cnt_q[0]           ;        ;
; u_pipe|g_pfb[13].u_pfb|g_lane[0].u_lane|g_mult[0].u_mult|g_valid[1].v_q                          ;        ;
; u_pipe|g_pfb[13].u_pfb|g_lane[0].u_lane|g_mult[0].u_mult|g_valid[2].v_q                          ;        ;
; u_pipe|g_pfb[13].u_pfb|g_lane[0].u_lane|g_mult[0].u_mult|g_valid[3].v_q                          ;        ;
; u_pipe|g_pfb[13].u_pfb|g_lane[0].u_lane|g_valid[0].v_q                                           ;        ;
; u_pipe|g_pfb[13].u_pfb|g_lane[0].u_lane|g_valid[1].v_q                                           ;        ;
; u_pipe|g_pfb[13].u_pfb|g_lane[0].u_lane|g_valid[2].v_q                                           ;        ;
; u_pipe|g_pfb[13].u_pfb|g_lane[0].u_lane|g_valid[3].v_q                                           ;        ;
; u_pipe|g_pfb[13].u_pfb|g_lane[0].u_lane|g_valid[4].v_q                                           ;        ;
; u_pipe|g_pfb[13].u_pfb|u_out|count_q[0]                                                          ;        ;
; u_pipe|g_pfb[13].u_pfb|u_out|count_q[1]                                                          ;        ;
; u_pipe|g_fft[5].u_fft|u_core|g_lane[0].u_path|g_group[3].u_stage|g_twiddle.g_align[0].w_q        ;        ;
; u_pipe|g_pfb[13].u_pfb|u_out|count_q[2]                                                          ;        ;
; u_pipe|g_pfb[13].u_pfb|u_out|count_q[3]                                                          ;        ;
; u_pipe|g_fft[13].u_fft|u_eb_in|rdy_q                                                             ;        ;
; u_pipe|g_fft[13].u_fft|u_eb_in|count_q[0]                                                        ;        ;
; u_pipe|g_fft[13].u_fft|u_eb_in|count_q[2]                                                        ;        ;
; u_pipe|g_fft[13].u_fft|u_core|g_lane[0].u_path|g_group[0].u_stage|u_bf2i|vld_q                   ;        ;
; u_pipe|g_fft[13].u_fft|u_core|g_lane[0].u_path|g_group[0].u_stage|u_bf2ii|vld_q                  ;        ;
; u_pipe|g_fft[13].u_fft|u_core|g_lane[0].u_path|g_group[0].u_stage|g_twiddle.u_mul|g_valid[0].v_q ;        ;
; u_pipe|g_fft[13].u_fft|u_core|g_lane[0].u_path|g_group[0].u_stage|g_twiddle.u_mul|g_valid[1].v_q ;        ;
; u_pipe|g_fft[13].u_fft|u_core|g_lane[0].u_path|g_group[0].u_stage|g_twiddle.u_mul|g_valid[2].v_q ;        ;
; u_pipe|g_fft[5].u_fft|u_core|g_lane[0].u_path|g_group[3].u_stage|g_twiddle.g_align[1].w_q        ;        ;
; u_pipe|g_fft[13].u_fft|u_core|g_lane[0].u_path|g_group[0].u_stage|g_twiddle.u_mul|g_valid[3].v_q ;        ;
; u_pipe|g_fft[13].u_fft|u_core|g_lane[0].u_path|g_group[1].u_stage|u_bf2i|vld_q                   ;        ;
; u_pipe|g_fft[13].u_fft|u_core|g_lane[0].u_path|g_group[1].u_stage|u_bf2ii|vld_q                  ;        ;
; u_pipe|g_fft[13].u_fft|u_core|g_lane[0].u_path|g_group[1].u_stage|g_twiddle.u_mul|g_valid[0].v_q ;        ;
; u_pipe|g_fft[13].u_fft|u_core|g_lane[0].u_path|g_group[1].u_stage|g_twiddle.u_mul|g_valid[1].v_q ;        ;
; u_pipe|g_fft[13].u_fft|u_core|g_lane[0].u_path|g_group[1].u_stage|g_twiddle.u_mul|g_valid[2].v_q ;        ;
; u_pipe|g_fft[13].u_fft|u_core|g_lane[0].u_path|g_group[1].u_stage|g_twiddle.u_mul|g_valid[3].v_q ;        ;
; u_pipe|g_fft[13].u_fft|u_core|g_lane[0].u_path|g_group[2].u_stage|u_bf2i|vld_q                   ;        ;
; u_pipe|g_fft[13].u_fft|u_core|g_lane[0].u_path|g_group[2].u_stage|u_bf2ii|vld_q                  ;        ;
; u_pipe|g_fft[13].u_fft|u_core|g_lane[0].u_path|g_group[2].u_stage|g_twiddle.u_mul|g_valid[0].v_q ;        ;
; u_pipe|g_fft[5].u_fft|u_core|g_lane[0].u_path|g_group[3].u_stage|g_twiddle.g_tag[0].w_q          ;        ;
; u_pipe|g_fft[13].u_fft|u_core|g_lane[0].u_path|g_group[2].u_stage|g_twiddle.u_mul|g_valid[1].v_q ;        ;
; u_pipe|g_fft[13].u_fft|u_core|g_lane[0].u_path|g_group[2].u_stage|g_twiddle.u_mul|g_valid[2].v_q ;        ;
; u_pipe|g_fft[13].u_fft|u_core|g_lane[0].u_path|g_group[2].u_stage|g_twiddle.u_mul|g_valid[3].v_q ;        ;
; u_pipe|g_fft[13].u_fft|u_core|g_lane[0].u_path|g_group[3].u_stage|u_bf2i|vld_q                   ;        ;
; u_pipe|g_fft[13].u_fft|u_core|g_lane[0].u_path|g_group[3].u_stage|u_bf2ii|vld_q                  ;        ;
; u_pipe|g_fft[13].u_fft|u_core|g_lane[0].u_path|g_group[3].u_stage|g_twiddle.u_mul|g_valid[0].v_q ;        ;
; u_pipe|g_fft[13].u_fft|u_core|g_lane[0].u_path|g_group[3].u_stage|g_twiddle.u_mul|g_valid[1].v_q ;        ;
; u_pipe|g_fft[13].u_fft|u_core|g_lane[0].u_path|g_group[3].u_stage|g_twiddle.u_mul|g_valid[2].v_q ;        ;
; u_pipe|g_fft[13].u_fft|u_core|g_lane[0].u_path|g_group[3].u_stage|g_twiddle.u_mul|g_valid[3].v_q ;        ;
; u_pipe|g_fft[13].u_fft|u_core|g_lane[0].u_path|g_tail.u_tail|vld_q                               ;        ;
; u_pipe|g_fft[5].u_fft|u_core|g_lane[0].u_path|g_group[3].u_stage|g_twiddle.g_tag[1].w_q          ;        ;
; u_pipe|g_fft[13].u_fft|u_core|g_merge.u_merge|u_mul|g_valid[0].v_q                               ;        ;
; u_pipe|g_fft[13].u_fft|u_core|g_merge.u_merge|u_mul|g_valid[1].v_q                               ;        ;
; u_pipe|g_fft[13].u_fft|u_core|g_merge.u_merge|u_mul|g_valid[2].v_q                               ;        ;
; u_pipe|g_fft[13].u_fft|u_core|g_merge.u_merge|u_mul|g_valid[3].v_q                               ;        ;
; u_pipe|g_fft[13].u_fft|u_core|g_merge.u_merge|vld_q                                              ;        ;
; u_pipe|g_fft[13].u_fft|g_reorder.u_reorder|vld_q                                                 ;        ;
; u_pipe|g_fft[13].u_fft|u_out_fifo|count_q[3]                                                     ;        ;
; u_pipe|g_fft[13].u_fft|u_out_fifo|g_out_reg.out_valid_q                                          ;        ;
; u_pipe|g_fft[13].u_fft|u_out_fifo|rd_ptr_q[6]                                                    ;        ;
; u_pipe|g_fft[13].u_fft|u_out_fifo|rd_ptr_q[1]                                                    ;        ;
; u_pipe|g_fft[5].u_fft|u_core|g_lane[0].u_path|g_group[3].u_stage|g_twiddle.g_tag[2].w_q          ;        ;
; u_pipe|g_fft[13].u_fft|u_out_fifo|rd_ptr_q[10]                                                   ;        ;
; u_pipe|g_fft[13].u_fft|u_out_fifo|rd_ptr_q[0]                                                    ;        ;
; u_pipe|g_fft[13].u_fft|u_out_fifo|rd_ptr_q[2]                                                    ;        ;
; u_pipe|g_fft[13].u_fft|u_out_fifo|rd_ptr_q[3]                                                    ;        ;
; u_pipe|g_fft[13].u_fft|u_out_fifo|rd_ptr_q[4]                                                    ;        ;
; u_pipe|g_fft[13].u_fft|u_out_fifo|rd_ptr_q[5]                                                    ;        ;
; u_pipe|g_fft[13].u_fft|u_out_fifo|rd_ptr_q[7]                                                    ;        ;
; u_pipe|g_fft[13].u_fft|u_out_fifo|rd_ptr_q[8]                                                    ;        ;
; u_pipe|g_fft[13].u_fft|u_out_fifo|rd_ptr_q[9]                                                    ;        ;
; u_pipe|g_fft[13].u_fft|u_out_fifo|wr_ptr_q[4]                                                    ;        ;
; u_pipe|g_fft[5].u_fft|u_core|g_lane[0].u_path|g_group[3].u_stage|g_twiddle.g_tag[3].w_q          ;        ;
; u_pipe|g_fft[13].u_fft|u_out_fifo|wr_ptr_q[5]                                                    ;        ;
; u_pipe|g_fft[13].u_fft|u_out_fifo|wr_ptr_q[3]                                                    ;        ;
; u_pipe|g_fft[13].u_fft|u_out_fifo|wr_ptr_q[2]                                                    ;        ;
; u_pipe|g_fft[13].u_fft|u_out_fifo|wr_ptr_q[1]                                                    ;        ;
; u_pipe|g_fft[13].u_fft|u_out_fifo|wr_ptr_q[0]                                                    ;        ;
; u_pipe|g_fft[13].u_fft|u_out_fifo|wr_ptr_q[10]                                                   ;        ;
; u_pipe|g_fft[13].u_fft|u_out_fifo|wr_ptr_q[8]                                                    ;        ;
; u_pipe|g_fft[13].u_fft|u_out_fifo|wr_ptr_q[9]                                                    ;        ;
; u_pipe|g_fft[13].u_fft|u_out_fifo|wr_ptr_q[6]                                                    ;        ;
; u_pipe|g_fft[13].u_fft|u_out_fifo|wr_ptr_q[7]                                                    ;        ;
; u_pipe|g_fft[5].u_fft|u_core|g_lane[0].u_path|g_tail.u_tail|warm_cnt_q[1]                        ;        ;
; u_pipe|g_fft[13].u_fft|u_meta_fifo|count_q[0]                                                    ;        ;
; u_pipe|g_fft[13].u_fft|u_meta_fifo|count_q[1]                                                    ;        ;
; u_pipe|g_fft[13].u_fft|u_meta_fifo|count_q[2]                                                    ;        ;
; u_pipe|g_fft[13].u_fft|u_meta_fifo|count_q[3]                                                    ;        ;
; u_pipe|g_fft[13].u_fft|u_meta_fifo|count_q[4]                                                    ;        ;
; u_pipe|g_fft[13].u_fft|u_meta_fifo|count_q[6]                                                    ;        ;
; u_pipe|g_fft[13].u_fft|u_meta_fifo|count_q[7]                                                    ;        ;
; u_pipe|g_fft[13].u_fft|u_meta_fifo|count_q[8]                                                    ;        ;
; u_pipe|g_fft[13].u_fft|u_meta_fifo|count_q[9]                                                    ;        ;
; u_pipe|g_fft[13].u_fft|u_meta_fifo|count_q[10]                                                   ;        ;
; u_pipe|g_fft[12].u_fft|u_core|g_lane[0].u_path|g_group[1].u_stage|u_bf2i|warm_cnt_q[5]           ;        ;
; u_pipe|g_fft[5].u_fft|u_core|g_lane[0].u_path|g_tail.u_tail|warm_cnt_q[0]                        ;        ;
; u_pipe|g_fft[13].u_fft|u_meta_fifo|count_q[5]                                                    ;        ;
; u_pipe|g_fft[13].u_fft|u_meta_fifo|rd_ptr_q[1]                                                   ;        ;
; u_pipe|g_fft[13].u_fft|u_meta_fifo|rd_ptr_q[10]                                                  ;        ;
; u_pipe|g_fft[13].u_fft|u_meta_fifo|rd_ptr_q[9]                                                   ;        ;
; u_pipe|g_fft[13].u_fft|u_meta_fifo|rd_ptr_q[8]                                                   ;        ;
; u_pipe|g_fft[13].u_fft|u_meta_fifo|rd_ptr_q[6]                                                   ;        ;
; u_pipe|g_fft[13].u_fft|u_meta_fifo|rd_ptr_q[7]                                                   ;        ;
; u_pipe|g_fft[13].u_fft|u_meta_fifo|rd_ptr_q[0]                                                   ;        ;
; u_pipe|g_fft[13].u_fft|u_meta_fifo|rd_ptr_q[2]                                                   ;        ;
; u_pipe|g_fft[13].u_fft|u_meta_fifo|rd_ptr_q[3]                                                   ;        ;
; u_pipe|g_fft[5].u_fft|u_core|g_merge.u_merge|g_align[0].w_q                                      ;        ;
; u_pipe|g_fft[13].u_fft|u_meta_fifo|rd_ptr_q[4]                                                   ;        ;
; u_pipe|g_fft[13].u_fft|u_meta_fifo|rd_ptr_q[5]                                                   ;        ;
; u_pipe|g_fft[13].u_fft|u_meta_fifo|wr_ptr_q[3]                                                   ;        ;
; u_pipe|g_fft[13].u_fft|u_meta_fifo|wr_ptr_q[2]                                                   ;        ;
; u_pipe|g_fft[13].u_fft|u_meta_fifo|wr_ptr_q[1]                                                   ;        ;
; u_pipe|g_fft[13].u_fft|u_meta_fifo|wr_ptr_q[0]                                                   ;        ;
; u_pipe|g_fft[13].u_fft|u_meta_fifo|wr_ptr_q[10]                                                  ;        ;
; u_pipe|g_fft[13].u_fft|u_meta_fifo|wr_ptr_q[6]                                                   ;        ;
; u_pipe|g_fft[13].u_fft|u_meta_fifo|wr_ptr_q[7]                                                   ;        ;
; u_pipe|g_fft[13].u_fft|u_meta_fifo|wr_ptr_q[8]                                                   ;        ;
; u_pipe|g_fft[5].u_fft|u_core|g_merge.u_merge|g_align[1].w_q                                      ;        ;
; u_pipe|g_fft[13].u_fft|u_meta_fifo|wr_ptr_q[9]                                                   ;        ;
; u_pipe|g_fft[13].u_fft|u_meta_fifo|wr_ptr_q[4]                                                   ;        ;
; u_pipe|g_fft[13].u_fft|u_meta_fifo|wr_ptr_q[5]                                                   ;        ;
; u_pipe|g_fft[13].u_fft|u_eb_in|wr_ptr_q[0]                                                       ;        ;
; u_pipe|g_fft[13].u_fft|u_eb_in|wr_ptr_q[1]                                                       ;        ;
; u_pipe|g_pfb[13].u_pfb|u_out|wr_ptr_q[3]                                                         ;        ;
; u_pipe|g_pfb[13].u_pfb|u_out|wr_ptr_q[2]                                                         ;        ;
; u_pipe|g_pfb[13].u_pfb|u_out|wr_ptr_q[1]                                                         ;        ;
; u_pipe|g_pfb[13].u_pfb|u_out|wr_ptr_q[0]                                                         ;        ;
; u_pipe|g_pfb[13].u_pfb|u_out|rd_ptr_q[3]                                                         ;        ;
; u_pipe|g_fft[5].u_fft|u_core|g_merge.u_merge|g_tag[0].w_q                                        ;        ;
; u_pipe|g_pfb[13].u_pfb|u_out|rd_ptr_q[2]                                                         ;        ;
; u_pipe|g_pfb[13].u_pfb|u_out|rd_ptr_q[1]                                                         ;        ;
; u_pipe|g_pfb[13].u_pfb|u_out|rd_ptr_q[0]                                                         ;        ;
; u_pipe|g_fft[13].u_fft|u_eb_in|rd_ptr_q[0]                                                       ;        ;
; u_pipe|g_fft[13].u_fft|u_eb_in|rd_ptr_q[1]                                                       ;        ;
; u_pipe|g_fft[14].u_fft|u_out_fifo|count_q[0]                                                     ;        ;
; u_pipe|g_fft[14].u_fft|u_out_fifo|count_q[1]                                                     ;        ;
; u_pipe|g_fft[14].u_fft|u_out_fifo|count_q[3]                                                     ;        ;
; u_pipe|g_fft[14].u_fft|u_out_fifo|count_q[4]                                                     ;        ;
; u_pipe|g_fft[14].u_fft|u_out_fifo|count_q[5]                                                     ;        ;
; u_pipe|g_fft[5].u_fft|u_core|g_merge.u_merge|g_tag[1].w_q                                        ;        ;
; u_pipe|g_fft[14].u_fft|u_out_fifo|count_q[6]                                                     ;        ;
; u_pipe|g_fft[14].u_fft|u_out_fifo|count_q[7]                                                     ;        ;
; u_pipe|g_fft[14].u_fft|u_out_fifo|count_q[8]                                                     ;        ;
; u_pipe|g_fft[14].u_fft|u_out_fifo|count_q[9]                                                     ;        ;
; u_pipe|g_fft[14].u_fft|u_out_fifo|count_q[10]                                                    ;        ;
; u_pipe|g_fft[14].u_fft|g_reorder.u_reorder|warm_cnt_q[1]                                         ;        ;
; u_pipe|g_fft[14].u_fft|g_reorder.u_reorder|warm_cnt_q[2]                                         ;        ;
; u_pipe|g_fft[14].u_fft|g_reorder.u_reorder|warm_cnt_q[3]                                         ;        ;
; u_pipe|g_fft[14].u_fft|g_reorder.u_reorder|warm_cnt_q[4]                                         ;        ;
; u_pipe|g_fft[14].u_fft|g_reorder.u_reorder|warm_cnt_q[5]                                         ;        ;
; u_pipe|g_fft[5].u_fft|u_core|g_merge.u_merge|g_tag[2].w_q                                        ;        ;
; u_pipe|g_fft[14].u_fft|g_reorder.u_reorder|warm_cnt_q[6]                                         ;        ;
; u_pipe|g_fft[14].u_fft|g_reorder.u_reorder|warm_cnt_q[7]                                         ;        ;
; u_pipe|g_fft[14].u_fft|g_reorder.u_reorder|warm_cnt_q[8]                                         ;        ;
; u_pipe|g_fft[14].u_fft|g_reorder.u_reorder|warm_cnt_q[9]                                         ;        ;
; u_pipe|g_fft[14].u_fft|u_core|g_lane[0].u_path|g_group[2].u_stage|u_bf2ii|warm_cnt_q[3]          ;        ;
; u_pipe|g_fft[14].u_fft|u_core|g_lane[0].u_path|g_group[2].u_stage|u_bf2ii|warm_cnt_q[2]          ;        ;
; u_pipe|g_fft[14].u_fft|u_core|g_lane[0].u_path|g_group[2].u_stage|u_bf2i|warm_cnt_q[2]           ;        ;
; u_pipe|g_fft[14].u_fft|u_core|g_lane[0].u_path|g_group[2].u_stage|u_bf2i|warm_cnt_q[1]           ;        ;
; u_pipe|g_fft[14].u_fft|u_core|g_lane[0].u_path|g_group[1].u_stage|u_bf2ii|warm_cnt_q[5]          ;        ;
; u_pipe|g_fft[14].u_fft|u_core|g_lane[0].u_path|g_group[1].u_stage|u_bf2ii|warm_cnt_q[4]          ;        ;
; u_pipe|g_fft[5].u_fft|u_core|g_merge.u_merge|g_tag[3].w_q                                        ;        ;
; u_pipe|g_fft[14].u_fft|u_core|g_lane[0].u_path|g_group[1].u_stage|u_bf2ii|warm_cnt_q[3]          ;        ;
; u_pipe|g_fft[14].u_fft|u_core|g_lane[0].u_path|g_group[1].u_stage|u_bf2ii|warm_cnt_q[2]          ;        ;
; u_pipe|g_fft[14].u_fft|u_core|g_lane[0].u_path|g_group[1].u_stage|u_bf2ii|warm_cnt_q[1]          ;        ;
; u_pipe|g_fft[14].u_fft|u_core|g_lane[0].u_path|g_group[1].u_stage|u_bf2i|warm_cnt_q[2]           ;        ;
; u_pipe|g_fft[14].u_fft|u_core|g_lane[0].u_path|g_group[1].u_stage|u_bf2i|warm_cnt_q[1]           ;        ;
; u_pipe|g_fft[14].u_fft|u_core|g_lane[0].u_path|g_group[0].u_stage|u_bf2ii|warm_cnt_q[5]          ;        ;
; u_pipe|g_fft[14].u_fft|u_core|g_lane[0].u_path|g_group[0].u_stage|u_bf2ii|warm_cnt_q[6]          ;        ;
; u_pipe|g_fft[14].u_fft|u_core|g_lane[0].u_path|g_group[0].u_stage|u_bf2ii|warm_cnt_q[7]          ;        ;
; u_pipe|g_fft[14].u_fft|u_core|g_lane[0].u_path|g_group[0].u_stage|u_bf2ii|warm_cnt_q[0]          ;        ;
; u_pipe|g_fft[14].u_fft|u_core|g_lane[0].u_path|g_group[0].u_stage|u_bf2ii|warm_cnt_q[1]          ;        ;
; u_pipe|g_fft[5].u_fft|u_core|g_merge.u_merge|warm_q                                              ;        ;
; u_pipe|g_fft[14].u_fft|u_core|g_lane[0].u_path|g_group[0].u_stage|u_bf2ii|warm_cnt_q[2]          ;        ;
; u_pipe|g_fft[14].u_fft|u_core|g_lane[0].u_path|g_group[0].u_stage|u_bf2i|warm_cnt_q[8]           ;        ;
; u_pipe|g_fft[14].u_fft|u_core|g_lane[0].u_path|g_group[0].u_stage|u_bf2i|warm_cnt_q[7]           ;        ;
; u_pipe|g_fft[14].u_fft|u_core|g_lane[0].u_path|g_group[0].u_stage|u_bf2i|warm_cnt_q[6]           ;        ;
; u_pipe|g_fft[14].u_fft|u_core|g_lane[0].u_path|g_group[0].u_stage|u_bf2i|warm_cnt_q[0]           ;        ;
; u_pipe|g_fft[14].u_fft|u_core|g_lane[0].u_path|g_group[0].u_stage|u_bf2i|warm_cnt_q[1]           ;        ;
; u_pipe|g_fft[14].u_fft|u_core|g_lane[0].u_path|g_group[0].u_stage|u_bf2i|warm_cnt_q[2]           ;        ;
; u_pipe|g_fft[14].u_fft|u_core|g_lane[0].u_path|g_group[0].u_stage|u_bf2i|warm_cnt_q[3]           ;        ;
; u_pipe|g_fft[14].u_fft|u_core|g_lane[0].u_path|g_group[0].u_stage|u_bf2i|warm_cnt_q[4]           ;        ;
; u_pipe|g_fft[14].u_fft|u_core|g_lane[0].u_path|g_group[0].u_stage|u_bf2i|warm_cnt_q[5]           ;        ;
; u_pipe|g_fft[5].u_fft|g_reorder.u_reorder|warm_cnt_q[0]                                          ;        ;
; u_pipe|g_fft[14].u_fft|u_core|g_lane[0].u_path|g_group[0].u_stage|u_bf2ii|warm_cnt_q[3]          ;        ;
; u_pipe|g_fft[14].u_fft|u_core|g_lane[0].u_path|g_group[0].u_stage|u_bf2ii|warm_cnt_q[4]          ;        ;
; u_pipe|g_fft[14].u_fft|u_core|g_lane[0].u_path|g_group[0].u_stage|g_twiddle.g_align[0].w_q       ;        ;
; u_pipe|g_fft[14].u_fft|u_core|g_lane[0].u_path|g_group[0].u_stage|g_twiddle.g_align[1].w_q       ;        ;
; u_pipe|g_fft[14].u_fft|u_core|g_lane[0].u_path|g_group[0].u_stage|g_twiddle.g_tag[0].w_q         ;        ;
; u_pipe|g_fft[14].u_fft|u_core|g_lane[0].u_path|g_group[0].u_stage|g_twiddle.g_tag[1].w_q         ;        ;
; u_pipe|g_fft[14].u_fft|u_core|g_lane[0].u_path|g_group[0].u_stage|g_twiddle.g_tag[2].w_q         ;        ;
; u_pipe|g_fft[14].u_fft|u_core|g_lane[0].u_path|g_group[0].u_stage|g_twiddle.g_tag[3].w_q         ;        ;
; u_pipe|g_fft[14].u_fft|u_core|g_lane[0].u_path|g_group[1].u_stage|u_bf2i|warm_cnt_q[0]           ;        ;
; u_pipe|g_fft[14].u_fft|u_core|g_lane[0].u_path|g_group[1].u_stage|u_bf2i|warm_cnt_q[3]           ;        ;
; u_pipe|g_fft[5].u_fft|credit_q[10]                                                               ;        ;
; u_pipe|g_fft[14].u_fft|u_core|g_lane[0].u_path|g_group[1].u_stage|u_bf2i|warm_cnt_q[4]           ;        ;
; u_pipe|g_fft[14].u_fft|u_core|g_lane[0].u_path|g_group[1].u_stage|u_bf2i|warm_cnt_q[5]           ;        ;
; u_pipe|g_fft[14].u_fft|u_core|g_lane[0].u_path|g_group[1].u_stage|u_bf2i|warm_cnt_q[6]           ;        ;
; u_pipe|g_fft[14].u_fft|u_core|g_lane[0].u_path|g_group[1].u_stage|u_bf2ii|warm_cnt_q[0]          ;        ;
; u_pipe|g_fft[14].u_fft|u_core|g_lane[0].u_path|g_group[1].u_stage|g_twiddle.g_align[0].w_q       ;        ;
; u_pipe|g_fft[14].u_fft|u_core|g_lane[0].u_path|g_group[1].u_stage|g_twiddle.g_align[1].w_q       ;        ;
; u_pipe|g_fft[14].u_fft|u_core|g_lane[0].u_path|g_group[1].u_stage|g_twiddle.g_tag[0].w_q         ;        ;
; u_pipe|g_fft[14].u_fft|u_core|g_lane[0].u_path|g_group[1].u_stage|g_twiddle.g_tag[1].w_q         ;        ;
; u_pipe|g_fft[14].u_fft|u_core|g_lane[0].u_path|g_group[1].u_stage|g_twiddle.g_tag[2].w_q         ;        ;
; u_pipe|g_fft[14].u_fft|u_core|g_lane[0].u_path|g_group[1].u_stage|g_twiddle.g_tag[3].w_q         ;        ;
; u_pipe|g_fft[12].u_fft|u_core|g_lane[0].u_path|g_group[1].u_stage|u_bf2i|warm_cnt_q[3]           ;        ;
; u_pipe|g_fft[5].u_fft|credit_q[0]                                                                ;        ;
; u_pipe|g_fft[14].u_fft|u_core|g_lane[0].u_path|g_group[2].u_stage|u_bf2i|warm_cnt_q[0]           ;        ;
; u_pipe|g_fft[14].u_fft|u_core|g_lane[0].u_path|g_group[2].u_stage|u_bf2i|warm_cnt_q[3]           ;        ;
; u_pipe|g_fft[14].u_fft|u_core|g_lane[0].u_path|g_group[2].u_stage|u_bf2i|warm_cnt_q[4]           ;        ;
; u_pipe|g_fft[14].u_fft|u_core|g_lane[0].u_path|g_group[2].u_stage|u_bf2ii|warm_cnt_q[0]          ;        ;
; u_pipe|g_fft[14].u_fft|u_core|g_lane[0].u_path|g_group[2].u_stage|u_bf2ii|warm_cnt_q[1]          ;        ;
; u_pipe|g_fft[14].u_fft|u_core|g_lane[0].u_path|g_group[2].u_stage|g_twiddle.g_align[0].w_q       ;        ;
; u_pipe|g_fft[14].u_fft|u_core|g_lane[0].u_path|g_group[2].u_stage|g_twiddle.g_align[1].w_q       ;        ;
; u_pipe|g_fft[14].u_fft|u_core|g_lane[0].u_path|g_group[2].u_stage|g_twiddle.g_tag[0].w_q         ;        ;
; u_pipe|g_fft[14].u_fft|u_core|g_lane[0].u_path|g_group[2].u_stage|g_twiddle.g_tag[1].w_q         ;        ;
; u_pipe|g_fft[14].u_fft|u_core|g_lane[0].u_path|g_group[2].u_stage|g_twiddle.g_tag[2].w_q         ;        ;
; u_pipe|g_fft[5].u_fft|credit_q[1]                                                                ;        ;
; u_pipe|g_fft[14].u_fft|u_core|g_lane[0].u_path|g_group[2].u_stage|g_twiddle.g_tag[3].w_q         ;        ;
; u_pipe|g_fft[14].u_fft|u_core|g_lane[0].u_path|g_group[3].u_stage|u_bf2i|warm_cnt_q[0]           ;        ;
; u_pipe|g_fft[14].u_fft|u_core|g_lane[0].u_path|g_group[3].u_stage|u_bf2i|warm_cnt_q[2]           ;        ;
; u_pipe|g_fft[14].u_fft|u_core|g_lane[0].u_path|g_group[3].u_stage|u_bf2i|warm_cnt_q[1]           ;        ;
; u_pipe|g_fft[14].u_fft|u_core|g_lane[0].u_path|g_group[3].u_stage|u_bf2ii|warm_cnt_q[1]          ;        ;
; u_pipe|g_fft[14].u_fft|u_core|g_lane[0].u_path|g_group[3].u_stage|u_bf2ii|warm_cnt_q[0]          ;        ;
; u_pipe|g_fft[14].u_fft|u_core|g_lane[0].u_path|g_group[3].u_stage|g_twiddle.g_align[0].w_q       ;        ;
; u_pipe|g_fft[14].u_fft|u_core|g_lane[0].u_path|g_group[3].u_stage|g_twiddle.g_align[1].w_q       ;        ;
; u_pipe|g_fft[14].u_fft|u_core|g_lane[0].u_path|g_group[3].u_stage|g_twiddle.g_tag[0].w_q         ;        ;
; u_pipe|g_fft[14].u_fft|u_core|g_lane[0].u_path|g_group[3].u_stage|g_twiddle.g_tag[1].w_q         ;        ;
; u_pipe|g_fft[5].u_fft|credit_q[2]                                                                ;        ;
; u_pipe|g_fft[14].u_fft|u_core|g_lane[0].u_path|g_group[3].u_stage|g_twiddle.g_tag[2].w_q         ;        ;
; u_pipe|g_fft[14].u_fft|u_core|g_lane[0].u_path|g_group[3].u_stage|g_twiddle.g_tag[3].w_q         ;        ;
; u_pipe|g_fft[14].u_fft|u_core|g_lane[0].u_path|g_tail.u_tail|warm_cnt_q[1]                       ;        ;
; u_pipe|g_fft[14].u_fft|u_core|g_lane[0].u_path|g_tail.u_tail|warm_cnt_q[0]                       ;        ;
; u_pipe|g_fft[14].u_fft|u_core|g_merge.u_merge|g_align[0].w_q                                     ;        ;
; u_pipe|g_fft[14].u_fft|u_core|g_merge.u_merge|g_align[1].w_q                                     ;        ;
; u_pipe|g_fft[14].u_fft|u_core|g_merge.u_merge|g_tag[0].w_q                                       ;        ;
; u_pipe|g_fft[14].u_fft|u_core|g_merge.u_merge|g_tag[1].w_q                                       ;        ;
; u_pipe|g_fft[14].u_fft|u_core|g_merge.u_merge|g_tag[2].w_q                                       ;        ;
; u_pipe|g_fft[14].u_fft|u_core|g_merge.u_merge|g_tag[3].w_q                                       ;        ;
; u_pipe|g_fft[5].u_fft|credit_q[3]                                                                ;        ;
; u_pipe|g_fft[14].u_fft|u_core|g_merge.u_merge|warm_q                                             ;        ;
; u_pipe|g_fft[14].u_fft|g_reorder.u_reorder|warm_cnt_q[0]                                         ;        ;
; u_pipe|g_fft[14].u_fft|credit_q[8]                                                               ;        ;
; u_pipe|g_fft[14].u_fft|credit_q[9]                                                               ;        ;
; u_pipe|g_fft[14].u_fft|credit_q[10]                                                              ;        ;
; u_pipe|g_fft[14].u_fft|credit_q[0]                                                               ;        ;
; u_pipe|g_fft[14].u_fft|credit_q[1]                                                               ;        ;
; u_pipe|g_fft[14].u_fft|credit_q[2]                                                               ;        ;
; u_pipe|g_fft[14].u_fft|credit_q[3]                                                               ;        ;
; u_pipe|g_fft[14].u_fft|credit_q[4]                                                               ;        ;
; u_pipe|g_fft[5].u_fft|credit_q[4]                                                                ;        ;
; u_pipe|g_fft[14].u_fft|credit_q[5]                                                               ;        ;
; u_pipe|g_fft[14].u_fft|credit_q[6]                                                               ;        ;
; u_pipe|g_fft[14].u_fft|credit_q[7]                                                               ;        ;
; u_pipe|g_fft[14].u_fft|u_eb_in|count_q[1]                                                        ;        ;
; u_pipe|g_pfb[14].u_pfb|u_out|rdy_q                                                               ;        ;
; u_pipe|g_pfb[14].u_pfb|credits_q[3]                                                              ;        ;
; u_pipe|g_pfb[14].u_pfb|credits_q[1]                                                              ;        ;
; u_pipe|g_pfb[14].u_pfb|credits_q[2]                                                              ;        ;
; u_pipe|g_pfb[14].u_pfb|credits_q[0]                                                              ;        ;
; u_pipe|g_pfb[14].u_pfb|rdy_q                                                                     ;        ;
; u_pipe|g_fft[5].u_fft|credit_q[5]                                                                ;        ;
; u_pipe|g_pfb[14].u_pfb|g_lane[0].u_lane|g_mult[0].u_mult|g_valid[0].v_q                          ;        ;
; u_pipe|g_pfb[14].u_pfb|g_lane[0].u_lane|g_mult[0].u_mult|g_valid[1].v_q                          ;        ;
; u_pipe|g_pfb[14].u_pfb|g_lane[0].u_lane|g_mult[0].u_mult|g_valid[2].v_q                          ;        ;
; u_pipe|g_pfb[14].u_pfb|g_lane[0].u_lane|g_mult[0].u_mult|g_valid[3].v_q                          ;        ;
; u_pipe|g_pfb[14].u_pfb|g_lane[0].u_lane|g_valid[0].v_q                                           ;        ;
; u_pipe|g_pfb[14].u_pfb|g_lane[0].u_lane|g_valid[1].v_q                                           ;        ;
; u_pipe|g_pfb[14].u_pfb|g_lane[0].u_lane|g_valid[2].v_q                                           ;        ;
; u_pipe|g_pfb[14].u_pfb|g_lane[0].u_lane|g_valid[3].v_q                                           ;        ;
; u_pipe|g_pfb[14].u_pfb|g_lane[0].u_lane|g_valid[4].v_q                                           ;        ;
; u_pipe|g_pfb[14].u_pfb|u_out|count_q[0]                                                          ;        ;
; u_pipe|g_fft[5].u_fft|credit_q[6]                                                                ;        ;
; u_pipe|g_pfb[14].u_pfb|u_out|count_q[1]                                                          ;        ;
; u_pipe|g_pfb[14].u_pfb|u_out|count_q[2]                                                          ;        ;
; u_pipe|g_pfb[14].u_pfb|u_out|count_q[3]                                                          ;        ;
; u_pipe|g_fft[14].u_fft|u_eb_in|rdy_q                                                             ;        ;
; u_pipe|g_fft[14].u_fft|u_eb_in|count_q[0]                                                        ;        ;
; u_pipe|g_fft[14].u_fft|u_eb_in|count_q[2]                                                        ;        ;
; u_pipe|g_fft[14].u_fft|u_core|g_lane[0].u_path|g_group[0].u_stage|u_bf2i|vld_q                   ;        ;
; u_pipe|g_fft[14].u_fft|u_core|g_lane[0].u_path|g_group[0].u_stage|u_bf2ii|vld_q                  ;        ;
; u_pipe|g_fft[14].u_fft|u_core|g_lane[0].u_path|g_group[0].u_stage|g_twiddle.u_mul|g_valid[0].v_q ;        ;
; u_pipe|g_fft[14].u_fft|u_core|g_lane[0].u_path|g_group[0].u_stage|g_twiddle.u_mul|g_valid[1].v_q ;        ;
; u_pipe|g_fft[5].u_fft|credit_q[7]                                                                ;        ;
; u_pipe|g_fft[14].u_fft|u_core|g_lane[0].u_path|g_group[0].u_stage|g_twiddle.u_mul|g_valid[2].v_q ;        ;
; u_pipe|g_fft[14].u_fft|u_core|g_lane[0].u_path|g_group[0].u_stage|g_twiddle.u_mul|g_valid[3].v_q ;        ;
; u_pipe|g_fft[14].u_fft|u_core|g_lane[0].u_path|g_group[1].u_stage|u_bf2i|vld_q                   ;        ;
; u_pipe|g_fft[14].u_fft|u_core|g_lane[0].u_path|g_group[1].u_stage|u_bf2ii|vld_q                  ;        ;
; u_pipe|g_fft[14].u_fft|u_core|g_lane[0].u_path|g_group[1].u_stage|g_twiddle.u_mul|g_valid[0].v_q ;        ;
; u_pipe|g_fft[14].u_fft|u_core|g_lane[0].u_path|g_group[1].u_stage|g_twiddle.u_mul|g_valid[1].v_q ;        ;
; u_pipe|g_fft[14].u_fft|u_core|g_lane[0].u_path|g_group[1].u_stage|g_twiddle.u_mul|g_valid[2].v_q ;        ;
; u_pipe|g_fft[14].u_fft|u_core|g_lane[0].u_path|g_group[1].u_stage|g_twiddle.u_mul|g_valid[3].v_q ;        ;
; u_pipe|g_fft[14].u_fft|u_core|g_lane[0].u_path|g_group[2].u_stage|u_bf2i|vld_q                   ;        ;
; u_pipe|g_fft[14].u_fft|u_core|g_lane[0].u_path|g_group[2].u_stage|u_bf2ii|vld_q                  ;        ;
; u_pipe|g_fft[5].u_fft|credit_q[8]                                                                ;        ;
; u_pipe|g_fft[14].u_fft|u_core|g_lane[0].u_path|g_group[2].u_stage|g_twiddle.u_mul|g_valid[0].v_q ;        ;
; u_pipe|g_fft[14].u_fft|u_core|g_lane[0].u_path|g_group[2].u_stage|g_twiddle.u_mul|g_valid[1].v_q ;        ;
; u_pipe|g_fft[14].u_fft|u_core|g_lane[0].u_path|g_group[2].u_stage|g_twiddle.u_mul|g_valid[2].v_q ;        ;
; u_pipe|g_fft[14].u_fft|u_core|g_lane[0].u_path|g_group[2].u_stage|g_twiddle.u_mul|g_valid[3].v_q ;        ;
; u_pipe|g_fft[14].u_fft|u_core|g_lane[0].u_path|g_group[3].u_stage|u_bf2i|vld_q                   ;        ;
; u_pipe|g_fft[14].u_fft|u_core|g_lane[0].u_path|g_group[3].u_stage|u_bf2ii|vld_q                  ;        ;
; u_pipe|g_fft[14].u_fft|u_core|g_lane[0].u_path|g_group[3].u_stage|g_twiddle.u_mul|g_valid[0].v_q ;        ;
; u_pipe|g_fft[14].u_fft|u_core|g_lane[0].u_path|g_group[3].u_stage|g_twiddle.u_mul|g_valid[1].v_q ;        ;
; u_pipe|g_fft[14].u_fft|u_core|g_lane[0].u_path|g_group[3].u_stage|g_twiddle.u_mul|g_valid[2].v_q ;        ;
; u_pipe|g_fft[14].u_fft|u_core|g_lane[0].u_path|g_group[3].u_stage|g_twiddle.u_mul|g_valid[3].v_q ;        ;
; u_pipe|g_fft[5].u_fft|credit_q[9]                                                                ;        ;
; u_pipe|g_fft[14].u_fft|u_core|g_lane[0].u_path|g_tail.u_tail|vld_q                               ;        ;
; u_pipe|g_fft[14].u_fft|u_core|g_merge.u_merge|u_mul|g_valid[0].v_q                               ;        ;
; u_pipe|g_fft[14].u_fft|u_core|g_merge.u_merge|u_mul|g_valid[1].v_q                               ;        ;
; u_pipe|g_fft[14].u_fft|u_core|g_merge.u_merge|u_mul|g_valid[2].v_q                               ;        ;
; u_pipe|g_fft[14].u_fft|u_core|g_merge.u_merge|u_mul|g_valid[3].v_q                               ;        ;
; u_pipe|g_fft[14].u_fft|u_core|g_merge.u_merge|vld_q                                              ;        ;
; u_pipe|g_fft[14].u_fft|g_reorder.u_reorder|vld_q                                                 ;        ;
; u_pipe|g_fft[14].u_fft|u_out_fifo|count_q[2]                                                     ;        ;
; u_pipe|g_fft[14].u_fft|u_out_fifo|g_out_reg.out_valid_q                                          ;        ;
; u_pipe|g_fft[14].u_fft|u_out_fifo|rd_ptr_q[6]                                                    ;        ;
; u_pipe|g_fft[12].u_fft|u_core|g_lane[0].u_path|g_group[1].u_stage|u_bf2i|warm_cnt_q[2]           ;        ;
; u_pipe|g_fft[5].u_fft|u_eb_in|count_q[1]                                                         ;        ;
; u_pipe|g_fft[14].u_fft|u_out_fifo|rd_ptr_q[1]                                                    ;        ;
; u_pipe|g_fft[14].u_fft|u_out_fifo|rd_ptr_q[10]                                                   ;        ;
; u_pipe|g_fft[14].u_fft|u_out_fifo|rd_ptr_q[0]                                                    ;        ;
; u_pipe|g_fft[14].u_fft|u_out_fifo|rd_ptr_q[2]                                                    ;        ;
; u_pipe|g_fft[14].u_fft|u_out_fifo|rd_ptr_q[3]                                                    ;        ;
; u_pipe|g_fft[14].u_fft|u_out_fifo|rd_ptr_q[4]                                                    ;        ;
; u_pipe|g_fft[14].u_fft|u_out_fifo|rd_ptr_q[5]                                                    ;        ;
; u_pipe|g_fft[14].u_fft|u_out_fifo|rd_ptr_q[7]                                                    ;        ;
; u_pipe|g_fft[14].u_fft|u_out_fifo|rd_ptr_q[8]                                                    ;        ;
; u_pipe|g_fft[14].u_fft|u_out_fifo|rd_ptr_q[9]                                                    ;        ;
; u_pipe|g_pfb[5].u_pfb|u_out|rdy_q                                                                ;        ;
; u_pipe|g_fft[14].u_fft|u_out_fifo|wr_ptr_q[4]                                                    ;        ;
; u_pipe|g_fft[14].u_fft|u_out_fifo|wr_ptr_q[5]                                                    ;        ;
; u_pipe|g_fft[14].u_fft|u_out_fifo|wr_ptr_q[3]                                                    ;        ;
; u_pipe|g_fft[14].u_fft|u_out_fifo|wr_ptr_q[2]                                                    ;        ;
; u_pipe|g_fft[14].u_fft|u_out_fifo|wr_ptr_q[1]                                                    ;        ;
; u_pipe|g_fft[14].u_fft|u_out_fifo|wr_ptr_q[0]                                                    ;        ;
; u_pipe|g_fft[14].u_fft|u_out_fifo|wr_ptr_q[10]                                                   ;        ;
; u_pipe|g_fft[14].u_fft|u_out_fifo|wr_ptr_q[8]                                                    ;        ;
; u_pipe|g_fft[14].u_fft|u_out_fifo|wr_ptr_q[9]                                                    ;        ;
; u_pipe|g_fft[14].u_fft|u_out_fifo|wr_ptr_q[6]                                                    ;        ;
; u_pipe|g_pfb[5].u_pfb|credits_q[3]                                                               ;        ;
; u_pipe|g_fft[14].u_fft|u_out_fifo|wr_ptr_q[7]                                                    ;        ;
; u_pipe|g_fft[14].u_fft|u_meta_fifo|count_q[8]                                                    ;        ;
; u_pipe|g_fft[14].u_fft|u_meta_fifo|count_q[9]                                                    ;        ;
; u_pipe|g_fft[14].u_fft|u_meta_fifo|count_q[6]                                                    ;        ;
; u_pipe|g_fft[14].u_fft|u_meta_fifo|count_q[7]                                                    ;        ;
; u_pipe|g_fft[14].u_fft|u_meta_fifo|count_q[5]                                                    ;        ;
; u_pipe|g_fft[14].u_fft|u_meta_fifo|count_q[0]                                                    ;        ;
; u_pipe|g_fft[14].u_fft|u_meta_fifo|count_q[1]                                                    ;        ;
; u_pipe|g_fft[14].u_fft|u_meta_fifo|count_q[2]                                                    ;        ;
; u_pipe|g_fft[14].u_fft|u_meta_fifo|count_q[3]                                                    ;        ;
; u_pipe|g_pfb[5].u_pfb|credits_q[1]                                                               ;        ;
; u_pipe|g_fft[14].u_fft|u_meta_fifo|count_q[4]                                                    ;        ;
; u_pipe|g_fft[14].u_fft|u_meta_fifo|count_q[10]                                                   ;        ;
; u_pipe|g_fft[14].u_fft|u_meta_fifo|rd_ptr_q[1]                                                   ;        ;
; u_pipe|g_fft[14].u_fft|u_meta_fifo|rd_ptr_q[10]                                                  ;        ;
; u_pipe|g_fft[14].u_fft|u_meta_fifo|rd_ptr_q[9]                                                   ;        ;
; u_pipe|g_fft[14].u_fft|u_meta_fifo|rd_ptr_q[8]                                                   ;        ;
; u_pipe|g_fft[14].u_fft|u_meta_fifo|rd_ptr_q[6]                                                   ;        ;
; u_pipe|g_fft[14].u_fft|u_meta_fifo|rd_ptr_q[7]                                                   ;        ;
; u_pipe|g_fft[14].u_fft|u_meta_fifo|rd_ptr_q[0]                                                   ;        ;
; u_pipe|g_fft[14].u_fft|u_meta_fifo|rd_ptr_q[2]                                                   ;        ;
; u_pipe|g_pfb[5].u_pfb|credits_q[2]                                                               ;        ;
; u_pipe|g_fft[14].u_fft|u_meta_fifo|rd_ptr_q[3]                                                   ;        ;
; u_pipe|g_fft[14].u_fft|u_meta_fifo|rd_ptr_q[4]                                                   ;        ;
; u_pipe|g_fft[14].u_fft|u_meta_fifo|rd_ptr_q[5]                                                   ;        ;
; u_pipe|g_fft[14].u_fft|u_meta_fifo|wr_ptr_q[3]                                                   ;        ;
; u_pipe|g_fft[14].u_fft|u_meta_fifo|wr_ptr_q[2]                                                   ;        ;
; u_pipe|g_fft[14].u_fft|u_meta_fifo|wr_ptr_q[1]                                                   ;        ;
; u_pipe|g_fft[14].u_fft|u_meta_fifo|wr_ptr_q[0]                                                   ;        ;
; u_pipe|g_fft[14].u_fft|u_meta_fifo|wr_ptr_q[10]                                                  ;        ;
; u_pipe|g_fft[14].u_fft|u_meta_fifo|wr_ptr_q[6]                                                   ;        ;
; u_pipe|g_fft[14].u_fft|u_meta_fifo|wr_ptr_q[7]                                                   ;        ;
; u_pipe|g_pfb[5].u_pfb|credits_q[0]                                                               ;        ;
; u_pipe|g_fft[14].u_fft|u_meta_fifo|wr_ptr_q[8]                                                   ;        ;
; u_pipe|g_fft[14].u_fft|u_meta_fifo|wr_ptr_q[9]                                                   ;        ;
; u_pipe|g_fft[14].u_fft|u_meta_fifo|wr_ptr_q[4]                                                   ;        ;
; u_pipe|g_fft[14].u_fft|u_meta_fifo|wr_ptr_q[5]                                                   ;        ;
; u_pipe|g_fft[14].u_fft|u_eb_in|wr_ptr_q[0]                                                       ;        ;
; u_pipe|g_fft[14].u_fft|u_eb_in|wr_ptr_q[1]                                                       ;        ;
; u_pipe|g_pfb[14].u_pfb|u_out|wr_ptr_q[3]                                                         ;        ;
; u_pipe|g_pfb[14].u_pfb|u_out|wr_ptr_q[2]                                                         ;        ;
; u_pipe|g_pfb[14].u_pfb|u_out|wr_ptr_q[1]                                                         ;        ;
; u_pipe|g_pfb[14].u_pfb|u_out|wr_ptr_q[0]                                                         ;        ;
; u_pipe|g_pfb[5].u_pfb|rdy_q                                                                      ;        ;
; u_pipe|g_pfb[14].u_pfb|u_out|rd_ptr_q[3]                                                         ;        ;
; u_pipe|g_pfb[14].u_pfb|u_out|rd_ptr_q[2]                                                         ;        ;
; u_pipe|g_pfb[14].u_pfb|u_out|rd_ptr_q[1]                                                         ;        ;
; u_pipe|g_pfb[14].u_pfb|u_out|rd_ptr_q[0]                                                         ;        ;
; u_pipe|g_fft[14].u_fft|u_eb_in|rd_ptr_q[0]                                                       ;        ;
; u_pipe|g_fft[14].u_fft|u_eb_in|rd_ptr_q[1]                                                       ;        ;
; u_pipe|g_fft[15].u_fft|u_out_fifo|count_q[0]                                                     ;        ;
; u_pipe|g_fft[15].u_fft|u_out_fifo|count_q[1]                                                     ;        ;
; u_pipe|g_fft[15].u_fft|u_out_fifo|count_q[6]                                                     ;        ;
; u_pipe|g_fft[15].u_fft|u_out_fifo|count_q[7]                                                     ;        ;
; u_pipe|g_pfb[5].u_pfb|g_lane[0].u_lane|g_mult[0].u_mult|g_valid[0].v_q                           ;        ;
; u_pipe|g_fft[15].u_fft|u_out_fifo|count_q[8]                                                     ;        ;
; u_pipe|g_fft[15].u_fft|u_out_fifo|count_q[9]                                                     ;        ;
; u_pipe|g_fft[15].u_fft|u_out_fifo|count_q[10]                                                    ;        ;
; u_pipe|g_fft[15].u_fft|u_out_fifo|count_q[3]                                                     ;        ;
; u_pipe|g_fft[15].u_fft|u_out_fifo|count_q[4]                                                     ;        ;
; u_pipe|g_fft[15].u_fft|u_out_fifo|count_q[5]                                                     ;        ;
; u_pipe|g_fft[15].u_fft|g_reorder.u_reorder|warm_cnt_q[7]                                         ;        ;
; u_pipe|g_fft[15].u_fft|g_reorder.u_reorder|warm_cnt_q[8]                                         ;        ;
; u_pipe|g_fft[15].u_fft|g_reorder.u_reorder|warm_cnt_q[9]                                         ;        ;
; u_pipe|g_fft[15].u_fft|g_reorder.u_reorder|warm_cnt_q[6]                                         ;        ;
; u_pipe|g_pfb[5].u_pfb|g_lane[0].u_lane|g_mult[0].u_mult|g_valid[1].v_q                           ;        ;
; u_pipe|g_fft[15].u_fft|g_reorder.u_reorder|warm_cnt_q[0]                                         ;        ;
; u_pipe|g_fft[15].u_fft|g_reorder.u_reorder|warm_cnt_q[1]                                         ;        ;
; u_pipe|g_fft[15].u_fft|g_reorder.u_reorder|warm_cnt_q[2]                                         ;        ;
; u_pipe|g_fft[15].u_fft|g_reorder.u_reorder|warm_cnt_q[3]                                         ;        ;
; u_pipe|g_fft[15].u_fft|u_core|g_lane[0].u_path|g_group[2].u_stage|u_bf2ii|warm_cnt_q[3]          ;        ;
; u_pipe|g_fft[15].u_fft|u_core|g_lane[0].u_path|g_group[2].u_stage|u_bf2ii|warm_cnt_q[2]          ;        ;
; u_pipe|g_fft[15].u_fft|u_core|g_lane[0].u_path|g_group[2].u_stage|u_bf2ii|warm_cnt_q[1]          ;        ;
; u_pipe|g_fft[15].u_fft|u_core|g_lane[0].u_path|g_group[2].u_stage|u_bf2i|warm_cnt_q[3]           ;        ;
; u_pipe|g_fft[15].u_fft|u_core|g_lane[0].u_path|g_group[2].u_stage|u_bf2i|warm_cnt_q[2]           ;        ;
; u_pipe|g_fft[15].u_fft|u_core|g_lane[0].u_path|g_group[2].u_stage|u_bf2i|warm_cnt_q[1]           ;        ;
; u_pipe|g_pfb[5].u_pfb|g_lane[0].u_lane|g_mult[0].u_mult|g_valid[2].v_q                           ;        ;
; u_pipe|g_fft[15].u_fft|u_core|g_lane[0].u_path|g_group[1].u_stage|u_bf2ii|warm_cnt_q[5]          ;        ;
; u_pipe|g_fft[15].u_fft|u_core|g_lane[0].u_path|g_group[1].u_stage|u_bf2ii|warm_cnt_q[4]          ;        ;
; u_pipe|g_fft[15].u_fft|u_core|g_lane[0].u_path|g_group[1].u_stage|u_bf2ii|warm_cnt_q[3]          ;        ;
; u_pipe|g_fft[15].u_fft|u_core|g_lane[0].u_path|g_group[1].u_stage|u_bf2ii|warm_cnt_q[2]          ;        ;
; u_pipe|g_fft[15].u_fft|u_core|g_lane[0].u_path|g_group[1].u_stage|u_bf2ii|warm_cnt_q[1]          ;        ;
; u_pipe|g_fft[15].u_fft|u_core|g_lane[0].u_path|g_group[1].u_stage|u_bf2i|warm_cnt_q[6]           ;        ;
; u_pipe|g_fft[15].u_fft|u_core|g_lane[0].u_path|g_group[1].u_stage|u_bf2i|warm_cnt_q[5]           ;        ;
; u_pipe|g_fft[15].u_fft|u_core|g_lane[0].u_path|g_group[1].u_stage|u_bf2i|warm_cnt_q[3]           ;        ;
; u_pipe|g_fft[15].u_fft|u_core|g_lane[0].u_path|g_group[1].u_stage|u_bf2i|warm_cnt_q[2]           ;        ;
; u_pipe|g_fft[15].u_fft|u_core|g_lane[0].u_path|g_group[1].u_stage|u_bf2i|warm_cnt_q[1]           ;        ;
; u_pipe|g_fft[12].u_fft|u_core|g_lane[0].u_path|g_group[1].u_stage|u_bf2i|warm_cnt_q[1]           ;        ;
; u_pipe|g_pfb[5].u_pfb|g_lane[0].u_lane|g_mult[0].u_mult|g_valid[3].v_q                           ;        ;
; u_pipe|g_fft[15].u_fft|u_core|g_lane[0].u_path|g_group[0].u_stage|u_bf2ii|warm_cnt_q[7]          ;        ;
; u_pipe|g_fft[15].u_fft|u_core|g_lane[0].u_path|g_group[0].u_stage|u_bf2ii|warm_cnt_q[0]          ;        ;
; u_pipe|g_fft[15].u_fft|u_core|g_lane[0].u_path|g_group[0].u_stage|u_bf2ii|warm_cnt_q[1]          ;        ;
; u_pipe|g_fft[15].u_fft|u_core|g_lane[0].u_path|g_group[0].u_stage|u_bf2ii|warm_cnt_q[2]          ;        ;
; u_pipe|g_fft[15].u_fft|u_core|g_lane[0].u_path|g_group[0].u_stage|u_bf2ii|warm_cnt_q[3]          ;        ;
; u_pipe|g_fft[15].u_fft|u_core|g_lane[0].u_path|g_group[0].u_stage|u_bf2ii|warm_cnt_q[4]          ;        ;
; u_pipe|g_fft[15].u_fft|u_core|g_lane[0].u_path|g_group[0].u_stage|u_bf2i|warm_cnt_q[1]           ;        ;
; u_pipe|g_fft[15].u_fft|u_core|g_lane[0].u_path|g_group[0].u_stage|u_bf2i|warm_cnt_q[2]           ;        ;
; u_pipe|g_fft[15].u_fft|u_core|g_lane[0].u_path|g_group[0].u_stage|u_bf2i|warm_cnt_q[3]           ;        ;
; u_pipe|g_fft[15].u_fft|u_core|g_lane[0].u_path|g_group[0].u_stage|u_bf2i|warm_cnt_q[0]           ;        ;
; u_pipe|g_pfb[5].u_pfb|g_lane[0].u_lane|g_valid[0].v_q                                            ;        ;
; u_pipe|g_fft[15].u_fft|u_core|g_lane[0].u_path|g_group[0].u_stage|u_bf2i|warm_cnt_q[7]           ;        ;
; u_pipe|g_fft[15].u_fft|u_core|g_lane[0].u_path|g_group[0].u_stage|u_bf2i|warm_cnt_q[8]           ;        ;
; u_pipe|g_fft[15].u_fft|u_core|g_lane[0].u_path|g_group[0].u_stage|u_bf2i|warm_cnt_q[6]           ;        ;
; u_pipe|g_fft[15].u_fft|u_core|g_lane[0].u_path|g_group[0].u_stage|u_bf2i|warm_cnt_q[4]           ;        ;
; u_pipe|g_fft[15].u_fft|u_core|g_lane[0].u_path|g_group[0].u_stage|u_bf2i|warm_cnt_q[5]           ;        ;
; u_pipe|g_fft[15].u_fft|u_core|g_lane[0].u_path|g_group[0].u_stage|u_bf2ii|warm_cnt_q[5]          ;        ;
; u_pipe|g_fft[15].u_fft|u_core|g_lane[0].u_path|g_group[0].u_stage|u_bf2ii|warm_cnt_q[6]          ;        ;
; u_pipe|g_fft[15].u_fft|u_core|g_lane[0].u_path|g_group[0].u_stage|g_twiddle.g_align[0].w_q       ;        ;
; u_pipe|g_fft[15].u_fft|u_core|g_lane[0].u_path|g_group[0].u_stage|g_twiddle.g_align[1].w_q       ;        ;
; u_pipe|g_fft[15].u_fft|u_core|g_lane[0].u_path|g_group[0].u_stage|g_twiddle.g_tag[0].w_q         ;        ;
; u_pipe|g_pfb[5].u_pfb|g_lane[0].u_lane|g_valid[1].v_q                                            ;        ;
; u_pipe|g_fft[15].u_fft|u_core|g_lane[0].u_path|g_group[0].u_stage|g_twiddle.g_tag[1].w_q         ;        ;
; u_pipe|g_fft[15].u_fft|u_core|g_lane[0].u_path|g_group[0].u_stage|g_twiddle.g_tag[2].w_q         ;        ;
; u_pipe|g_fft[15].u_fft|u_core|g_lane[0].u_path|g_group[0].u_stage|g_twiddle.g_tag[3].w_q         ;        ;
; u_pipe|g_fft[15].u_fft|u_core|g_lane[0].u_path|g_group[1].u_stage|u_bf2i|warm_cnt_q[0]           ;        ;
; u_pipe|g_fft[15].u_fft|u_core|g_lane[0].u_path|g_group[1].u_stage|u_bf2i|warm_cnt_q[4]           ;        ;
; u_pipe|g_fft[15].u_fft|u_core|g_lane[0].u_path|g_group[1].u_stage|u_bf2ii|warm_cnt_q[0]          ;        ;
; u_pipe|g_fft[15].u_fft|u_core|g_lane[0].u_path|g_group[1].u_stage|g_twiddle.g_align[0].w_q       ;        ;
; u_pipe|g_fft[15].u_fft|u_core|g_lane[0].u_path|g_group[1].u_stage|g_twiddle.g_align[1].w_q       ;        ;
; u_pipe|g_fft[15].u_fft|u_core|g_lane[0].u_path|g_group[1].u_stage|g_twiddle.g_tag[0].w_q         ;        ;
; u_pipe|g_fft[15].u_fft|u_core|g_lane[0].u_path|g_group[1].u_stage|g_twiddle.g_tag[1].w_q         ;        ;
; u_pipe|g_pfb[5].u_pfb|g_lane[0].u_lane|g_valid[2].v_q                                            ;        ;
; u_pipe|g_fft[15].u_fft|u_core|g_lane[0].u_path|g_group[1].u_stage|g_twiddle.g_tag[2].w_q         ;        ;
; u_pipe|g_fft[15].u_fft|u_core|g_lane[0].u_path|g_group[1].u_stage|g_twiddle.g_tag[3].w_q         ;        ;
; u_pipe|g_fft[15].u_fft|u_core|g_lane[0].u_path|g_group[2].u_stage|u_bf2i|warm_cnt_q[0]           ;        ;
; u_pipe|g_fft[15].u_fft|u_core|g_lane[0].u_path|g_group[2].u_stage|u_bf2i|warm_cnt_q[4]           ;        ;
; u_pipe|g_fft[15].u_fft|u_core|g_lane[0].u_path|g_group[2].u_stage|u_bf2ii|warm_cnt_q[0]          ;        ;
; u_pipe|g_fft[15].u_fft|u_core|g_lane[0].u_path|g_group[2].u_stage|g_twiddle.g_align[0].w_q       ;        ;
; u_pipe|g_fft[15].u_fft|u_core|g_lane[0].u_path|g_group[2].u_stage|g_twiddle.g_align[1].w_q       ;        ;
; u_pipe|g_fft[15].u_fft|u_core|g_lane[0].u_path|g_group[2].u_stage|g_twiddle.g_tag[0].w_q         ;        ;
; u_pipe|g_fft[15].u_fft|u_core|g_lane[0].u_path|g_group[2].u_stage|g_twiddle.g_tag[1].w_q         ;        ;
; u_pipe|g_fft[15].u_fft|u_core|g_lane[0].u_path|g_group[2].u_stage|g_twiddle.g_tag[2].w_q         ;        ;
; u_pipe|g_pfb[5].u_pfb|g_lane[0].u_lane|g_valid[3].v_q                                            ;        ;
; u_pipe|g_fft[15].u_fft|u_core|g_lane[0].u_path|g_group[2].u_stage|g_twiddle.g_tag[3].w_q         ;        ;
; u_pipe|g_fft[15].u_fft|u_core|g_lane[0].u_path|g_group[3].u_stage|u_bf2i|warm_cnt_q[0]           ;        ;
; u_pipe|g_fft[15].u_fft|u_core|g_lane[0].u_path|g_group[3].u_stage|u_bf2i|warm_cnt_q[2]           ;        ;
; u_pipe|g_fft[15].u_fft|u_core|g_lane[0].u_path|g_group[3].u_stage|u_bf2i|warm_cnt_q[1]           ;        ;
; u_pipe|g_fft[15].u_fft|u_core|g_lane[0].u_path|g_group[3].u_stage|u_bf2ii|warm_cnt_q[1]          ;        ;
; u_pipe|g_fft[15].u_fft|u_core|g_lane[0].u_path|g_group[3].u_stage|u_bf2ii|warm_cnt_q[0]          ;        ;
; u_pipe|g_fft[15].u_fft|u_core|g_lane[0].u_path|g_group[3].u_stage|g_twiddle.g_align[0].w_q       ;        ;
; u_pipe|g_fft[15].u_fft|u_core|g_lane[0].u_path|g_group[3].u_stage|g_twiddle.g_align[1].w_q       ;        ;
; u_pipe|g_fft[15].u_fft|u_core|g_lane[0].u_path|g_group[3].u_stage|g_twiddle.g_tag[0].w_q         ;        ;
; u_pipe|g_fft[15].u_fft|u_core|g_lane[0].u_path|g_group[3].u_stage|g_twiddle.g_tag[1].w_q         ;        ;
; u_pipe|g_pfb[5].u_pfb|g_lane[0].u_lane|g_valid[4].v_q                                            ;        ;
; u_pipe|g_fft[15].u_fft|u_core|g_lane[0].u_path|g_group[3].u_stage|g_twiddle.g_tag[2].w_q         ;        ;
; u_pipe|g_fft[15].u_fft|u_core|g_lane[0].u_path|g_group[3].u_stage|g_twiddle.g_tag[3].w_q         ;        ;
; u_pipe|g_fft[15].u_fft|u_core|g_lane[0].u_path|g_tail.u_tail|warm_cnt_q[1]                       ;        ;
; u_pipe|g_fft[15].u_fft|u_core|g_lane[0].u_path|g_tail.u_tail|warm_cnt_q[0]                       ;        ;
; u_pipe|g_fft[15].u_fft|u_core|g_merge.u_merge|g_align[0].w_q                                     ;        ;
; u_pipe|g_fft[15].u_fft|u_core|g_merge.u_merge|g_align[1].w_q                                     ;        ;
; u_pipe|g_fft[15].u_fft|u_core|g_merge.u_merge|g_tag[0].w_q                                       ;        ;
; u_pipe|g_fft[15].u_fft|u_core|g_merge.u_merge|g_tag[1].w_q                                       ;        ;
; u_pipe|g_fft[15].u_fft|u_core|g_merge.u_merge|g_tag[2].w_q                                       ;        ;
; u_pipe|g_fft[15].u_fft|u_core|g_merge.u_merge|g_tag[3].w_q                                       ;        ;
; u_pipe|g_pfb[5].u_pfb|u_out|count_q[0]                                                           ;        ;
; u_pipe|g_fft[15].u_fft|u_core|g_merge.u_merge|warm_q                                             ;        ;
; u_pipe|g_fft[15].u_fft|g_reorder.u_reorder|warm_cnt_q[4]                                         ;        ;
; u_pipe|g_fft[15].u_fft|g_reorder.u_reorder|warm_cnt_q[5]                                         ;        ;
; u_pipe|g_fft[15].u_fft|credit_q[10]                                                              ;        ;
; u_pipe|g_fft[15].u_fft|credit_q[0]                                                               ;        ;
; u_pipe|g_fft[15].u_fft|credit_q[1]                                                               ;        ;
; u_pipe|g_fft[15].u_fft|credit_q[2]                                                               ;        ;
; u_pipe|g_fft[15].u_fft|credit_q[3]                                                               ;        ;
; u_pipe|g_fft[15].u_fft|credit_q[4]                                                               ;        ;
; u_pipe|g_fft[15].u_fft|credit_q[5]                                                               ;        ;
; u_pipe|g_pfb[5].u_pfb|u_out|count_q[1]                                                           ;        ;
; u_pipe|g_fft[15].u_fft|credit_q[6]                                                               ;        ;
; u_pipe|g_fft[15].u_fft|credit_q[7]                                                               ;        ;
; u_pipe|g_fft[15].u_fft|credit_q[8]                                                               ;        ;
; u_pipe|g_fft[15].u_fft|credit_q[9]                                                               ;        ;
; u_pipe|g_fft[15].u_fft|u_eb_in|count_q[1]                                                        ;        ;
; u_pipe|g_pfb[15].u_pfb|u_out|count_q[3]                                                          ;        ;
; u_pipe|g_pfb[15].u_pfb|u_out|count_q[1]                                                          ;        ;
; u_pipe|g_pfb[15].u_pfb|u_out|rdy_q                                                               ;        ;
; u_pipe|g_pfb[15].u_pfb|credits_q[3]                                                              ;        ;
; u_pipe|g_pfb[15].u_pfb|credits_q[1]                                                              ;        ;
; u_pipe|g_pfb[5].u_pfb|u_out|count_q[2]                                                           ;        ;
; u_pipe|g_pfb[15].u_pfb|credits_q[2]                                                              ;        ;
; u_pipe|g_pfb[15].u_pfb|credits_q[0]                                                              ;        ;
; u_pipe|g_pfb[15].u_pfb|rdy_q                                                                     ;        ;
; u_pipe|g_pfb[15].u_pfb|g_lane[0].u_lane|g_mult[0].u_mult|g_valid[0].v_q                          ;        ;
; u_pipe|g_pfb[15].u_pfb|g_lane[0].u_lane|g_mult[0].u_mult|g_valid[1].v_q                          ;        ;
; u_pipe|g_pfb[15].u_pfb|g_lane[0].u_lane|g_mult[0].u_mult|g_valid[2].v_q                          ;        ;
; u_pipe|g_pfb[15].u_pfb|g_lane[0].u_lane|g_mult[0].u_mult|g_valid[3].v_q                          ;        ;
; u_pipe|g_pfb[15].u_pfb|g_lane[0].u_lane|g_valid[0].v_q                                           ;        ;
; u_pipe|g_pfb[15].u_pfb|g_lane[0].u_lane|g_valid[1].v_q                                           ;        ;
; u_pipe|g_pfb[15].u_pfb|g_lane[0].u_lane|g_valid[2].v_q                                           ;        ;
; u_pipe|g_pfb[5].u_pfb|u_out|count_q[3]                                                           ;        ;
; u_pipe|g_pfb[15].u_pfb|g_lane[0].u_lane|g_valid[3].v_q                                           ;        ;
; u_pipe|g_pfb[15].u_pfb|g_lane[0].u_lane|g_valid[4].v_q                                           ;        ;
; u_pipe|g_pfb[15].u_pfb|u_out|count_q[0]                                                          ;        ;
; u_pipe|g_pfb[15].u_pfb|u_out|count_q[2]                                                          ;        ;
; u_pipe|g_fft[15].u_fft|u_eb_in|rdy_q                                                             ;        ;
; u_pipe|g_fft[15].u_fft|u_eb_in|count_q[0]                                                        ;        ;
; u_pipe|g_fft[15].u_fft|u_eb_in|count_q[2]                                                        ;        ;
; u_pipe|g_fft[15].u_fft|u_core|g_lane[0].u_path|g_group[0].u_stage|u_bf2i|vld_q                   ;        ;
; u_pipe|g_fft[15].u_fft|u_core|g_lane[0].u_path|g_group[0].u_stage|u_bf2ii|vld_q                  ;        ;
; u_pipe|g_fft[15].u_fft|u_core|g_lane[0].u_path|g_group[0].u_stage|g_twiddle.u_mul|g_valid[0].v_q ;        ;
; u_pipe|g_fft[12].u_fft|u_core|g_lane[0].u_path|g_group[0].u_stage|u_bf2ii|warm_cnt_q[5]          ;        ;
; u_pipe|g_fft[5].u_fft|u_eb_in|rdy_q                                                              ;        ;
; u_pipe|g_fft[15].u_fft|u_core|g_lane[0].u_path|g_group[0].u_stage|g_twiddle.u_mul|g_valid[1].v_q ;        ;
; u_pipe|g_fft[15].u_fft|u_core|g_lane[0].u_path|g_group[0].u_stage|g_twiddle.u_mul|g_valid[2].v_q ;        ;
; u_pipe|g_fft[15].u_fft|u_core|g_lane[0].u_path|g_group[0].u_stage|g_twiddle.u_mul|g_valid[3].v_q ;        ;
; u_pipe|g_fft[15].u_fft|u_core|g_lane[0].u_path|g_group[1].u_stage|u_bf2i|vld_q                   ;        ;
; u_pipe|g_fft[15].u_fft|u_core|g_lane[0].u_path|g_group[1].u_stage|u_bf2ii|vld_q                  ;        ;
; u_pipe|g_fft[15].u_fft|u_core|g_lane[0].u_path|g_group[1].u_stage|g_twiddle.u_mul|g_valid[0].v_q ;        ;
; u_pipe|g_fft[15].u_fft|u_core|g_lane[0].u_path|g_group[1].u_stage|g_twiddle.u_mul|g_valid[1].v_q ;        ;
; u_pipe|g_fft[15].u_fft|u_core|g_lane[0].u_path|g_group[1].u_stage|g_twiddle.u_mul|g_valid[2].v_q ;        ;
; u_pipe|g_fft[15].u_fft|u_core|g_lane[0].u_path|g_group[1].u_stage|g_twiddle.u_mul|g_valid[3].v_q ;        ;
; u_pipe|g_fft[15].u_fft|u_core|g_lane[0].u_path|g_group[2].u_stage|u_bf2i|vld_q                   ;        ;
; u_pipe|g_fft[5].u_fft|u_eb_in|count_q[0]                                                         ;        ;
; u_pipe|g_fft[15].u_fft|u_core|g_lane[0].u_path|g_group[2].u_stage|u_bf2ii|vld_q                  ;        ;
; u_pipe|g_fft[15].u_fft|u_core|g_lane[0].u_path|g_group[2].u_stage|g_twiddle.u_mul|g_valid[0].v_q ;        ;
; u_pipe|g_fft[15].u_fft|u_core|g_lane[0].u_path|g_group[2].u_stage|g_twiddle.u_mul|g_valid[1].v_q ;        ;
; u_pipe|g_fft[15].u_fft|u_core|g_lane[0].u_path|g_group[2].u_stage|g_twiddle.u_mul|g_valid[2].v_q ;        ;
; u_pipe|g_fft[15].u_fft|u_core|g_lane[0].u_path|g_group[2].u_stage|g_twiddle.u_mul|g_valid[3].v_q ;        ;
; u_pipe|g_fft[15].u_fft|u_core|g_lane[0].u_path|g_group[3].u_stage|u_bf2i|vld_q                   ;        ;
; u_pipe|g_fft[15].u_fft|u_core|g_lane[0].u_path|g_group[3].u_stage|u_bf2ii|vld_q                  ;        ;
; u_pipe|g_fft[15].u_fft|u_core|g_lane[0].u_path|g_group[3].u_stage|g_twiddle.u_mul|g_valid[0].v_q ;        ;
; u_pipe|g_fft[15].u_fft|u_core|g_lane[0].u_path|g_group[3].u_stage|g_twiddle.u_mul|g_valid[1].v_q ;        ;
; u_pipe|g_fft[15].u_fft|u_core|g_lane[0].u_path|g_group[3].u_stage|g_twiddle.u_mul|g_valid[2].v_q ;        ;
; u_pipe|g_fft[5].u_fft|u_eb_in|count_q[2]                                                         ;        ;
; u_pipe|g_fft[15].u_fft|u_core|g_lane[0].u_path|g_group[3].u_stage|g_twiddle.u_mul|g_valid[3].v_q ;        ;
; u_pipe|g_fft[15].u_fft|u_core|g_lane[0].u_path|g_tail.u_tail|vld_q                               ;        ;
; u_pipe|g_fft[15].u_fft|u_core|g_merge.u_merge|u_mul|g_valid[0].v_q                               ;        ;
; u_pipe|g_fft[15].u_fft|u_core|g_merge.u_merge|u_mul|g_valid[1].v_q                               ;        ;
; u_pipe|g_fft[15].u_fft|u_core|g_merge.u_merge|u_mul|g_valid[2].v_q                               ;        ;
; u_pipe|g_fft[15].u_fft|u_core|g_merge.u_merge|u_mul|g_valid[3].v_q                               ;        ;
; u_pipe|g_fft[15].u_fft|u_core|g_merge.u_merge|vld_q                                              ;        ;
; u_pipe|g_fft[15].u_fft|g_reorder.u_reorder|vld_q                                                 ;        ;
; u_pipe|g_fft[15].u_fft|u_out_fifo|count_q[2]                                                     ;        ;
; u_pipe|g_fft[15].u_fft|u_out_fifo|g_out_reg.out_valid_q                                          ;        ;
; u_pipe|g_fft[5].u_fft|u_core|g_lane[0].u_path|g_group[0].u_stage|u_bf2i|vld_q                    ;        ;
; u_pipe|g_fft[15].u_fft|u_out_fifo|rd_ptr_q[6]                                                    ;        ;
; u_pipe|g_fft[15].u_fft|u_out_fifo|rd_ptr_q[1]                                                    ;        ;
; u_pipe|g_fft[15].u_fft|u_out_fifo|rd_ptr_q[10]                                                   ;        ;
; u_pipe|g_fft[15].u_fft|u_out_fifo|rd_ptr_q[0]                                                    ;        ;
; u_pipe|g_fft[15].u_fft|u_out_fifo|rd_ptr_q[2]                                                    ;        ;
; u_pipe|g_fft[15].u_fft|u_out_fifo|rd_ptr_q[3]                                                    ;        ;
; u_pipe|g_fft[15].u_fft|u_out_fifo|rd_ptr_q[4]                                                    ;        ;
; u_pipe|g_fft[15].u_fft|u_out_fifo|rd_ptr_q[5]                                                    ;        ;
; u_pipe|g_fft[15].u_fft|u_out_fifo|rd_ptr_q[7]                                                    ;        ;
; u_pipe|g_fft[15].u_fft|u_out_fifo|rd_ptr_q[8]                                                    ;        ;
; u_pipe|g_fft[5].u_fft|u_core|g_lane[0].u_path|g_group[0].u_stage|u_bf2ii|vld_q                   ;        ;
; u_pipe|g_fft[15].u_fft|u_out_fifo|rd_ptr_q[9]                                                    ;        ;
; u_pipe|g_fft[15].u_fft|u_out_fifo|wr_ptr_q[4]                                                    ;        ;
; u_pipe|g_fft[15].u_fft|u_out_fifo|wr_ptr_q[5]                                                    ;        ;
; u_pipe|g_fft[15].u_fft|u_out_fifo|wr_ptr_q[3]                                                    ;        ;
; u_pipe|g_fft[15].u_fft|u_out_fifo|wr_ptr_q[2]                                                    ;        ;
; u_pipe|g_fft[15].u_fft|u_out_fifo|wr_ptr_q[1]                                                    ;        ;
; u_pipe|g_fft[15].u_fft|u_out_fifo|wr_ptr_q[0]                                                    ;        ;
; u_pipe|g_fft[15].u_fft|u_out_fifo|wr_ptr_q[10]                                                   ;        ;
; u_pipe|g_fft[15].u_fft|u_out_fifo|wr_ptr_q[8]                                                    ;        ;
; u_pipe|g_fft[15].u_fft|u_out_fifo|wr_ptr_q[9]                                                    ;        ;
; u_pipe|g_fft[5].u_fft|u_core|g_lane[0].u_path|g_group[0].u_stage|g_twiddle.u_mul|g_valid[0].v_q  ;        ;
; u_pipe|g_fft[15].u_fft|u_out_fifo|wr_ptr_q[6]                                                    ;        ;
; u_pipe|g_fft[15].u_fft|u_out_fifo|wr_ptr_q[7]                                                    ;        ;
; u_pipe|g_fft[15].u_fft|u_meta_fifo|count_q[0]                                                    ;        ;
; u_pipe|g_fft[15].u_fft|u_meta_fifo|count_q[1]                                                    ;        ;
; u_pipe|g_fft[15].u_fft|u_meta_fifo|count_q[2]                                                    ;        ;
; u_pipe|g_fft[15].u_fft|u_meta_fifo|count_q[3]                                                    ;        ;
; u_pipe|g_fft[15].u_fft|u_meta_fifo|count_q[4]                                                    ;        ;
; u_pipe|g_fft[15].u_fft|u_meta_fifo|count_q[6]                                                    ;        ;
; u_pipe|g_fft[15].u_fft|u_meta_fifo|count_q[7]                                                    ;        ;
; u_pipe|g_fft[15].u_fft|u_meta_fifo|count_q[8]                                                    ;        ;
; u_pipe|g_fft[5].u_fft|u_core|g_lane[0].u_path|g_group[0].u_stage|g_twiddle.u_mul|g_valid[1].v_q  ;        ;
; u_pipe|g_fft[15].u_fft|u_meta_fifo|count_q[9]                                                    ;        ;
; u_pipe|g_fft[15].u_fft|u_meta_fifo|count_q[10]                                                   ;        ;
; u_pipe|g_fft[15].u_fft|u_meta_fifo|count_q[5]                                                    ;        ;
; u_pipe|g_fft[15].u_fft|u_meta_fifo|rd_ptr_q[1]                                                   ;        ;
; u_pipe|g_fft[15].u_fft|u_meta_fifo|rd_ptr_q[10]                                                  ;        ;
; u_pipe|g_fft[15].u_fft|u_meta_fifo|rd_ptr_q[9]                                                   ;        ;
; u_pipe|g_fft[15].u_fft|u_meta_fifo|rd_ptr_q[8]                                                   ;        ;
; u_pipe|g_fft[15].u_fft|u_meta_fifo|rd_ptr_q[6]                                                   ;        ;
; u_pipe|g_fft[15].u_fft|u_meta_fifo|rd_ptr_q[7]                                                   ;        ;
; u_pipe|g_fft[15].u_fft|u_meta_fifo|rd_ptr_q[0]                                                   ;        ;
; u_pipe|g_fft[5].u_fft|u_core|g_lane[0].u_path|g_group[0].u_stage|g_twiddle.u_mul|g_valid[2].v_q  ;        ;
; u_pipe|g_fft[15].u_fft|u_meta_fifo|rd_ptr_q[2]                                                   ;        ;
; u_pipe|g_fft[15].u_fft|u_meta_fifo|rd_ptr_q[3]                                                   ;        ;
; u_pipe|g_fft[15].u_fft|u_meta_fifo|rd_ptr_q[4]                                                   ;        ;
; u_pipe|g_fft[15].u_fft|u_meta_fifo|rd_ptr_q[5]                                                   ;        ;
; u_pipe|g_fft[15].u_fft|u_meta_fifo|wr_ptr_q[3]                                                   ;        ;
; u_pipe|g_fft[15].u_fft|u_meta_fifo|wr_ptr_q[2]                                                   ;        ;
; u_pipe|g_fft[15].u_fft|u_meta_fifo|wr_ptr_q[1]                                                   ;        ;
; u_pipe|g_fft[15].u_fft|u_meta_fifo|wr_ptr_q[0]                                                   ;        ;
; u_pipe|g_fft[15].u_fft|u_meta_fifo|wr_ptr_q[10]                                                  ;        ;
; u_pipe|g_fft[15].u_fft|u_meta_fifo|wr_ptr_q[6]                                                   ;        ;
; u_pipe|g_fft[5].u_fft|u_core|g_lane[0].u_path|g_group[0].u_stage|g_twiddle.u_mul|g_valid[3].v_q  ;        ;
; u_pipe|g_fft[15].u_fft|u_meta_fifo|wr_ptr_q[7]                                                   ;        ;
; u_pipe|g_fft[15].u_fft|u_meta_fifo|wr_ptr_q[8]                                                   ;        ;
; u_pipe|g_fft[15].u_fft|u_meta_fifo|wr_ptr_q[9]                                                   ;        ;
; u_pipe|g_fft[15].u_fft|u_meta_fifo|wr_ptr_q[4]                                                   ;        ;
; u_pipe|g_fft[15].u_fft|u_meta_fifo|wr_ptr_q[5]                                                   ;        ;
; u_pipe|g_fft[15].u_fft|u_eb_in|wr_ptr_q[0]                                                       ;        ;
; u_pipe|g_fft[15].u_fft|u_eb_in|wr_ptr_q[1]                                                       ;        ;
; u_pipe|g_pfb[15].u_pfb|u_out|wr_ptr_q[3]                                                         ;        ;
; u_pipe|g_pfb[15].u_pfb|u_out|wr_ptr_q[2]                                                         ;        ;
; u_pipe|g_pfb[15].u_pfb|u_out|wr_ptr_q[1]                                                         ;        ;
; u_pipe|g_fft[5].u_fft|u_core|g_lane[0].u_path|g_group[1].u_stage|u_bf2i|vld_q                    ;        ;
; u_pipe|g_pfb[15].u_pfb|u_out|wr_ptr_q[0]                                                         ;        ;
; u_pipe|g_pfb[15].u_pfb|u_out|rd_ptr_q[3]                                                         ;        ;
; u_pipe|g_pfb[15].u_pfb|u_out|rd_ptr_q[2]                                                         ;        ;
; u_pipe|g_pfb[15].u_pfb|u_out|rd_ptr_q[1]                                                         ;        ;
; u_pipe|g_pfb[15].u_pfb|u_out|rd_ptr_q[0]                                                         ;        ;
; u_pipe|g_fft[15].u_fft|u_eb_in|rd_ptr_q[0]                                                       ;        ;
; u_pipe|g_fft[15].u_fft|u_eb_in|rd_ptr_q[1]                                                       ;        ;
; u_pipe|g_hist_rep[1].u_history|depth_pending_q                                                   ;        ;
; u_pipe|g_hist_rep[1].u_history|in_frame_q[15]                                                    ;        ;
; u_pipe|g_hist_rep[1].u_history|in_frame_q[14]                                                    ;        ;
; u_pipe|g_fft[12].u_fft|u_core|g_lane[0].u_path|g_group[0].u_stage|u_bf2ii|warm_cnt_q[6]          ;        ;
; u_pipe|g_fft[5].u_fft|u_core|g_lane[0].u_path|g_group[1].u_stage|u_bf2ii|vld_q                   ;        ;
; u_pipe|g_hist_rep[1].u_history|in_frame_q[13]                                                    ;        ;
; u_pipe|g_hist_rep[1].u_history|in_frame_q[4]                                                     ;        ;
; u_pipe|g_hist_rep[1].u_history|in_frame_q[3]                                                     ;        ;
; u_pipe|g_hist_rep[1].u_history|in_frame_q[2]                                                     ;        ;
; u_pipe|g_hist_rep[1].u_history|in_frame_q[1]                                                     ;        ;
; u_pipe|g_hist_rep[1].u_history|in_frame_q[0]                                                     ;        ;
; u_pipe|g_hist_rep[1].u_history|in_frame_q[9]                                                     ;        ;
; u_pipe|g_hist_rep[1].u_history|in_frame_q[8]                                                     ;        ;
; u_pipe|g_hist_rep[1].u_history|in_frame_q[7]                                                     ;        ;
; u_pipe|g_hist_rep[1].u_history|in_frame_q[6]                                                     ;        ;
; u_pipe|g_fft[5].u_fft|u_core|g_lane[0].u_path|g_group[1].u_stage|g_twiddle.u_mul|g_valid[0].v_q  ;        ;
; u_pipe|g_hist_rep[1].u_history|in_frame_q[11]                                                    ;        ;
; u_pipe|g_hist_rep[1].u_history|in_frame_q[10]                                                    ;        ;
; u_pipe|g_hist_rep[1].u_history|in_frame_q[5]                                                     ;        ;
; u_pipe|g_hist_rep[1].u_history|in_frame_q[12]                                                    ;        ;
; u_pipe|g_hist_rep[1].u_history|depth_q[8]                                                        ;        ;
; u_pipe|g_hist_rep[1].u_history|frame_q[4][0]                                                     ;        ;
; u_pipe|g_hist_rep[1].u_history|frame_q[4][1]                                                     ;        ;
; u_pipe|g_hist_rep[1].u_history|frame_q[4][2]                                                     ;        ;
; u_pipe|g_hist_rep[1].u_history|frame_q[4][3]                                                     ;        ;
; u_pipe|g_hist_rep[1].u_history|frame_q[4][4]                                                     ;        ;
; u_pipe|g_fft[5].u_fft|u_core|g_lane[0].u_path|g_group[1].u_stage|g_twiddle.u_mul|g_valid[1].v_q  ;        ;
; u_pipe|g_hist_rep[1].u_history|frame_q[4][5]                                                     ;        ;
; u_pipe|g_hist_rep[1].u_history|frame_q[4][6]                                                     ;        ;
; u_pipe|g_hist_rep[1].u_history|frame_q[4][7]                                                     ;        ;
; u_pipe|g_hist_rep[1].u_history|frame_q[4][8]                                                     ;        ;
; u_pipe|g_hist_rep[1].u_history|frame_q[4][9]                                                     ;        ;
; u_pipe|g_hist_rep[1].u_history|frame_q[4][10]                                                    ;        ;
; u_pipe|g_hist_rep[1].u_history|frame_q[4][11]                                                    ;        ;
; u_pipe|g_hist_rep[1].u_history|frame_q[4][12]                                                    ;        ;
; u_pipe|g_hist_rep[1].u_history|frame_q[4][13]                                                    ;        ;
; u_pipe|g_hist_rep[1].u_history|frame_q[4][14]                                                    ;        ;
; u_pipe|g_fft[5].u_fft|u_core|g_lane[0].u_path|g_group[1].u_stage|g_twiddle.u_mul|g_valid[2].v_q  ;        ;
; u_pipe|g_hist_rep[1].u_history|frame_q[4][15]                                                    ;        ;
; u_pipe|g_hist_rep[1].u_history|frame_q[4][16]                                                    ;        ;
; u_pipe|g_hist_rep[1].u_history|frame_q[4][17]                                                    ;        ;
; u_pipe|g_hist_rep[1].u_history|frame_q[4][18]                                                    ;        ;
; u_pipe|g_hist_rep[1].u_history|frame_q[4][19]                                                    ;        ;
; u_pipe|g_hist_rep[1].u_history|frame_q[4][20]                                                    ;        ;
; u_pipe|g_hist_rep[1].u_history|frame_q[4][21]                                                    ;        ;
; u_pipe|g_hist_rep[1].u_history|frame_q[4][22]                                                    ;        ;
; u_pipe|g_hist_rep[1].u_history|frame_q[4][23]                                                    ;        ;
; u_pipe|g_hist_rep[1].u_history|frame_q[4][24]                                                    ;        ;
; u_pipe|g_fft[5].u_fft|u_core|g_lane[0].u_path|g_group[1].u_stage|g_twiddle.u_mul|g_valid[3].v_q  ;        ;
; u_pipe|g_hist_rep[1].u_history|frame_q[4][25]                                                    ;        ;
; u_pipe|g_hist_rep[1].u_history|frame_q[4][26]                                                    ;        ;
; u_pipe|g_hist_rep[1].u_history|frame_q[4][27]                                                    ;        ;
; u_pipe|g_hist_rep[1].u_history|frame_q[4][28]                                                    ;        ;
; u_pipe|g_hist_rep[1].u_history|frame_q[4][29]                                                    ;        ;
; u_pipe|g_hist_rep[1].u_history|frame_q[4][30]                                                    ;        ;
; u_pipe|g_hist_rep[1].u_history|frame_q[4][31]                                                    ;        ;
; u_pipe|g_hist_rep[1].u_history|frame_q[5][0]                                                     ;        ;
; u_pipe|g_hist_rep[1].u_history|frame_q[5][1]                                                     ;        ;
; u_pipe|g_hist_rep[1].u_history|frame_q[5][2]                                                     ;        ;
; u_pipe|g_fft[5].u_fft|u_core|g_lane[0].u_path|g_group[2].u_stage|u_bf2i|vld_q                    ;        ;
; u_pipe|g_hist_rep[1].u_history|frame_q[5][3]                                                     ;        ;
; u_pipe|g_hist_rep[1].u_history|frame_q[5][4]                                                     ;        ;
; u_pipe|g_hist_rep[1].u_history|frame_q[5][5]                                                     ;        ;
; u_pipe|g_hist_rep[1].u_history|frame_q[5][6]                                                     ;        ;
; u_pipe|g_hist_rep[1].u_history|frame_q[5][7]                                                     ;        ;
; u_pipe|g_hist_rep[1].u_history|frame_q[5][8]                                                     ;        ;
; u_pipe|g_hist_rep[1].u_history|frame_q[5][9]                                                     ;        ;
; u_pipe|g_hist_rep[1].u_history|frame_q[5][10]                                                    ;        ;
; u_pipe|g_hist_rep[1].u_history|frame_q[5][11]                                                    ;        ;
; u_pipe|g_hist_rep[1].u_history|frame_q[5][12]                                                    ;        ;
; u_pipe|g_fft[5].u_fft|u_core|g_lane[0].u_path|g_group[2].u_stage|u_bf2ii|vld_q                   ;        ;
; u_pipe|g_hist_rep[1].u_history|frame_q[5][13]                                                    ;        ;
; u_pipe|g_hist_rep[1].u_history|frame_q[5][14]                                                    ;        ;
; u_pipe|g_hist_rep[1].u_history|frame_q[5][15]                                                    ;        ;
; u_pipe|g_hist_rep[1].u_history|frame_q[5][16]                                                    ;        ;
; u_pipe|g_hist_rep[1].u_history|frame_q[5][17]                                                    ;        ;
; u_pipe|g_hist_rep[1].u_history|frame_q[5][18]                                                    ;        ;
; u_pipe|g_hist_rep[1].u_history|frame_q[5][19]                                                    ;        ;
; u_pipe|g_hist_rep[1].u_history|frame_q[5][20]                                                    ;        ;
; u_pipe|g_hist_rep[1].u_history|frame_q[5][21]                                                    ;        ;
; u_pipe|g_hist_rep[1].u_history|frame_q[5][22]                                                    ;        ;
; u_pipe|g_fft[5].u_fft|u_core|g_lane[0].u_path|g_group[2].u_stage|g_twiddle.u_mul|g_valid[0].v_q  ;        ;
; u_pipe|g_hist_rep[1].u_history|frame_q[5][23]                                                    ;        ;
; u_pipe|g_hist_rep[1].u_history|frame_q[5][24]                                                    ;        ;
; u_pipe|g_hist_rep[1].u_history|frame_q[5][25]                                                    ;        ;
; u_pipe|g_hist_rep[1].u_history|frame_q[5][26]                                                    ;        ;
; u_pipe|g_hist_rep[1].u_history|frame_q[5][27]                                                    ;        ;
; u_pipe|g_hist_rep[1].u_history|frame_q[5][28]                                                    ;        ;
; u_pipe|g_hist_rep[1].u_history|frame_q[5][29]                                                    ;        ;
; u_pipe|g_hist_rep[1].u_history|frame_q[5][30]                                                    ;        ;
; u_pipe|g_hist_rep[1].u_history|frame_q[5][31]                                                    ;        ;
; u_pipe|g_hist_rep[1].u_history|frame_q[6][0]                                                     ;        ;
; u_pipe|g_fft[5].u_fft|u_core|g_lane[0].u_path|g_group[2].u_stage|g_twiddle.u_mul|g_valid[1].v_q  ;        ;
; u_pipe|g_hist_rep[1].u_history|frame_q[6][1]                                                     ;        ;
; u_pipe|g_hist_rep[1].u_history|frame_q[6][2]                                                     ;        ;
; u_pipe|g_hist_rep[1].u_history|frame_q[6][3]                                                     ;        ;
; u_pipe|g_hist_rep[1].u_history|frame_q[6][4]                                                     ;        ;
; u_pipe|g_hist_rep[1].u_history|frame_q[6][5]                                                     ;        ;
; u_pipe|g_hist_rep[1].u_history|frame_q[6][6]                                                     ;        ;
; u_pipe|g_hist_rep[1].u_history|frame_q[6][7]                                                     ;        ;
; u_pipe|g_hist_rep[1].u_history|frame_q[6][8]                                                     ;        ;
; u_pipe|g_hist_rep[1].u_history|frame_q[6][9]                                                     ;        ;
; u_pipe|g_hist_rep[1].u_history|frame_q[6][10]                                                    ;        ;
; u_pipe|g_fft[5].u_fft|u_core|g_lane[0].u_path|g_group[2].u_stage|g_twiddle.u_mul|g_valid[2].v_q  ;        ;
; u_pipe|g_hist_rep[1].u_history|frame_q[6][11]                                                    ;        ;
; u_pipe|g_hist_rep[1].u_history|frame_q[6][12]                                                    ;        ;
; u_pipe|g_hist_rep[1].u_history|frame_q[6][13]                                                    ;        ;
; u_pipe|g_hist_rep[1].u_history|frame_q[6][14]                                                    ;        ;
; u_pipe|g_hist_rep[1].u_history|frame_q[6][15]                                                    ;        ;
; u_pipe|g_hist_rep[1].u_history|frame_q[6][16]                                                    ;        ;
; u_pipe|g_hist_rep[1].u_history|frame_q[6][17]                                                    ;        ;
; u_pipe|g_hist_rep[1].u_history|frame_q[6][18]                                                    ;        ;
; u_pipe|g_hist_rep[1].u_history|frame_q[6][19]                                                    ;        ;
; u_pipe|g_hist_rep[1].u_history|frame_q[6][20]                                                    ;        ;
; u_pipe|g_fft[12].u_fft|u_core|g_lane[0].u_path|g_group[0].u_stage|u_bf2ii|warm_cnt_q[7]          ;        ;
; u_pipe|g_fft[5].u_fft|u_core|g_lane[0].u_path|g_group[2].u_stage|g_twiddle.u_mul|g_valid[3].v_q  ;        ;
; u_pipe|g_hist_rep[1].u_history|frame_q[6][21]                                                    ;        ;
; u_pipe|g_hist_rep[1].u_history|frame_q[6][22]                                                    ;        ;
; u_pipe|g_hist_rep[1].u_history|frame_q[6][23]                                                    ;        ;
; u_pipe|g_hist_rep[1].u_history|frame_q[6][24]                                                    ;        ;
; u_pipe|g_hist_rep[1].u_history|frame_q[6][25]                                                    ;        ;
; u_pipe|g_hist_rep[1].u_history|frame_q[6][26]                                                    ;        ;
; u_pipe|g_hist_rep[1].u_history|frame_q[6][27]                                                    ;        ;
; u_pipe|g_hist_rep[1].u_history|frame_q[6][28]                                                    ;        ;
; u_pipe|g_hist_rep[1].u_history|frame_q[6][29]                                                    ;        ;
; u_pipe|g_hist_rep[1].u_history|frame_q[6][30]                                                    ;        ;
; u_pipe|g_fft[5].u_fft|u_core|g_lane[0].u_path|g_group[3].u_stage|u_bf2i|vld_q                    ;        ;
; u_pipe|g_hist_rep[1].u_history|frame_q[6][31]                                                    ;        ;
; u_pipe|g_hist_rep[1].u_history|frame_q[7][0]                                                     ;        ;
; u_pipe|g_hist_rep[1].u_history|frame_q[7][1]                                                     ;        ;
; u_pipe|g_hist_rep[1].u_history|frame_q[7][2]                                                     ;        ;
; u_pipe|g_hist_rep[1].u_history|frame_q[7][3]                                                     ;        ;
; u_pipe|g_hist_rep[1].u_history|frame_q[7][4]                                                     ;        ;
; u_pipe|g_hist_rep[1].u_history|frame_q[7][5]                                                     ;        ;
; u_pipe|g_hist_rep[1].u_history|frame_q[7][6]                                                     ;        ;
; u_pipe|g_hist_rep[1].u_history|frame_q[7][7]                                                     ;        ;
; u_pipe|g_hist_rep[1].u_history|frame_q[7][8]                                                     ;        ;
; u_pipe|g_fft[5].u_fft|u_core|g_lane[0].u_path|g_group[3].u_stage|u_bf2ii|vld_q                   ;        ;
; u_pipe|g_hist_rep[1].u_history|frame_q[7][9]                                                     ;        ;
; u_pipe|g_hist_rep[1].u_history|frame_q[7][10]                                                    ;        ;
; u_pipe|g_hist_rep[1].u_history|frame_q[7][11]                                                    ;        ;
; u_pipe|g_hist_rep[1].u_history|frame_q[7][12]                                                    ;        ;
; u_pipe|g_hist_rep[1].u_history|frame_q[7][13]                                                    ;        ;
; u_pipe|g_hist_rep[1].u_history|frame_q[7][14]                                                    ;        ;
; u_pipe|g_hist_rep[1].u_history|frame_q[7][15]                                                    ;        ;
; u_pipe|g_hist_rep[1].u_history|frame_q[7][16]                                                    ;        ;
; u_pipe|g_hist_rep[1].u_history|frame_q[7][17]                                                    ;        ;
; u_pipe|g_hist_rep[1].u_history|frame_q[7][18]                                                    ;        ;
; u_pipe|g_fft[5].u_fft|u_core|g_lane[0].u_path|g_group[3].u_stage|g_twiddle.u_mul|g_valid[0].v_q  ;        ;
; u_pipe|g_hist_rep[1].u_history|frame_q[7][19]                                                    ;        ;
; u_pipe|g_hist_rep[1].u_history|frame_q[7][20]                                                    ;        ;
; u_pipe|g_hist_rep[1].u_history|frame_q[7][21]                                                    ;        ;
; u_pipe|g_hist_rep[1].u_history|frame_q[7][22]                                                    ;        ;
; u_pipe|g_hist_rep[1].u_history|frame_q[7][23]                                                    ;        ;
; u_pipe|g_hist_rep[1].u_history|frame_q[7][24]                                                    ;        ;
; u_pipe|g_hist_rep[1].u_history|frame_q[7][25]                                                    ;        ;
; u_pipe|g_hist_rep[1].u_history|frame_q[7][26]                                                    ;        ;
; u_pipe|g_hist_rep[1].u_history|frame_q[7][27]                                                    ;        ;
; u_pipe|g_hist_rep[1].u_history|frame_q[7][28]                                                    ;        ;
; u_pipe|g_fft[5].u_fft|u_core|g_lane[0].u_path|g_group[3].u_stage|g_twiddle.u_mul|g_valid[1].v_q  ;        ;
; u_pipe|g_hist_rep[1].u_history|frame_q[7][29]                                                    ;        ;
; u_pipe|g_hist_rep[1].u_history|frame_q[7][30]                                                    ;        ;
; u_pipe|g_hist_rep[1].u_history|frame_q[7][31]                                                    ;        ;
; u_pipe|g_hist_rep[1].u_history|frame_q[2][0]                                                     ;        ;
; u_pipe|g_hist_rep[1].u_history|frame_q[2][1]                                                     ;        ;
; u_pipe|g_hist_rep[1].u_history|frame_q[2][2]                                                     ;        ;
; u_pipe|g_hist_rep[1].u_history|frame_q[2][3]                                                     ;        ;
; u_pipe|g_hist_rep[1].u_history|frame_q[2][4]                                                     ;        ;
; u_pipe|g_hist_rep[1].u_history|frame_q[2][5]                                                     ;        ;
; u_pipe|g_hist_rep[1].u_history|frame_q[2][6]                                                     ;        ;
; u_pipe|g_fft[5].u_fft|u_core|g_lane[0].u_path|g_group[3].u_stage|g_twiddle.u_mul|g_valid[2].v_q  ;        ;
; u_pipe|g_hist_rep[1].u_history|frame_q[2][7]                                                     ;        ;
; u_pipe|g_hist_rep[1].u_history|frame_q[2][8]                                                     ;        ;
; u_pipe|g_hist_rep[1].u_history|frame_q[2][9]                                                     ;        ;
; u_pipe|g_hist_rep[1].u_history|frame_q[2][10]                                                    ;        ;
; u_pipe|g_hist_rep[1].u_history|frame_q[2][11]                                                    ;        ;
; u_pipe|g_hist_rep[1].u_history|frame_q[2][12]                                                    ;        ;
; u_pipe|g_hist_rep[1].u_history|frame_q[2][13]                                                    ;        ;
; u_pipe|g_hist_rep[1].u_history|frame_q[2][14]                                                    ;        ;
; u_pipe|g_hist_rep[1].u_history|frame_q[2][15]                                                    ;        ;
; u_pipe|g_hist_rep[1].u_history|frame_q[2][16]                                                    ;        ;
; u_pipe|g_fft[5].u_fft|u_core|g_lane[0].u_path|g_group[3].u_stage|g_twiddle.u_mul|g_valid[3].v_q  ;        ;
; u_pipe|g_hist_rep[1].u_history|frame_q[2][17]                                                    ;        ;
; u_pipe|g_hist_rep[1].u_history|frame_q[2][18]                                                    ;        ;
; u_pipe|g_hist_rep[1].u_history|frame_q[2][19]                                                    ;        ;
; u_pipe|g_hist_rep[1].u_history|frame_q[2][20]                                                    ;        ;
; u_pipe|g_hist_rep[1].u_history|frame_q[2][21]                                                    ;        ;
; u_pipe|g_hist_rep[1].u_history|frame_q[2][22]                                                    ;        ;
; u_pipe|g_hist_rep[1].u_history|frame_q[2][23]                                                    ;        ;
; u_pipe|g_hist_rep[1].u_history|frame_q[2][24]                                                    ;        ;
; u_pipe|g_hist_rep[1].u_history|frame_q[2][25]                                                    ;        ;
; u_pipe|g_hist_rep[1].u_history|frame_q[2][26]                                                    ;        ;
; u_pipe|g_fft[5].u_fft|u_core|g_lane[0].u_path|g_tail.u_tail|vld_q                                ;        ;
; u_pipe|g_hist_rep[1].u_history|frame_q[2][27]                                                    ;        ;
; u_pipe|g_hist_rep[1].u_history|frame_q[2][28]                                                    ;        ;
; u_pipe|g_hist_rep[1].u_history|frame_q[2][29]                                                    ;        ;
; u_pipe|g_hist_rep[1].u_history|frame_q[2][30]                                                    ;        ;
; u_pipe|g_hist_rep[1].u_history|frame_q[2][31]                                                    ;        ;
; u_pipe|g_hist_rep[1].u_history|frame_q[3][0]                                                     ;        ;
; u_pipe|g_hist_rep[1].u_history|frame_q[3][1]                                                     ;        ;
; u_pipe|g_hist_rep[1].u_history|frame_q[3][2]                                                     ;        ;
; u_pipe|g_hist_rep[1].u_history|frame_q[3][3]                                                     ;        ;
; u_pipe|g_hist_rep[1].u_history|frame_q[3][4]                                                     ;        ;
; u_pipe|g_fft[5].u_fft|u_core|g_merge.u_merge|u_mul|g_valid[0].v_q                                ;        ;
; u_pipe|g_hist_rep[1].u_history|frame_q[3][5]                                                     ;        ;
; u_pipe|g_hist_rep[1].u_history|frame_q[3][6]                                                     ;        ;
; u_pipe|g_hist_rep[1].u_history|frame_q[3][7]                                                     ;        ;
; u_pipe|g_hist_rep[1].u_history|frame_q[3][8]                                                     ;        ;
; u_pipe|g_hist_rep[1].u_history|frame_q[3][9]                                                     ;        ;
; u_pipe|g_hist_rep[1].u_history|frame_q[3][10]                                                    ;        ;
; u_pipe|g_hist_rep[1].u_history|frame_q[3][11]                                                    ;        ;
; u_pipe|g_hist_rep[1].u_history|frame_q[3][12]                                                    ;        ;
; u_pipe|g_hist_rep[1].u_history|frame_q[3][13]                                                    ;        ;
; u_pipe|g_hist_rep[1].u_history|frame_q[3][14]                                                    ;        ;
; u_pipe|g_fft[5].u_fft|u_core|g_merge.u_merge|u_mul|g_valid[1].v_q                                ;        ;
; u_pipe|g_hist_rep[1].u_history|frame_q[3][15]                                                    ;        ;
; u_pipe|g_hist_rep[1].u_history|frame_q[3][16]                                                    ;        ;
; u_pipe|g_hist_rep[1].u_history|frame_q[3][17]                                                    ;        ;
; u_pipe|g_hist_rep[1].u_history|frame_q[3][18]                                                    ;        ;
; u_pipe|g_hist_rep[1].u_history|frame_q[3][19]                                                    ;        ;
; u_pipe|g_hist_rep[1].u_history|frame_q[3][20]                                                    ;        ;
; u_pipe|g_hist_rep[1].u_history|frame_q[3][21]                                                    ;        ;
; u_pipe|g_hist_rep[1].u_history|frame_q[3][22]                                                    ;        ;
; u_pipe|g_hist_rep[1].u_history|frame_q[3][23]                                                    ;        ;
; u_pipe|g_hist_rep[1].u_history|frame_q[3][24]                                                    ;        ;
; u_pipe|g_fft[12].u_fft|u_core|g_lane[0].u_path|g_group[0].u_stage|u_bf2ii|warm_cnt_q[0]          ;        ;
; u_pipe|g_fft[5].u_fft|u_core|g_merge.u_merge|u_mul|g_valid[2].v_q                                ;        ;
; u_pipe|g_hist_rep[1].u_history|frame_q[3][25]                                                    ;        ;
; u_pipe|g_hist_rep[1].u_history|frame_q[3][26]                                                    ;        ;
; u_pipe|g_hist_rep[1].u_history|frame_q[3][27]                                                    ;        ;
; u_pipe|g_hist_rep[1].u_history|frame_q[3][28]                                                    ;        ;
; u_pipe|g_hist_rep[1].u_history|frame_q[3][29]                                                    ;        ;
; u_pipe|g_hist_rep[1].u_history|frame_q[3][30]                                                    ;        ;
; u_pipe|g_hist_rep[1].u_history|frame_q[3][31]                                                    ;        ;
; u_pipe|g_hist_rep[1].u_history|frame_q[0][0]                                                     ;        ;
; u_pipe|g_hist_rep[1].u_history|frame_q[0][1]                                                     ;        ;
; u_pipe|g_hist_rep[1].u_history|frame_q[0][2]                                                     ;        ;
; u_pipe|g_fft[5].u_fft|u_core|g_merge.u_merge|u_mul|g_valid[3].v_q                                ;        ;
; u_pipe|g_hist_rep[1].u_history|frame_q[0][3]                                                     ;        ;
; u_pipe|g_hist_rep[1].u_history|frame_q[0][4]                                                     ;        ;
; u_pipe|g_hist_rep[1].u_history|frame_q[0][5]                                                     ;        ;
; u_pipe|g_hist_rep[1].u_history|frame_q[0][6]                                                     ;        ;
; u_pipe|g_hist_rep[1].u_history|frame_q[0][7]                                                     ;        ;
; u_pipe|g_hist_rep[1].u_history|frame_q[0][8]                                                     ;        ;
; u_pipe|g_hist_rep[1].u_history|frame_q[0][9]                                                     ;        ;
; u_pipe|g_hist_rep[1].u_history|frame_q[0][10]                                                    ;        ;
; u_pipe|g_hist_rep[1].u_history|frame_q[0][11]                                                    ;        ;
; u_pipe|g_hist_rep[1].u_history|frame_q[0][12]                                                    ;        ;
; u_pipe|g_fft[5].u_fft|u_core|g_merge.u_merge|vld_q                                               ;        ;
; u_pipe|g_hist_rep[1].u_history|frame_q[0][13]                                                    ;        ;
; u_pipe|g_hist_rep[1].u_history|frame_q[0][14]                                                    ;        ;
; u_pipe|g_hist_rep[1].u_history|frame_q[0][15]                                                    ;        ;
; u_pipe|g_hist_rep[1].u_history|frame_q[0][16]                                                    ;        ;
; u_pipe|g_hist_rep[1].u_history|frame_q[0][17]                                                    ;        ;
; u_pipe|g_hist_rep[1].u_history|frame_q[0][18]                                                    ;        ;
; u_pipe|g_hist_rep[1].u_history|frame_q[0][19]                                                    ;        ;
; u_pipe|g_hist_rep[1].u_history|frame_q[0][20]                                                    ;        ;
; u_pipe|g_hist_rep[1].u_history|frame_q[0][21]                                                    ;        ;
; u_pipe|g_hist_rep[1].u_history|frame_q[0][22]                                                    ;        ;
; u_pipe|g_fft[5].u_fft|g_reorder.u_reorder|vld_q                                                  ;        ;
; u_pipe|g_hist_rep[1].u_history|frame_q[0][23]                                                    ;        ;
; u_pipe|g_hist_rep[1].u_history|frame_q[0][24]                                                    ;        ;
; u_pipe|g_hist_rep[1].u_history|frame_q[0][25]                                                    ;        ;
; u_pipe|g_hist_rep[1].u_history|frame_q[0][26]                                                    ;        ;
; u_pipe|g_hist_rep[1].u_history|frame_q[0][27]                                                    ;        ;
; u_pipe|g_hist_rep[1].u_history|frame_q[0][28]                                                    ;        ;
; u_pipe|g_hist_rep[1].u_history|frame_q[0][29]                                                    ;        ;
; u_pipe|g_hist_rep[1].u_history|frame_q[0][30]                                                    ;        ;
; u_pipe|g_hist_rep[1].u_history|frame_q[0][31]                                                    ;        ;
; u_pipe|g_hist_rep[1].u_history|frame_q[1][0]                                                     ;        ;
; u_pipe|g_fft[5].u_fft|u_out_fifo|count_q[3]                                                      ;        ;
; u_pipe|g_hist_rep[1].u_history|frame_q[1][1]                                                     ;        ;
; u_pipe|g_hist_rep[1].u_history|frame_q[1][2]                                                     ;        ;
; u_pipe|g_hist_rep[1].u_history|frame_q[1][3]                                                     ;        ;
; u_pipe|g_hist_rep[1].u_history|frame_q[1][4]                                                     ;        ;
; u_pipe|g_hist_rep[1].u_history|frame_q[1][5]                                                     ;        ;
; u_pipe|g_hist_rep[1].u_history|frame_q[1][6]                                                     ;        ;
; u_pipe|g_hist_rep[1].u_history|frame_q[1][7]                                                     ;        ;
; u_pipe|g_hist_rep[1].u_history|frame_q[1][8]                                                     ;        ;
; u_pipe|g_hist_rep[1].u_history|frame_q[1][9]                                                     ;        ;
; u_pipe|g_hist_rep[1].u_history|frame_q[1][10]                                                    ;        ;
; u_pipe|g_fft[5].u_fft|u_out_fifo|g_out_reg.out_valid_q                                           ;        ;
; u_pipe|g_hist_rep[1].u_history|frame_q[1][11]                                                    ;        ;
; u_pipe|g_hist_rep[1].u_history|frame_q[1][12]                                                    ;        ;
; u_pipe|g_hist_rep[1].u_history|frame_q[1][13]                                                    ;        ;
; u_pipe|g_hist_rep[1].u_history|frame_q[1][14]                                                    ;        ;
; u_pipe|g_hist_rep[1].u_history|frame_q[1][15]                                                    ;        ;
; u_pipe|g_hist_rep[1].u_history|frame_q[1][16]                                                    ;        ;
; u_pipe|g_hist_rep[1].u_history|frame_q[1][17]                                                    ;        ;
; u_pipe|g_hist_rep[1].u_history|frame_q[1][18]                                                    ;        ;
; u_pipe|g_hist_rep[1].u_history|frame_q[1][19]                                                    ;        ;
; u_pipe|g_hist_rep[1].u_history|frame_q[1][20]                                                    ;        ;
; u_pipe|g_fft[5].u_fft|u_out_fifo|rd_ptr_q[6]                                                     ;        ;
; u_pipe|g_hist_rep[1].u_history|frame_q[1][21]                                                    ;        ;
; u_pipe|g_hist_rep[1].u_history|frame_q[1][22]                                                    ;        ;
; u_pipe|g_hist_rep[1].u_history|frame_q[1][23]                                                    ;        ;
; u_pipe|g_hist_rep[1].u_history|frame_q[1][24]                                                    ;        ;
; u_pipe|g_hist_rep[1].u_history|frame_q[1][25]                                                    ;        ;
; u_pipe|g_hist_rep[1].u_history|frame_q[1][26]                                                    ;        ;
; u_pipe|g_hist_rep[1].u_history|frame_q[1][27]                                                    ;        ;
; u_pipe|g_hist_rep[1].u_history|frame_q[1][28]                                                    ;        ;
; u_pipe|g_hist_rep[1].u_history|frame_q[1][29]                                                    ;        ;
; u_pipe|g_hist_rep[1].u_history|frame_q[1][30]                                                    ;        ;
; u_pipe|g_fft[5].u_fft|u_out_fifo|rd_ptr_q[1]                                                     ;        ;
; u_pipe|g_hist_rep[1].u_history|frame_q[1][31]                                                    ;        ;
; u_pipe|g_hist_rep[1].u_history|frame_q[14][0]                                                    ;        ;
; u_pipe|g_hist_rep[1].u_history|frame_q[14][1]                                                    ;        ;
; u_pipe|g_hist_rep[1].u_history|frame_q[14][2]                                                    ;        ;
; u_pipe|g_hist_rep[1].u_history|frame_q[14][3]                                                    ;        ;
; u_pipe|g_hist_rep[1].u_history|frame_q[14][4]                                                    ;        ;
; u_pipe|g_hist_rep[1].u_history|frame_q[14][5]                                                    ;        ;
; u_pipe|g_hist_rep[1].u_history|frame_q[14][6]                                                    ;        ;
; u_pipe|g_hist_rep[1].u_history|frame_q[14][7]                                                    ;        ;
; u_pipe|g_hist_rep[1].u_history|frame_q[14][8]                                                    ;        ;
; u_pipe|g_fft[5].u_fft|u_out_fifo|rd_ptr_q[10]                                                    ;        ;
; u_pipe|g_hist_rep[1].u_history|frame_q[14][9]                                                    ;        ;
; u_pipe|g_hist_rep[1].u_history|frame_q[14][10]                                                   ;        ;
; u_pipe|g_hist_rep[1].u_history|frame_q[14][11]                                                   ;        ;
; u_pipe|g_hist_rep[1].u_history|frame_q[14][12]                                                   ;        ;
; u_pipe|g_hist_rep[1].u_history|frame_q[14][13]                                                   ;        ;
; u_pipe|g_hist_rep[1].u_history|frame_q[14][14]                                                   ;        ;
; u_pipe|g_hist_rep[1].u_history|frame_q[14][15]                                                   ;        ;
; u_pipe|g_hist_rep[1].u_history|frame_q[14][16]                                                   ;        ;
; u_pipe|g_hist_rep[1].u_history|frame_q[14][17]                                                   ;        ;
; u_pipe|g_hist_rep[1].u_history|frame_q[14][18]                                                   ;        ;
; u_pipe|g_fft[5].u_fft|u_out_fifo|rd_ptr_q[0]                                                     ;        ;
; u_pipe|g_hist_rep[1].u_history|frame_q[14][19]                                                   ;        ;
; u_pipe|g_hist_rep[1].u_history|frame_q[14][20]                                                   ;        ;
; u_pipe|g_hist_rep[1].u_history|frame_q[14][21]                                                   ;        ;
; u_pipe|g_hist_rep[1].u_history|frame_q[14][22]                                                   ;        ;
; u_pipe|g_hist_rep[1].u_history|frame_q[14][23]                                                   ;        ;
; u_pipe|g_hist_rep[1].u_history|frame_q[14][24]                                                   ;        ;
; u_pipe|g_hist_rep[1].u_history|frame_q[14][25]                                                   ;        ;
; u_pipe|g_hist_rep[1].u_history|frame_q[14][26]                                                   ;        ;
; u_pipe|g_hist_rep[1].u_history|frame_q[14][27]                                                   ;        ;
; u_pipe|g_hist_rep[1].u_history|frame_q[14][28]                                                   ;        ;
; u_pipe|g_fft[12].u_fft|u_out_fifo|count_q[4]                                                     ;        ;
; u_pipe|g_fft[12].u_fft|u_core|g_lane[0].u_path|g_group[0].u_stage|u_bf2ii|warm_cnt_q[1]          ;        ;
; u_pipe|g_fft[5].u_fft|u_out_fifo|rd_ptr_q[2]                                                     ;        ;
; u_pipe|g_hist_rep[1].u_history|frame_q[14][29]                                                   ;        ;
; u_pipe|g_hist_rep[1].u_history|frame_q[14][30]                                                   ;        ;
; u_pipe|g_hist_rep[1].u_history|frame_q[14][31]                                                   ;        ;
; u_pipe|g_hist_rep[1].u_history|frame_q[9][0]                                                     ;        ;
; u_pipe|g_hist_rep[1].u_history|frame_q[9][1]                                                     ;        ;
; u_pipe|g_hist_rep[1].u_history|frame_q[9][2]                                                     ;        ;
; u_pipe|g_hist_rep[1].u_history|frame_q[9][3]                                                     ;        ;
; u_pipe|g_hist_rep[1].u_history|frame_q[9][4]                                                     ;        ;
; u_pipe|g_hist_rep[1].u_history|frame_q[9][5]                                                     ;        ;
; u_pipe|g_hist_rep[1].u_history|frame_q[9][6]                                                     ;        ;
; u_pipe|g_fft[5].u_fft|u_out_fifo|rd_ptr_q[3]                                                     ;        ;
; u_pipe|g_hist_rep[1].u_history|frame_q[9][7]                                                     ;        ;
; u_pipe|g_hist_rep[1].u_history|frame_q[9][8]                                                     ;        ;
; u_pipe|g_hist_rep[1].u_history|frame_q[9][9]                                                     ;        ;
; u_pipe|g_hist_rep[1].u_history|frame_q[9][10]                                                    ;        ;
; u_pipe|g_hist_rep[1].u_history|frame_q[9][11]                                                    ;        ;
; u_pipe|g_hist_rep[1].u_history|frame_q[9][12]                                                    ;        ;
; u_pipe|g_hist_rep[1].u_history|frame_q[9][13]                                                    ;        ;
; u_pipe|g_hist_rep[1].u_history|frame_q[9][14]                                                    ;        ;
; u_pipe|g_hist_rep[1].u_history|frame_q[9][15]                                                    ;        ;
; u_pipe|g_hist_rep[1].u_history|frame_q[9][16]                                                    ;        ;
; u_pipe|g_fft[5].u_fft|u_out_fifo|rd_ptr_q[4]                                                     ;        ;
; u_pipe|g_hist_rep[1].u_history|frame_q[9][17]                                                    ;        ;
; u_pipe|g_hist_rep[1].u_history|frame_q[9][18]                                                    ;        ;
; u_pipe|g_hist_rep[1].u_history|frame_q[9][19]                                                    ;        ;
; u_pipe|g_hist_rep[1].u_history|frame_q[9][20]                                                    ;        ;
; u_pipe|g_hist_rep[1].u_history|frame_q[9][21]                                                    ;        ;
; u_pipe|g_hist_rep[1].u_history|frame_q[9][22]                                                    ;        ;
; u_pipe|g_hist_rep[1].u_history|frame_q[9][23]                                                    ;        ;
; u_pipe|g_hist_rep[1].u_history|frame_q[9][24]                                                    ;        ;
; u_pipe|g_hist_rep[1].u_history|frame_q[9][25]                                                    ;        ;
; u_pipe|g_hist_rep[1].u_history|frame_q[9][26]                                                    ;        ;
; u_pipe|g_fft[5].u_fft|u_out_fifo|rd_ptr_q[5]                                                     ;        ;
; u_pipe|g_hist_rep[1].u_history|frame_q[9][27]                                                    ;        ;
; u_pipe|g_hist_rep[1].u_history|frame_q[9][28]                                                    ;        ;
; u_pipe|g_hist_rep[1].u_history|frame_q[9][29]                                                    ;        ;
; u_pipe|g_hist_rep[1].u_history|frame_q[9][30]                                                    ;        ;
; u_pipe|g_hist_rep[1].u_history|frame_q[9][31]                                                    ;        ;
; u_pipe|g_hist_rep[1].u_history|frame_q[8][0]                                                     ;        ;
; u_pipe|g_hist_rep[1].u_history|frame_q[8][1]                                                     ;        ;
; u_pipe|g_hist_rep[1].u_history|frame_q[8][2]                                                     ;        ;
; u_pipe|g_hist_rep[1].u_history|frame_q[8][3]                                                     ;        ;
; u_pipe|g_hist_rep[1].u_history|frame_q[8][4]                                                     ;        ;
; u_pipe|g_fft[5].u_fft|u_out_fifo|rd_ptr_q[7]                                                     ;        ;
; u_pipe|g_hist_rep[1].u_history|frame_q[8][5]                                                     ;        ;
; u_pipe|g_hist_rep[1].u_history|frame_q[8][6]                                                     ;        ;
; u_pipe|g_hist_rep[1].u_history|frame_q[8][7]                                                     ;        ;
; u_pipe|g_hist_rep[1].u_history|frame_q[8][8]                                                     ;        ;
; u_pipe|g_hist_rep[1].u_history|frame_q[8][9]                                                     ;        ;
; u_pipe|g_hist_rep[1].u_history|frame_q[8][10]                                                    ;        ;
; u_pipe|g_hist_rep[1].u_history|frame_q[8][11]                                                    ;        ;
; u_pipe|g_hist_rep[1].u_history|frame_q[8][12]                                                    ;        ;
; u_pipe|g_hist_rep[1].u_history|frame_q[8][13]                                                    ;        ;
; u_pipe|g_hist_rep[1].u_history|frame_q[8][14]                                                    ;        ;
; u_pipe|g_fft[5].u_fft|u_out_fifo|rd_ptr_q[8]                                                     ;        ;
; u_pipe|g_hist_rep[1].u_history|frame_q[8][15]                                                    ;        ;
; u_pipe|g_hist_rep[1].u_history|frame_q[8][16]                                                    ;        ;
; u_pipe|g_hist_rep[1].u_history|frame_q[8][17]                                                    ;        ;
; u_pipe|g_hist_rep[1].u_history|frame_q[8][18]                                                    ;        ;
; u_pipe|g_hist_rep[1].u_history|frame_q[8][19]                                                    ;        ;
; u_pipe|g_hist_rep[1].u_history|frame_q[8][20]                                                    ;        ;
; u_pipe|g_hist_rep[1].u_history|frame_q[8][21]                                                    ;        ;
; u_pipe|g_hist_rep[1].u_history|frame_q[8][22]                                                    ;        ;
; u_pipe|g_hist_rep[1].u_history|frame_q[8][23]                                                    ;        ;
; u_pipe|g_hist_rep[1].u_history|frame_q[8][24]                                                    ;        ;
; u_pipe|g_fft[5].u_fft|u_out_fifo|rd_ptr_q[9]                                                     ;        ;
; u_pipe|g_hist_rep[1].u_history|frame_q[8][25]                                                    ;        ;
; u_pipe|g_hist_rep[1].u_history|frame_q[8][26]                                                    ;        ;
; u_pipe|g_hist_rep[1].u_history|frame_q[8][27]                                                    ;        ;
; u_pipe|g_hist_rep[1].u_history|frame_q[8][28]                                                    ;        ;
; u_pipe|g_hist_rep[1].u_history|frame_q[8][29]                                                    ;        ;
; u_pipe|g_hist_rep[1].u_history|frame_q[8][30]                                                    ;        ;
; u_pipe|g_hist_rep[1].u_history|frame_q[8][31]                                                    ;        ;
; u_pipe|g_hist_rep[1].u_history|frame_q[15][0]                                                    ;        ;
; u_pipe|g_hist_rep[1].u_history|frame_q[15][1]                                                    ;        ;
; u_pipe|g_hist_rep[1].u_history|frame_q[15][2]                                                    ;        ;
; u_pipe|g_fft[5].u_fft|u_out_fifo|wr_ptr_q[4]                                                     ;        ;
; u_pipe|g_hist_rep[1].u_history|frame_q[15][3]                                                    ;        ;
; u_pipe|g_hist_rep[1].u_history|frame_q[15][4]                                                    ;        ;
; u_pipe|g_hist_rep[1].u_history|frame_q[15][5]                                                    ;        ;
; u_pipe|g_hist_rep[1].u_history|frame_q[15][6]                                                    ;        ;
; u_pipe|g_hist_rep[1].u_history|frame_q[15][7]                                                    ;        ;
; u_pipe|g_hist_rep[1].u_history|frame_q[15][8]                                                    ;        ;
; u_pipe|g_hist_rep[1].u_history|frame_q[15][9]                                                    ;        ;
; u_pipe|g_hist_rep[1].u_history|frame_q[15][10]                                                   ;        ;
; u_pipe|g_hist_rep[1].u_history|frame_q[15][11]                                                   ;        ;
; u_pipe|g_hist_rep[1].u_history|frame_q[15][12]                                                   ;        ;
; u_pipe|g_fft[5].u_fft|u_out_fifo|wr_ptr_q[5]                                                     ;        ;
; u_pipe|g_hist_rep[1].u_history|frame_q[15][13]                                                   ;        ;
; u_pipe|g_hist_rep[1].u_history|frame_q[15][14]                                                   ;        ;
; u_pipe|g_hist_rep[1].u_history|frame_q[15][15]                                                   ;        ;
; u_pipe|g_hist_rep[1].u_history|frame_q[15][16]                                                   ;        ;
; u_pipe|g_hist_rep[1].u_history|frame_q[15][17]                                                   ;        ;
; u_pipe|g_hist_rep[1].u_history|frame_q[15][18]                                                   ;        ;
; u_pipe|g_hist_rep[1].u_history|frame_q[15][19]                                                   ;        ;
; u_pipe|g_hist_rep[1].u_history|frame_q[15][20]                                                   ;        ;
; u_pipe|g_hist_rep[1].u_history|frame_q[15][21]                                                   ;        ;
; u_pipe|g_hist_rep[1].u_history|frame_q[15][22]                                                   ;        ;
; u_pipe|g_fft[5].u_fft|u_out_fifo|wr_ptr_q[3]                                                     ;        ;
; u_pipe|g_hist_rep[1].u_history|frame_q[15][23]                                                   ;        ;
; u_pipe|g_hist_rep[1].u_history|frame_q[15][24]                                                   ;        ;
; u_pipe|g_hist_rep[1].u_history|frame_q[15][25]                                                   ;        ;
; u_pipe|g_hist_rep[1].u_history|frame_q[15][26]                                                   ;        ;
; u_pipe|g_hist_rep[1].u_history|frame_q[15][27]                                                   ;        ;
; u_pipe|g_hist_rep[1].u_history|frame_q[15][28]                                                   ;        ;
; u_pipe|g_hist_rep[1].u_history|frame_q[15][29]                                                   ;        ;
; u_pipe|g_hist_rep[1].u_history|frame_q[15][30]                                                   ;        ;
; u_pipe|g_hist_rep[1].u_history|frame_q[15][31]                                                   ;        ;
; u_pipe|g_hist_rep[1].u_history|frame_q[12][0]                                                    ;        ;
; u_pipe|g_fft[12].u_fft|u_core|g_lane[0].u_path|g_group[0].u_stage|u_bf2ii|warm_cnt_q[2]          ;        ;
; u_pipe|g_fft[5].u_fft|u_out_fifo|wr_ptr_q[2]                                                     ;        ;
; u_pipe|g_hist_rep[1].u_history|frame_q[12][1]                                                    ;        ;
; u_pipe|g_hist_rep[1].u_history|frame_q[12][2]                                                    ;        ;
; u_pipe|g_hist_rep[1].u_history|frame_q[12][3]                                                    ;        ;
; u_pipe|g_hist_rep[1].u_history|frame_q[12][4]                                                    ;        ;
; u_pipe|g_hist_rep[1].u_history|frame_q[12][5]                                                    ;        ;
; u_pipe|g_hist_rep[1].u_history|frame_q[12][6]                                                    ;        ;
; u_pipe|g_hist_rep[1].u_history|frame_q[12][7]                                                    ;        ;
; u_pipe|g_hist_rep[1].u_history|frame_q[12][8]                                                    ;        ;
; u_pipe|g_hist_rep[1].u_history|frame_q[12][9]                                                    ;        ;
; u_pipe|g_hist_rep[1].u_history|frame_q[12][10]                                                   ;        ;
; u_pipe|g_fft[5].u_fft|u_out_fifo|wr_ptr_q[1]                                                     ;        ;
; u_pipe|g_hist_rep[1].u_history|frame_q[12][11]                                                   ;        ;
; u_pipe|g_hist_rep[1].u_history|frame_q[12][12]                                                   ;        ;
; u_pipe|g_hist_rep[1].u_history|frame_q[12][13]                                                   ;        ;
; u_pipe|g_hist_rep[1].u_history|frame_q[12][14]                                                   ;        ;
; u_pipe|g_hist_rep[1].u_history|frame_q[12][15]                                                   ;        ;
; u_pipe|g_hist_rep[1].u_history|frame_q[12][16]                                                   ;        ;
; u_pipe|g_hist_rep[1].u_history|frame_q[12][17]                                                   ;        ;
; u_pipe|g_hist_rep[1].u_history|frame_q[12][18]                                                   ;        ;
; u_pipe|g_hist_rep[1].u_history|frame_q[12][19]                                                   ;        ;
; u_pipe|g_hist_rep[1].u_history|frame_q[12][20]                                                   ;        ;
; u_pipe|g_fft[5].u_fft|u_out_fifo|wr_ptr_q[0]                                                     ;        ;
; u_pipe|g_hist_rep[1].u_history|frame_q[12][21]                                                   ;        ;
; u_pipe|g_hist_rep[1].u_history|frame_q[12][22]                                                   ;        ;
; u_pipe|g_hist_rep[1].u_history|frame_q[12][23]                                                   ;        ;
; u_pipe|g_hist_rep[1].u_history|frame_q[12][24]                                                   ;        ;
; u_pipe|g_hist_rep[1].u_history|frame_q[12][25]                                                   ;        ;
; u_pipe|g_hist_rep[1].u_history|frame_q[12][26]                                                   ;        ;
; u_pipe|g_hist_rep[1].u_history|frame_q[12][27]                                                   ;        ;
; u_pipe|g_hist_rep[1].u_history|frame_q[12][28]                                                   ;        ;
; u_pipe|g_hist_rep[1].u_history|frame_q[12][29]                                                   ;        ;
; u_pipe|g_hist_rep[1].u_history|frame_q[12][30]                                                   ;        ;
; u_pipe|g_fft[5].u_fft|u_out_fifo|wr_ptr_q[10]                                                    ;        ;
; u_pipe|g_hist_rep[1].u_history|frame_q[12][31]                                                   ;        ;
; u_pipe|g_hist_rep[1].u_history|frame_q[13][0]                                                    ;        ;
; u_pipe|g_hist_rep[1].u_history|frame_q[13][1]                                                    ;        ;
; u_pipe|g_hist_rep[1].u_history|frame_q[13][2]                                                    ;        ;
; u_pipe|g_hist_rep[1].u_history|frame_q[13][3]                                                    ;        ;
; u_pipe|g_hist_rep[1].u_history|frame_q[13][4]                                                    ;        ;
; u_pipe|g_hist_rep[1].u_history|frame_q[13][5]                                                    ;        ;
; u_pipe|g_hist_rep[1].u_history|frame_q[13][6]                                                    ;        ;
; u_pipe|g_hist_rep[1].u_history|frame_q[13][7]                                                    ;        ;
; u_pipe|g_hist_rep[1].u_history|frame_q[13][8]                                                    ;        ;
; u_pipe|g_fft[5].u_fft|u_out_fifo|wr_ptr_q[8]                                                     ;        ;
; u_pipe|g_hist_rep[1].u_history|frame_q[13][9]                                                    ;        ;
; u_pipe|g_hist_rep[1].u_history|frame_q[13][10]                                                   ;        ;
; u_pipe|g_hist_rep[1].u_history|frame_q[13][11]                                                   ;        ;
; u_pipe|g_hist_rep[1].u_history|frame_q[13][12]                                                   ;        ;
; u_pipe|g_hist_rep[1].u_history|frame_q[13][13]                                                   ;        ;
; u_pipe|g_hist_rep[1].u_history|frame_q[13][14]                                                   ;        ;
; u_pipe|g_hist_rep[1].u_history|frame_q[13][15]                                                   ;        ;
; u_pipe|g_hist_rep[1].u_history|frame_q[13][16]                                                   ;        ;
; u_pipe|g_hist_rep[1].u_history|frame_q[13][17]                                                   ;        ;
; u_pipe|g_hist_rep[1].u_history|frame_q[13][18]                                                   ;        ;
; u_pipe|g_fft[5].u_fft|u_out_fifo|wr_ptr_q[9]                                                     ;        ;
; u_pipe|g_hist_rep[1].u_history|frame_q[13][19]                                                   ;        ;
; u_pipe|g_hist_rep[1].u_history|frame_q[13][20]                                                   ;        ;
; u_pipe|g_hist_rep[1].u_history|frame_q[13][21]                                                   ;        ;
; u_pipe|g_hist_rep[1].u_history|frame_q[13][22]                                                   ;        ;
; u_pipe|g_hist_rep[1].u_history|frame_q[13][23]                                                   ;        ;
; u_pipe|g_hist_rep[1].u_history|frame_q[13][24]                                                   ;        ;
; u_pipe|g_hist_rep[1].u_history|frame_q[13][25]                                                   ;        ;
; u_pipe|g_hist_rep[1].u_history|frame_q[13][26]                                                   ;        ;
; u_pipe|g_hist_rep[1].u_history|frame_q[13][27]                                                   ;        ;
; u_pipe|g_hist_rep[1].u_history|frame_q[13][28]                                                   ;        ;
; u_pipe|g_fft[5].u_fft|u_out_fifo|wr_ptr_q[6]                                                     ;        ;
; u_pipe|g_hist_rep[1].u_history|frame_q[13][29]                                                   ;        ;
; u_pipe|g_hist_rep[1].u_history|frame_q[13][30]                                                   ;        ;
; u_pipe|g_hist_rep[1].u_history|frame_q[13][31]                                                   ;        ;
; u_pipe|g_hist_rep[1].u_history|frame_q[10][0]                                                    ;        ;
; u_pipe|g_hist_rep[1].u_history|frame_q[10][1]                                                    ;        ;
; u_pipe|g_hist_rep[1].u_history|frame_q[10][2]                                                    ;        ;
; u_pipe|g_hist_rep[1].u_history|frame_q[10][3]                                                    ;        ;
; u_pipe|g_hist_rep[1].u_history|frame_q[10][4]                                                    ;        ;
; u_pipe|g_hist_rep[1].u_history|frame_q[10][5]                                                    ;        ;
; u_pipe|g_hist_rep[1].u_history|frame_q[10][6]                                                    ;        ;
; u_pipe|g_fft[5].u_fft|u_out_fifo|wr_ptr_q[7]                                                     ;        ;
; u_pipe|g_hist_rep[1].u_history|frame_q[10][7]                                                    ;        ;
; u_pipe|g_hist_rep[1].u_history|frame_q[10][8]                                                    ;        ;
; u_pipe|g_hist_rep[1].u_history|frame_q[10][9]                                                    ;        ;
; u_pipe|g_hist_rep[1].u_history|frame_q[10][10]                                                   ;        ;
; u_pipe|g_hist_rep[1].u_history|frame_q[10][11]                                                   ;        ;
; u_pipe|g_hist_rep[1].u_history|frame_q[10][12]                                                   ;        ;
; u_pipe|g_hist_rep[1].u_history|frame_q[10][13]                                                   ;        ;
; u_pipe|g_hist_rep[1].u_history|frame_q[10][14]                                                   ;        ;
; u_pipe|g_hist_rep[1].u_history|frame_q[10][15]                                                   ;        ;
; u_pipe|g_hist_rep[1].u_history|frame_q[10][16]                                                   ;        ;
; u_pipe|g_fft[5].u_fft|u_meta_fifo|count_q[0]                                                     ;        ;
; u_pipe|g_hist_rep[1].u_history|frame_q[10][17]                                                   ;        ;
; u_pipe|g_hist_rep[1].u_history|frame_q[10][18]                                                   ;        ;
; u_pipe|g_hist_rep[1].u_history|frame_q[10][19]                                                   ;        ;
; u_pipe|g_hist_rep[1].u_history|frame_q[10][20]                                                   ;        ;
; u_pipe|g_hist_rep[1].u_history|frame_q[10][21]                                                   ;        ;
; u_pipe|g_hist_rep[1].u_history|frame_q[10][22]                                                   ;        ;
; u_pipe|g_hist_rep[1].u_history|frame_q[10][23]                                                   ;        ;
; u_pipe|g_hist_rep[1].u_history|frame_q[10][24]                                                   ;        ;
; u_pipe|g_hist_rep[1].u_history|frame_q[10][25]                                                   ;        ;
; u_pipe|g_hist_rep[1].u_history|frame_q[10][26]                                                   ;        ;
; u_pipe|g_fft[5].u_fft|u_meta_fifo|count_q[1]                                                     ;        ;
; u_pipe|g_hist_rep[1].u_history|frame_q[10][27]                                                   ;        ;
; u_pipe|g_hist_rep[1].u_history|frame_q[10][28]                                                   ;        ;
; u_pipe|g_hist_rep[1].u_history|frame_q[10][29]                                                   ;        ;
; u_pipe|g_hist_rep[1].u_history|frame_q[10][30]                                                   ;        ;
; u_pipe|g_hist_rep[1].u_history|frame_q[10][31]                                                   ;        ;
; u_pipe|g_hist_rep[1].u_history|frame_q[11][0]                                                    ;        ;
; u_pipe|g_hist_rep[1].u_history|frame_q[11][1]                                                    ;        ;
; u_pipe|g_hist_rep[1].u_history|frame_q[11][2]                                                    ;        ;
; u_pipe|g_hist_rep[1].u_history|frame_q[11][3]                                                    ;        ;
; u_pipe|g_hist_rep[1].u_history|frame_q[11][4]                                                    ;        ;
; u_pipe|g_fft[12].u_fft|u_core|g_lane[0].u_path|g_group[0].u_stage|u_bf2i|warm_cnt_q[8]           ;        ;
; u_pipe|g_fft[5].u_fft|u_meta_fifo|count_q[2]                                                     ;        ;
; u_pipe|g_hist_rep[1].u_history|frame_q[11][5]                                                    ;        ;
; u_pipe|g_hist_rep[1].u_history|frame_q[11][6]                                                    ;        ;
; u_pipe|g_hist_rep[1].u_history|frame_q[11][7]                                                    ;        ;
; u_pipe|g_hist_rep[1].u_history|frame_q[11][8]                                                    ;        ;
; u_pipe|g_hist_rep[1].u_history|frame_q[11][9]                                                    ;        ;
; u_pipe|g_hist_rep[1].u_history|frame_q[11][10]                                                   ;        ;
; u_pipe|g_hist_rep[1].u_history|frame_q[11][11]                                                   ;        ;
; u_pipe|g_hist_rep[1].u_history|frame_q[11][12]                                                   ;        ;
; u_pipe|g_hist_rep[1].u_history|frame_q[11][13]                                                   ;        ;
; u_pipe|g_hist_rep[1].u_history|frame_q[11][14]                                                   ;        ;
; u_pipe|g_fft[5].u_fft|u_meta_fifo|count_q[3]                                                     ;        ;
; u_pipe|g_hist_rep[1].u_history|frame_q[11][15]                                                   ;        ;
; u_pipe|g_hist_rep[1].u_history|frame_q[11][16]                                                   ;        ;
; u_pipe|g_hist_rep[1].u_history|frame_q[11][17]                                                   ;        ;
; u_pipe|g_hist_rep[1].u_history|frame_q[11][18]                                                   ;        ;
; u_pipe|g_hist_rep[1].u_history|frame_q[11][19]                                                   ;        ;
; u_pipe|g_hist_rep[1].u_history|frame_q[11][20]                                                   ;        ;
; u_pipe|g_hist_rep[1].u_history|frame_q[11][21]                                                   ;        ;
; u_pipe|g_hist_rep[1].u_history|frame_q[11][22]                                                   ;        ;
; u_pipe|g_hist_rep[1].u_history|frame_q[11][23]                                                   ;        ;
; u_pipe|g_hist_rep[1].u_history|frame_q[11][24]                                                   ;        ;
; u_pipe|g_fft[5].u_fft|u_meta_fifo|count_q[4]                                                     ;        ;
; u_pipe|g_hist_rep[1].u_history|frame_q[11][25]                                                   ;        ;
; u_pipe|g_hist_rep[1].u_history|frame_q[11][26]                                                   ;        ;
; u_pipe|g_hist_rep[1].u_history|frame_q[11][27]                                                   ;        ;
; u_pipe|g_hist_rep[1].u_history|frame_q[11][28]                                                   ;        ;
; u_pipe|g_hist_rep[1].u_history|frame_q[11][29]                                                   ;        ;
; u_pipe|g_hist_rep[1].u_history|frame_q[11][30]                                                   ;        ;
; u_pipe|g_hist_rep[1].u_history|frame_q[11][31]                                                   ;        ;
; u_pipe|g_hist_rep[1].u_history|frames_done_q[6]                                                  ;        ;
; u_pipe|g_hist_rep[1].u_history|frames_done_q[4]                                                  ;        ;
; u_pipe|g_hist_rep[1].u_history|frames_done_q[5]                                                  ;        ;
; u_pipe|g_fft[5].u_fft|u_meta_fifo|count_q[6]                                                     ;        ;
; u_pipe|g_hist_rep[1].u_history|frames_done_q[0]                                                  ;        ;
; u_pipe|g_hist_rep[1].u_history|frames_done_q[1]                                                  ;        ;
; u_pipe|g_hist_rep[1].u_history|frames_done_q[2]                                                  ;        ;
; u_pipe|g_hist_rep[1].u_history|frames_done_q[3]                                                  ;        ;
; u_pipe|g_hist_rep[1].u_history|frames_done_q[31]                                                 ;        ;
; u_pipe|g_hist_rep[1].u_history|frames_done_q[30]                                                 ;        ;
; u_pipe|g_hist_rep[1].u_history|frames_done_q[29]                                                 ;        ;
; u_pipe|g_hist_rep[1].u_history|frames_done_q[28]                                                 ;        ;
; u_pipe|g_hist_rep[1].u_history|frames_done_q[27]                                                 ;        ;
; u_pipe|g_hist_rep[1].u_history|frames_done_q[24]                                                 ;        ;
; u_pipe|g_fft[5].u_fft|u_meta_fifo|count_q[7]                                                     ;        ;
; u_pipe|g_hist_rep[1].u_history|frames_done_q[25]                                                 ;        ;
; u_pipe|g_hist_rep[1].u_history|frames_done_q[26]                                                 ;        ;
; u_pipe|g_hist_rep[1].u_history|frames_done_q[23]                                                 ;        ;
; u_pipe|g_hist_rep[1].u_history|frames_done_q[20]                                                 ;        ;
; u_pipe|g_hist_rep[1].u_history|frames_done_q[21]                                                 ;        ;
; u_pipe|g_hist_rep[1].u_history|frames_done_q[22]                                                 ;        ;
; u_pipe|g_hist_rep[1].u_history|frames_done_q[19]                                                 ;        ;
; u_pipe|g_hist_rep[1].u_history|frames_done_q[18]                                                 ;        ;
; u_pipe|g_hist_rep[1].u_history|frames_done_q[17]                                                 ;        ;
; u_pipe|g_hist_rep[1].u_history|frames_done_q[9]                                                  ;        ;
; u_pipe|g_fft[5].u_fft|u_meta_fifo|count_q[8]                                                     ;        ;
; u_pipe|g_hist_rep[1].u_history|frames_done_q[10]                                                 ;        ;
; u_pipe|g_hist_rep[1].u_history|frames_done_q[11]                                                 ;        ;
; u_pipe|g_hist_rep[1].u_history|frames_done_q[12]                                                 ;        ;
; u_pipe|g_hist_rep[1].u_history|frames_done_q[13]                                                 ;        ;
; u_pipe|g_hist_rep[1].u_history|frames_done_q[14]                                                 ;        ;
; u_pipe|g_hist_rep[1].u_history|frames_done_q[15]                                                 ;        ;
; u_pipe|g_hist_rep[1].u_history|frames_done_q[16]                                                 ;        ;
; u_pipe|g_hist_rep[1].u_history|frames_done_q[7]                                                  ;        ;
; u_pipe|g_hist_rep[1].u_history|frames_done_q[8]                                                  ;        ;
; u_pipe|g_hist_rep[1].u_history|done_slot_q[7]                                                    ;        ;
; u_pipe|g_fft[5].u_fft|u_meta_fifo|count_q[9]                                                     ;        ;
; u_pipe|g_hist_rep[1].u_history|done_slot_q[6]                                                    ;        ;
; u_pipe|g_hist_rep[1].u_history|done_slot_q[5]                                                    ;        ;
; u_pipe|g_hist_rep[1].u_history|done_slot_q[0]                                                    ;        ;
; u_pipe|g_hist_rep[1].u_history|done_slot_q[1]                                                    ;        ;
; u_pipe|g_hist_rep[1].u_history|done_slot_q[4]                                                    ;        ;
; u_pipe|g_hist_rep[1].u_history|done_slot_q[2]                                                    ;        ;
; u_pipe|g_hist_rep[1].u_history|done_slot_q[3]                                                    ;        ;
; u_pipe|g_hist_rep[1].u_history|pub_sent_q[51]                                                    ;        ;
; u_pipe|g_hist_rep[1].u_history|pub_sent_q[50]                                                    ;        ;
; u_pipe|g_hist_rep[1].u_history|pub_sent_q[57]                                                    ;        ;
; u_pipe|g_fft[5].u_fft|u_meta_fifo|count_q[10]                                                    ;        ;
; u_pipe|g_hist_rep[1].u_history|pub_sent_q[56]                                                    ;        ;
; u_pipe|g_hist_rep[1].u_history|pub_sent_q[31]                                                    ;        ;
; u_pipe|g_hist_rep[1].u_history|pub_sent_q[30]                                                    ;        ;
; u_pipe|g_hist_rep[1].u_history|pub_sent_q[33]                                                    ;        ;
; u_pipe|g_hist_rep[1].u_history|pub_sent_q[32]                                                    ;        ;
; u_pipe|g_hist_rep[1].u_history|pub_sent_q[25]                                                    ;        ;
; u_pipe|g_hist_rep[1].u_history|pub_sent_q[24]                                                    ;        ;
; u_pipe|g_hist_rep[1].u_history|pub_sent_q[23]                                                    ;        ;
; u_pipe|g_hist_rep[1].u_history|pub_sent_q[22]                                                    ;        ;
; u_pipe|g_hist_rep[1].u_history|pub_sent_q[19]                                                    ;        ;
; u_pipe|g_fft[5].u_fft|u_meta_fifo|count_q[5]                                                     ;        ;
; u_pipe|g_hist_rep[1].u_history|pub_sent_q[18]                                                    ;        ;
; u_pipe|g_hist_rep[1].u_history|pub_sent_q[21]                                                    ;        ;
; u_pipe|g_hist_rep[1].u_history|pub_sent_q[20]                                                    ;        ;
; u_pipe|g_hist_rep[1].u_history|pub_sent_q[29]                                                    ;        ;
; u_pipe|g_hist_rep[1].u_history|pub_sent_q[28]                                                    ;        ;
; u_pipe|g_hist_rep[1].u_history|pub_sent_q[27]                                                    ;        ;
; u_pipe|g_hist_rep[1].u_history|pub_sent_q[26]                                                    ;        ;
; u_pipe|g_hist_rep[1].u_history|pub_sent_q[13]                                                    ;        ;
; u_pipe|g_hist_rep[1].u_history|pub_sent_q[12]                                                    ;        ;
; u_pipe|g_hist_rep[1].u_history|pub_sent_q[11]                                                    ;        ;
; u_pipe|g_fft[5].u_fft|u_meta_fifo|rd_ptr_q[1]                                                    ;        ;
; u_pipe|g_hist_rep[1].u_history|pub_sent_q[10]                                                    ;        ;
; u_pipe|g_hist_rep[1].u_history|pub_sent_q[7]                                                     ;        ;
; u_pipe|g_hist_rep[1].u_history|pub_sent_q[6]                                                     ;        ;
; u_pipe|g_hist_rep[1].u_history|pub_sent_q[9]                                                     ;        ;
; u_pipe|g_hist_rep[1].u_history|pub_sent_q[8]                                                     ;        ;
; u_pipe|g_hist_rep[1].u_history|pub_sent_q[3]                                                     ;        ;
; u_pipe|g_hist_rep[1].u_history|pub_sent_q[2]                                                     ;        ;
; u_pipe|g_hist_rep[1].u_history|pub_sent_q[5]                                                     ;        ;
; u_pipe|g_hist_rep[1].u_history|pub_sent_q[4]                                                     ;        ;
; u_pipe|g_hist_rep[1].u_history|pub_sent_q[17]                                                    ;        ;
; u_pipe|g_fft[12].u_fft|u_core|g_lane[0].u_path|g_group[0].u_stage|u_bf2i|warm_cnt_q[7]           ;        ;
; u_pipe|g_fft[5].u_fft|u_meta_fifo|rd_ptr_q[10]                                                   ;        ;
; u_pipe|g_hist_rep[1].u_history|pub_sent_q[16]                                                    ;        ;
; u_pipe|g_hist_rep[1].u_history|pub_sent_q[15]                                                    ;        ;
; u_pipe|g_hist_rep[1].u_history|pub_sent_q[14]                                                    ;        ;
; u_pipe|g_hist_rep[1].u_history|pub_sent_q[43]                                                    ;        ;
; u_pipe|g_hist_rep[1].u_history|pub_sent_q[42]                                                    ;        ;
; u_pipe|g_hist_rep[1].u_history|pub_sent_q[45]                                                    ;        ;
; u_pipe|g_hist_rep[1].u_history|pub_sent_q[44]                                                    ;        ;
; u_pipe|g_hist_rep[1].u_history|pub_sent_q[47]                                                    ;        ;
; u_pipe|g_hist_rep[1].u_history|pub_sent_q[46]                                                    ;        ;
; u_pipe|g_hist_rep[1].u_history|pub_sent_q[1]                                                     ;        ;
; u_pipe|g_fft[5].u_fft|u_meta_fifo|rd_ptr_q[9]                                                    ;        ;
; u_pipe|g_hist_rep[1].u_history|pub_sent_q[0]                                                     ;        ;
; u_pipe|g_hist_rep[1].u_history|pub_sent_q[48]                                                    ;        ;
; u_pipe|g_hist_rep[1].u_history|pub_sent_q[39]                                                    ;        ;
; u_pipe|g_hist_rep[1].u_history|pub_sent_q[38]                                                    ;        ;
; u_pipe|g_hist_rep[1].u_history|pub_sent_q[41]                                                    ;        ;
; u_pipe|g_hist_rep[1].u_history|pub_sent_q[40]                                                    ;        ;
; u_pipe|g_hist_rep[1].u_history|pub_sent_q[37]                                                    ;        ;
; u_pipe|g_hist_rep[1].u_history|pub_sent_q[36]                                                    ;        ;
; u_pipe|g_hist_rep[1].u_history|pub_sent_q[35]                                                    ;        ;
; u_pipe|g_hist_rep[1].u_history|pub_sent_q[34]                                                    ;        ;
; u_pipe|g_fft[5].u_fft|u_meta_fifo|rd_ptr_q[8]                                                    ;        ;
; u_pipe|g_hist_rep[1].u_history|pub_sent_q[49]                                                    ;        ;
; u_pipe|g_hist_rep[1].u_history|pub_sent_q[55]                                                    ;        ;
; u_pipe|g_hist_rep[1].u_history|pub_sent_q[54]                                                    ;        ;
; u_pipe|g_hist_rep[1].u_history|pub_sent_q[53]                                                    ;        ;
; u_pipe|g_hist_rep[1].u_history|pub_sent_q[52]                                                    ;        ;
; u_pipe|g_hist_rep[1].u_history|u_pub|src_state_q.SRC_RELEASE                                     ;        ;
; u_pipe|g_hist_rep[1].u_history|u_pub|src_state_q.SRC_REQ                                         ;        ;
; u_pipe|g_hist_rep[1].u_history|u_pub|req_q                                                       ;        ;
; u_pipe|g_hist_rep[1].u_history|u_pub|u_sync_req|sync_q[0][0]                                     ;        ;
; u_pipe|g_hist_rep[1].u_history|u_pub|u_sync_req|sync_q[1][0]                                     ;        ;
; u_pipe|g_fft[5].u_fft|u_meta_fifo|rd_ptr_q[6]                                                    ;        ;
; u_pipe|g_hist_rep[1].u_history|u_pub|ack_q                                                       ;        ;
; u_pipe|g_hist_rep[1].u_history|u_pub|u_sync_ack|sync_q[0][0]                                     ;        ;
; u_pipe|g_hist_rep[1].u_history|u_pub|u_sync_ack|sync_q[1][0]                                     ;        ;
; u_pipe|g_hist_rep[1].u_history|u_pub|src_state_q.SRC_IDLE                                        ;        ;
; u_pipe|g_hist_rep[1].u_history|pub_dirty_q                                                       ;        ;
; u_pipe|g_hist_rep[0].u_history|depth_pending_q                                                   ;        ;
; u_pipe|g_hist_rep[0].u_history|in_frame_q[15]                                                    ;        ;
; u_pipe|g_hist_rep[0].u_history|in_frame_q[14]                                                    ;        ;
; u_pipe|g_hist_rep[0].u_history|in_frame_q[13]                                                    ;        ;
; u_pipe|g_hist_rep[0].u_history|in_frame_q[4]                                                     ;        ;
; u_pipe|g_fft[5].u_fft|u_meta_fifo|rd_ptr_q[7]                                                    ;        ;
; u_pipe|g_hist_rep[0].u_history|in_frame_q[3]                                                     ;        ;
; u_pipe|g_hist_rep[0].u_history|in_frame_q[2]                                                     ;        ;
; u_pipe|g_hist_rep[0].u_history|in_frame_q[1]                                                     ;        ;
; u_pipe|g_hist_rep[0].u_history|in_frame_q[0]                                                     ;        ;
; u_pipe|g_hist_rep[0].u_history|in_frame_q[9]                                                     ;        ;
; u_pipe|g_hist_rep[0].u_history|in_frame_q[8]                                                     ;        ;
; u_pipe|g_hist_rep[0].u_history|in_frame_q[7]                                                     ;        ;
; u_pipe|g_hist_rep[0].u_history|in_frame_q[6]                                                     ;        ;
; u_pipe|g_hist_rep[0].u_history|in_frame_q[11]                                                    ;        ;
; u_pipe|g_hist_rep[0].u_history|in_frame_q[10]                                                    ;        ;
; u_pipe|g_fft[5].u_fft|u_meta_fifo|rd_ptr_q[0]                                                    ;        ;
; u_pipe|g_hist_rep[0].u_history|in_frame_q[5]                                                     ;        ;
; u_pipe|g_hist_rep[0].u_history|in_frame_q[12]                                                    ;        ;
; u_pipe|g_hist_rep[0].u_history|depth_q[8]                                                        ;        ;
; u_pipe|g_hist_rep[0].u_history|frame_q[4][0]                                                     ;        ;
; u_pipe|g_hist_rep[0].u_history|frame_q[4][1]                                                     ;        ;
; u_pipe|g_hist_rep[0].u_history|frame_q[4][2]                                                     ;        ;
; u_pipe|g_hist_rep[0].u_history|frame_q[4][3]                                                     ;        ;
; u_pipe|g_hist_rep[0].u_history|frame_q[4][4]                                                     ;        ;
; u_pipe|g_hist_rep[0].u_history|frame_q[4][5]                                                     ;        ;
; u_pipe|g_hist_rep[0].u_history|frame_q[4][6]                                                     ;        ;
; u_pipe|g_fft[5].u_fft|u_meta_fifo|rd_ptr_q[2]                                                    ;        ;
; u_pipe|g_hist_rep[0].u_history|frame_q[4][7]                                                     ;        ;
; u_pipe|g_hist_rep[0].u_history|frame_q[4][8]                                                     ;        ;
; u_pipe|g_hist_rep[0].u_history|frame_q[4][9]                                                     ;        ;
; u_pipe|g_hist_rep[0].u_history|frame_q[4][10]                                                    ;        ;
; u_pipe|g_hist_rep[0].u_history|frame_q[4][11]                                                    ;        ;
; u_pipe|g_hist_rep[0].u_history|frame_q[4][12]                                                    ;        ;
; u_pipe|g_hist_rep[0].u_history|frame_q[4][13]                                                    ;        ;
; u_pipe|g_hist_rep[0].u_history|frame_q[4][14]                                                    ;        ;
; u_pipe|g_hist_rep[0].u_history|frame_q[4][15]                                                    ;        ;
; u_pipe|g_hist_rep[0].u_history|frame_q[4][16]                                                    ;        ;
; u_pipe|g_fft[5].u_fft|u_meta_fifo|rd_ptr_q[3]                                                    ;        ;
; u_pipe|g_hist_rep[0].u_history|frame_q[4][17]                                                    ;        ;
; u_pipe|g_hist_rep[0].u_history|frame_q[4][18]                                                    ;        ;
; u_pipe|g_hist_rep[0].u_history|frame_q[4][19]                                                    ;        ;
; u_pipe|g_hist_rep[0].u_history|frame_q[4][20]                                                    ;        ;
; u_pipe|g_hist_rep[0].u_history|frame_q[4][21]                                                    ;        ;
; u_pipe|g_hist_rep[0].u_history|frame_q[4][22]                                                    ;        ;
; u_pipe|g_hist_rep[0].u_history|frame_q[4][23]                                                    ;        ;
; u_pipe|g_hist_rep[0].u_history|frame_q[4][24]                                                    ;        ;
; u_pipe|g_hist_rep[0].u_history|frame_q[4][25]                                                    ;        ;
; u_pipe|g_hist_rep[0].u_history|frame_q[4][26]                                                    ;        ;
; u_pipe|g_fft[5].u_fft|u_meta_fifo|rd_ptr_q[4]                                                    ;        ;
; u_pipe|g_hist_rep[0].u_history|frame_q[4][27]                                                    ;        ;
; u_pipe|g_hist_rep[0].u_history|frame_q[4][28]                                                    ;        ;
; u_pipe|g_hist_rep[0].u_history|frame_q[4][29]                                                    ;        ;
; u_pipe|g_hist_rep[0].u_history|frame_q[4][30]                                                    ;        ;
; u_pipe|g_hist_rep[0].u_history|frame_q[4][31]                                                    ;        ;
; u_pipe|g_hist_rep[0].u_history|frame_q[5][0]                                                     ;        ;
; u_pipe|g_hist_rep[0].u_history|frame_q[5][1]                                                     ;        ;
; u_pipe|g_hist_rep[0].u_history|frame_q[5][2]                                                     ;        ;
; u_pipe|g_hist_rep[0].u_history|frame_q[5][3]                                                     ;        ;
; u_pipe|g_hist_rep[0].u_history|frame_q[5][4]                                                     ;        ;
; u_pipe|g_fft[5].u_fft|u_meta_fifo|rd_ptr_q[5]                                                    ;        ;
; u_pipe|g_hist_rep[0].u_history|frame_q[5][5]                                                     ;        ;
; u_pipe|g_hist_rep[0].u_history|frame_q[5][6]                                                     ;        ;
; u_pipe|g_hist_rep[0].u_history|frame_q[5][7]                                                     ;        ;
; u_pipe|g_hist_rep[0].u_history|frame_q[5][8]                                                     ;        ;
; u_pipe|g_hist_rep[0].u_history|frame_q[5][9]                                                     ;        ;
; u_pipe|g_hist_rep[0].u_history|frame_q[5][10]                                                    ;        ;
; u_pipe|g_hist_rep[0].u_history|frame_q[5][11]                                                    ;        ;
; u_pipe|g_hist_rep[0].u_history|frame_q[5][12]                                                    ;        ;
; u_pipe|g_hist_rep[0].u_history|frame_q[5][13]                                                    ;        ;
; u_pipe|g_hist_rep[0].u_history|frame_q[5][14]                                                    ;        ;
; u_pipe|g_fft[12].u_fft|u_core|g_lane[0].u_path|g_group[0].u_stage|u_bf2i|warm_cnt_q[6]           ;        ;
; u_pipe|g_fft[5].u_fft|u_meta_fifo|wr_ptr_q[3]                                                    ;        ;
; u_pipe|g_hist_rep[0].u_history|frame_q[5][15]                                                    ;        ;
; u_pipe|g_hist_rep[0].u_history|frame_q[5][16]                                                    ;        ;
; u_pipe|g_hist_rep[0].u_history|frame_q[5][17]                                                    ;        ;
; u_pipe|g_hist_rep[0].u_history|frame_q[5][18]                                                    ;        ;
; u_pipe|g_hist_rep[0].u_history|frame_q[5][19]                                                    ;        ;
; u_pipe|g_hist_rep[0].u_history|frame_q[5][20]                                                    ;        ;
; u_pipe|g_hist_rep[0].u_history|frame_q[5][21]                                                    ;        ;
; u_pipe|g_hist_rep[0].u_history|frame_q[5][22]                                                    ;        ;
; u_pipe|g_hist_rep[0].u_history|frame_q[5][23]                                                    ;        ;
; u_pipe|g_hist_rep[0].u_history|frame_q[5][24]                                                    ;        ;
; u_pipe|g_fft[5].u_fft|u_meta_fifo|wr_ptr_q[2]                                                    ;        ;
; u_pipe|g_hist_rep[0].u_history|frame_q[5][25]                                                    ;        ;
; u_pipe|g_hist_rep[0].u_history|frame_q[5][26]                                                    ;        ;
; u_pipe|g_hist_rep[0].u_history|frame_q[5][27]                                                    ;        ;
; u_pipe|g_hist_rep[0].u_history|frame_q[5][28]                                                    ;        ;
; u_pipe|g_hist_rep[0].u_history|frame_q[5][29]                                                    ;        ;
; u_pipe|g_hist_rep[0].u_history|frame_q[5][30]                                                    ;        ;
; u_pipe|g_hist_rep[0].u_history|frame_q[5][31]                                                    ;        ;
; u_pipe|g_hist_rep[0].u_history|frame_q[6][0]                                                     ;        ;
; u_pipe|g_hist_rep[0].u_history|frame_q[6][1]                                                     ;        ;
; u_pipe|g_hist_rep[0].u_history|frame_q[6][2]                                                     ;        ;
; u_pipe|g_fft[5].u_fft|u_meta_fifo|wr_ptr_q[1]                                                    ;        ;
; u_pipe|g_hist_rep[0].u_history|frame_q[6][3]                                                     ;        ;
; u_pipe|g_hist_rep[0].u_history|frame_q[6][4]                                                     ;        ;
; u_pipe|g_hist_rep[0].u_history|frame_q[6][5]                                                     ;        ;
; u_pipe|g_hist_rep[0].u_history|frame_q[6][6]                                                     ;        ;
; u_pipe|g_hist_rep[0].u_history|frame_q[6][7]                                                     ;        ;
; u_pipe|g_hist_rep[0].u_history|frame_q[6][8]                                                     ;        ;
; u_pipe|g_hist_rep[0].u_history|frame_q[6][9]                                                     ;        ;
; u_pipe|g_hist_rep[0].u_history|frame_q[6][10]                                                    ;        ;
; u_pipe|g_hist_rep[0].u_history|frame_q[6][11]                                                    ;        ;
; u_pipe|g_hist_rep[0].u_history|frame_q[6][12]                                                    ;        ;
; u_pipe|g_fft[5].u_fft|u_meta_fifo|wr_ptr_q[0]                                                    ;        ;
; u_pipe|g_hist_rep[0].u_history|frame_q[6][13]                                                    ;        ;
; u_pipe|g_hist_rep[0].u_history|frame_q[6][14]                                                    ;        ;
; u_pipe|g_hist_rep[0].u_history|frame_q[6][15]                                                    ;        ;
; u_pipe|g_hist_rep[0].u_history|frame_q[6][16]                                                    ;        ;
; u_pipe|g_hist_rep[0].u_history|frame_q[6][17]                                                    ;        ;
; u_pipe|g_hist_rep[0].u_history|frame_q[6][18]                                                    ;        ;
; u_pipe|g_hist_rep[0].u_history|frame_q[6][19]                                                    ;        ;
; u_pipe|g_hist_rep[0].u_history|frame_q[6][20]                                                    ;        ;
; u_pipe|g_hist_rep[0].u_history|frame_q[6][21]                                                    ;        ;
; u_pipe|g_hist_rep[0].u_history|frame_q[6][22]                                                    ;        ;
; u_pipe|g_fft[5].u_fft|u_meta_fifo|wr_ptr_q[10]                                                   ;        ;
; u_pipe|g_hist_rep[0].u_history|frame_q[6][23]                                                    ;        ;
; u_pipe|g_hist_rep[0].u_history|frame_q[6][24]                                                    ;        ;
; u_pipe|g_hist_rep[0].u_history|frame_q[6][25]                                                    ;        ;
; u_pipe|g_hist_rep[0].u_history|frame_q[6][26]                                                    ;        ;
; u_pipe|g_hist_rep[0].u_history|frame_q[6][27]                                                    ;        ;
; u_pipe|g_hist_rep[0].u_history|frame_q[6][28]                                                    ;        ;
; u_pipe|g_hist_rep[0].u_history|frame_q[6][29]                                                    ;        ;
; u_pipe|g_hist_rep[0].u_history|frame_q[6][30]                                                    ;        ;
; u_pipe|g_hist_rep[0].u_history|frame_q[6][31]                                                    ;        ;
; u_pipe|g_hist_rep[0].u_history|frame_q[7][0]                                                     ;        ;
; u_pipe|g_fft[5].u_fft|u_meta_fifo|wr_ptr_q[6]                                                    ;        ;
; u_pipe|g_hist_rep[0].u_history|frame_q[7][1]                                                     ;        ;
; u_pipe|g_hist_rep[0].u_history|frame_q[7][2]                                                     ;        ;
; u_pipe|g_hist_rep[0].u_history|frame_q[7][3]                                                     ;        ;
; u_pipe|g_hist_rep[0].u_history|frame_q[7][4]                                                     ;        ;
; u_pipe|g_hist_rep[0].u_history|frame_q[7][5]                                                     ;        ;
; u_pipe|g_hist_rep[0].u_history|frame_q[7][6]                                                     ;        ;
; u_pipe|g_hist_rep[0].u_history|frame_q[7][7]                                                     ;        ;
; u_pipe|g_hist_rep[0].u_history|frame_q[7][8]                                                     ;        ;
; u_pipe|g_hist_rep[0].u_history|frame_q[7][9]                                                     ;        ;
; u_pipe|g_hist_rep[0].u_history|frame_q[7][10]                                                    ;        ;
; u_pipe|g_fft[5].u_fft|u_meta_fifo|wr_ptr_q[7]                                                    ;        ;
; u_pipe|g_hist_rep[0].u_history|frame_q[7][11]                                                    ;        ;
; u_pipe|g_hist_rep[0].u_history|frame_q[7][12]                                                    ;        ;
; u_pipe|g_hist_rep[0].u_history|frame_q[7][13]                                                    ;        ;
; u_pipe|g_hist_rep[0].u_history|frame_q[7][14]                                                    ;        ;
; u_pipe|g_hist_rep[0].u_history|frame_q[7][15]                                                    ;        ;
; u_pipe|g_hist_rep[0].u_history|frame_q[7][16]                                                    ;        ;
; u_pipe|g_hist_rep[0].u_history|frame_q[7][17]                                                    ;        ;
; u_pipe|g_hist_rep[0].u_history|frame_q[7][18]                                                    ;        ;
; u_pipe|g_hist_rep[0].u_history|frame_q[7][19]                                                    ;        ;
; u_pipe|g_hist_rep[0].u_history|frame_q[7][20]                                                    ;        ;
; u_pipe|g_fft[5].u_fft|u_meta_fifo|wr_ptr_q[8]                                                    ;        ;
; u_pipe|g_hist_rep[0].u_history|frame_q[7][21]                                                    ;        ;
; u_pipe|g_hist_rep[0].u_history|frame_q[7][22]                                                    ;        ;
; u_pipe|g_hist_rep[0].u_history|frame_q[7][23]                                                    ;        ;
; u_pipe|g_hist_rep[0].u_history|frame_q[7][24]                                                    ;        ;
; u_pipe|g_hist_rep[0].u_history|frame_q[7][25]                                                    ;        ;
; u_pipe|g_hist_rep[0].u_history|frame_q[7][26]                                                    ;        ;
; u_pipe|g_hist_rep[0].u_history|frame_q[7][27]                                                    ;        ;
; u_pipe|g_hist_rep[0].u_history|frame_q[7][28]                                                    ;        ;
; u_pipe|g_hist_rep[0].u_history|frame_q[7][29]                                                    ;        ;
; u_pipe|g_hist_rep[0].u_history|frame_q[7][30]                                                    ;        ;
; u_pipe|g_fft[5].u_fft|u_meta_fifo|wr_ptr_q[9]                                                    ;        ;
; u_pipe|g_hist_rep[0].u_history|frame_q[7][31]                                                    ;        ;
; u_pipe|g_hist_rep[0].u_history|frame_q[2][0]                                                     ;        ;
; u_pipe|g_hist_rep[0].u_history|frame_q[2][1]                                                     ;        ;
; u_pipe|g_hist_rep[0].u_history|frame_q[2][2]                                                     ;        ;
; u_pipe|g_hist_rep[0].u_history|frame_q[2][3]                                                     ;        ;
; u_pipe|g_hist_rep[0].u_history|frame_q[2][4]                                                     ;        ;
; u_pipe|g_hist_rep[0].u_history|frame_q[2][5]                                                     ;        ;
; u_pipe|g_hist_rep[0].u_history|frame_q[2][6]                                                     ;        ;
; u_pipe|g_hist_rep[0].u_history|frame_q[2][7]                                                     ;        ;
; u_pipe|g_hist_rep[0].u_history|frame_q[2][8]                                                     ;        ;
; u_pipe|g_fft[5].u_fft|u_meta_fifo|wr_ptr_q[4]                                                    ;        ;
; u_pipe|g_hist_rep[0].u_history|frame_q[2][9]                                                     ;        ;
; u_pipe|g_hist_rep[0].u_history|frame_q[2][10]                                                    ;        ;
; u_pipe|g_hist_rep[0].u_history|frame_q[2][11]                                                    ;        ;
; u_pipe|g_hist_rep[0].u_history|frame_q[2][12]                                                    ;        ;
; u_pipe|g_hist_rep[0].u_history|frame_q[2][13]                                                    ;        ;
; u_pipe|g_hist_rep[0].u_history|frame_q[2][14]                                                    ;        ;
; u_pipe|g_hist_rep[0].u_history|frame_q[2][15]                                                    ;        ;
; u_pipe|g_hist_rep[0].u_history|frame_q[2][16]                                                    ;        ;
; u_pipe|g_hist_rep[0].u_history|frame_q[2][17]                                                    ;        ;
; u_pipe|g_hist_rep[0].u_history|frame_q[2][18]                                                    ;        ;
; u_pipe|g_fft[12].u_fft|u_core|g_lane[0].u_path|g_group[0].u_stage|u_bf2i|warm_cnt_q[0]           ;        ;
; u_pipe|g_fft[5].u_fft|u_meta_fifo|wr_ptr_q[5]                                                    ;        ;
; u_pipe|g_hist_rep[0].u_history|frame_q[2][19]                                                    ;        ;
; u_pipe|g_hist_rep[0].u_history|frame_q[2][20]                                                    ;        ;
; u_pipe|g_hist_rep[0].u_history|frame_q[2][21]                                                    ;        ;
; u_pipe|g_hist_rep[0].u_history|frame_q[2][22]                                                    ;        ;
; u_pipe|g_hist_rep[0].u_history|frame_q[2][23]                                                    ;        ;
; u_pipe|g_hist_rep[0].u_history|frame_q[2][24]                                                    ;        ;
; u_pipe|g_hist_rep[0].u_history|frame_q[2][25]                                                    ;        ;
; u_pipe|g_hist_rep[0].u_history|frame_q[2][26]                                                    ;        ;
; u_pipe|g_hist_rep[0].u_history|frame_q[2][27]                                                    ;        ;
; u_pipe|g_hist_rep[0].u_history|frame_q[2][28]                                                    ;        ;
; u_pipe|g_fft[5].u_fft|u_eb_in|wr_ptr_q[0]                                                        ;        ;
; u_pipe|g_hist_rep[0].u_history|frame_q[2][29]                                                    ;        ;
; u_pipe|g_hist_rep[0].u_history|frame_q[2][30]                                                    ;        ;
; u_pipe|g_hist_rep[0].u_history|frame_q[2][31]                                                    ;        ;
; u_pipe|g_hist_rep[0].u_history|frame_q[3][0]                                                     ;        ;
; u_pipe|g_hist_rep[0].u_history|frame_q[3][1]                                                     ;        ;
; u_pipe|g_hist_rep[0].u_history|frame_q[3][2]                                                     ;        ;
; u_pipe|g_hist_rep[0].u_history|frame_q[3][3]                                                     ;        ;
; u_pipe|g_hist_rep[0].u_history|frame_q[3][4]                                                     ;        ;
; u_pipe|g_hist_rep[0].u_history|frame_q[3][5]                                                     ;        ;
; u_pipe|g_hist_rep[0].u_history|frame_q[3][6]                                                     ;        ;
; u_pipe|g_fft[5].u_fft|u_eb_in|wr_ptr_q[1]                                                        ;        ;
; u_pipe|g_hist_rep[0].u_history|frame_q[3][7]                                                     ;        ;
; u_pipe|g_hist_rep[0].u_history|frame_q[3][8]                                                     ;        ;
; u_pipe|g_hist_rep[0].u_history|frame_q[3][9]                                                     ;        ;
; u_pipe|g_hist_rep[0].u_history|frame_q[3][10]                                                    ;        ;
; u_pipe|g_hist_rep[0].u_history|frame_q[3][11]                                                    ;        ;
; u_pipe|g_hist_rep[0].u_history|frame_q[3][12]                                                    ;        ;
; u_pipe|g_hist_rep[0].u_history|frame_q[3][13]                                                    ;        ;
; u_pipe|g_hist_rep[0].u_history|frame_q[3][14]                                                    ;        ;
; u_pipe|g_hist_rep[0].u_history|frame_q[3][15]                                                    ;        ;
; u_pipe|g_hist_rep[0].u_history|frame_q[3][16]                                                    ;        ;
; u_pipe|g_pfb[5].u_pfb|u_out|wr_ptr_q[3]                                                          ;        ;
; u_pipe|g_hist_rep[0].u_history|frame_q[3][17]                                                    ;        ;
; u_pipe|g_hist_rep[0].u_history|frame_q[3][18]                                                    ;        ;
; u_pipe|g_hist_rep[0].u_history|frame_q[3][19]                                                    ;        ;
; u_pipe|g_hist_rep[0].u_history|frame_q[3][20]                                                    ;        ;
; u_pipe|g_hist_rep[0].u_history|frame_q[3][21]                                                    ;        ;
; u_pipe|g_hist_rep[0].u_history|frame_q[3][22]                                                    ;        ;
; u_pipe|g_hist_rep[0].u_history|frame_q[3][23]                                                    ;        ;
; u_pipe|g_hist_rep[0].u_history|frame_q[3][24]                                                    ;        ;
; u_pipe|g_hist_rep[0].u_history|frame_q[3][25]                                                    ;        ;
; u_pipe|g_hist_rep[0].u_history|frame_q[3][26]                                                    ;        ;
; u_pipe|g_pfb[5].u_pfb|u_out|wr_ptr_q[2]                                                          ;        ;
; u_pipe|g_hist_rep[0].u_history|frame_q[3][27]                                                    ;        ;
; u_pipe|g_hist_rep[0].u_history|frame_q[3][28]                                                    ;        ;
; u_pipe|g_hist_rep[0].u_history|frame_q[3][29]                                                    ;        ;
; u_pipe|g_hist_rep[0].u_history|frame_q[3][30]                                                    ;        ;
; u_pipe|g_hist_rep[0].u_history|frame_q[3][31]                                                    ;        ;
; u_pipe|g_hist_rep[0].u_history|frame_q[0][0]                                                     ;        ;
; u_pipe|g_hist_rep[0].u_history|frame_q[0][1]                                                     ;        ;
; u_pipe|g_hist_rep[0].u_history|frame_q[0][2]                                                     ;        ;
; u_pipe|g_hist_rep[0].u_history|frame_q[0][3]                                                     ;        ;
; u_pipe|g_hist_rep[0].u_history|frame_q[0][4]                                                     ;        ;
; u_pipe|g_pfb[5].u_pfb|u_out|wr_ptr_q[1]                                                          ;        ;
; u_pipe|g_hist_rep[0].u_history|frame_q[0][5]                                                     ;        ;
; u_pipe|g_hist_rep[0].u_history|frame_q[0][6]                                                     ;        ;
; u_pipe|g_hist_rep[0].u_history|frame_q[0][7]                                                     ;        ;
; u_pipe|g_hist_rep[0].u_history|frame_q[0][8]                                                     ;        ;
; u_pipe|g_hist_rep[0].u_history|frame_q[0][9]                                                     ;        ;
; u_pipe|g_hist_rep[0].u_history|frame_q[0][10]                                                    ;        ;
; u_pipe|g_hist_rep[0].u_history|frame_q[0][11]                                                    ;        ;
; u_pipe|g_hist_rep[0].u_history|frame_q[0][12]                                                    ;        ;
; u_pipe|g_hist_rep[0].u_history|frame_q[0][13]                                                    ;        ;
; u_pipe|g_hist_rep[0].u_history|frame_q[0][14]                                                    ;        ;
; u_pipe|g_pfb[5].u_pfb|u_out|wr_ptr_q[0]                                                          ;        ;
; u_pipe|g_hist_rep[0].u_history|frame_q[0][15]                                                    ;        ;
; u_pipe|g_hist_rep[0].u_history|frame_q[0][16]                                                    ;        ;
; u_pipe|g_hist_rep[0].u_history|frame_q[0][17]                                                    ;        ;
; u_pipe|g_hist_rep[0].u_history|frame_q[0][18]                                                    ;        ;
; u_pipe|g_hist_rep[0].u_history|frame_q[0][19]                                                    ;        ;
; u_pipe|g_hist_rep[0].u_history|frame_q[0][20]                                                    ;        ;
; u_pipe|g_hist_rep[0].u_history|frame_q[0][21]                                                    ;        ;
; u_pipe|g_hist_rep[0].u_history|frame_q[0][22]                                                    ;        ;
; u_pipe|g_hist_rep[0].u_history|frame_q[0][23]                                                    ;        ;
; u_pipe|g_hist_rep[0].u_history|frame_q[0][24]                                                    ;        ;
; u_pipe|g_pfb[5].u_pfb|u_out|rd_ptr_q[3]                                                          ;        ;
; u_pipe|g_hist_rep[0].u_history|frame_q[0][25]                                                    ;        ;
; u_pipe|g_hist_rep[0].u_history|frame_q[0][26]                                                    ;        ;
; u_pipe|g_hist_rep[0].u_history|frame_q[0][27]                                                    ;        ;
; u_pipe|g_hist_rep[0].u_history|frame_q[0][28]                                                    ;        ;
; u_pipe|g_hist_rep[0].u_history|frame_q[0][29]                                                    ;        ;
; u_pipe|g_hist_rep[0].u_history|frame_q[0][30]                                                    ;        ;
; u_pipe|g_hist_rep[0].u_history|frame_q[0][31]                                                    ;        ;
; u_pipe|g_hist_rep[0].u_history|frame_q[1][0]                                                     ;        ;
; u_pipe|g_hist_rep[0].u_history|frame_q[1][1]                                                     ;        ;
; u_pipe|g_hist_rep[0].u_history|frame_q[1][2]                                                     ;        ;
; u_pipe|g_pfb[5].u_pfb|u_out|rd_ptr_q[2]                                                          ;        ;
; u_pipe|g_hist_rep[0].u_history|frame_q[1][3]                                                     ;        ;
; u_pipe|g_hist_rep[0].u_history|frame_q[1][4]                                                     ;        ;
; u_pipe|g_hist_rep[0].u_history|frame_q[1][5]                                                     ;        ;
; u_pipe|g_hist_rep[0].u_history|frame_q[1][6]                                                     ;        ;
; u_pipe|g_hist_rep[0].u_history|frame_q[1][7]                                                     ;        ;
; u_pipe|g_hist_rep[0].u_history|frame_q[1][8]                                                     ;        ;
; u_pipe|g_hist_rep[0].u_history|frame_q[1][9]                                                     ;        ;
; u_pipe|g_hist_rep[0].u_history|frame_q[1][10]                                                    ;        ;
; u_pipe|g_hist_rep[0].u_history|frame_q[1][11]                                                    ;        ;
; u_pipe|g_hist_rep[0].u_history|frame_q[1][12]                                                    ;        ;
; u_pipe|g_pfb[5].u_pfb|u_out|rd_ptr_q[1]                                                          ;        ;
; u_pipe|g_hist_rep[0].u_history|frame_q[1][13]                                                    ;        ;
; u_pipe|g_hist_rep[0].u_history|frame_q[1][14]                                                    ;        ;
; u_pipe|g_hist_rep[0].u_history|frame_q[1][15]                                                    ;        ;
; u_pipe|g_hist_rep[0].u_history|frame_q[1][16]                                                    ;        ;
; u_pipe|g_hist_rep[0].u_history|frame_q[1][17]                                                    ;        ;
; u_pipe|g_hist_rep[0].u_history|frame_q[1][18]                                                    ;        ;
; u_pipe|g_hist_rep[0].u_history|frame_q[1][19]                                                    ;        ;
; u_pipe|g_hist_rep[0].u_history|frame_q[1][20]                                                    ;        ;
; u_pipe|g_hist_rep[0].u_history|frame_q[1][21]                                                    ;        ;
; u_pipe|g_hist_rep[0].u_history|frame_q[1][22]                                                    ;        ;
; u_pipe|g_fft[12].u_fft|u_core|g_lane[0].u_path|g_group[0].u_stage|u_bf2i|warm_cnt_q[1]           ;        ;
; u_pipe|g_pfb[5].u_pfb|u_out|rd_ptr_q[0]                                                          ;        ;
; u_pipe|g_hist_rep[0].u_history|frame_q[1][23]                                                    ;        ;
; u_pipe|g_hist_rep[0].u_history|frame_q[1][24]                                                    ;        ;
; u_pipe|g_hist_rep[0].u_history|frame_q[1][25]                                                    ;        ;
; u_pipe|g_hist_rep[0].u_history|frame_q[1][26]                                                    ;        ;
; u_pipe|g_hist_rep[0].u_history|frame_q[1][27]                                                    ;        ;
; u_pipe|g_hist_rep[0].u_history|frame_q[1][28]                                                    ;        ;
; u_pipe|g_hist_rep[0].u_history|frame_q[1][29]                                                    ;        ;
; u_pipe|g_hist_rep[0].u_history|frame_q[1][30]                                                    ;        ;
; u_pipe|g_hist_rep[0].u_history|frame_q[1][31]                                                    ;        ;
; u_pipe|g_hist_rep[0].u_history|frame_q[14][0]                                                    ;        ;
; u_pipe|g_fft[5].u_fft|u_eb_in|rd_ptr_q[0]                                                        ;        ;
; u_pipe|g_hist_rep[0].u_history|frame_q[14][1]                                                    ;        ;
; u_pipe|g_hist_rep[0].u_history|frame_q[14][2]                                                    ;        ;
; u_pipe|g_hist_rep[0].u_history|frame_q[14][3]                                                    ;        ;
; u_pipe|g_hist_rep[0].u_history|frame_q[14][4]                                                    ;        ;
; u_pipe|g_hist_rep[0].u_history|frame_q[14][5]                                                    ;        ;
; u_pipe|g_hist_rep[0].u_history|frame_q[14][6]                                                    ;        ;
; u_pipe|g_hist_rep[0].u_history|frame_q[14][7]                                                    ;        ;
; u_pipe|g_hist_rep[0].u_history|frame_q[14][8]                                                    ;        ;
; u_pipe|g_hist_rep[0].u_history|frame_q[14][9]                                                    ;        ;
; u_pipe|g_hist_rep[0].u_history|frame_q[14][10]                                                   ;        ;
; u_pipe|g_fft[5].u_fft|u_eb_in|rd_ptr_q[1]                                                        ;        ;
; u_pipe|g_hist_rep[0].u_history|frame_q[14][11]                                                   ;        ;
; u_pipe|g_hist_rep[0].u_history|frame_q[14][12]                                                   ;        ;
; u_pipe|g_hist_rep[0].u_history|frame_q[14][13]                                                   ;        ;
; u_pipe|g_hist_rep[0].u_history|frame_q[14][14]                                                   ;        ;
; u_pipe|g_hist_rep[0].u_history|frame_q[14][15]                                                   ;        ;
; u_pipe|g_hist_rep[0].u_history|frame_q[14][16]                                                   ;        ;
; u_pipe|g_hist_rep[0].u_history|frame_q[14][17]                                                   ;        ;
; u_pipe|g_hist_rep[0].u_history|frame_q[14][18]                                                   ;        ;
; u_pipe|g_hist_rep[0].u_history|frame_q[14][19]                                                   ;        ;
; u_pipe|g_hist_rep[0].u_history|frame_q[14][20]                                                   ;        ;
; u_pipe|g_fft[10].u_fft|u_out_fifo|count_q[0]                                                     ;        ;
; u_pipe|g_hist_rep[0].u_history|frame_q[14][21]                                                   ;        ;
; u_pipe|g_hist_rep[0].u_history|frame_q[14][22]                                                   ;        ;
; u_pipe|g_hist_rep[0].u_history|frame_q[14][23]                                                   ;        ;
; u_pipe|g_hist_rep[0].u_history|frame_q[14][24]                                                   ;        ;
; u_pipe|g_hist_rep[0].u_history|frame_q[14][25]                                                   ;        ;
; u_pipe|g_hist_rep[0].u_history|frame_q[14][26]                                                   ;        ;
; u_pipe|g_hist_rep[0].u_history|frame_q[14][27]                                                   ;        ;
; u_pipe|g_hist_rep[0].u_history|frame_q[14][28]                                                   ;        ;
; u_pipe|g_hist_rep[0].u_history|frame_q[14][29]                                                   ;        ;
; u_pipe|g_hist_rep[0].u_history|frame_q[14][30]                                                   ;        ;
; u_pipe|g_fft[10].u_fft|u_out_fifo|count_q[1]                                                     ;        ;
; u_pipe|g_hist_rep[0].u_history|frame_q[14][31]                                                   ;        ;
; u_pipe|g_hist_rep[0].u_history|frame_q[9][0]                                                     ;        ;
; u_pipe|g_hist_rep[0].u_history|frame_q[9][1]                                                     ;        ;
; u_pipe|g_hist_rep[0].u_history|frame_q[9][2]                                                     ;        ;
; u_pipe|g_hist_rep[0].u_history|frame_q[9][3]                                                     ;        ;
; u_pipe|g_hist_rep[0].u_history|frame_q[9][4]                                                     ;        ;
; u_pipe|g_hist_rep[0].u_history|frame_q[9][5]                                                     ;        ;
; u_pipe|g_hist_rep[0].u_history|frame_q[9][6]                                                     ;        ;
; u_pipe|g_hist_rep[0].u_history|frame_q[9][7]                                                     ;        ;
; u_pipe|g_hist_rep[0].u_history|frame_q[9][8]                                                     ;        ;
; u_pipe|g_fft[10].u_fft|u_out_fifo|count_q[3]                                                     ;        ;
; u_pipe|g_hist_rep[0].u_history|frame_q[9][9]                                                     ;        ;
; u_pipe|g_hist_rep[0].u_history|frame_q[9][10]                                                    ;        ;
; u_pipe|g_hist_rep[0].u_history|frame_q[9][11]                                                    ;        ;
; u_pipe|g_hist_rep[0].u_history|frame_q[9][12]                                                    ;        ;
; u_pipe|g_hist_rep[0].u_history|frame_q[9][13]                                                    ;        ;
; u_pipe|g_hist_rep[0].u_history|frame_q[9][14]                                                    ;        ;
; u_pipe|g_hist_rep[0].u_history|frame_q[9][15]                                                    ;        ;
; u_pipe|g_hist_rep[0].u_history|frame_q[9][16]                                                    ;        ;
; u_pipe|g_hist_rep[0].u_history|frame_q[9][17]                                                    ;        ;
; u_pipe|g_hist_rep[0].u_history|frame_q[9][18]                                                    ;        ;
; u_pipe|g_fft[10].u_fft|u_out_fifo|count_q[4]                                                     ;        ;
; u_pipe|g_hist_rep[0].u_history|frame_q[9][19]                                                    ;        ;
; u_pipe|g_hist_rep[0].u_history|frame_q[9][20]                                                    ;        ;
; u_pipe|g_hist_rep[0].u_history|frame_q[9][21]                                                    ;        ;
; u_pipe|g_hist_rep[0].u_history|frame_q[9][22]                                                    ;        ;
; u_pipe|g_hist_rep[0].u_history|frame_q[9][23]                                                    ;        ;
; u_pipe|g_hist_rep[0].u_history|frame_q[9][24]                                                    ;        ;
; u_pipe|g_hist_rep[0].u_history|frame_q[9][25]                                                    ;        ;
; u_pipe|g_hist_rep[0].u_history|frame_q[9][26]                                                    ;        ;
; u_pipe|g_hist_rep[0].u_history|frame_q[9][27]                                                    ;        ;
; u_pipe|g_hist_rep[0].u_history|frame_q[9][28]                                                    ;        ;
; u_pipe|g_fft[10].u_fft|u_out_fifo|count_q[5]                                                     ;        ;
; u_pipe|g_hist_rep[0].u_history|frame_q[9][29]                                                    ;        ;
; u_pipe|g_hist_rep[0].u_history|frame_q[9][30]                                                    ;        ;
; u_pipe|g_hist_rep[0].u_history|frame_q[9][31]                                                    ;        ;
; u_pipe|g_hist_rep[0].u_history|frame_q[8][0]                                                     ;        ;
; u_pipe|g_hist_rep[0].u_history|frame_q[8][1]                                                     ;        ;
; u_pipe|g_hist_rep[0].u_history|frame_q[8][2]                                                     ;        ;
; u_pipe|g_hist_rep[0].u_history|frame_q[8][3]                                                     ;        ;
; u_pipe|g_hist_rep[0].u_history|frame_q[8][4]                                                     ;        ;
; u_pipe|g_hist_rep[0].u_history|frame_q[8][5]                                                     ;        ;
; u_pipe|g_hist_rep[0].u_history|frame_q[8][6]                                                     ;        ;
; u_pipe|g_fft[10].u_fft|u_out_fifo|count_q[6]                                                     ;        ;
; u_pipe|g_hist_rep[0].u_history|frame_q[8][7]                                                     ;        ;
; u_pipe|g_hist_rep[0].u_history|frame_q[8][8]                                                     ;        ;
; u_pipe|g_hist_rep[0].u_history|frame_q[8][9]                                                     ;        ;
; u_pipe|g_hist_rep[0].u_history|frame_q[8][10]                                                    ;        ;
; u_pipe|g_hist_rep[0].u_history|frame_q[8][11]                                                    ;        ;
; u_pipe|g_hist_rep[0].u_history|frame_q[8][12]                                                    ;        ;
; u_pipe|g_hist_rep[0].u_history|frame_q[8][13]                                                    ;        ;
; u_pipe|g_hist_rep[0].u_history|frame_q[8][14]                                                    ;        ;
; u_pipe|g_hist_rep[0].u_history|frame_q[8][15]                                                    ;        ;
; u_pipe|g_hist_rep[0].u_history|frame_q[8][16]                                                    ;        ;
; u_pipe|g_fft[10].u_fft|u_out_fifo|count_q[7]                                                     ;        ;
; u_pipe|g_hist_rep[0].u_history|frame_q[8][17]                                                    ;        ;
; u_pipe|g_hist_rep[0].u_history|frame_q[8][18]                                                    ;        ;
; u_pipe|g_hist_rep[0].u_history|frame_q[8][19]                                                    ;        ;
; u_pipe|g_hist_rep[0].u_history|frame_q[8][20]                                                    ;        ;
; u_pipe|g_hist_rep[0].u_history|frame_q[8][21]                                                    ;        ;
; u_pipe|g_hist_rep[0].u_history|frame_q[8][22]                                                    ;        ;
; u_pipe|g_hist_rep[0].u_history|frame_q[8][23]                                                    ;        ;
; u_pipe|g_hist_rep[0].u_history|frame_q[8][24]                                                    ;        ;
; u_pipe|g_hist_rep[0].u_history|frame_q[8][25]                                                    ;        ;
; u_pipe|g_hist_rep[0].u_history|frame_q[8][26]                                                    ;        ;
; u_pipe|g_fft[12].u_fft|u_core|g_lane[0].u_path|g_group[0].u_stage|u_bf2i|warm_cnt_q[2]           ;        ;
; u_pipe|g_fft[10].u_fft|u_out_fifo|count_q[8]                                                     ;        ;
; u_pipe|g_hist_rep[0].u_history|frame_q[8][27]                                                    ;        ;
; u_pipe|g_hist_rep[0].u_history|frame_q[8][28]                                                    ;        ;
; u_pipe|g_hist_rep[0].u_history|frame_q[8][29]                                                    ;        ;
; u_pipe|g_hist_rep[0].u_history|frame_q[8][30]                                                    ;        ;
; u_pipe|g_hist_rep[0].u_history|frame_q[8][31]                                                    ;        ;
; u_pipe|g_hist_rep[0].u_history|frame_q[15][0]                                                    ;        ;
; u_pipe|g_hist_rep[0].u_history|frame_q[15][1]                                                    ;        ;
; u_pipe|g_hist_rep[0].u_history|frame_q[15][2]                                                    ;        ;
; u_pipe|g_hist_rep[0].u_history|frame_q[15][3]                                                    ;        ;
; u_pipe|g_hist_rep[0].u_history|frame_q[15][4]                                                    ;        ;
; u_pipe|g_fft[10].u_fft|u_out_fifo|count_q[9]                                                     ;        ;
; u_pipe|g_hist_rep[0].u_history|frame_q[15][5]                                                    ;        ;
; u_pipe|g_hist_rep[0].u_history|frame_q[15][6]                                                    ;        ;
; u_pipe|g_hist_rep[0].u_history|frame_q[15][7]                                                    ;        ;
; u_pipe|g_hist_rep[0].u_history|frame_q[15][8]                                                    ;        ;
; u_pipe|g_hist_rep[0].u_history|frame_q[15][9]                                                    ;        ;
; u_pipe|g_hist_rep[0].u_history|frame_q[15][10]                                                   ;        ;
; u_pipe|g_hist_rep[0].u_history|frame_q[15][11]                                                   ;        ;
; u_pipe|g_hist_rep[0].u_history|frame_q[15][12]                                                   ;        ;
; u_pipe|g_hist_rep[0].u_history|frame_q[15][13]                                                   ;        ;
; u_pipe|g_hist_rep[0].u_history|frame_q[15][14]                                                   ;        ;
; u_pipe|g_fft[10].u_fft|u_out_fifo|count_q[10]                                                    ;        ;
; u_pipe|g_hist_rep[0].u_history|frame_q[15][15]                                                   ;        ;
; u_pipe|g_hist_rep[0].u_history|frame_q[15][16]                                                   ;        ;
; u_pipe|g_hist_rep[0].u_history|frame_q[15][17]                                                   ;        ;
; u_pipe|g_hist_rep[0].u_history|frame_q[15][18]                                                   ;        ;
; u_pipe|g_hist_rep[0].u_history|frame_q[15][19]                                                   ;        ;
; u_pipe|g_hist_rep[0].u_history|frame_q[15][20]                                                   ;        ;
; u_pipe|g_hist_rep[0].u_history|frame_q[15][21]                                                   ;        ;
; u_pipe|g_hist_rep[0].u_history|frame_q[15][22]                                                   ;        ;
; u_pipe|g_hist_rep[0].u_history|frame_q[15][23]                                                   ;        ;
; u_pipe|g_hist_rep[0].u_history|frame_q[15][24]                                                   ;        ;
; u_pipe|g_fft[10].u_fft|g_reorder.u_reorder|warm_cnt_q[1]                                         ;        ;
; u_pipe|g_hist_rep[0].u_history|frame_q[15][25]                                                   ;        ;
; u_pipe|g_hist_rep[0].u_history|frame_q[15][26]                                                   ;        ;
; u_pipe|g_hist_rep[0].u_history|frame_q[15][27]                                                   ;        ;
; u_pipe|g_hist_rep[0].u_history|frame_q[15][28]                                                   ;        ;
; u_pipe|g_hist_rep[0].u_history|frame_q[15][29]                                                   ;        ;
; u_pipe|g_hist_rep[0].u_history|frame_q[15][30]                                                   ;        ;
; u_pipe|g_hist_rep[0].u_history|frame_q[15][31]                                                   ;        ;
; u_pipe|g_hist_rep[0].u_history|frame_q[12][0]                                                    ;        ;
; u_pipe|g_hist_rep[0].u_history|frame_q[12][1]                                                    ;        ;
; u_pipe|g_hist_rep[0].u_history|frame_q[12][2]                                                    ;        ;
; u_pipe|g_fft[10].u_fft|g_reorder.u_reorder|warm_cnt_q[2]                                         ;        ;
; u_pipe|g_hist_rep[0].u_history|frame_q[12][3]                                                    ;        ;
; u_pipe|g_hist_rep[0].u_history|frame_q[12][4]                                                    ;        ;
; u_pipe|g_hist_rep[0].u_history|frame_q[12][5]                                                    ;        ;
; u_pipe|g_hist_rep[0].u_history|frame_q[12][6]                                                    ;        ;
; u_pipe|g_hist_rep[0].u_history|frame_q[12][7]                                                    ;        ;
; u_pipe|g_hist_rep[0].u_history|frame_q[12][8]                                                    ;        ;
; u_pipe|g_hist_rep[0].u_history|frame_q[12][9]                                                    ;        ;
; u_pipe|g_hist_rep[0].u_history|frame_q[12][10]                                                   ;        ;
; u_pipe|g_hist_rep[0].u_history|frame_q[12][11]                                                   ;        ;
; u_pipe|g_hist_rep[0].u_history|frame_q[12][12]                                                   ;        ;
; u_pipe|g_fft[10].u_fft|g_reorder.u_reorder|warm_cnt_q[3]                                         ;        ;
; u_pipe|g_hist_rep[0].u_history|frame_q[12][13]                                                   ;        ;
; u_pipe|g_hist_rep[0].u_history|frame_q[12][14]                                                   ;        ;
; u_pipe|g_hist_rep[0].u_history|frame_q[12][15]                                                   ;        ;
; u_pipe|g_hist_rep[0].u_history|frame_q[12][16]                                                   ;        ;
; u_pipe|g_hist_rep[0].u_history|frame_q[12][17]                                                   ;        ;
; u_pipe|g_hist_rep[0].u_history|frame_q[12][18]                                                   ;        ;
; u_pipe|g_hist_rep[0].u_history|frame_q[12][19]                                                   ;        ;
; u_pipe|g_hist_rep[0].u_history|frame_q[12][20]                                                   ;        ;
; u_pipe|g_hist_rep[0].u_history|frame_q[12][21]                                                   ;        ;
; u_pipe|g_hist_rep[0].u_history|frame_q[12][22]                                                   ;        ;
; u_pipe|g_fft[10].u_fft|g_reorder.u_reorder|warm_cnt_q[4]                                         ;        ;
; u_pipe|g_hist_rep[0].u_history|frame_q[12][23]                                                   ;        ;
; u_pipe|g_hist_rep[0].u_history|frame_q[12][24]                                                   ;        ;
; u_pipe|g_hist_rep[0].u_history|frame_q[12][25]                                                   ;        ;
; u_pipe|g_hist_rep[0].u_history|frame_q[12][26]                                                   ;        ;
; u_pipe|g_hist_rep[0].u_history|frame_q[12][27]                                                   ;        ;
; u_pipe|g_hist_rep[0].u_history|frame_q[12][28]                                                   ;        ;
; u_pipe|g_hist_rep[0].u_history|frame_q[12][29]                                                   ;        ;
; u_pipe|g_hist_rep[0].u_history|frame_q[12][30]                                                   ;        ;
; u_pipe|g_hist_rep[0].u_history|frame_q[12][31]                                                   ;        ;
; u_pipe|g_hist_rep[0].u_history|frame_q[13][0]                                                    ;        ;
; u_pipe|g_fft[10].u_fft|g_reorder.u_reorder|warm_cnt_q[5]                                         ;        ;
; u_pipe|g_hist_rep[0].u_history|frame_q[13][1]                                                    ;        ;
; u_pipe|g_hist_rep[0].u_history|frame_q[13][2]                                                    ;        ;
; u_pipe|g_hist_rep[0].u_history|frame_q[13][3]                                                    ;        ;
; u_pipe|g_hist_rep[0].u_history|frame_q[13][4]                                                    ;        ;
; u_pipe|g_hist_rep[0].u_history|frame_q[13][5]                                                    ;        ;
; u_pipe|g_hist_rep[0].u_history|frame_q[13][6]                                                    ;        ;
; u_pipe|g_hist_rep[0].u_history|frame_q[13][7]                                                    ;        ;
; u_pipe|g_hist_rep[0].u_history|frame_q[13][8]                                                    ;        ;
; u_pipe|g_hist_rep[0].u_history|frame_q[13][9]                                                    ;        ;
; u_pipe|g_hist_rep[0].u_history|frame_q[13][10]                                                   ;        ;
; u_pipe|g_fft[10].u_fft|g_reorder.u_reorder|warm_cnt_q[6]                                         ;        ;
; u_pipe|g_hist_rep[0].u_history|frame_q[13][11]                                                   ;        ;
; u_pipe|g_hist_rep[0].u_history|frame_q[13][12]                                                   ;        ;
; u_pipe|g_hist_rep[0].u_history|frame_q[13][13]                                                   ;        ;
; u_pipe|g_hist_rep[0].u_history|frame_q[13][14]                                                   ;        ;
; u_pipe|g_hist_rep[0].u_history|frame_q[13][15]                                                   ;        ;
; u_pipe|g_hist_rep[0].u_history|frame_q[13][16]                                                   ;        ;
; u_pipe|g_hist_rep[0].u_history|frame_q[13][17]                                                   ;        ;
; u_pipe|g_hist_rep[0].u_history|frame_q[13][18]                                                   ;        ;
; u_pipe|g_hist_rep[0].u_history|frame_q[13][19]                                                   ;        ;
; u_pipe|g_hist_rep[0].u_history|frame_q[13][20]                                                   ;        ;
; u_pipe|g_fft[10].u_fft|g_reorder.u_reorder|warm_cnt_q[7]                                         ;        ;
; u_pipe|g_hist_rep[0].u_history|frame_q[13][21]                                                   ;        ;
; u_pipe|g_hist_rep[0].u_history|frame_q[13][22]                                                   ;        ;
; u_pipe|g_hist_rep[0].u_history|frame_q[13][23]                                                   ;        ;
; u_pipe|g_hist_rep[0].u_history|frame_q[13][24]                                                   ;        ;
; u_pipe|g_hist_rep[0].u_history|frame_q[13][25]                                                   ;        ;
; u_pipe|g_hist_rep[0].u_history|frame_q[13][26]                                                   ;        ;
; u_pipe|g_hist_rep[0].u_history|frame_q[13][27]                                                   ;        ;
; u_pipe|g_hist_rep[0].u_history|frame_q[13][28]                                                   ;        ;
; u_pipe|g_hist_rep[0].u_history|frame_q[13][29]                                                   ;        ;
; u_pipe|g_hist_rep[0].u_history|frame_q[13][30]                                                   ;        ;
; u_pipe|g_fft[12].u_fft|u_core|g_lane[0].u_path|g_group[0].u_stage|u_bf2i|warm_cnt_q[3]           ;        ;
; u_pipe|g_fft[10].u_fft|g_reorder.u_reorder|warm_cnt_q[8]                                         ;        ;
; u_pipe|g_hist_rep[0].u_history|frame_q[13][31]                                                   ;        ;
; u_pipe|g_hist_rep[0].u_history|frame_q[10][0]                                                    ;        ;
; u_pipe|g_hist_rep[0].u_history|frame_q[10][1]                                                    ;        ;
; u_pipe|g_hist_rep[0].u_history|frame_q[10][2]                                                    ;        ;
; u_pipe|g_hist_rep[0].u_history|frame_q[10][3]                                                    ;        ;
; u_pipe|g_hist_rep[0].u_history|frame_q[10][4]                                                    ;        ;
; u_pipe|g_hist_rep[0].u_history|frame_q[10][5]                                                    ;        ;
; u_pipe|g_hist_rep[0].u_history|frame_q[10][6]                                                    ;        ;
; u_pipe|g_hist_rep[0].u_history|frame_q[10][7]                                                    ;        ;
; u_pipe|g_hist_rep[0].u_history|frame_q[10][8]                                                    ;        ;
; u_pipe|g_fft[10].u_fft|g_reorder.u_reorder|warm_cnt_q[9]                                         ;        ;
; u_pipe|g_hist_rep[0].u_history|frame_q[10][9]                                                    ;        ;
; u_pipe|g_hist_rep[0].u_history|frame_q[10][10]                                                   ;        ;
; u_pipe|g_hist_rep[0].u_history|frame_q[10][11]                                                   ;        ;
; u_pipe|g_hist_rep[0].u_history|frame_q[10][12]                                                   ;        ;
; u_pipe|g_hist_rep[0].u_history|frame_q[10][13]                                                   ;        ;
; u_pipe|g_hist_rep[0].u_history|frame_q[10][14]                                                   ;        ;
; u_pipe|g_hist_rep[0].u_history|frame_q[10][15]                                                   ;        ;
; u_pipe|g_hist_rep[0].u_history|frame_q[10][16]                                                   ;        ;
; u_pipe|g_hist_rep[0].u_history|frame_q[10][17]                                                   ;        ;
; u_pipe|g_hist_rep[0].u_history|frame_q[10][18]                                                   ;        ;
; u_pipe|g_fft[10].u_fft|u_core|g_lane[0].u_path|g_group[2].u_stage|u_bf2ii|warm_cnt_q[3]          ;        ;
; u_pipe|g_hist_rep[0].u_history|frame_q[10][19]                                                   ;        ;
; u_pipe|g_hist_rep[0].u_history|frame_q[10][20]                                                   ;        ;
; u_pipe|g_hist_rep[0].u_history|frame_q[10][21]                                                   ;        ;
; u_pipe|g_hist_rep[0].u_history|frame_q[10][22]                                                   ;        ;
; u_pipe|g_hist_rep[0].u_history|frame_q[10][23]                                                   ;        ;
; u_pipe|g_hist_rep[0].u_history|frame_q[10][24]                                                   ;        ;
; u_pipe|g_hist_rep[0].u_history|frame_q[10][25]                                                   ;        ;
; u_pipe|g_hist_rep[0].u_history|frame_q[10][26]                                                   ;        ;
; u_pipe|g_hist_rep[0].u_history|frame_q[10][27]                                                   ;        ;
; u_pipe|g_hist_rep[0].u_history|frame_q[10][28]                                                   ;        ;
; u_pipe|g_fft[10].u_fft|u_core|g_lane[0].u_path|g_group[2].u_stage|u_bf2ii|warm_cnt_q[2]          ;        ;
; u_pipe|g_hist_rep[0].u_history|frame_q[10][29]                                                   ;        ;
; u_pipe|g_hist_rep[0].u_history|frame_q[10][30]                                                   ;        ;
; u_pipe|g_hist_rep[0].u_history|frame_q[10][31]                                                   ;        ;
; u_pipe|g_hist_rep[0].u_history|frame_q[11][0]                                                    ;        ;
; u_pipe|g_hist_rep[0].u_history|frame_q[11][1]                                                    ;        ;
; u_pipe|g_hist_rep[0].u_history|frame_q[11][2]                                                    ;        ;
; u_pipe|g_hist_rep[0].u_history|frame_q[11][3]                                                    ;        ;
; u_pipe|g_hist_rep[0].u_history|frame_q[11][4]                                                    ;        ;
; u_pipe|g_hist_rep[0].u_history|frame_q[11][5]                                                    ;        ;
; u_pipe|g_hist_rep[0].u_history|frame_q[11][6]                                                    ;        ;
; u_pipe|g_fft[10].u_fft|u_core|g_lane[0].u_path|g_group[2].u_stage|u_bf2i|warm_cnt_q[2]           ;        ;
; u_pipe|g_hist_rep[0].u_history|frame_q[11][7]                                                    ;        ;
; u_pipe|g_hist_rep[0].u_history|frame_q[11][8]                                                    ;        ;
; u_pipe|g_hist_rep[0].u_history|frame_q[11][9]                                                    ;        ;
; u_pipe|g_hist_rep[0].u_history|frame_q[11][10]                                                   ;        ;
; u_pipe|g_hist_rep[0].u_history|frame_q[11][11]                                                   ;        ;
; u_pipe|g_hist_rep[0].u_history|frame_q[11][12]                                                   ;        ;
; u_pipe|g_hist_rep[0].u_history|frame_q[11][13]                                                   ;        ;
; u_pipe|g_hist_rep[0].u_history|frame_q[11][14]                                                   ;        ;
; u_pipe|g_hist_rep[0].u_history|frame_q[11][15]                                                   ;        ;
; u_pipe|g_hist_rep[0].u_history|frame_q[11][16]                                                   ;        ;
; u_pipe|g_fft[10].u_fft|u_core|g_lane[0].u_path|g_group[2].u_stage|u_bf2i|warm_cnt_q[1]           ;        ;
; u_pipe|g_hist_rep[0].u_history|frame_q[11][17]                                                   ;        ;
; u_pipe|g_hist_rep[0].u_history|frame_q[11][18]                                                   ;        ;
; u_pipe|g_hist_rep[0].u_history|frame_q[11][19]                                                   ;        ;
; u_pipe|g_hist_rep[0].u_history|frame_q[11][20]                                                   ;        ;
; u_pipe|g_hist_rep[0].u_history|frame_q[11][21]                                                   ;        ;
; u_pipe|g_hist_rep[0].u_history|frame_q[11][22]                                                   ;        ;
; u_pipe|g_hist_rep[0].u_history|frame_q[11][23]                                                   ;        ;
; u_pipe|g_hist_rep[0].u_history|frame_q[11][24]                                                   ;        ;
; u_pipe|g_hist_rep[0].u_history|frame_q[11][25]                                                   ;        ;
; u_pipe|g_hist_rep[0].u_history|frame_q[11][26]                                                   ;        ;
; u_pipe|g_fft[10].u_fft|u_core|g_lane[0].u_path|g_group[1].u_stage|u_bf2ii|warm_cnt_q[5]          ;        ;
; u_pipe|g_hist_rep[0].u_history|frame_q[11][27]                                                   ;        ;
; u_pipe|g_hist_rep[0].u_history|frame_q[11][28]                                                   ;        ;
; u_pipe|g_hist_rep[0].u_history|frame_q[11][29]                                                   ;        ;
; u_pipe|g_hist_rep[0].u_history|frame_q[11][30]                                                   ;        ;
; u_pipe|g_hist_rep[0].u_history|frame_q[11][31]                                                   ;        ;
; u_pipe|g_hist_rep[0].u_history|frames_done_q[6]                                                  ;        ;
; u_pipe|g_hist_rep[0].u_history|frames_done_q[4]                                                  ;        ;
; u_pipe|g_hist_rep[0].u_history|frames_done_q[5]                                                  ;        ;
; u_pipe|g_hist_rep[0].u_history|frames_done_q[0]                                                  ;        ;
; u_pipe|g_hist_rep[0].u_history|frames_done_q[1]                                                  ;        ;
; u_pipe|g_fft[10].u_fft|u_core|g_lane[0].u_path|g_group[1].u_stage|u_bf2ii|warm_cnt_q[4]          ;        ;
; u_pipe|g_hist_rep[0].u_history|frames_done_q[2]                                                  ;        ;
; u_pipe|g_hist_rep[0].u_history|frames_done_q[3]                                                  ;        ;
; u_pipe|g_hist_rep[0].u_history|frames_done_q[31]                                                 ;        ;
; u_pipe|g_hist_rep[0].u_history|frames_done_q[30]                                                 ;        ;
; u_pipe|g_hist_rep[0].u_history|frames_done_q[29]                                                 ;        ;
; u_pipe|g_hist_rep[0].u_history|frames_done_q[28]                                                 ;        ;
; u_pipe|g_hist_rep[0].u_history|frames_done_q[27]                                                 ;        ;
; u_pipe|g_hist_rep[0].u_history|frames_done_q[24]                                                 ;        ;
; u_pipe|g_hist_rep[0].u_history|frames_done_q[25]                                                 ;        ;
; u_pipe|g_hist_rep[0].u_history|frames_done_q[26]                                                 ;        ;
; u_pipe|g_fft[10].u_fft|u_core|g_lane[0].u_path|g_group[1].u_stage|u_bf2ii|warm_cnt_q[3]          ;        ;
; u_pipe|g_hist_rep[0].u_history|frames_done_q[23]                                                 ;        ;
; u_pipe|g_hist_rep[0].u_history|frames_done_q[20]                                                 ;        ;
; u_pipe|g_hist_rep[0].u_history|frames_done_q[21]                                                 ;        ;
; u_pipe|g_hist_rep[0].u_history|frames_done_q[22]                                                 ;        ;
; u_pipe|g_hist_rep[0].u_history|frames_done_q[19]                                                 ;        ;
; u_pipe|g_hist_rep[0].u_history|frames_done_q[18]                                                 ;        ;
; u_pipe|g_hist_rep[0].u_history|frames_done_q[17]                                                 ;        ;
; u_pipe|g_hist_rep[0].u_history|frames_done_q[9]                                                  ;        ;
; u_pipe|g_hist_rep[0].u_history|frames_done_q[10]                                                 ;        ;
; u_pipe|g_hist_rep[0].u_history|frames_done_q[11]                                                 ;        ;
; u_pipe|g_fft[10].u_fft|u_core|g_lane[0].u_path|g_group[1].u_stage|u_bf2ii|warm_cnt_q[2]          ;        ;
; u_pipe|g_hist_rep[0].u_history|frames_done_q[12]                                                 ;        ;
; u_pipe|g_hist_rep[0].u_history|frames_done_q[13]                                                 ;        ;
; u_pipe|g_hist_rep[0].u_history|frames_done_q[14]                                                 ;        ;
; u_pipe|g_hist_rep[0].u_history|frames_done_q[15]                                                 ;        ;
; u_pipe|g_hist_rep[0].u_history|frames_done_q[16]                                                 ;        ;
; u_pipe|g_hist_rep[0].u_history|frames_done_q[7]                                                  ;        ;
; u_pipe|g_hist_rep[0].u_history|frames_done_q[8]                                                  ;        ;
; u_pipe|g_hist_rep[0].u_history|done_slot_q[7]                                                    ;        ;
; u_pipe|g_hist_rep[0].u_history|done_slot_q[6]                                                    ;        ;
; u_pipe|g_hist_rep[0].u_history|done_slot_q[5]                                                    ;        ;
; u_pipe|g_fft[12].u_fft|u_core|g_lane[0].u_path|g_group[0].u_stage|u_bf2i|warm_cnt_q[4]           ;        ;
; u_pipe|g_fft[10].u_fft|u_core|g_lane[0].u_path|g_group[1].u_stage|u_bf2ii|warm_cnt_q[1]          ;        ;
; u_pipe|g_hist_rep[0].u_history|done_slot_q[0]                                                    ;        ;
; u_pipe|g_hist_rep[0].u_history|done_slot_q[1]                                                    ;        ;
; u_pipe|g_hist_rep[0].u_history|done_slot_q[4]                                                    ;        ;
; u_pipe|g_hist_rep[0].u_history|done_slot_q[2]                                                    ;        ;
; u_pipe|g_hist_rep[0].u_history|done_slot_q[3]                                                    ;        ;
; u_pipe|g_hist_rep[0].u_history|pub_sent_q[51]                                                    ;        ;
; u_pipe|g_hist_rep[0].u_history|pub_sent_q[50]                                                    ;        ;
; u_pipe|g_hist_rep[0].u_history|pub_sent_q[57]                                                    ;        ;
; u_pipe|g_hist_rep[0].u_history|pub_sent_q[56]                                                    ;        ;
; u_pipe|g_hist_rep[0].u_history|pub_sent_q[31]                                                    ;        ;
; u_pipe|g_fft[10].u_fft|u_core|g_lane[0].u_path|g_group[1].u_stage|u_bf2i|warm_cnt_q[2]           ;        ;
; u_pipe|g_hist_rep[0].u_history|pub_sent_q[30]                                                    ;        ;
; u_pipe|g_hist_rep[0].u_history|pub_sent_q[33]                                                    ;        ;
; u_pipe|g_hist_rep[0].u_history|pub_sent_q[32]                                                    ;        ;
; u_pipe|g_hist_rep[0].u_history|pub_sent_q[25]                                                    ;        ;
; u_pipe|g_hist_rep[0].u_history|pub_sent_q[24]                                                    ;        ;
; u_pipe|g_hist_rep[0].u_history|pub_sent_q[23]                                                    ;        ;
; u_pipe|g_hist_rep[0].u_history|pub_sent_q[22]                                                    ;        ;
; u_pipe|g_hist_rep[0].u_history|pub_sent_q[19]                                                    ;        ;
; u_pipe|g_hist_rep[0].u_history|pub_sent_q[18]                                                    ;        ;
; u_pipe|g_hist_rep[0].u_history|pub_sent_q[21]                                                    ;        ;
; u_pipe|g_fft[10].u_fft|u_core|g_lane[0].u_path|g_group[1].u_stage|u_bf2i|warm_cnt_q[1]           ;        ;
; u_pipe|g_hist_rep[0].u_history|pub_sent_q[20]                                                    ;        ;
; u_pipe|g_hist_rep[0].u_history|pub_sent_q[29]                                                    ;        ;
; u_pipe|g_hist_rep[0].u_history|pub_sent_q[28]                                                    ;        ;
; u_pipe|g_hist_rep[0].u_history|pub_sent_q[27]                                                    ;        ;
; u_pipe|g_hist_rep[0].u_history|pub_sent_q[26]                                                    ;        ;
; u_pipe|g_hist_rep[0].u_history|pub_sent_q[13]                                                    ;        ;
; u_pipe|g_hist_rep[0].u_history|pub_sent_q[12]                                                    ;        ;
; u_pipe|g_hist_rep[0].u_history|pub_sent_q[11]                                                    ;        ;
; u_pipe|g_hist_rep[0].u_history|pub_sent_q[10]                                                    ;        ;
; u_pipe|g_hist_rep[0].u_history|pub_sent_q[7]                                                     ;        ;
; u_pipe|g_fft[10].u_fft|u_core|g_lane[0].u_path|g_group[0].u_stage|u_bf2ii|warm_cnt_q[5]          ;        ;
; u_pipe|g_hist_rep[0].u_history|pub_sent_q[6]                                                     ;        ;
; u_pipe|g_hist_rep[0].u_history|pub_sent_q[9]                                                     ;        ;
; u_pipe|g_hist_rep[0].u_history|pub_sent_q[8]                                                     ;        ;
; u_pipe|g_hist_rep[0].u_history|pub_sent_q[3]                                                     ;        ;
; u_pipe|g_hist_rep[0].u_history|pub_sent_q[2]                                                     ;        ;
; u_pipe|g_hist_rep[0].u_history|pub_sent_q[5]                                                     ;        ;
; u_pipe|g_hist_rep[0].u_history|pub_sent_q[4]                                                     ;        ;
; u_pipe|g_hist_rep[0].u_history|pub_sent_q[17]                                                    ;        ;
; u_pipe|g_hist_rep[0].u_history|pub_sent_q[16]                                                    ;        ;
; u_pipe|g_hist_rep[0].u_history|pub_sent_q[15]                                                    ;        ;
; u_pipe|g_fft[10].u_fft|u_core|g_lane[0].u_path|g_group[0].u_stage|u_bf2ii|warm_cnt_q[6]          ;        ;
; u_pipe|g_hist_rep[0].u_history|pub_sent_q[14]                                                    ;        ;
; u_pipe|g_hist_rep[0].u_history|pub_sent_q[43]                                                    ;        ;
; u_pipe|g_hist_rep[0].u_history|pub_sent_q[42]                                                    ;        ;
; u_pipe|g_hist_rep[0].u_history|pub_sent_q[45]                                                    ;        ;
; u_pipe|g_hist_rep[0].u_history|pub_sent_q[44]                                                    ;        ;
; u_pipe|g_hist_rep[0].u_history|pub_sent_q[47]                                                    ;        ;
; u_pipe|g_hist_rep[0].u_history|pub_sent_q[46]                                                    ;        ;
; u_pipe|g_hist_rep[0].u_history|pub_sent_q[1]                                                     ;        ;
; u_pipe|g_hist_rep[0].u_history|pub_sent_q[0]                                                     ;        ;
; u_pipe|g_hist_rep[0].u_history|pub_sent_q[48]                                                    ;        ;
; u_pipe|g_fft[10].u_fft|u_core|g_lane[0].u_path|g_group[0].u_stage|u_bf2ii|warm_cnt_q[7]          ;        ;
; u_pipe|g_hist_rep[0].u_history|pub_sent_q[39]                                                    ;        ;
; u_pipe|g_hist_rep[0].u_history|pub_sent_q[38]                                                    ;        ;
; u_pipe|g_hist_rep[0].u_history|pub_sent_q[41]                                                    ;        ;
; u_pipe|g_hist_rep[0].u_history|pub_sent_q[40]                                                    ;        ;
; u_pipe|g_hist_rep[0].u_history|pub_sent_q[37]                                                    ;        ;
; u_pipe|g_hist_rep[0].u_history|pub_sent_q[36]                                                    ;        ;
; u_pipe|g_hist_rep[0].u_history|pub_sent_q[35]                                                    ;        ;
; u_pipe|g_hist_rep[0].u_history|pub_sent_q[34]                                                    ;        ;
; u_pipe|g_hist_rep[0].u_history|pub_sent_q[49]                                                    ;        ;
; u_pipe|g_hist_rep[0].u_history|pub_sent_q[55]                                                    ;        ;
; u_pipe|g_fft[10].u_fft|u_core|g_lane[0].u_path|g_group[0].u_stage|u_bf2ii|warm_cnt_q[0]          ;        ;
; u_pipe|g_hist_rep[0].u_history|pub_sent_q[54]                                                    ;        ;
; u_pipe|g_hist_rep[0].u_history|pub_sent_q[53]                                                    ;        ;
; u_pipe|g_hist_rep[0].u_history|pub_sent_q[52]                                                    ;        ;
; u_pipe|g_hist_rep[0].u_history|u_pub|src_state_q.SRC_RELEASE                                     ;        ;
; u_pipe|g_hist_rep[0].u_history|u_pub|src_state_q.SRC_REQ                                         ;        ;
; u_pipe|g_hist_rep[0].u_history|u_pub|req_q                                                       ;        ;
; u_pipe|g_hist_rep[0].u_history|u_pub|u_sync_req|sync_q[0][0]                                     ;        ;
; u_pipe|g_hist_rep[0].u_history|u_pub|u_sync_req|sync_q[1][0]                                     ;        ;
; u_pipe|g_hist_rep[0].u_history|u_pub|ack_q                                                       ;        ;
; u_pipe|g_hist_rep[0].u_history|u_pub|u_sync_ack|sync_q[0][0]                                     ;        ;
; u_pipe|g_fft[10].u_fft|u_core|g_lane[0].u_path|g_group[0].u_stage|u_bf2ii|warm_cnt_q[1]          ;        ;
; u_pipe|g_hist_rep[0].u_history|u_pub|u_sync_ack|sync_q[1][0]                                     ;        ;
; u_pipe|g_hist_rep[0].u_history|u_pub|src_state_q.SRC_IDLE                                        ;        ;
; u_pipe|g_hist_rep[0].u_history|pub_dirty_q                                                       ;        ;
; u_pipe|u_bf|u_weights|u_store|u_wr_cdc|src_state_q.SRC_RELEASE                                   ;        ;
; u_pipe|u_bf|u_weights|u_store|u_wr_cdc|src_state_q.SRC_REQ                                       ;        ;
; u_pipe|u_bf|u_weights|u_store|u_wr_cdc|req_q                                                     ;        ;
; u_pipe|u_bf|u_weights|u_store|u_wr_cdc|u_sync_req|sync_q[0][0]                                   ;        ;
; u_pipe|u_bf|u_weights|u_store|u_wr_cdc|u_sync_req|sync_q[1][0]                                   ;        ;
; u_pipe|u_bf|u_weights|u_store|u_wr_cdc|ack_q                                                     ;        ;
; u_pipe|u_bf|u_weights|u_store|u_wr_cdc|u_sync_ack|sync_q[0][0]                                   ;        ;
; u_pipe|g_fft[10].u_fft|u_core|g_lane[0].u_path|g_group[0].u_stage|u_bf2ii|warm_cnt_q[2]          ;        ;
; u_pipe|u_bf|u_weights|u_store|u_wr_cdc|u_sync_ack|sync_q[1][0]                                   ;        ;
; u_pipe|u_bf|u_weights|u_store|u_wr_cdc|src_state_q.SRC_IDLE                                      ;        ;
; u_pipe|g_pfb[2].u_pfb|u_coeff|u_swap_cdc|toggle_q                                                ;        ;
; u_pipe|g_pfb[2].u_pfb|u_coeff|u_swap_cdc|u_sync_fwd|sync_q[0][0]                                 ;        ;
; u_pipe|g_pfb[2].u_pfb|u_coeff|u_swap_cdc|u_sync_fwd|sync_q[1][0]                                 ;        ;
; u_pipe|g_pfb[2].u_pfb|u_coeff|u_swap_cdc|toggle_dst_q                                            ;        ;
; u_pipe|g_pfb[2].u_pfb|u_coeff|u_swap_cdc|u_sync_echo|sync_q[0][0]                                ;        ;
; u_pipe|g_pfb[2].u_pfb|u_coeff|u_swap_cdc|u_sync_echo|sync_q[1][0]                                ;        ;
; u_pipe|g_pfb[1].u_pfb|u_coeff|u_swap_cdc|toggle_q                                                ;        ;
; u_pipe|g_pfb[1].u_pfb|u_coeff|u_swap_cdc|u_sync_fwd|sync_q[0][0]                                 ;        ;
; u_pipe|g_fft[10].u_fft|u_core|g_lane[0].u_path|g_group[0].u_stage|u_bf2i|warm_cnt_q[8]           ;        ;
; u_pipe|g_pfb[1].u_pfb|u_coeff|u_swap_cdc|u_sync_fwd|sync_q[1][0]                                 ;        ;
; u_pipe|g_pfb[1].u_pfb|u_coeff|u_swap_cdc|toggle_dst_q                                            ;        ;
; u_pipe|g_pfb[1].u_pfb|u_coeff|u_swap_cdc|u_sync_echo|sync_q[0][0]                                ;        ;
; u_pipe|g_pfb[1].u_pfb|u_coeff|u_swap_cdc|u_sync_echo|sync_q[1][0]                                ;        ;
; u_pipe|g_pfb[15].u_pfb|u_coeff|u_swap_cdc|u_sync_fwd|sync_q[0][0]                                ;        ;
; u_pipe|g_pfb[15].u_pfb|u_coeff|u_swap_cdc|u_sync_fwd|sync_q[1][0]                                ;        ;
; u_pipe|g_pfb[15].u_pfb|u_coeff|u_swap_cdc|toggle_dst_q                                           ;        ;
; u_pipe|g_pfb[15].u_pfb|u_coeff|u_swap_cdc|u_sync_echo|sync_q[0][0]                               ;        ;
; u_pipe|g_pfb[15].u_pfb|u_coeff|u_swap_cdc|u_sync_echo|sync_q[1][0]                               ;        ;
; u_pipe|g_pfb[15].u_pfb|u_coeff|u_swap_cdc|toggle_q                                               ;        ;
; u_pipe|g_fft[12].u_fft|u_out_fifo|count_q[5]                                                     ;        ;
; u_pipe|g_fft[12].u_fft|u_core|g_lane[0].u_path|g_group[0].u_stage|u_bf2i|warm_cnt_q[5]           ;        ;
; u_pipe|g_fft[10].u_fft|u_core|g_lane[0].u_path|g_group[0].u_stage|u_bf2i|warm_cnt_q[7]           ;        ;
; u_pipe|g_pfb[14].u_pfb|u_coeff|u_swap_cdc|toggle_q                                               ;        ;
; u_pipe|g_fft[10].u_fft|u_core|g_lane[0].u_path|g_group[0].u_stage|u_bf2i|warm_cnt_q[6]           ;        ;
; u_pipe|g_fft[10].u_fft|u_core|g_lane[0].u_path|g_group[0].u_stage|u_bf2i|warm_cnt_q[0]           ;        ;
; u_pipe|g_fft[10].u_fft|u_core|g_lane[0].u_path|g_group[0].u_stage|u_bf2i|warm_cnt_q[1]           ;        ;
; u_pipe|g_fft[10].u_fft|u_core|g_lane[0].u_path|g_group[0].u_stage|u_bf2i|warm_cnt_q[2]           ;        ;
; u_pipe|g_fft[10].u_fft|u_core|g_lane[0].u_path|g_group[0].u_stage|u_bf2i|warm_cnt_q[3]           ;        ;
; u_pipe|g_fft[10].u_fft|u_core|g_lane[0].u_path|g_group[0].u_stage|u_bf2i|warm_cnt_q[4]           ;        ;
; u_pipe|g_fft[10].u_fft|u_core|g_lane[0].u_path|g_group[0].u_stage|u_bf2i|warm_cnt_q[5]           ;        ;
; u_pipe|g_fft[10].u_fft|u_core|g_lane[0].u_path|g_group[0].u_stage|u_bf2ii|warm_cnt_q[3]          ;        ;
; u_pipe|g_fft[10].u_fft|u_core|g_lane[0].u_path|g_group[0].u_stage|u_bf2ii|warm_cnt_q[4]          ;        ;
; u_pipe|g_fft[12].u_fft|u_core|g_lane[0].u_path|g_group[0].u_stage|u_bf2ii|warm_cnt_q[3]          ;        ;
; u_pipe|g_fft[10].u_fft|u_core|g_lane[0].u_path|g_group[0].u_stage|g_twiddle.g_align[0].w_q       ;        ;
; u_pipe|g_fft[10].u_fft|u_core|g_lane[0].u_path|g_group[0].u_stage|g_twiddle.g_align[1].w_q       ;        ;
; u_pipe|g_fft[10].u_fft|u_core|g_lane[0].u_path|g_group[0].u_stage|g_twiddle.g_tag[0].w_q         ;        ;
; u_pipe|g_fft[10].u_fft|u_core|g_lane[0].u_path|g_group[0].u_stage|g_twiddle.g_tag[1].w_q         ;        ;
; u_pipe|g_fft[10].u_fft|u_core|g_lane[0].u_path|g_group[0].u_stage|g_twiddle.g_tag[2].w_q         ;        ;
; u_pipe|g_fft[10].u_fft|u_core|g_lane[0].u_path|g_group[0].u_stage|g_twiddle.g_tag[3].w_q         ;        ;
; u_pipe|g_fft[10].u_fft|u_core|g_lane[0].u_path|g_group[1].u_stage|u_bf2i|warm_cnt_q[0]           ;        ;
; u_pipe|g_fft[10].u_fft|u_core|g_lane[0].u_path|g_group[1].u_stage|u_bf2i|warm_cnt_q[3]           ;        ;
; u_pipe|g_fft[10].u_fft|u_core|g_lane[0].u_path|g_group[1].u_stage|u_bf2i|warm_cnt_q[4]           ;        ;
; u_pipe|g_fft[10].u_fft|u_core|g_lane[0].u_path|g_group[1].u_stage|u_bf2i|warm_cnt_q[5]           ;        ;
; u_pipe|g_fft[12].u_fft|u_core|g_lane[0].u_path|g_group[0].u_stage|u_bf2ii|warm_cnt_q[4]          ;        ;
; u_pipe|g_fft[10].u_fft|u_core|g_lane[0].u_path|g_group[1].u_stage|u_bf2i|warm_cnt_q[6]           ;        ;
; u_pipe|g_fft[10].u_fft|u_core|g_lane[0].u_path|g_group[1].u_stage|u_bf2ii|warm_cnt_q[0]          ;        ;
; u_pipe|g_fft[10].u_fft|u_core|g_lane[0].u_path|g_group[1].u_stage|g_twiddle.g_align[0].w_q       ;        ;
; u_pipe|g_fft[10].u_fft|u_core|g_lane[0].u_path|g_group[1].u_stage|g_twiddle.g_align[1].w_q       ;        ;
; u_pipe|g_fft[10].u_fft|u_core|g_lane[0].u_path|g_group[1].u_stage|g_twiddle.g_tag[0].w_q         ;        ;
; u_pipe|g_fft[10].u_fft|u_core|g_lane[0].u_path|g_group[1].u_stage|g_twiddle.g_tag[1].w_q         ;        ;
; u_pipe|g_fft[10].u_fft|u_core|g_lane[0].u_path|g_group[1].u_stage|g_twiddle.g_tag[2].w_q         ;        ;
; u_pipe|g_fft[10].u_fft|u_core|g_lane[0].u_path|g_group[1].u_stage|g_twiddle.g_tag[3].w_q         ;        ;
; u_pipe|g_fft[10].u_fft|u_core|g_lane[0].u_path|g_group[2].u_stage|u_bf2i|warm_cnt_q[0]           ;        ;
; u_pipe|g_fft[10].u_fft|u_core|g_lane[0].u_path|g_group[2].u_stage|u_bf2i|warm_cnt_q[3]           ;        ;
; u_pipe|g_fft[12].u_fft|u_core|g_lane[0].u_path|g_group[0].u_stage|g_twiddle.g_align[0].w_q       ;        ;
; u_pipe|g_fft[10].u_fft|u_core|g_lane[0].u_path|g_group[2].u_stage|u_bf2i|warm_cnt_q[4]           ;        ;
; u_pipe|g_fft[10].u_fft|u_core|g_lane[0].u_path|g_group[2].u_stage|u_bf2ii|warm_cnt_q[0]          ;        ;
; u_pipe|g_fft[10].u_fft|u_core|g_lane[0].u_path|g_group[2].u_stage|u_bf2ii|warm_cnt_q[1]          ;        ;
; u_pipe|g_fft[10].u_fft|u_core|g_lane[0].u_path|g_group[2].u_stage|g_twiddle.g_align[0].w_q       ;        ;
; u_pipe|g_fft[10].u_fft|u_core|g_lane[0].u_path|g_group[2].u_stage|g_twiddle.g_align[1].w_q       ;        ;
; u_pipe|g_fft[10].u_fft|u_core|g_lane[0].u_path|g_group[2].u_stage|g_twiddle.g_tag[0].w_q         ;        ;
; u_pipe|g_fft[10].u_fft|u_core|g_lane[0].u_path|g_group[2].u_stage|g_twiddle.g_tag[1].w_q         ;        ;
; u_pipe|g_fft[10].u_fft|u_core|g_lane[0].u_path|g_group[2].u_stage|g_twiddle.g_tag[2].w_q         ;        ;
; u_pipe|g_fft[10].u_fft|u_core|g_lane[0].u_path|g_group[2].u_stage|g_twiddle.g_tag[3].w_q         ;        ;
; u_pipe|g_fft[10].u_fft|u_core|g_lane[0].u_path|g_group[3].u_stage|u_bf2i|warm_cnt_q[0]           ;        ;
; u_pipe|g_fft[12].u_fft|u_core|g_lane[0].u_path|g_group[0].u_stage|g_twiddle.g_align[1].w_q       ;        ;
; u_pipe|g_fft[10].u_fft|u_core|g_lane[0].u_path|g_group[3].u_stage|u_bf2i|warm_cnt_q[2]           ;        ;
; u_pipe|g_fft[10].u_fft|u_core|g_lane[0].u_path|g_group[3].u_stage|u_bf2i|warm_cnt_q[1]           ;        ;
; u_pipe|g_fft[10].u_fft|u_core|g_lane[0].u_path|g_group[3].u_stage|u_bf2ii|warm_cnt_q[1]          ;        ;
; u_pipe|g_fft[10].u_fft|u_core|g_lane[0].u_path|g_group[3].u_stage|u_bf2ii|warm_cnt_q[0]          ;        ;
; u_pipe|g_fft[10].u_fft|u_core|g_lane[0].u_path|g_group[3].u_stage|g_twiddle.g_align[0].w_q       ;        ;
; u_pipe|g_fft[10].u_fft|u_core|g_lane[0].u_path|g_group[3].u_stage|g_twiddle.g_align[1].w_q       ;        ;
; u_pipe|g_fft[10].u_fft|u_core|g_lane[0].u_path|g_group[3].u_stage|g_twiddle.g_tag[0].w_q         ;        ;
; u_pipe|g_fft[10].u_fft|u_core|g_lane[0].u_path|g_group[3].u_stage|g_twiddle.g_tag[1].w_q         ;        ;
; u_pipe|g_fft[10].u_fft|u_core|g_lane[0].u_path|g_group[3].u_stage|g_twiddle.g_tag[2].w_q         ;        ;
; u_pipe|g_fft[10].u_fft|u_core|g_lane[0].u_path|g_group[3].u_stage|g_twiddle.g_tag[3].w_q         ;        ;
; u_pipe|g_fft[12].u_fft|u_core|g_lane[0].u_path|g_group[0].u_stage|g_twiddle.g_tag[0].w_q         ;        ;
; u_pipe|g_fft[10].u_fft|u_core|g_lane[0].u_path|g_tail.u_tail|warm_cnt_q[1]                       ;        ;
; u_pipe|g_fft[10].u_fft|u_core|g_lane[0].u_path|g_tail.u_tail|warm_cnt_q[0]                       ;        ;
; u_pipe|g_fft[10].u_fft|u_core|g_merge.u_merge|g_align[0].w_q                                     ;        ;
; u_pipe|g_fft[10].u_fft|u_core|g_merge.u_merge|g_align[1].w_q                                     ;        ;
; u_pipe|g_fft[10].u_fft|u_core|g_merge.u_merge|g_tag[0].w_q                                       ;        ;
; u_pipe|g_fft[10].u_fft|u_core|g_merge.u_merge|g_tag[1].w_q                                       ;        ;
; u_pipe|g_fft[10].u_fft|u_core|g_merge.u_merge|g_tag[2].w_q                                       ;        ;
; u_pipe|g_fft[10].u_fft|u_core|g_merge.u_merge|g_tag[3].w_q                                       ;        ;
; u_pipe|g_fft[10].u_fft|u_core|g_merge.u_merge|warm_q                                             ;        ;
; u_pipe|g_fft[10].u_fft|g_reorder.u_reorder|warm_cnt_q[0]                                         ;        ;
; u_pipe|g_fft[12].u_fft|u_core|g_lane[0].u_path|g_group[0].u_stage|g_twiddle.g_tag[1].w_q         ;        ;
; u_pipe|g_fft[10].u_fft|credit_q[8]                                                               ;        ;
; u_pipe|g_fft[10].u_fft|credit_q[9]                                                               ;        ;
; u_pipe|g_fft[10].u_fft|credit_q[10]                                                              ;        ;
; u_pipe|g_fft[10].u_fft|credit_q[0]                                                               ;        ;
; u_pipe|g_fft[10].u_fft|credit_q[1]                                                               ;        ;
; u_pipe|g_fft[10].u_fft|credit_q[2]                                                               ;        ;
; u_pipe|g_fft[10].u_fft|credit_q[3]                                                               ;        ;
; u_pipe|g_fft[10].u_fft|credit_q[4]                                                               ;        ;
; u_pipe|g_fft[10].u_fft|credit_q[5]                                                               ;        ;
; u_pipe|g_fft[10].u_fft|credit_q[6]                                                               ;        ;
; u_pipe|g_fft[12].u_fft|u_core|g_lane[0].u_path|g_group[0].u_stage|g_twiddle.g_tag[2].w_q         ;        ;
; u_pipe|g_fft[10].u_fft|credit_q[7]                                                               ;        ;
; u_pipe|g_fft[10].u_fft|u_eb_in|count_q[1]                                                        ;        ;
; u_pipe|g_pfb[10].u_pfb|u_out|rdy_q                                                               ;        ;
; u_pipe|g_pfb[10].u_pfb|credits_q[3]                                                              ;        ;
; u_pipe|g_pfb[10].u_pfb|credits_q[1]                                                              ;        ;
; u_pipe|g_pfb[10].u_pfb|credits_q[2]                                                              ;        ;
; u_pipe|g_pfb[10].u_pfb|credits_q[0]                                                              ;        ;
; u_pipe|g_pfb[10].u_pfb|rdy_q                                                                     ;        ;
; u_pipe|g_pfb[10].u_pfb|g_lane[0].u_lane|g_mult[0].u_mult|g_valid[0].v_q                          ;        ;
; u_pipe|g_pfb[10].u_pfb|g_lane[0].u_lane|g_mult[0].u_mult|g_valid[1].v_q                          ;        ;
; u_pipe|g_fft[12].u_fft|u_core|g_lane[0].u_path|g_group[0].u_stage|g_twiddle.g_tag[3].w_q         ;        ;
; u_pipe|g_pfb[10].u_pfb|g_lane[0].u_lane|g_mult[0].u_mult|g_valid[2].v_q                          ;        ;
; u_pipe|g_pfb[10].u_pfb|g_lane[0].u_lane|g_mult[0].u_mult|g_valid[3].v_q                          ;        ;
; u_pipe|g_pfb[10].u_pfb|g_lane[0].u_lane|g_valid[0].v_q                                           ;        ;
; u_pipe|g_pfb[10].u_pfb|g_lane[0].u_lane|g_valid[1].v_q                                           ;        ;
; u_pipe|g_pfb[10].u_pfb|g_lane[0].u_lane|g_valid[2].v_q                                           ;        ;
; u_pipe|g_pfb[10].u_pfb|g_lane[0].u_lane|g_valid[3].v_q                                           ;        ;
; u_pipe|g_pfb[10].u_pfb|g_lane[0].u_lane|g_valid[4].v_q                                           ;        ;
; u_pipe|g_pfb[10].u_pfb|u_out|count_q[0]                                                          ;        ;
; u_pipe|g_pfb[10].u_pfb|u_out|count_q[1]                                                          ;        ;
; u_pipe|g_pfb[10].u_pfb|u_out|count_q[2]                                                          ;        ;
; u_pipe|g_fft[12].u_fft|u_core|g_lane[0].u_path|g_group[1].u_stage|u_bf2i|warm_cnt_q[0]           ;        ;
; u_pipe|g_pfb[10].u_pfb|u_out|count_q[3]                                                          ;        ;
; u_pipe|g_fft[10].u_fft|u_eb_in|rdy_q                                                             ;        ;
; u_pipe|g_fft[10].u_fft|u_eb_in|count_q[0]                                                        ;        ;
; u_pipe|g_fft[10].u_fft|u_eb_in|count_q[2]                                                        ;        ;
; u_pipe|g_fft[10].u_fft|u_core|g_lane[0].u_path|g_group[0].u_stage|u_bf2i|vld_q                   ;        ;
; u_pipe|g_fft[10].u_fft|u_core|g_lane[0].u_path|g_group[0].u_stage|u_bf2ii|vld_q                  ;        ;
; u_pipe|g_fft[10].u_fft|u_core|g_lane[0].u_path|g_group[0].u_stage|g_twiddle.u_mul|g_valid[0].v_q ;        ;
; u_pipe|g_fft[10].u_fft|u_core|g_lane[0].u_path|g_group[0].u_stage|g_twiddle.u_mul|g_valid[1].v_q ;        ;
; u_pipe|g_fft[10].u_fft|u_core|g_lane[0].u_path|g_group[0].u_stage|g_twiddle.u_mul|g_valid[2].v_q ;        ;
; u_pipe|g_fft[10].u_fft|u_core|g_lane[0].u_path|g_group[0].u_stage|g_twiddle.u_mul|g_valid[3].v_q ;        ;
; u_pipe|g_fft[12].u_fft|u_out_fifo|count_q[6]                                                     ;        ;
; u_pipe|g_fft[12].u_fft|u_core|g_lane[0].u_path|g_group[1].u_stage|u_bf2i|warm_cnt_q[4]           ;        ;
; u_pipe|g_fft[10].u_fft|u_core|g_lane[0].u_path|g_group[1].u_stage|u_bf2i|vld_q                   ;        ;
; u_pipe|g_fft[10].u_fft|u_core|g_lane[0].u_path|g_group[1].u_stage|u_bf2ii|vld_q                  ;        ;
; u_pipe|g_fft[10].u_fft|u_core|g_lane[0].u_path|g_group[1].u_stage|g_twiddle.u_mul|g_valid[0].v_q ;        ;
; u_pipe|g_fft[10].u_fft|u_core|g_lane[0].u_path|g_group[1].u_stage|g_twiddle.u_mul|g_valid[1].v_q ;        ;
; u_pipe|g_fft[10].u_fft|u_core|g_lane[0].u_path|g_group[1].u_stage|g_twiddle.u_mul|g_valid[2].v_q ;        ;
; u_pipe|g_fft[10].u_fft|u_core|g_lane[0].u_path|g_group[1].u_stage|g_twiddle.u_mul|g_valid[3].v_q ;        ;
; u_pipe|g_fft[10].u_fft|u_core|g_lane[0].u_path|g_group[2].u_stage|u_bf2i|vld_q                   ;        ;
; u_pipe|g_fft[10].u_fft|u_core|g_lane[0].u_path|g_group[2].u_stage|u_bf2ii|vld_q                  ;        ;
; u_pipe|g_fft[10].u_fft|u_core|g_lane[0].u_path|g_group[2].u_stage|g_twiddle.u_mul|g_valid[0].v_q ;        ;
; u_pipe|g_fft[10].u_fft|u_core|g_lane[0].u_path|g_group[2].u_stage|g_twiddle.u_mul|g_valid[1].v_q ;        ;
; u_pipe|g_fft[12].u_fft|u_core|g_lane[0].u_path|g_group[1].u_stage|u_bf2ii|warm_cnt_q[0]          ;        ;
; u_pipe|g_fft[10].u_fft|u_core|g_lane[0].u_path|g_group[2].u_stage|g_twiddle.u_mul|g_valid[2].v_q ;        ;
; u_pipe|g_fft[10].u_fft|u_core|g_lane[0].u_path|g_group[2].u_stage|g_twiddle.u_mul|g_valid[3].v_q ;        ;
; u_pipe|g_fft[10].u_fft|u_core|g_lane[0].u_path|g_group[3].u_stage|u_bf2i|vld_q                   ;        ;
; u_pipe|g_fft[10].u_fft|u_core|g_lane[0].u_path|g_group[3].u_stage|u_bf2ii|vld_q                  ;        ;
; u_pipe|g_fft[10].u_fft|u_core|g_lane[0].u_path|g_group[3].u_stage|g_twiddle.u_mul|g_valid[0].v_q ;        ;
; u_pipe|g_fft[10].u_fft|u_core|g_lane[0].u_path|g_group[3].u_stage|g_twiddle.u_mul|g_valid[1].v_q ;        ;
; u_pipe|g_fft[10].u_fft|u_core|g_lane[0].u_path|g_group[3].u_stage|g_twiddle.u_mul|g_valid[2].v_q ;        ;
; u_pipe|g_fft[10].u_fft|u_core|g_lane[0].u_path|g_group[3].u_stage|g_twiddle.u_mul|g_valid[3].v_q ;        ;
; u_pipe|g_fft[10].u_fft|u_core|g_lane[0].u_path|g_tail.u_tail|vld_q                               ;        ;
; u_pipe|g_fft[10].u_fft|u_core|g_merge.u_merge|u_mul|g_valid[0].v_q                               ;        ;
; u_pipe|g_fft[12].u_fft|u_core|g_lane[0].u_path|g_group[1].u_stage|g_twiddle.g_align[0].w_q       ;        ;
; u_pipe|g_fft[10].u_fft|u_core|g_merge.u_merge|u_mul|g_valid[1].v_q                               ;        ;
; u_pipe|g_fft[10].u_fft|u_core|g_merge.u_merge|u_mul|g_valid[2].v_q                               ;        ;
; u_pipe|g_fft[10].u_fft|u_core|g_merge.u_merge|u_mul|g_valid[3].v_q                               ;        ;
; u_pipe|g_fft[10].u_fft|u_core|g_merge.u_merge|vld_q                                              ;        ;
; u_pipe|g_fft[10].u_fft|g_reorder.u_reorder|vld_q                                                 ;        ;
; u_pipe|g_fft[10].u_fft|u_out_fifo|count_q[2]                                                     ;        ;
; u_pipe|g_fft[10].u_fft|u_out_fifo|g_out_reg.out_valid_q                                          ;        ;
; u_pipe|g_fft[10].u_fft|u_out_fifo|rd_ptr_q[6]                                                    ;        ;
; u_pipe|g_fft[10].u_fft|u_out_fifo|rd_ptr_q[1]                                                    ;        ;
; u_pipe|g_fft[10].u_fft|u_out_fifo|rd_ptr_q[10]                                                   ;        ;
; u_pipe|g_fft[12].u_fft|u_core|g_lane[0].u_path|g_group[1].u_stage|g_twiddle.g_align[1].w_q       ;        ;
; u_pipe|g_fft[10].u_fft|u_out_fifo|rd_ptr_q[0]                                                    ;        ;
; u_pipe|g_fft[10].u_fft|u_out_fifo|rd_ptr_q[2]                                                    ;        ;
; u_pipe|g_fft[10].u_fft|u_out_fifo|rd_ptr_q[3]                                                    ;        ;
; u_pipe|g_fft[10].u_fft|u_out_fifo|rd_ptr_q[4]                                                    ;        ;
; u_pipe|g_fft[10].u_fft|u_out_fifo|rd_ptr_q[5]                                                    ;        ;
; u_pipe|g_fft[10].u_fft|u_out_fifo|rd_ptr_q[7]                                                    ;        ;
; u_pipe|g_fft[10].u_fft|u_out_fifo|rd_ptr_q[8]                                                    ;        ;
; u_pipe|g_fft[10].u_fft|u_out_fifo|rd_ptr_q[9]                                                    ;        ;
; u_pipe|g_fft[10].u_fft|u_out_fifo|wr_ptr_q[4]                                                    ;        ;
; u_pipe|g_fft[10].u_fft|u_out_fifo|wr_ptr_q[5]                                                    ;        ;
; u_pipe|g_fft[12].u_fft|u_core|g_lane[0].u_path|g_group[1].u_stage|g_twiddle.g_tag[0].w_q         ;        ;
; u_pipe|g_fft[10].u_fft|u_out_fifo|wr_ptr_q[3]                                                    ;        ;
; u_pipe|g_fft[10].u_fft|u_out_fifo|wr_ptr_q[2]                                                    ;        ;
; u_pipe|g_fft[10].u_fft|u_out_fifo|wr_ptr_q[1]                                                    ;        ;
; u_pipe|g_fft[10].u_fft|u_out_fifo|wr_ptr_q[0]                                                    ;        ;
; u_pipe|g_fft[10].u_fft|u_out_fifo|wr_ptr_q[10]                                                   ;        ;
; u_pipe|g_fft[10].u_fft|u_out_fifo|wr_ptr_q[8]                                                    ;        ;
; u_pipe|g_fft[10].u_fft|u_out_fifo|wr_ptr_q[9]                                                    ;        ;
; u_pipe|g_fft[10].u_fft|u_out_fifo|wr_ptr_q[6]                                                    ;        ;
; u_pipe|g_fft[10].u_fft|u_out_fifo|wr_ptr_q[7]                                                    ;        ;
; u_pipe|g_fft[10].u_fft|u_meta_fifo|count_q[8]                                                    ;        ;
; u_pipe|g_fft[12].u_fft|u_core|g_lane[0].u_path|g_group[1].u_stage|g_twiddle.g_tag[1].w_q         ;        ;
; u_pipe|g_fft[10].u_fft|u_meta_fifo|count_q[9]                                                    ;        ;
; u_pipe|g_fft[10].u_fft|u_meta_fifo|count_q[6]                                                    ;        ;
; u_pipe|g_fft[10].u_fft|u_meta_fifo|count_q[7]                                                    ;        ;
; u_pipe|g_fft[10].u_fft|u_meta_fifo|count_q[5]                                                    ;        ;
; u_pipe|g_fft[10].u_fft|u_meta_fifo|count_q[0]                                                    ;        ;
; u_pipe|g_fft[10].u_fft|u_meta_fifo|count_q[1]                                                    ;        ;
; u_pipe|g_fft[10].u_fft|u_meta_fifo|count_q[2]                                                    ;        ;
; u_pipe|g_fft[10].u_fft|u_meta_fifo|count_q[3]                                                    ;        ;
; u_pipe|g_fft[10].u_fft|u_meta_fifo|count_q[4]                                                    ;        ;
; u_pipe|g_fft[10].u_fft|u_meta_fifo|count_q[10]                                                   ;        ;
; u_pipe|g_fft[12].u_fft|u_core|g_lane[0].u_path|g_group[1].u_stage|g_twiddle.g_tag[2].w_q         ;        ;
; u_pipe|g_fft[10].u_fft|u_meta_fifo|rd_ptr_q[1]                                                   ;        ;
; u_pipe|g_fft[10].u_fft|u_meta_fifo|rd_ptr_q[10]                                                  ;        ;
; u_pipe|g_fft[10].u_fft|u_meta_fifo|rd_ptr_q[9]                                                   ;        ;
; u_pipe|g_fft[10].u_fft|u_meta_fifo|rd_ptr_q[8]                                                   ;        ;
; u_pipe|g_fft[10].u_fft|u_meta_fifo|rd_ptr_q[6]                                                   ;        ;
; u_pipe|g_fft[10].u_fft|u_meta_fifo|rd_ptr_q[7]                                                   ;        ;
; u_pipe|g_fft[10].u_fft|u_meta_fifo|rd_ptr_q[0]                                                   ;        ;
; u_pipe|g_fft[10].u_fft|u_meta_fifo|rd_ptr_q[2]                                                   ;        ;
; u_pipe|g_fft[10].u_fft|u_meta_fifo|rd_ptr_q[3]                                                   ;        ;
; u_pipe|g_fft[10].u_fft|u_meta_fifo|rd_ptr_q[4]                                                   ;        ;
; u_pipe|g_fft[12].u_fft|u_core|g_lane[0].u_path|g_group[1].u_stage|g_twiddle.g_tag[3].w_q         ;        ;
; u_pipe|g_fft[10].u_fft|u_meta_fifo|rd_ptr_q[5]                                                   ;        ;
; u_pipe|g_fft[10].u_fft|u_meta_fifo|wr_ptr_q[3]                                                   ;        ;
; u_pipe|g_fft[10].u_fft|u_meta_fifo|wr_ptr_q[2]                                                   ;        ;
; u_pipe|g_fft[10].u_fft|u_meta_fifo|wr_ptr_q[1]                                                   ;        ;
; u_pipe|g_fft[10].u_fft|u_meta_fifo|wr_ptr_q[0]                                                   ;        ;
; u_pipe|g_fft[10].u_fft|u_meta_fifo|wr_ptr_q[10]                                                  ;        ;
; u_pipe|g_fft[10].u_fft|u_meta_fifo|wr_ptr_q[6]                                                   ;        ;
; u_pipe|g_fft[10].u_fft|u_meta_fifo|wr_ptr_q[7]                                                   ;        ;
; u_pipe|g_fft[10].u_fft|u_meta_fifo|wr_ptr_q[8]                                                   ;        ;
; u_pipe|g_fft[10].u_fft|u_meta_fifo|wr_ptr_q[9]                                                   ;        ;
; u_pipe|g_fft[12].u_fft|u_core|g_lane[0].u_path|g_group[2].u_stage|u_bf2i|warm_cnt_q[0]           ;        ;
; u_pipe|g_fft[10].u_fft|u_meta_fifo|wr_ptr_q[4]                                                   ;        ;
; u_pipe|g_fft[10].u_fft|u_meta_fifo|wr_ptr_q[5]                                                   ;        ;
; u_pipe|g_fft[10].u_fft|u_eb_in|wr_ptr_q[0]                                                       ;        ;
; u_pipe|g_fft[10].u_fft|u_eb_in|wr_ptr_q[1]                                                       ;        ;
; u_pipe|g_pfb[10].u_pfb|u_out|wr_ptr_q[3]                                                         ;        ;
; u_pipe|g_pfb[10].u_pfb|u_out|wr_ptr_q[2]                                                         ;        ;
; u_pipe|g_pfb[10].u_pfb|u_out|wr_ptr_q[1]                                                         ;        ;
; u_pipe|g_pfb[10].u_pfb|u_out|wr_ptr_q[0]                                                         ;        ;
; u_pipe|g_pfb[10].u_pfb|u_out|rd_ptr_q[3]                                                         ;        ;
; u_pipe|g_pfb[10].u_pfb|u_out|rd_ptr_q[2]                                                         ;        ;
; u_pipe|g_fft[12].u_fft|u_core|g_lane[0].u_path|g_group[2].u_stage|u_bf2i|warm_cnt_q[4]           ;        ;
; u_pipe|g_pfb[10].u_pfb|u_out|rd_ptr_q[1]                                                         ;        ;
; u_pipe|g_pfb[10].u_pfb|u_out|rd_ptr_q[0]                                                         ;        ;
; u_pipe|g_fft[10].u_fft|u_eb_in|rd_ptr_q[0]                                                       ;        ;
; u_pipe|g_fft[10].u_fft|u_eb_in|rd_ptr_q[1]                                                       ;        ;
; u_pipe|g_fft[11].u_fft|u_out_fifo|count_q[2]                                                     ;        ;
; u_pipe|g_fft[11].u_fft|u_out_fifo|count_q[0]                                                     ;        ;
; u_pipe|g_fft[11].u_fft|u_out_fifo|count_q[1]                                                     ;        ;
; u_pipe|g_fft[11].u_fft|u_out_fifo|count_q[5]                                                     ;        ;
; u_pipe|g_fft[11].u_fft|u_out_fifo|count_q[6]                                                     ;        ;
; u_pipe|g_fft[11].u_fft|u_out_fifo|count_q[7]                                                     ;        ;
; u_pipe|g_fft[12].u_fft|u_out_fifo|count_q[7]                                                     ;        ;
; u_pipe|g_fft[12].u_fft|u_core|g_lane[0].u_path|g_group[2].u_stage|u_bf2ii|warm_cnt_q[0]          ;        ;
; u_pipe|g_fft[11].u_fft|u_out_fifo|count_q[8]                                                     ;        ;
; u_pipe|g_fft[11].u_fft|u_out_fifo|count_q[9]                                                     ;        ;
; u_pipe|g_fft[11].u_fft|u_out_fifo|count_q[10]                                                    ;        ;
; u_pipe|g_fft[11].u_fft|u_out_fifo|count_q[4]                                                     ;        ;
; u_pipe|g_fft[11].u_fft|g_reorder.u_reorder|warm_cnt_q[9]                                         ;        ;
; u_pipe|g_fft[11].u_fft|g_reorder.u_reorder|warm_cnt_q[6]                                         ;        ;
; u_pipe|g_fft[11].u_fft|g_reorder.u_reorder|warm_cnt_q[7]                                         ;        ;
; u_pipe|g_fft[11].u_fft|g_reorder.u_reorder|warm_cnt_q[8]                                         ;        ;
; u_pipe|g_fft[11].u_fft|g_reorder.u_reorder|warm_cnt_q[5]                                         ;        ;
; u_pipe|g_fft[11].u_fft|g_reorder.u_reorder|warm_cnt_q[4]                                         ;        ;
; u_pipe|g_fft[12].u_fft|u_core|g_lane[0].u_path|g_group[2].u_stage|g_twiddle.g_align[0].w_q       ;        ;
; u_pipe|g_fft[11].u_fft|g_reorder.u_reorder|warm_cnt_q[3]                                         ;        ;
; u_pipe|g_fft[11].u_fft|g_reorder.u_reorder|warm_cnt_q[1]                                         ;        ;
; u_pipe|g_fft[11].u_fft|g_reorder.u_reorder|warm_cnt_q[2]                                         ;        ;
; u_pipe|g_fft[11].u_fft|u_core|g_lane[0].u_path|g_group[2].u_stage|u_bf2ii|warm_cnt_q[3]          ;        ;
; u_pipe|g_fft[11].u_fft|u_core|g_lane[0].u_path|g_group[2].u_stage|u_bf2ii|warm_cnt_q[2]          ;        ;
; u_pipe|g_fft[11].u_fft|u_core|g_lane[0].u_path|g_group[2].u_stage|u_bf2i|warm_cnt_q[2]           ;        ;
; u_pipe|g_fft[11].u_fft|u_core|g_lane[0].u_path|g_group[2].u_stage|u_bf2i|warm_cnt_q[1]           ;        ;
; u_pipe|g_fft[11].u_fft|u_core|g_lane[0].u_path|g_group[1].u_stage|u_bf2ii|warm_cnt_q[5]          ;        ;
; u_pipe|g_fft[11].u_fft|u_core|g_lane[0].u_path|g_group[1].u_stage|u_bf2ii|warm_cnt_q[4]          ;        ;
; u_pipe|g_fft[11].u_fft|u_core|g_lane[0].u_path|g_group[1].u_stage|u_bf2ii|warm_cnt_q[3]          ;        ;
; u_pipe|g_fft[12].u_fft|u_core|g_lane[0].u_path|g_group[2].u_stage|g_twiddle.g_align[1].w_q       ;        ;
; u_pipe|g_fft[11].u_fft|u_core|g_lane[0].u_path|g_group[1].u_stage|u_bf2ii|warm_cnt_q[2]          ;        ;
; u_pipe|g_fft[11].u_fft|u_core|g_lane[0].u_path|g_group[1].u_stage|u_bf2ii|warm_cnt_q[1]          ;        ;
; u_pipe|g_fft[11].u_fft|u_core|g_lane[0].u_path|g_group[1].u_stage|u_bf2i|warm_cnt_q[2]           ;        ;
; u_pipe|g_fft[11].u_fft|u_core|g_lane[0].u_path|g_group[1].u_stage|u_bf2i|warm_cnt_q[1]           ;        ;
; u_pipe|g_fft[11].u_fft|u_core|g_lane[0].u_path|g_group[0].u_stage|u_bf2ii|warm_cnt_q[7]          ;        ;
; u_pipe|g_fft[11].u_fft|u_core|g_lane[0].u_path|g_group[0].u_stage|u_bf2ii|warm_cnt_q[0]          ;        ;
; u_pipe|g_fft[11].u_fft|u_core|g_lane[0].u_path|g_group[0].u_stage|u_bf2ii|warm_cnt_q[1]          ;        ;
; u_pipe|g_fft[11].u_fft|u_core|g_lane[0].u_path|g_group[0].u_stage|u_bf2ii|warm_cnt_q[2]          ;        ;
; u_pipe|g_fft[11].u_fft|u_core|g_lane[0].u_path|g_group[0].u_stage|u_bf2ii|warm_cnt_q[3]          ;        ;
; u_pipe|g_fft[11].u_fft|u_core|g_lane[0].u_path|g_group[0].u_stage|u_bf2ii|warm_cnt_q[4]          ;        ;
; u_pipe|g_fft[12].u_fft|u_core|g_lane[0].u_path|g_group[2].u_stage|g_twiddle.g_tag[0].w_q         ;        ;
; u_pipe|g_fft[11].u_fft|u_core|g_lane[0].u_path|g_group[0].u_stage|u_bf2i|warm_cnt_q[0]           ;        ;
; u_pipe|g_fft[11].u_fft|u_core|g_lane[0].u_path|g_group[0].u_stage|u_bf2i|warm_cnt_q[6]           ;        ;
; u_pipe|g_fft[11].u_fft|u_core|g_lane[0].u_path|g_group[0].u_stage|u_bf2i|warm_cnt_q[7]           ;        ;
; u_pipe|g_fft[11].u_fft|u_core|g_lane[0].u_path|g_group[0].u_stage|u_bf2i|warm_cnt_q[8]           ;        ;
; u_pipe|g_fft[11].u_fft|u_core|g_lane[0].u_path|g_group[0].u_stage|u_bf2i|warm_cnt_q[3]           ;        ;
; u_pipe|g_fft[11].u_fft|u_core|g_lane[0].u_path|g_group[0].u_stage|u_bf2i|warm_cnt_q[4]           ;        ;
; u_pipe|g_fft[11].u_fft|u_core|g_lane[0].u_path|g_group[0].u_stage|u_bf2i|warm_cnt_q[5]           ;        ;
; u_pipe|g_fft[11].u_fft|u_core|g_lane[0].u_path|g_group[0].u_stage|u_bf2i|warm_cnt_q[1]           ;        ;
; u_pipe|g_fft[11].u_fft|u_core|g_lane[0].u_path|g_group[0].u_stage|u_bf2i|warm_cnt_q[2]           ;        ;
; u_pipe|g_fft[11].u_fft|u_core|g_lane[0].u_path|g_group[0].u_stage|u_bf2ii|warm_cnt_q[5]          ;        ;
; u_pipe|g_fft[12].u_fft|u_core|g_lane[0].u_path|g_group[2].u_stage|g_twiddle.g_tag[1].w_q         ;        ;
; u_pipe|g_fft[11].u_fft|u_core|g_lane[0].u_path|g_group[0].u_stage|u_bf2ii|warm_cnt_q[6]          ;        ;
; u_pipe|g_fft[11].u_fft|u_core|g_lane[0].u_path|g_group[0].u_stage|g_twiddle.g_align[0].w_q       ;        ;
; u_pipe|g_fft[11].u_fft|u_core|g_lane[0].u_path|g_group[0].u_stage|g_twiddle.g_align[1].w_q       ;        ;
; u_pipe|g_fft[11].u_fft|u_core|g_lane[0].u_path|g_group[0].u_stage|g_twiddle.g_tag[0].w_q         ;        ;
; u_pipe|g_fft[11].u_fft|u_core|g_lane[0].u_path|g_group[0].u_stage|g_twiddle.g_tag[1].w_q         ;        ;
; u_pipe|g_fft[11].u_fft|u_core|g_lane[0].u_path|g_group[0].u_stage|g_twiddle.g_tag[2].w_q         ;        ;
; u_pipe|g_fft[11].u_fft|u_core|g_lane[0].u_path|g_group[0].u_stage|g_twiddle.g_tag[3].w_q         ;        ;
; u_pipe|g_fft[11].u_fft|u_core|g_lane[0].u_path|g_group[1].u_stage|u_bf2i|warm_cnt_q[0]           ;        ;
; u_pipe|g_fft[11].u_fft|u_core|g_lane[0].u_path|g_group[1].u_stage|u_bf2i|warm_cnt_q[3]           ;        ;
; u_pipe|g_fft[11].u_fft|u_core|g_lane[0].u_path|g_group[1].u_stage|u_bf2i|warm_cnt_q[4]           ;        ;
; u_pipe|g_fft[12].u_fft|u_core|g_lane[0].u_path|g_group[2].u_stage|g_twiddle.g_tag[2].w_q         ;        ;
; u_pipe|g_fft[11].u_fft|u_core|g_lane[0].u_path|g_group[1].u_stage|u_bf2i|warm_cnt_q[5]           ;        ;
; u_pipe|g_fft[11].u_fft|u_core|g_lane[0].u_path|g_group[1].u_stage|u_bf2i|warm_cnt_q[6]           ;        ;
; u_pipe|g_fft[11].u_fft|u_core|g_lane[0].u_path|g_group[1].u_stage|u_bf2ii|warm_cnt_q[0]          ;        ;
; u_pipe|g_fft[11].u_fft|u_core|g_lane[0].u_path|g_group[1].u_stage|g_twiddle.g_align[0].w_q       ;        ;
; u_pipe|g_fft[11].u_fft|u_core|g_lane[0].u_path|g_group[1].u_stage|g_twiddle.g_align[1].w_q       ;        ;
; u_pipe|g_fft[11].u_fft|u_core|g_lane[0].u_path|g_group[1].u_stage|g_twiddle.g_tag[0].w_q         ;        ;
; u_pipe|g_fft[11].u_fft|u_core|g_lane[0].u_path|g_group[1].u_stage|g_twiddle.g_tag[1].w_q         ;        ;
; u_pipe|g_fft[11].u_fft|u_core|g_lane[0].u_path|g_group[1].u_stage|g_twiddle.g_tag[2].w_q         ;        ;
; u_pipe|g_fft[11].u_fft|u_core|g_lane[0].u_path|g_group[1].u_stage|g_twiddle.g_tag[3].w_q         ;        ;
; u_pipe|g_fft[11].u_fft|u_core|g_lane[0].u_path|g_group[2].u_stage|u_bf2i|warm_cnt_q[0]           ;        ;
; u_pipe|g_fft[12].u_fft|u_core|g_lane[0].u_path|g_group[2].u_stage|g_twiddle.g_tag[3].w_q         ;        ;
; u_pipe|g_fft[11].u_fft|u_core|g_lane[0].u_path|g_group[2].u_stage|u_bf2i|warm_cnt_q[3]           ;        ;
; u_pipe|g_fft[11].u_fft|u_core|g_lane[0].u_path|g_group[2].u_stage|u_bf2i|warm_cnt_q[4]           ;        ;
; u_pipe|g_fft[11].u_fft|u_core|g_lane[0].u_path|g_group[2].u_stage|u_bf2ii|warm_cnt_q[0]          ;        ;
; u_pipe|g_fft[11].u_fft|u_core|g_lane[0].u_path|g_group[2].u_stage|u_bf2ii|warm_cnt_q[1]          ;        ;
; u_pipe|g_fft[11].u_fft|u_core|g_lane[0].u_path|g_group[2].u_stage|g_twiddle.g_align[0].w_q       ;        ;
; u_pipe|g_fft[11].u_fft|u_core|g_lane[0].u_path|g_group[2].u_stage|g_twiddle.g_align[1].w_q       ;        ;
; u_pipe|g_fft[11].u_fft|u_core|g_lane[0].u_path|g_group[2].u_stage|g_twiddle.g_tag[0].w_q         ;        ;
; u_pipe|g_fft[11].u_fft|u_core|g_lane[0].u_path|g_group[2].u_stage|g_twiddle.g_tag[1].w_q         ;        ;
; u_pipe|g_fft[11].u_fft|u_core|g_lane[0].u_path|g_group[2].u_stage|g_twiddle.g_tag[2].w_q         ;        ;
; u_pipe|g_fft[11].u_fft|u_core|g_lane[0].u_path|g_group[2].u_stage|g_twiddle.g_tag[3].w_q         ;        ;
; u_pipe|g_fft[12].u_fft|u_core|g_lane[0].u_path|g_group[3].u_stage|u_bf2i|warm_cnt_q[0]           ;        ;
; u_pipe|g_fft[11].u_fft|u_core|g_lane[0].u_path|g_group[3].u_stage|u_bf2i|warm_cnt_q[0]           ;        ;
; u_pipe|g_fft[11].u_fft|u_core|g_lane[0].u_path|g_group[3].u_stage|u_bf2i|warm_cnt_q[2]           ;        ;
; u_pipe|g_fft[11].u_fft|u_core|g_lane[0].u_path|g_group[3].u_stage|u_bf2i|warm_cnt_q[1]           ;        ;
; u_pipe|g_fft[11].u_fft|u_core|g_lane[0].u_path|g_group[3].u_stage|u_bf2ii|warm_cnt_q[1]          ;        ;
; u_pipe|g_fft[11].u_fft|u_core|g_lane[0].u_path|g_group[3].u_stage|u_bf2ii|warm_cnt_q[0]          ;        ;
; u_pipe|g_fft[11].u_fft|u_core|g_lane[0].u_path|g_group[3].u_stage|g_twiddle.g_align[0].w_q       ;        ;
; u_pipe|g_fft[11].u_fft|u_core|g_lane[0].u_path|g_group[3].u_stage|g_twiddle.g_align[1].w_q       ;        ;
; u_pipe|g_fft[11].u_fft|u_core|g_lane[0].u_path|g_group[3].u_stage|g_twiddle.g_tag[0].w_q         ;        ;
; u_pipe|g_fft[11].u_fft|u_core|g_lane[0].u_path|g_group[3].u_stage|g_twiddle.g_tag[1].w_q         ;        ;
; u_pipe|g_fft[11].u_fft|u_core|g_lane[0].u_path|g_group[3].u_stage|g_twiddle.g_tag[2].w_q         ;        ;
; u_pipe|g_fft[12].u_fft|u_core|g_lane[0].u_path|g_group[3].u_stage|u_bf2i|warm_cnt_q[2]           ;        ;
; u_pipe|g_fft[11].u_fft|u_core|g_lane[0].u_path|g_group[3].u_stage|g_twiddle.g_tag[3].w_q         ;        ;
; u_pipe|g_fft[11].u_fft|u_core|g_lane[0].u_path|g_tail.u_tail|warm_cnt_q[1]                       ;        ;
; u_pipe|g_fft[11].u_fft|u_core|g_lane[0].u_path|g_tail.u_tail|warm_cnt_q[0]                       ;        ;
; u_pipe|g_fft[11].u_fft|u_core|g_merge.u_merge|g_align[0].w_q                                     ;        ;
; u_pipe|g_fft[11].u_fft|u_core|g_merge.u_merge|g_align[1].w_q                                     ;        ;
; u_pipe|g_fft[11].u_fft|u_core|g_merge.u_merge|g_tag[0].w_q                                       ;        ;
; u_pipe|g_fft[11].u_fft|u_core|g_merge.u_merge|g_tag[1].w_q                                       ;        ;
; u_pipe|g_fft[11].u_fft|u_core|g_merge.u_merge|g_tag[2].w_q                                       ;        ;
; u_pipe|g_fft[11].u_fft|u_core|g_merge.u_merge|g_tag[3].w_q                                       ;        ;
; u_pipe|g_fft[11].u_fft|u_core|g_merge.u_merge|warm_q                                             ;        ;
; u_pipe|g_fft[12].u_fft|u_core|g_lane[0].u_path|g_group[3].u_stage|u_bf2i|warm_cnt_q[1]           ;        ;
; u_pipe|g_fft[11].u_fft|g_reorder.u_reorder|warm_cnt_q[0]                                         ;        ;
; u_pipe|g_fft[11].u_fft|credit_q[10]                                                              ;        ;
; u_pipe|g_fft[11].u_fft|credit_q[0]                                                               ;        ;
; u_pipe|g_fft[11].u_fft|credit_q[1]                                                               ;        ;
; u_pipe|g_fft[11].u_fft|credit_q[2]                                                               ;        ;
; u_pipe|g_fft[11].u_fft|credit_q[3]                                                               ;        ;
; u_pipe|g_fft[11].u_fft|credit_q[4]                                                               ;        ;
; u_pipe|g_fft[11].u_fft|credit_q[5]                                                               ;        ;
; u_pipe|g_fft[11].u_fft|credit_q[6]                                                               ;        ;
; u_pipe|g_fft[11].u_fft|credit_q[7]                                                               ;        ;
; u_pipe|g_fft[12].u_fft|u_out_fifo|count_q[8]                                                     ;        ;
; u_pipe|g_fft[12].u_fft|u_core|g_lane[0].u_path|g_group[3].u_stage|u_bf2ii|warm_cnt_q[1]          ;        ;
; u_pipe|g_fft[11].u_fft|credit_q[8]                                                               ;        ;
; u_pipe|g_fft[11].u_fft|credit_q[9]                                                               ;        ;
; u_pipe|g_fft[11].u_fft|u_eb_in|count_q[1]                                                        ;        ;
; u_pipe|g_pfb[11].u_pfb|u_out|rdy_q                                                               ;        ;
; u_pipe|g_pfb[11].u_pfb|credits_q[3]                                                              ;        ;
; u_pipe|g_pfb[11].u_pfb|credits_q[1]                                                              ;        ;
; u_pipe|g_pfb[11].u_pfb|credits_q[2]                                                              ;        ;
; u_pipe|g_pfb[11].u_pfb|credits_q[0]                                                              ;        ;
; u_pipe|g_pfb[11].u_pfb|rdy_q                                                                     ;        ;
; u_pipe|g_pfb[11].u_pfb|g_lane[0].u_lane|g_mult[0].u_mult|g_valid[0].v_q                          ;        ;
; u_pipe|g_fft[12].u_fft|u_core|g_lane[0].u_path|g_group[3].u_stage|u_bf2ii|warm_cnt_q[0]          ;        ;
; u_pipe|g_pfb[11].u_pfb|g_lane[0].u_lane|g_mult[0].u_mult|g_valid[1].v_q                          ;        ;
; u_pipe|g_pfb[11].u_pfb|g_lane[0].u_lane|g_mult[0].u_mult|g_valid[2].v_q                          ;        ;
; u_pipe|g_pfb[11].u_pfb|g_lane[0].u_lane|g_mult[0].u_mult|g_valid[3].v_q                          ;        ;
; u_pipe|g_pfb[11].u_pfb|g_lane[0].u_lane|g_valid[0].v_q                                           ;        ;
; u_pipe|g_pfb[11].u_pfb|g_lane[0].u_lane|g_valid[1].v_q                                           ;        ;
; u_pipe|g_pfb[11].u_pfb|g_lane[0].u_lane|g_valid[2].v_q                                           ;        ;
; u_pipe|g_pfb[11].u_pfb|g_lane[0].u_lane|g_valid[3].v_q                                           ;        ;
; u_pipe|g_pfb[11].u_pfb|g_lane[0].u_lane|g_valid[4].v_q                                           ;        ;
; u_pipe|g_pfb[11].u_pfb|u_out|count_q[0]                                                          ;        ;
; u_pipe|g_pfb[11].u_pfb|u_out|count_q[1]                                                          ;        ;
; u_pipe|g_fft[12].u_fft|u_core|g_lane[0].u_path|g_group[3].u_stage|g_twiddle.g_align[0].w_q       ;        ;
; u_pipe|g_pfb[11].u_pfb|u_out|count_q[2]                                                          ;        ;
; u_pipe|g_pfb[11].u_pfb|u_out|count_q[3]                                                          ;        ;
; u_pipe|g_fft[11].u_fft|u_eb_in|rdy_q                                                             ;        ;
; u_pipe|g_fft[11].u_fft|u_eb_in|count_q[0]                                                        ;        ;
; u_pipe|g_fft[11].u_fft|u_eb_in|count_q[2]                                                        ;        ;
; u_pipe|g_fft[11].u_fft|u_core|g_lane[0].u_path|g_group[0].u_stage|u_bf2i|vld_q                   ;        ;
; u_pipe|g_fft[11].u_fft|u_core|g_lane[0].u_path|g_group[0].u_stage|u_bf2ii|vld_q                  ;        ;
; u_pipe|g_fft[11].u_fft|u_core|g_lane[0].u_path|g_group[0].u_stage|g_twiddle.u_mul|g_valid[0].v_q ;        ;
; u_pipe|g_fft[11].u_fft|u_core|g_lane[0].u_path|g_group[0].u_stage|g_twiddle.u_mul|g_valid[1].v_q ;        ;
; u_pipe|g_fft[11].u_fft|u_core|g_lane[0].u_path|g_group[0].u_stage|g_twiddle.u_mul|g_valid[2].v_q ;        ;
; u_pipe|g_fft[12].u_fft|u_core|g_lane[0].u_path|g_group[3].u_stage|g_twiddle.g_align[1].w_q       ;        ;
; u_pipe|g_fft[11].u_fft|u_core|g_lane[0].u_path|g_group[0].u_stage|g_twiddle.u_mul|g_valid[3].v_q ;        ;
; u_pipe|g_fft[11].u_fft|u_core|g_lane[0].u_path|g_group[1].u_stage|u_bf2i|vld_q                   ;        ;
; u_pipe|g_fft[11].u_fft|u_core|g_lane[0].u_path|g_group[1].u_stage|u_bf2ii|vld_q                  ;        ;
; u_pipe|g_fft[11].u_fft|u_core|g_lane[0].u_path|g_group[1].u_stage|g_twiddle.u_mul|g_valid[0].v_q ;        ;
; u_pipe|g_fft[11].u_fft|u_core|g_lane[0].u_path|g_group[1].u_stage|g_twiddle.u_mul|g_valid[1].v_q ;        ;
; u_pipe|g_fft[11].u_fft|u_core|g_lane[0].u_path|g_group[1].u_stage|g_twiddle.u_mul|g_valid[2].v_q ;        ;
; u_pipe|g_fft[11].u_fft|u_core|g_lane[0].u_path|g_group[1].u_stage|g_twiddle.u_mul|g_valid[3].v_q ;        ;
; u_pipe|g_fft[11].u_fft|u_core|g_lane[0].u_path|g_group[2].u_stage|u_bf2i|vld_q                   ;        ;
; u_pipe|g_fft[11].u_fft|u_core|g_lane[0].u_path|g_group[2].u_stage|u_bf2ii|vld_q                  ;        ;
; u_pipe|g_fft[11].u_fft|u_core|g_lane[0].u_path|g_group[2].u_stage|g_twiddle.u_mul|g_valid[0].v_q ;        ;
; u_pipe|g_fft[12].u_fft|u_core|g_lane[0].u_path|g_group[3].u_stage|g_twiddle.g_tag[0].w_q         ;        ;
; u_pipe|g_fft[11].u_fft|u_core|g_lane[0].u_path|g_group[2].u_stage|g_twiddle.u_mul|g_valid[1].v_q ;        ;
; u_pipe|g_fft[11].u_fft|u_core|g_lane[0].u_path|g_group[2].u_stage|g_twiddle.u_mul|g_valid[2].v_q ;        ;
; u_pipe|g_fft[11].u_fft|u_core|g_lane[0].u_path|g_group[2].u_stage|g_twiddle.u_mul|g_valid[3].v_q ;        ;
; u_pipe|g_fft[11].u_fft|u_core|g_lane[0].u_path|g_group[3].u_stage|u_bf2i|vld_q                   ;        ;
; u_pipe|g_fft[11].u_fft|u_core|g_lane[0].u_path|g_group[3].u_stage|u_bf2ii|vld_q                  ;        ;
; u_pipe|g_fft[11].u_fft|u_core|g_lane[0].u_path|g_group[3].u_stage|g_twiddle.u_mul|g_valid[0].v_q ;        ;
; u_pipe|g_fft[11].u_fft|u_core|g_lane[0].u_path|g_group[3].u_stage|g_twiddle.u_mul|g_valid[1].v_q ;        ;
; u_pipe|g_fft[11].u_fft|u_core|g_lane[0].u_path|g_group[3].u_stage|g_twiddle.u_mul|g_valid[2].v_q ;        ;
; u_pipe|g_fft[11].u_fft|u_core|g_lane[0].u_path|g_group[3].u_stage|g_twiddle.u_mul|g_valid[3].v_q ;        ;
; u_pipe|g_fft[11].u_fft|u_core|g_lane[0].u_path|g_tail.u_tail|vld_q                               ;        ;
; u_pipe|g_fft[12].u_fft|u_core|g_lane[0].u_path|g_group[3].u_stage|g_twiddle.g_tag[1].w_q         ;        ;
; u_pipe|g_fft[11].u_fft|u_core|g_merge.u_merge|u_mul|g_valid[0].v_q                               ;        ;
; u_pipe|g_fft[11].u_fft|u_core|g_merge.u_merge|u_mul|g_valid[1].v_q                               ;        ;
; u_pipe|g_fft[11].u_fft|u_core|g_merge.u_merge|u_mul|g_valid[2].v_q                               ;        ;
; u_pipe|g_fft[11].u_fft|u_core|g_merge.u_merge|u_mul|g_valid[3].v_q                               ;        ;
; u_pipe|g_fft[11].u_fft|u_core|g_merge.u_merge|vld_q                                              ;        ;
; u_pipe|g_fft[11].u_fft|g_reorder.u_reorder|vld_q                                                 ;        ;
; u_pipe|g_fft[11].u_fft|u_out_fifo|count_q[3]                                                     ;        ;
; u_pipe|g_fft[11].u_fft|u_out_fifo|g_out_reg.out_valid_q                                          ;        ;
; u_pipe|g_fft[11].u_fft|u_out_fifo|rd_ptr_q[6]                                                    ;        ;
; u_pipe|g_fft[11].u_fft|u_out_fifo|rd_ptr_q[1]                                                    ;        ;
; u_pipe|g_fft[12].u_fft|u_core|g_lane[0].u_path|g_group[3].u_stage|g_twiddle.g_tag[2].w_q         ;        ;
; u_pipe|g_fft[11].u_fft|u_out_fifo|rd_ptr_q[10]                                                   ;        ;
; u_pipe|g_fft[11].u_fft|u_out_fifo|rd_ptr_q[0]                                                    ;        ;
; u_pipe|g_fft[11].u_fft|u_out_fifo|rd_ptr_q[2]                                                    ;        ;
; u_pipe|g_fft[11].u_fft|u_out_fifo|rd_ptr_q[3]                                                    ;        ;
; u_pipe|g_fft[11].u_fft|u_out_fifo|rd_ptr_q[4]                                                    ;        ;
; u_pipe|g_fft[11].u_fft|u_out_fifo|rd_ptr_q[5]                                                    ;        ;
; u_pipe|g_fft[11].u_fft|u_out_fifo|rd_ptr_q[7]                                                    ;        ;
; u_pipe|g_fft[11].u_fft|u_out_fifo|rd_ptr_q[8]                                                    ;        ;
; u_pipe|g_fft[11].u_fft|u_out_fifo|rd_ptr_q[9]                                                    ;        ;
; u_pipe|g_fft[11].u_fft|u_out_fifo|wr_ptr_q[4]                                                    ;        ;
; u_pipe|g_fft[12].u_fft|u_core|g_lane[0].u_path|g_group[3].u_stage|g_twiddle.g_tag[3].w_q         ;        ;
; u_pipe|g_fft[11].u_fft|u_out_fifo|wr_ptr_q[5]                                                    ;        ;
; u_pipe|g_fft[11].u_fft|u_out_fifo|wr_ptr_q[3]                                                    ;        ;
; u_pipe|g_fft[11].u_fft|u_out_fifo|wr_ptr_q[2]                                                    ;        ;
; u_pipe|g_fft[11].u_fft|u_out_fifo|wr_ptr_q[1]                                                    ;        ;
; u_pipe|g_fft[11].u_fft|u_out_fifo|wr_ptr_q[0]                                                    ;        ;
; u_pipe|g_fft[11].u_fft|u_out_fifo|wr_ptr_q[10]                                                   ;        ;
; u_pipe|g_fft[11].u_fft|u_out_fifo|wr_ptr_q[8]                                                    ;        ;
; u_pipe|g_fft[11].u_fft|u_out_fifo|wr_ptr_q[9]                                                    ;        ;
; u_pipe|g_fft[11].u_fft|u_out_fifo|wr_ptr_q[6]                                                    ;        ;
; u_pipe|g_fft[11].u_fft|u_out_fifo|wr_ptr_q[7]                                                    ;        ;
; u_pipe|g_fft[12].u_fft|u_core|g_lane[0].u_path|g_tail.u_tail|warm_cnt_q[1]                       ;        ;
; u_pipe|g_fft[11].u_fft|u_meta_fifo|count_q[0]                                                    ;        ;
; u_pipe|g_fft[11].u_fft|u_meta_fifo|count_q[1]                                                    ;        ;
; u_pipe|g_fft[11].u_fft|u_meta_fifo|count_q[2]                                                    ;        ;
; u_pipe|g_fft[11].u_fft|u_meta_fifo|count_q[3]                                                    ;        ;
; u_pipe|g_fft[11].u_fft|u_meta_fifo|count_q[4]                                                    ;        ;
; u_pipe|g_fft[11].u_fft|u_meta_fifo|count_q[6]                                                    ;        ;
; u_pipe|g_fft[11].u_fft|u_meta_fifo|count_q[7]                                                    ;        ;
; u_pipe|g_fft[11].u_fft|u_meta_fifo|count_q[8]                                                    ;        ;
; u_pipe|g_fft[11].u_fft|u_meta_fifo|count_q[9]                                                    ;        ;
; u_pipe|g_fft[11].u_fft|u_meta_fifo|count_q[10]                                                   ;        ;
; u_pipe|g_fft[12].u_fft|u_core|g_lane[0].u_path|g_tail.u_tail|warm_cnt_q[0]                       ;        ;
; u_pipe|g_fft[11].u_fft|u_meta_fifo|count_q[5]                                                    ;        ;
; u_pipe|g_fft[11].u_fft|u_meta_fifo|rd_ptr_q[1]                                                   ;        ;
; u_pipe|g_fft[11].u_fft|u_meta_fifo|rd_ptr_q[10]                                                  ;        ;
; u_pipe|g_fft[11].u_fft|u_meta_fifo|rd_ptr_q[9]                                                   ;        ;
; u_pipe|g_fft[11].u_fft|u_meta_fifo|rd_ptr_q[8]                                                   ;        ;
; u_pipe|g_fft[11].u_fft|u_meta_fifo|rd_ptr_q[6]                                                   ;        ;
; u_pipe|g_fft[11].u_fft|u_meta_fifo|rd_ptr_q[7]                                                   ;        ;
; u_pipe|g_fft[11].u_fft|u_meta_fifo|rd_ptr_q[0]                                                   ;        ;
; u_pipe|g_fft[11].u_fft|u_meta_fifo|rd_ptr_q[2]                                                   ;        ;
; u_pipe|g_fft[11].u_fft|u_meta_fifo|rd_ptr_q[3]                                                   ;        ;
; u_pipe|g_fft[12].u_fft|u_out_fifo|count_q[9]                                                     ;        ;
; u_pipe|g_fft[12].u_fft|u_core|g_merge.u_merge|g_align[0].w_q                                     ;        ;
; u_pipe|g_fft[11].u_fft|u_meta_fifo|rd_ptr_q[4]                                                   ;        ;
; u_pipe|g_fft[11].u_fft|u_meta_fifo|rd_ptr_q[5]                                                   ;        ;
; u_pipe|g_fft[11].u_fft|u_meta_fifo|wr_ptr_q[3]                                                   ;        ;
; u_pipe|g_fft[11].u_fft|u_meta_fifo|wr_ptr_q[2]                                                   ;        ;
; u_pipe|g_fft[11].u_fft|u_meta_fifo|wr_ptr_q[1]                                                   ;        ;
; u_pipe|g_fft[11].u_fft|u_meta_fifo|wr_ptr_q[0]                                                   ;        ;
; u_pipe|g_fft[11].u_fft|u_meta_fifo|wr_ptr_q[10]                                                  ;        ;
; u_pipe|g_fft[11].u_fft|u_meta_fifo|wr_ptr_q[6]                                                   ;        ;
; u_pipe|g_fft[11].u_fft|u_meta_fifo|wr_ptr_q[7]                                                   ;        ;
; u_pipe|g_fft[11].u_fft|u_meta_fifo|wr_ptr_q[8]                                                   ;        ;
; u_pipe|g_fft[12].u_fft|u_core|g_merge.u_merge|g_align[1].w_q                                     ;        ;
; u_pipe|g_fft[11].u_fft|u_meta_fifo|wr_ptr_q[9]                                                   ;        ;
; u_pipe|g_fft[11].u_fft|u_meta_fifo|wr_ptr_q[4]                                                   ;        ;
; u_pipe|g_fft[11].u_fft|u_meta_fifo|wr_ptr_q[5]                                                   ;        ;
; u_pipe|g_fft[11].u_fft|u_eb_in|wr_ptr_q[0]                                                       ;        ;
; u_pipe|g_fft[11].u_fft|u_eb_in|wr_ptr_q[1]                                                       ;        ;
; u_pipe|g_pfb[11].u_pfb|u_out|wr_ptr_q[3]                                                         ;        ;
; u_pipe|g_pfb[11].u_pfb|u_out|wr_ptr_q[2]                                                         ;        ;
; u_pipe|g_pfb[11].u_pfb|u_out|wr_ptr_q[1]                                                         ;        ;
; u_pipe|g_pfb[11].u_pfb|u_out|wr_ptr_q[0]                                                         ;        ;
; u_pipe|g_pfb[11].u_pfb|u_out|rd_ptr_q[3]                                                         ;        ;
; u_pipe|g_fft[12].u_fft|u_core|g_merge.u_merge|g_tag[0].w_q                                       ;        ;
; u_pipe|g_pfb[11].u_pfb|u_out|rd_ptr_q[2]                                                         ;        ;
; u_pipe|g_pfb[11].u_pfb|u_out|rd_ptr_q[1]                                                         ;        ;
; u_pipe|g_pfb[11].u_pfb|u_out|rd_ptr_q[0]                                                         ;        ;
; u_pipe|g_fft[11].u_fft|u_eb_in|rd_ptr_q[0]                                                       ;        ;
; u_pipe|g_fft[11].u_fft|u_eb_in|rd_ptr_q[1]                                                       ;        ;
; u_pipe|g_fft[6].u_fft|u_out_fifo|count_q[0]                                                      ;        ;
; u_pipe|g_fft[6].u_fft|u_out_fifo|count_q[1]                                                      ;        ;
; u_pipe|g_fft[6].u_fft|u_out_fifo|count_q[3]                                                      ;        ;
; u_pipe|g_fft[6].u_fft|u_out_fifo|count_q[4]                                                      ;        ;
; u_pipe|g_fft[6].u_fft|u_out_fifo|count_q[5]                                                      ;        ;
; u_pipe|g_fft[12].u_fft|u_core|g_merge.u_merge|g_tag[1].w_q                                       ;        ;
; u_pipe|g_fft[6].u_fft|u_out_fifo|count_q[6]                                                      ;        ;
; u_pipe|g_fft[6].u_fft|u_out_fifo|count_q[7]                                                      ;        ;
; u_pipe|g_fft[6].u_fft|u_out_fifo|count_q[8]                                                      ;        ;
; u_pipe|g_fft[6].u_fft|u_out_fifo|count_q[9]                                                      ;        ;
; u_pipe|g_fft[6].u_fft|u_out_fifo|count_q[10]                                                     ;        ;
; u_pipe|g_fft[6].u_fft|g_reorder.u_reorder|warm_cnt_q[1]                                          ;        ;
; u_pipe|g_fft[6].u_fft|g_reorder.u_reorder|warm_cnt_q[2]                                          ;        ;
; u_pipe|g_fft[6].u_fft|g_reorder.u_reorder|warm_cnt_q[3]                                          ;        ;
; u_pipe|g_fft[6].u_fft|g_reorder.u_reorder|warm_cnt_q[4]                                          ;        ;
; u_pipe|g_fft[6].u_fft|g_reorder.u_reorder|warm_cnt_q[5]                                          ;        ;
; u_pipe|g_fft[12].u_fft|u_core|g_merge.u_merge|g_tag[2].w_q                                       ;        ;
; u_pipe|g_fft[6].u_fft|g_reorder.u_reorder|warm_cnt_q[6]                                          ;        ;
; u_pipe|g_fft[6].u_fft|g_reorder.u_reorder|warm_cnt_q[7]                                          ;        ;
; u_pipe|g_fft[6].u_fft|g_reorder.u_reorder|warm_cnt_q[8]                                          ;        ;
; u_pipe|g_fft[6].u_fft|g_reorder.u_reorder|warm_cnt_q[9]                                          ;        ;
; u_pipe|g_fft[6].u_fft|u_core|g_lane[0].u_path|g_group[2].u_stage|u_bf2ii|warm_cnt_q[3]           ;        ;
; u_pipe|g_fft[6].u_fft|u_core|g_lane[0].u_path|g_group[2].u_stage|u_bf2ii|warm_cnt_q[2]           ;        ;
; u_pipe|g_fft[6].u_fft|u_core|g_lane[0].u_path|g_group[2].u_stage|u_bf2i|warm_cnt_q[2]            ;        ;
; u_pipe|g_fft[6].u_fft|u_core|g_lane[0].u_path|g_group[2].u_stage|u_bf2i|warm_cnt_q[1]            ;        ;
; u_pipe|g_fft[6].u_fft|u_core|g_lane[0].u_path|g_group[1].u_stage|u_bf2ii|warm_cnt_q[5]           ;        ;
; u_pipe|g_fft[6].u_fft|u_core|g_lane[0].u_path|g_group[1].u_stage|u_bf2ii|warm_cnt_q[4]           ;        ;
; u_pipe|g_fft[12].u_fft|u_core|g_merge.u_merge|g_tag[3].w_q                                       ;        ;
; u_pipe|g_fft[6].u_fft|u_core|g_lane[0].u_path|g_group[1].u_stage|u_bf2ii|warm_cnt_q[3]           ;        ;
; u_pipe|g_fft[6].u_fft|u_core|g_lane[0].u_path|g_group[1].u_stage|u_bf2ii|warm_cnt_q[2]           ;        ;
; u_pipe|g_fft[6].u_fft|u_core|g_lane[0].u_path|g_group[1].u_stage|u_bf2ii|warm_cnt_q[1]           ;        ;
; u_pipe|g_fft[6].u_fft|u_core|g_lane[0].u_path|g_group[1].u_stage|u_bf2i|warm_cnt_q[2]            ;        ;
; u_pipe|g_fft[6].u_fft|u_core|g_lane[0].u_path|g_group[1].u_stage|u_bf2i|warm_cnt_q[1]            ;        ;
; u_pipe|g_fft[6].u_fft|u_core|g_lane[0].u_path|g_group[0].u_stage|u_bf2ii|warm_cnt_q[5]           ;        ;
; u_pipe|g_fft[6].u_fft|u_core|g_lane[0].u_path|g_group[0].u_stage|u_bf2ii|warm_cnt_q[6]           ;        ;
; u_pipe|g_fft[6].u_fft|u_core|g_lane[0].u_path|g_group[0].u_stage|u_bf2ii|warm_cnt_q[7]           ;        ;
; u_pipe|g_fft[6].u_fft|u_core|g_lane[0].u_path|g_group[0].u_stage|u_bf2ii|warm_cnt_q[0]           ;        ;
; u_pipe|g_fft[6].u_fft|u_core|g_lane[0].u_path|g_group[0].u_stage|u_bf2ii|warm_cnt_q[1]           ;        ;
; u_pipe|g_fft[12].u_fft|u_core|g_merge.u_merge|warm_q                                             ;        ;
; u_pipe|g_fft[6].u_fft|u_core|g_lane[0].u_path|g_group[0].u_stage|u_bf2ii|warm_cnt_q[2]           ;        ;
; u_pipe|g_fft[6].u_fft|u_core|g_lane[0].u_path|g_group[0].u_stage|u_bf2i|warm_cnt_q[8]            ;        ;
; u_pipe|g_fft[6].u_fft|u_core|g_lane[0].u_path|g_group[0].u_stage|u_bf2i|warm_cnt_q[7]            ;        ;
; u_pipe|g_fft[6].u_fft|u_core|g_lane[0].u_path|g_group[0].u_stage|u_bf2i|warm_cnt_q[6]            ;        ;
; u_pipe|g_fft[6].u_fft|u_core|g_lane[0].u_path|g_group[0].u_stage|u_bf2i|warm_cnt_q[0]            ;        ;
; u_pipe|g_fft[6].u_fft|u_core|g_lane[0].u_path|g_group[0].u_stage|u_bf2i|warm_cnt_q[1]            ;        ;
; u_pipe|g_fft[6].u_fft|u_core|g_lane[0].u_path|g_group[0].u_stage|u_bf2i|warm_cnt_q[2]            ;        ;
; u_pipe|g_fft[6].u_fft|u_core|g_lane[0].u_path|g_group[0].u_stage|u_bf2i|warm_cnt_q[3]            ;        ;
; u_pipe|g_fft[6].u_fft|u_core|g_lane[0].u_path|g_group[0].u_stage|u_bf2i|warm_cnt_q[4]            ;        ;
; u_pipe|g_fft[6].u_fft|u_core|g_lane[0].u_path|g_group[0].u_stage|u_bf2i|warm_cnt_q[5]            ;        ;
; u_pipe|g_fft[12].u_fft|g_reorder.u_reorder|warm_cnt_q[0]                                         ;        ;
; u_pipe|g_fft[6].u_fft|u_core|g_lane[0].u_path|g_group[0].u_stage|u_bf2ii|warm_cnt_q[3]           ;        ;
; u_pipe|g_fft[6].u_fft|u_core|g_lane[0].u_path|g_group[0].u_stage|u_bf2ii|warm_cnt_q[4]           ;        ;
; u_pipe|g_fft[6].u_fft|u_core|g_lane[0].u_path|g_group[0].u_stage|g_twiddle.g_align[0].w_q        ;        ;
; u_pipe|g_fft[6].u_fft|u_core|g_lane[0].u_path|g_group[0].u_stage|g_twiddle.g_align[1].w_q        ;        ;
; u_pipe|g_fft[6].u_fft|u_core|g_lane[0].u_path|g_group[0].u_stage|g_twiddle.g_tag[0].w_q          ;        ;
; u_pipe|g_fft[6].u_fft|u_core|g_lane[0].u_path|g_group[0].u_stage|g_twiddle.g_tag[1].w_q          ;        ;
; u_pipe|g_fft[6].u_fft|u_core|g_lane[0].u_path|g_group[0].u_stage|g_twiddle.g_tag[2].w_q          ;        ;
; u_pipe|g_fft[6].u_fft|u_core|g_lane[0].u_path|g_group[0].u_stage|g_twiddle.g_tag[3].w_q          ;        ;
; u_pipe|g_fft[6].u_fft|u_core|g_lane[0].u_path|g_group[1].u_stage|u_bf2i|warm_cnt_q[0]            ;        ;
; u_pipe|g_fft[6].u_fft|u_core|g_lane[0].u_path|g_group[1].u_stage|u_bf2i|warm_cnt_q[3]            ;        ;
; u_pipe|g_fft[12].u_fft|credit_q[8]                                                               ;        ;
; u_pipe|g_fft[6].u_fft|u_core|g_lane[0].u_path|g_group[1].u_stage|u_bf2i|warm_cnt_q[4]            ;        ;
; u_pipe|g_fft[6].u_fft|u_core|g_lane[0].u_path|g_group[1].u_stage|u_bf2i|warm_cnt_q[5]            ;        ;
; u_pipe|g_fft[6].u_fft|u_core|g_lane[0].u_path|g_group[1].u_stage|u_bf2i|warm_cnt_q[6]            ;        ;
; u_pipe|g_fft[6].u_fft|u_core|g_lane[0].u_path|g_group[1].u_stage|u_bf2ii|warm_cnt_q[0]           ;        ;
; u_pipe|g_fft[6].u_fft|u_core|g_lane[0].u_path|g_group[1].u_stage|g_twiddle.g_align[0].w_q        ;        ;
; u_pipe|g_fft[6].u_fft|u_core|g_lane[0].u_path|g_group[1].u_stage|g_twiddle.g_align[1].w_q        ;        ;
; u_pipe|g_fft[6].u_fft|u_core|g_lane[0].u_path|g_group[1].u_stage|g_twiddle.g_tag[0].w_q          ;        ;
; u_pipe|g_fft[6].u_fft|u_core|g_lane[0].u_path|g_group[1].u_stage|g_twiddle.g_tag[1].w_q          ;        ;
; u_pipe|g_fft[6].u_fft|u_core|g_lane[0].u_path|g_group[1].u_stage|g_twiddle.g_tag[2].w_q          ;        ;
; u_pipe|g_fft[6].u_fft|u_core|g_lane[0].u_path|g_group[1].u_stage|g_twiddle.g_tag[3].w_q          ;        ;
; u_pipe|g_fft[12].u_fft|credit_q[9]                                                               ;        ;
; u_pipe|g_fft[6].u_fft|u_core|g_lane[0].u_path|g_group[2].u_stage|u_bf2i|warm_cnt_q[0]            ;        ;
; u_pipe|g_fft[6].u_fft|u_core|g_lane[0].u_path|g_group[2].u_stage|u_bf2i|warm_cnt_q[3]            ;        ;
; u_pipe|g_fft[6].u_fft|u_core|g_lane[0].u_path|g_group[2].u_stage|u_bf2i|warm_cnt_q[4]            ;        ;
; u_pipe|g_fft[6].u_fft|u_core|g_lane[0].u_path|g_group[2].u_stage|u_bf2ii|warm_cnt_q[0]           ;        ;
; u_pipe|g_fft[6].u_fft|u_core|g_lane[0].u_path|g_group[2].u_stage|u_bf2ii|warm_cnt_q[1]           ;        ;
; u_pipe|g_fft[6].u_fft|u_core|g_lane[0].u_path|g_group[2].u_stage|g_twiddle.g_align[0].w_q        ;        ;
; u_pipe|g_fft[6].u_fft|u_core|g_lane[0].u_path|g_group[2].u_stage|g_twiddle.g_align[1].w_q        ;        ;
; u_pipe|g_fft[6].u_fft|u_core|g_lane[0].u_path|g_group[2].u_stage|g_twiddle.g_tag[0].w_q          ;        ;
; u_pipe|g_fft[6].u_fft|u_core|g_lane[0].u_path|g_group[2].u_stage|g_twiddle.g_tag[1].w_q          ;        ;
; u_pipe|g_fft[6].u_fft|u_core|g_lane[0].u_path|g_group[2].u_stage|g_twiddle.g_tag[2].w_q          ;        ;
+--------------------------------------------------------------------------------------------------+--------+


Status:		PASS
Severity:		High
Number of violations: 	0
Rule Parameters:      	max_violations = 5000
+-------------------------------------------------+
; LNT-30011 - Design Contains Combinational Loops ;
+-------------------------------------------------+


Status:		PASS
Severity:		Medium
Number of violations: 	0
Rule Parameters:      	max_violations = 5000
+-----------------------------------------------------------------------------------------------------------------+
; LNT-30017 - Register Output Driving Its Own Asynchronous Control Signal Directly or Through Combinational Logic ;
+-----------------------------------------------------------------------------------------------------------------+


Status:		PASS
Severity:		Medium
Number of violations: 	0
Rule Parameters:      	max_violations = 5000
+-----------------------------------------------+
; LNT-30023 - Reset Nets with Polarity Conflict ;
+-----------------------------------------------+


Status:		PASS
Severity:		Medium
Number of violations: 	0
Rule Parameters:      	max_violations = 5000
+-------------------------------------------------+
; RES-30132 - Registers May Not Be Properly Reset ;
+-------------------------------------------------+


Status:		PASS
Severity:		Medium
Number of violations: 	0
Rule Parameters:      	
		max_violations = 5000
		exclude_ram_blocks_without_mif = True
+---------------------------------------------------------------------------------------------------------------------+
; RES-30133 - Embedded Memory Blocks with Initialized Content That Might be Modified Before the FPGA Enters User Mode ;
+---------------------------------------------------------------------------------------------------------------------+


Status:		PASS
Severity:		Medium
Number of violations: 	0
Rule Parameters:      	max_violations = 5000
+--------------------------------------------------------+
; TMC-20052 - Paths with Post Synthesis Inferred Latches ;
+--------------------------------------------------------+


Status:		PASS
Severity:		Low
Number of violations: 	0
Rule Parameters:      	max_violations = 5000
+------------------------------------------------+
; FLP-10500 - Non Driving Top Level Inputs Found ;
+------------------------------------------------+


Status:		PASS
Severity:		Low
Number of violations: 	0
Rule Parameters:      	max_violations = 5000
+--------------------------------------------------------------+
; LNT-30010 - Nets Driving both Reset and Clock Enable Signals ;
+--------------------------------------------------------------+


Status:		PASS
Severity:		Low
Number of violations: 	0
Rule Parameters:      	
		max_violations = 5000
		DSP_Chain_Threshold = 2
		DSP_Check_User_WYSIWYGs = True
+--------------------------------------------------------------+
; LNT-50006 - DSP Control Signal Registers Reset Mode Mismatch ;
+--------------------------------------------------------------+


Status:		PASS
Severity:		Low
Number of violations: 	0
Rule Parameters:      	
		max_violations = 5000
		DSP_High_Fanout_Net_Threshold = 500
		DSP_Chain_Threshold = 2
		DSP_Check_User_WYSIWYGs = True
+---------------------------------------------------+
; TMC-20053 - DSP Inputs Driven by High Fan-Out Net ;
+---------------------------------------------------+


Status:		PASS
Severity:		Low
Number of violations: 	0
Rule Parameters:      	max_violations = 5000
+-----------------------------------------------------------------------+
; TMC-20500 - Hierarchical Tree Duplication was Shallower than Possible ;
+-----------------------------------------------------------------------+


Status:		PASS
Severity:		Low
Number of violations: 	0
Rule Parameters:      	max_violations = 5000
+------------------------------------------------------------------------+
; TMC-20501 - Hierarchical Tree Duplication was Shallower than Requested ;
+------------------------------------------------------------------------+


