Synthesis Analysis & Elaboration Stage Report for agilex7_wideband
Tue Jul 28 12:07:27 2026
Quartus Prime Version 26.1.0 Build 110 03/26/2026 SC Pro Edition


---------------------
; Table of Contents ;
---------------------
  1. Legal Notice
  2. Ignored Source Level Assignments for User Entity pfb_bank Instance: u_pipe|g_pfb[15].u_pfb
  3. Ignored Source Level Assignments for User Entity history_core Instance: u_pipe|g_hist_rep[1].u_history
  4. Ignored Source Level Assignments for User Entity stream_cdc Instance: u_pipe|u_align_cdc
  5. Ignored Source Level Assignments for User Entity beamformer Instance: u_pipe|u_bf
  6. Ignored Source Level Assignments for User Entity behavioral_mem_model Instance: u_pipe|u_dma_mem
  7. Ignored Source Level Assignments for User Entity coeff_bank Instance: u_pipe|g_pfb[15].u_pfb|u_coeff
  8. Source Assignments for User Entity sync_fifo Instance: u_pipe|g_fft[15].u_fft|u_meta_fifo
  9. Source Assignments for User Entity sync_fifo Instance: u_pipe|g_fft[15].u_fft|u_out_fifo
 10. Ignored Source Level Assignments for User Entity cdc_handshake Instance: u_pipe|g_hist_rep[1].u_history|u_pub
 11. Ignored Source Level Assignments for User Entity cdc_pulse Instance: u_pipe|u_bf|u_weights|u_store|u_swap_cdc
 12. Source Assignments for User Entity history_bank Instance: u_pipe|g_hist_rep[1].u_history|g_ant[15].g_lane[1].u_bank
 13. Ignored Source Level Assignments for User Entity history_bank Instance: u_pipe|g_hist_rep[1].u_history|g_ant[15].g_lane[1].u_bank
 14. Source Assignments for User Entity sync_fifo Instance: u_pipe|g_hist_rep[1].u_history|u_out
 15. Ignored Source Level Assignments for User Entity cdc_handshake Instance: u_pipe|g_hist_rep[1].u_history|u_tele
 16. Source Assignments for User Entity async_fifo Instance: u_pipe|u_align_cdc|u_fifo
 17. Ignored Source Level Assignments for User Entity async_fifo Instance: u_pipe|u_align_cdc|u_fifo
 18. Ignored Source Level Assignments for User Entity weight_bank Instance: u_pipe|u_bf|u_weights
 19. Ignored Source Level Assignments for User Entity cdc_handshake Instance: u_pipe|g_pfb[15].u_pfb|u_coeff|u_wr_cdc
 20. Source Assignments for User Entity cdc_sync2 Instance: u_pipe|u_bf|u_weights|u_store|u_wr_cdc|u_sync_ack
 21. Ignored Source Level Assignments for User Entity cdc_sync2 Instance: u_pipe|u_bf|u_weights|u_store|u_wr_cdc|u_sync_ack
 22. Source Assignments for User Entity cdc_sync2 Instance: u_pipe|u_align_cdc|u_fifo|u_sync_wr_rst
 23. Ignored Source Level Assignments for User Entity cdc_sync2 Instance: u_pipe|u_align_cdc|u_fifo|u_sync_wr_rst
 24. Source Assignments for User Entity cdc_sync2 Instance: u_pipe|u_align_cdc|u_fifo|u_sync_wr_ptr
 25. Ignored Source Level Assignments for User Entity cdc_sync2 Instance: u_pipe|u_align_cdc|u_fifo|u_sync_wr_ptr
 26. Ignored Source Level Assignments for User Entity coeff_bank Instance: u_pipe|u_bf|u_weights|u_store
 27. Source Assignments for User Entity sync_fifo Instance: u_pipe|u_dma_fabric|g_egr[1].u_egr|g_vc[3].u_fifo
 28. Source Assignments for User Entity sync_fifo Instance: u_pipe|u_dma_fabric|g_stage[0].g_sw[0].u_sw|g_port[1].g_vc[3].u_fifo
 29. Ignored Source Level Assignments for User Entity cdc_handshake Instance: u_pipe|u_bf|u_weights|u_store|u_wr_cdc
 30. Source Assignments for User Entity fft_delay_line Instance: u_pipe|g_fft[15].u_fft|u_core|g_lane[0].u_path|g_group[1].u_stage|u_bf2i|u_dly
 31. Source Assignments for User Entity fft_delay_line Instance: u_pipe|g_fft[15].u_fft|u_core|g_lane[0].u_path|g_group[1].u_stage|u_bf2ii|u_dly
 32. Source Assignments for User Entity fft_delay_line Instance: u_pipe|g_fft[15].u_fft|u_core|g_lane[0].u_path|g_group[2].u_stage|u_bf2i|u_dly
 33. Source Assignments for User Entity fft_delay_line Instance: u_pipe|g_fft[15].u_fft|u_core|g_lane[0].u_path|g_group[2].u_stage|u_bf2ii|u_dly
 34. Source Assignments for User Entity fft_delay_line Instance: u_pipe|g_fft[15].u_fft|u_core|g_lane[0].u_path|g_group[3].u_stage|u_bf2i|u_dly
 35. Source Assignments for User Entity fft_delay_line Instance: u_pipe|g_fft[15].u_fft|u_core|g_lane[0].u_path|g_group[3].u_stage|u_bf2ii|u_dly
 36. Parameter Settings for User Entity pfb_bank Instance: u_pipe|g_pfb[15].u_pfb
 37. Parameter Settings for User Entity streaming_fft Instance: u_pipe|g_fft[15].u_fft
 38. Parameter Settings for User Entity history_core Instance: u_pipe|g_hist_rep[1].u_history
 39. Parameter Settings for User Entity align_net Instance: u_pipe|u_align
 40. Parameter Settings for User Entity stream_cdc Instance: u_pipe|u_align_cdc
 41. Parameter Settings for User Entity beamformer Instance: u_pipe|u_bf
 42. Parameter Settings for User Entity power_calc Instance: u_pipe|g_power_fanout[31].u_pc
 43. Parameter Settings for User Entity covar_engine Instance: u_pipe|u_covar
 44. Parameter Settings for User Entity stream_elastic_buffer Instance: u_pipe|u_fanout_fifo
 45. Parameter Settings for User Entity cfar_core Instance: u_pipe|g_cfar_per_beam[15].u_cfar
 46. Parameter Settings for User Entity pkt_rr_arb Instance: u_pipe|u_cfar_rr
 47. Parameter Settings for User Entity stream_elastic_buffer Instance: u_pipe|u_dma_tap_buf
 48. Parameter Settings for User Entity pkt_fabric Instance: u_pipe|u_dma_fabric
 49. Parameter Settings for User Entity mem_arbiter Instance: u_pipe|u_dma_arb
 50. Parameter Settings for User Entity behavioral_mem_model Instance: u_pipe|u_dma_mem
 51. Parameter Settings for User Entity coeff_bank Instance: u_pipe|g_pfb[15].u_pfb|u_coeff
 52. Parameter Settings for User Entity fir_lane Instance: u_pipe|g_pfb[15].u_pfb|g_lane[0].u_lane
 53. Parameter Settings for User Entity stream_elastic_buffer Instance: u_pipe|g_pfb[15].u_pfb|u_out
 54. Parameter Settings for User Entity fxp_sticky_flags Instance: u_pipe|u_covar|g_pair[7].u_int_im|u_sticky
 55. Parameter Settings for User Entity perf_counter Instance: u_pipe|u_align|u_collect|u_cnt_to
 56. Parameter Settings for User Entity perf_counter Instance: u_pipe|u_bf|u_frame_cnt
 57. Parameter Settings for User Entity stream_elastic_buffer Instance: u_pipe|g_fft[15].u_fft|u_eb_in
 58. Parameter Settings for User Entity sync_fifo Instance: u_pipe|g_fft[15].u_fft|u_meta_fifo
 59. Parameter Settings for User Entity fft_core Instance: u_pipe|g_fft[15].u_fft|u_core
 60. Parameter Settings for User Entity fft_reorder Instance: u_pipe|g_fft[15].u_fft|g_reorder.u_reorder
 61. Parameter Settings for User Entity sync_fifo Instance: u_pipe|g_fft[15].u_fft|u_out_fifo
 62. Parameter Settings for User Entity perf_counter Instance: u_pipe|u_dma_fabric|g_egr[1].u_egr|u_c_flits
 63. Parameter Settings for User Entity perf_counter Instance: u_pipe|g_hist_rep[1].u_history|u_cnt_wbeat
 64. Parameter Settings for User Entity cdc_handshake Instance: u_pipe|g_hist_rep[1].u_history|u_pub
 65. Parameter Settings for User Entity cdc_pulse Instance: u_pipe|u_bf|u_weights|u_store|u_swap_cdc
 66. Parameter Settings for User Entity history_bank Instance: u_pipe|g_hist_rep[1].u_history|g_ant[15].g_lane[1].u_bank
 67. Parameter Settings for User Entity sync_fifo Instance: u_pipe|g_hist_rep[1].u_history|u_out
 68. Parameter Settings for User Entity cdc_handshake Instance: u_pipe|g_hist_rep[1].u_history|u_tele
 69. Parameter Settings for User Entity align_switch Instance: u_pipe|u_align|u_switch
 70. Parameter Settings for User Entity align_collect Instance: u_pipe|u_align|u_collect
 71. Parameter Settings for User Entity perf_counter Instance: u_pipe|u_align|u_collect|u_cnt_orph
 72. Parameter Settings for User Entity async_fifo Instance: u_pipe|u_align_cdc|u_fifo
 73. Parameter Settings for User Entity weight_bank Instance: u_pipe|u_bf|u_weights
 74. Parameter Settings for User Entity bf_dot Instance: u_pipe|u_bf|g_bin[1].g_beam[15].u_dot
 75. Parameter Settings for User Entity stream_elastic_buffer Instance: u_pipe|u_bf|u_out
 76. Parameter Settings for User Entity complex_multiplier Instance: u_pipe|u_bf|g_bin[1].g_beam[15].u_dot|g_mult[9].u_mult
 77. Parameter Settings for User Entity integrator Instance: u_pipe|u_covar|g_pair[7].u_int_im
 78. Parameter Settings for User Entity cfar_window Instance: u_pipe|g_cfar_per_beam[15].u_cfar|u_window
 79. Parameter Settings for User Entity stream_elastic_buffer Instance: u_pipe|g_cfar_per_beam[15].u_cfar|u_out
 80. Parameter Settings for User Entity pkt_ingress Instance: u_pipe|u_dma_fabric|g_ing[0].u_ing
 81. Parameter Settings for User Entity pkt_ingress Instance: u_pipe|u_dma_fabric|g_ing[1].u_ing
 82. Parameter Settings for User Entity pkt_switch_stage Instance: u_pipe|u_dma_fabric|g_stage[0].g_sw[0].u_sw
 83. Parameter Settings for User Entity pkt_egress Instance: u_pipe|u_dma_fabric|g_egr[0].u_egr
 84. Parameter Settings for User Entity pkt_egress Instance: u_pipe|u_dma_fabric|g_egr[1].u_egr
 85. Parameter Settings for User Entity cdc_handshake Instance: u_pipe|g_pfb[15].u_pfb|u_coeff|u_wr_cdc
 86. Parameter Settings for User Entity cdc_sync2 Instance: u_pipe|u_bf|u_weights|u_store|u_wr_cdc|u_sync_ack
 87. Parameter Settings for User Entity delay_line Instance: u_pipe|g_pfb[15].u_pfb|g_lane[0].u_lane|g_delay.u_hist
 88. Parameter Settings for User Entity fft_sdf_path Instance: u_pipe|g_fft[15].u_fft|u_core|g_lane[0].u_path
 89. Parameter Settings for User Entity fft_dit_merge Instance: u_pipe|g_fft[15].u_fft|u_core|g_merge.u_merge
 90. Parameter Settings for User Entity align_xbar Instance: u_pipe|u_align|u_switch|g_xbar.u_net
 91. Parameter Settings for User Entity stream_elastic_buffer Instance: u_pipe|u_align|u_collect|u_out
 92. Parameter Settings for User Entity cdc_sync2 Instance: u_pipe|u_align_cdc|u_fifo|u_sync_wr_rst
 93. Parameter Settings for User Entity cdc_sync2 Instance: u_pipe|u_align_cdc|u_fifo|u_sync_wr_ptr
 94. Parameter Settings for User Entity coeff_bank Instance: u_pipe|u_bf|u_weights|u_store
 95. Parameter Settings for User Entity sync_fifo Instance: u_pipe|u_dma_fabric|g_egr[1].u_egr|g_vc[3].u_fifo
 96. Parameter Settings for User Entity pkt_rr_arb Instance: u_pipe|u_dma_fabric|g_egr[1].u_egr|u_out_arb
 97. Parameter Settings for User Entity sync_fifo Instance: u_pipe|u_dma_fabric|g_stage[0].g_sw[0].u_sw|g_port[1].g_vc[3].u_fifo
 98. Parameter Settings for User Entity pkt_rr_arb Instance: u_pipe|u_dma_fabric|g_stage[0].g_sw[0].u_sw|g_va_out[1].g_va_vc[3].u_va
 99. Parameter Settings for User Entity fft_radix22_stage Instance: u_pipe|g_fft[15].u_fft|u_core|g_lane[0].u_path|g_group[0].u_stage
100. Parameter Settings for User Entity fft_radix22_stage Instance: u_pipe|g_fft[15].u_fft|u_core|g_lane[0].u_path|g_group[1].u_stage
101. Parameter Settings for User Entity fft_radix22_stage Instance: u_pipe|g_fft[15].u_fft|u_core|g_lane[0].u_path|g_group[2].u_stage
102. Parameter Settings for User Entity fft_radix22_stage Instance: u_pipe|g_fft[15].u_fft|u_core|g_lane[0].u_path|g_group[3].u_stage
103. Parameter Settings for User Entity fft_bf2 Instance: u_pipe|g_fft[15].u_fft|u_core|g_lane[0].u_path|g_tail.u_tail
104. Parameter Settings for User Entity fft_twiddle_rom Instance: u_pipe|g_fft[15].u_fft|u_core|g_merge.u_merge|u_rom
105. Parameter Settings for User Entity complex_multiplier Instance: u_pipe|g_fft[15].u_fft|u_core|g_lane[0].u_path|g_group[3].u_stage|g_twiddle.u_mul
106. Parameter Settings for User Entity cdc_handshake Instance: u_pipe|u_bf|u_weights|u_store|u_wr_cdc
107. Parameter Settings for User Entity fft_bf2 Instance: u_pipe|g_fft[15].u_fft|u_core|g_lane[0].u_path|g_group[0].u_stage|u_bf2i
108. Parameter Settings for User Entity fft_bf2 Instance: u_pipe|g_fft[15].u_fft|u_core|g_lane[0].u_path|g_group[0].u_stage|u_bf2ii
109. Parameter Settings for User Entity fft_twiddle_rom Instance: u_pipe|g_fft[15].u_fft|u_core|g_lane[0].u_path|g_group[0].u_stage|g_twiddle.u_rom
110. Parameter Settings for User Entity fft_bf2 Instance: u_pipe|g_fft[15].u_fft|u_core|g_lane[0].u_path|g_group[1].u_stage|u_bf2i
111. Parameter Settings for User Entity fft_bf2 Instance: u_pipe|g_fft[15].u_fft|u_core|g_lane[0].u_path|g_group[1].u_stage|u_bf2ii
112. Parameter Settings for User Entity fft_twiddle_rom Instance: u_pipe|g_fft[15].u_fft|u_core|g_lane[0].u_path|g_group[1].u_stage|g_twiddle.u_rom
113. Parameter Settings for User Entity fft_bf2 Instance: u_pipe|g_fft[15].u_fft|u_core|g_lane[0].u_path|g_group[2].u_stage|u_bf2i
114. Parameter Settings for User Entity fft_bf2 Instance: u_pipe|g_fft[15].u_fft|u_core|g_lane[0].u_path|g_group[2].u_stage|u_bf2ii
115. Parameter Settings for User Entity fft_twiddle_rom Instance: u_pipe|g_fft[15].u_fft|u_core|g_lane[0].u_path|g_group[2].u_stage|g_twiddle.u_rom
116. Parameter Settings for User Entity fft_bf2 Instance: u_pipe|g_fft[15].u_fft|u_core|g_lane[0].u_path|g_group[3].u_stage|u_bf2i
117. Parameter Settings for User Entity fft_bf2 Instance: u_pipe|g_fft[15].u_fft|u_core|g_lane[0].u_path|g_group[3].u_stage|u_bf2ii
118. Parameter Settings for User Entity fft_twiddle_rom Instance: u_pipe|g_fft[15].u_fft|u_core|g_lane[0].u_path|g_group[3].u_stage|g_twiddle.u_rom
119. Parameter Settings for User Entity fft_delay_line Instance: u_pipe|g_fft[15].u_fft|u_core|g_lane[0].u_path|g_tail.u_tail|u_dly
120. Parameter Settings for User Entity fft_delay_line Instance: u_pipe|g_fft[15].u_fft|u_core|g_lane[0].u_path|g_group[0].u_stage|u_bf2i|u_dly
121. Parameter Settings for User Entity fft_delay_line Instance: u_pipe|g_fft[15].u_fft|u_core|g_lane[0].u_path|g_group[0].u_stage|u_bf2ii|u_dly
122. Parameter Settings for User Entity fft_delay_line Instance: u_pipe|g_fft[15].u_fft|u_core|g_lane[0].u_path|g_group[1].u_stage|u_bf2i|u_dly
123. Parameter Settings for User Entity fft_delay_line Instance: u_pipe|g_fft[15].u_fft|u_core|g_lane[0].u_path|g_group[1].u_stage|u_bf2ii|u_dly
124. Parameter Settings for User Entity fft_delay_line Instance: u_pipe|g_fft[15].u_fft|u_core|g_lane[0].u_path|g_group[2].u_stage|u_bf2i|u_dly
125. Parameter Settings for User Entity fft_delay_line Instance: u_pipe|g_fft[15].u_fft|u_core|g_lane[0].u_path|g_group[2].u_stage|u_bf2ii|u_dly
126. Parameter Settings for User Entity fft_delay_line Instance: u_pipe|g_fft[15].u_fft|u_core|g_lane[0].u_path|g_group[3].u_stage|u_bf2i|u_dly
127. Parameter Settings for User Entity fft_delay_line Instance: u_pipe|g_fft[15].u_fft|u_core|g_lane[0].u_path|g_group[3].u_stage|u_bf2ii|u_dly
128. Verilog Macro Usage
129. Assignments with Invalid Source or Target
130. Hierarchies Optimized Away During Sweep
131. Top Causes of Logic Optimized Away During Sweep
132. Analysis & Elaboration Messages



----------------
; Legal Notice ;
----------------
Copyright (C) 2026  Altera Corporation. All rights reserved.
Your use of Altera Corporation's design tools, logic functions 
and other software and tools, and any partner logic 
functions, and any output files from any of the foregoing 
(including device programming or simulation files), and any 
associated documentation or information are expressly subject 
to the terms and conditions of the Altera Program License 
Subscription Agreement, the Altera Quartus Prime License Agreement,
the Altera IP License Agreement, or other applicable license
agreement, including, without limitation, that your use is for
the sole purpose of programming logic devices manufactured by
Altera and sold by Altera or its authorized distributors.  Please
refer to the Altera Software License Subscription Agreements 
on the Quartus Prime software download page.



+-------------------------------------------------------------------------------------------------------------------+
; Ignored Source Level Assignments for User Entity pfb_bank Instance: u_pipe|g_pfb[15].u_pfb                        ;
+---------------+-------------------+----+-------------------------+------------------------------------------------+
; Assignment    ; Value             ; To ; Reason                  ; Source Location                                ;
+---------------+-------------------+----+-------------------------+------------------------------------------------+
; cdc_dst_clk   ; "core_clk"        ; -  ; Invalid assignment name ; D:/agilex-7-radar-test/rtl/pfb/pfb_bank.sv:110 ;
; cdc_primitive ; "pfb_coeff_plane" ; -  ; Invalid assignment name ; D:/agilex-7-radar-test/rtl/pfb/pfb_bank.sv:110 ;
; cdc_src_clk   ; "cfg_clk"         ; -  ; Invalid assignment name ; D:/agilex-7-radar-test/rtl/pfb/pfb_bank.sv:110 ;
; cdc_stages    ; "SYNC_STAGES"     ; -  ; Invalid assignment name ; D:/agilex-7-radar-test/rtl/pfb/pfb_bank.sv:110 ;
; cdc_width     ; "32"              ; -  ; Invalid assignment name ; D:/agilex-7-radar-test/rtl/pfb/pfb_bank.sv:110 ;
+---------------+-------------------+----+-------------------------+------------------------------------------------+
All Instances:
u_pipe|g_pfb[0].u_pfb
u_pipe|g_pfb[1].u_pfb
u_pipe|g_pfb[2].u_pfb
u_pipe|g_pfb[3].u_pfb
u_pipe|g_pfb[4].u_pfb
u_pipe|g_pfb[5].u_pfb
u_pipe|g_pfb[6].u_pfb
u_pipe|g_pfb[7].u_pfb
u_pipe|g_pfb[8].u_pfb
u_pipe|g_pfb[9].u_pfb
u_pipe|g_pfb[10].u_pfb
u_pipe|g_pfb[11].u_pfb
u_pipe|g_pfb[12].u_pfb
u_pipe|g_pfb[13].u_pfb
u_pipe|g_pfb[14].u_pfb
u_pipe|g_pfb[15].u_pfb



+------------------------------------------------------------------------------------------------------------------------------+
; Ignored Source Level Assignments for User Entity history_core Instance: u_pipe|g_hist_rep[1].u_history                       ;
+---------------+-----------------------+----+-------------------------+-------------------------------------------------------+
; Assignment    ; Value                 ; To ; Reason                  ; Source Location                                       ;
+---------------+-----------------------+----+-------------------------+-------------------------------------------------------+
; cdc_dst_clk   ; "history_clk"         ; -  ; Invalid assignment name ; D:/agilex-7-radar-test/rtl/memory/history_core.sv:256 ;
; cdc_primitive ; "history_corner_turn" ; -  ; Invalid assignment name ; D:/agilex-7-radar-test/rtl/memory/history_core.sv:256 ;
; cdc_src_clk   ; "core_clk"            ; -  ; Invalid assignment name ; D:/agilex-7-radar-test/rtl/memory/history_core.sv:256 ;
; cdc_stages    ; "SYNC_STAGES"         ; -  ; Invalid assignment name ; D:/agilex-7-radar-test/rtl/memory/history_core.sv:256 ;
; cdc_width     ; "PUB_W"               ; -  ; Invalid assignment name ; D:/agilex-7-radar-test/rtl/memory/history_core.sv:256 ;
+---------------+-----------------------+----+-------------------------+-------------------------------------------------------+
All Instances:
u_pipe|g_hist_rep[0].u_history
u_pipe|g_hist_rep[1].u_history



+----------------------------------------------------------------------------------------------------------------+
; Ignored Source Level Assignments for User Entity stream_cdc Instance: u_pipe|u_align_cdc                       ;
+---------------+---------------+----+-------------------------+-------------------------------------------------+
; Assignment    ; Value         ; To ; Reason                  ; Source Location                                 ;
+---------------+---------------+----+-------------------------+-------------------------------------------------+
; cdc_dst_clk   ; "m_clk"       ; -  ; Invalid assignment name ; D:/agilex-7-radar-test/rtl/cdc/stream_cdc.sv:55 ;
; cdc_primitive ; "stream_cdc"  ; -  ; Invalid assignment name ; D:/agilex-7-radar-test/rtl/cdc/stream_cdc.sv:55 ;
; cdc_src_clk   ; "s_clk"       ; -  ; Invalid assignment name ; D:/agilex-7-radar-test/rtl/cdc/stream_cdc.sv:55 ;
; cdc_stages    ; "SYNC_STAGES" ; -  ; Invalid assignment name ; D:/agilex-7-radar-test/rtl/cdc/stream_cdc.sv:55 ;
; cdc_width     ; "PAYLOAD_W"   ; -  ; Invalid assignment name ; D:/agilex-7-radar-test/rtl/cdc/stream_cdc.sv:55 ;
+---------------+---------------+----+-------------------------+-------------------------------------------------+
All Instances:
u_pipe|u_align_cdc



+------------------------------------------------------------------------------------------------------------------------------------+
; Ignored Source Level Assignments for User Entity beamformer Instance: u_pipe|u_bf                                                  ;
+---------------+---------------------------+----+-------------------------+---------------------------------------------------------+
; Assignment    ; Value                     ; To ; Reason                  ; Source Location                                         ;
+---------------+---------------------------+----+-------------------------+---------------------------------------------------------+
; cdc_dst_clk   ; "core_clk"                ; -  ; Invalid assignment name ; D:/agilex-7-radar-test/rtl/beamformer/beamformer.sv:176 ;
; cdc_primitive ; "beamformer_weight_plane" ; -  ; Invalid assignment name ; D:/agilex-7-radar-test/rtl/beamformer/beamformer.sv:176 ;
; cdc_src_clk   ; "cfg_clk"                 ; -  ; Invalid assignment name ; D:/agilex-7-radar-test/rtl/beamformer/beamformer.sv:176 ;
; cdc_stages    ; "SYNC_STAGES"             ; -  ; Invalid assignment name ; D:/agilex-7-radar-test/rtl/beamformer/beamformer.sv:176 ;
; cdc_width     ; "32"                      ; -  ; Invalid assignment name ; D:/agilex-7-radar-test/rtl/beamformer/beamformer.sv:176 ;
+---------------+---------------------------+----+-------------------------+---------------------------------------------------------+
All Instances:
u_pipe|u_bf



+------------------------------------------------------------------------------------------------------------------+
; Ignored Source Level Assignments for User Entity behavioral_mem_model Instance: u_pipe|u_dma_mem                 ;
+------------+-------+----+-------------------------+--------------------------------------------------------------+
; Assignment ; Value ; To ; Reason                  ; Source Location                                              ;
+------------+-------+----+-------------------------+--------------------------------------------------------------+
; except     ; 1     ; -  ; Invalid assignment name ; D:/agilex-7-radar-test/rtl/memory/behavioral_mem_model.sv:21 ;
; file       ; 1     ; -  ; Invalid assignment name ; D:/agilex-7-radar-test/rtl/memory/behavioral_mem_model.sv:21 ;
; list       ; 1     ; -  ; Invalid assignment name ; D:/agilex-7-radar-test/rtl/memory/behavioral_mem_model.sv:21 ;
; sim        ; 1     ; -  ; Invalid assignment name ; D:/agilex-7-radar-test/rtl/memory/behavioral_mem_model.sv:21 ;
; the        ; 1     ; -  ; Invalid assignment name ; D:/agilex-7-radar-test/rtl/memory/behavioral_mem_model.sv:21 ;
; wrapper    ; 1     ; -  ; Invalid assignment name ; D:/agilex-7-radar-test/rtl/memory/behavioral_mem_model.sv:21 ;
+------------+-------+----+-------------------------+--------------------------------------------------------------+
All Instances:
u_pipe|u_dma_mem



+---------------------------------------------------------------------------------------------------------------------+
; Ignored Source Level Assignments for User Entity coeff_bank Instance: u_pipe|g_pfb[15].u_pfb|u_coeff                ;
+---------------+-------------------+----+-------------------------+--------------------------------------------------+
; Assignment    ; Value             ; To ; Reason                  ; Source Location                                  ;
+---------------+-------------------+----+-------------------------+--------------------------------------------------+
; cdc_dst_clk   ; "core_clk"        ; -  ; Invalid assignment name ; D:/agilex-7-radar-test/rtl/pfb/coeff_bank.sv:109 ;
; cdc_primitive ; "coeff_bank_dual" ; -  ; Invalid assignment name ; D:/agilex-7-radar-test/rtl/pfb/coeff_bank.sv:109 ;
; cdc_src_clk   ; "cfg_clk"         ; -  ; Invalid assignment name ; D:/agilex-7-radar-test/rtl/pfb/coeff_bank.sv:109 ;
; cdc_stages    ; "SYNC_STAGES"     ; -  ; Invalid assignment name ; D:/agilex-7-radar-test/rtl/pfb/coeff_bank.sv:109 ;
; cdc_width     ; "32"              ; -  ; Invalid assignment name ; D:/agilex-7-radar-test/rtl/pfb/coeff_bank.sv:109 ;
+---------------+-------------------+----+-------------------------+--------------------------------------------------+
All Instances:
u_pipe|g_pfb[0].u_pfb|u_coeff
u_pipe|g_pfb[1].u_pfb|u_coeff
u_pipe|g_pfb[2].u_pfb|u_coeff
u_pipe|g_pfb[3].u_pfb|u_coeff
u_pipe|g_pfb[4].u_pfb|u_coeff
u_pipe|g_pfb[5].u_pfb|u_coeff
u_pipe|g_pfb[6].u_pfb|u_coeff
u_pipe|g_pfb[7].u_pfb|u_coeff
u_pipe|g_pfb[8].u_pfb|u_coeff
u_pipe|g_pfb[9].u_pfb|u_coeff
u_pipe|g_pfb[10].u_pfb|u_coeff
u_pipe|g_pfb[11].u_pfb|u_coeff
u_pipe|g_pfb[12].u_pfb|u_coeff
u_pipe|g_pfb[13].u_pfb|u_coeff
u_pipe|g_pfb[14].u_pfb|u_coeff
u_pipe|g_pfb[15].u_pfb|u_coeff



+-------------------------------------------------------------------------------------------+
; Source Assignments for User Entity sync_fifo Instance: u_pipe|g_fft[15].u_fft|u_meta_fifo ;
+------------------------+-------------+------+-------------+-------------------------------+
; Assignment             ; Value       ; From ; To          ; Source Location               ;
+------------------------+-------------+------+-------------+-------------------------------+
; RAMSTYLE_ATTRIBUTE     ; MLAB        ; -    ; g_store.mem ; sync_fifo.sv:169              ;
; RAMSTYLE_ATTRIBUTE_RDW ; no_rw_check ; -    ; g_store.mem ; sync_fifo.sv:169              ;
+------------------------+-------------+------+-------------+-------------------------------+
All Instances:
u_pipe|g_fft[0].u_fft|u_meta_fifo
u_pipe|g_fft[1].u_fft|u_meta_fifo
u_pipe|g_fft[2].u_fft|u_meta_fifo
u_pipe|g_fft[3].u_fft|u_meta_fifo
u_pipe|g_fft[4].u_fft|u_meta_fifo
u_pipe|g_fft[5].u_fft|u_meta_fifo
u_pipe|g_fft[6].u_fft|u_meta_fifo
u_pipe|g_fft[7].u_fft|u_meta_fifo
u_pipe|g_fft[8].u_fft|u_meta_fifo
u_pipe|g_fft[9].u_fft|u_meta_fifo
u_pipe|g_fft[10].u_fft|u_meta_fifo
u_pipe|g_fft[11].u_fft|u_meta_fifo
u_pipe|g_fft[12].u_fft|u_meta_fifo
u_pipe|g_fft[13].u_fft|u_meta_fifo
u_pipe|g_fft[14].u_fft|u_meta_fifo
u_pipe|g_fft[15].u_fft|u_meta_fifo



+------------------------------------------------------------------------------------------+
; Source Assignments for User Entity sync_fifo Instance: u_pipe|g_fft[15].u_fft|u_out_fifo ;
+------------------------+-------------+------+-------------+------------------------------+
; Assignment             ; Value       ; From ; To          ; Source Location              ;
+------------------------+-------------+------+-------------+------------------------------+
; RAMSTYLE_ATTRIBUTE     ; MLAB        ; -    ; g_store.mem ; sync_fifo.sv:169             ;
; RAMSTYLE_ATTRIBUTE_RDW ; no_rw_check ; -    ; g_store.mem ; sync_fifo.sv:169             ;
+------------------------+-------------+------+-------------+------------------------------+
All Instances:
u_pipe|g_fft[0].u_fft|u_out_fifo
u_pipe|g_fft[1].u_fft|u_out_fifo
u_pipe|g_fft[2].u_fft|u_out_fifo
u_pipe|g_fft[3].u_fft|u_out_fifo
u_pipe|g_fft[4].u_fft|u_out_fifo
u_pipe|g_fft[5].u_fft|u_out_fifo
u_pipe|g_fft[6].u_fft|u_out_fifo
u_pipe|g_fft[7].u_fft|u_out_fifo
u_pipe|g_fft[8].u_fft|u_out_fifo
u_pipe|g_fft[9].u_fft|u_out_fifo
u_pipe|g_fft[10].u_fft|u_out_fifo
u_pipe|g_fft[11].u_fft|u_out_fifo
u_pipe|g_fft[12].u_fft|u_out_fifo
u_pipe|g_fft[13].u_fft|u_out_fifo
u_pipe|g_fft[14].u_fft|u_out_fifo
u_pipe|g_fft[15].u_fft|u_out_fifo



+------------------------------------------------------------------------------------------------------------------------+
; Ignored Source Level Assignments for User Entity cdc_handshake Instance: u_pipe|g_hist_rep[1].u_history|u_pub          ;
+---------------+--------------------+----+-------------------------+----------------------------------------------------+
; Assignment    ; Value              ; To ; Reason                  ; Source Location                                    ;
+---------------+--------------------+----+-------------------------+----------------------------------------------------+
; cdc_dst_clk   ; "dst_clk"          ; -  ; Invalid assignment name ; D:/agilex-7-radar-test/rtl/cdc/cdc_handshake.sv:72 ;
; cdc_primitive ; "handshake_4phase" ; -  ; Invalid assignment name ; D:/agilex-7-radar-test/rtl/cdc/cdc_handshake.sv:72 ;
; cdc_src_clk   ; "src_clk"          ; -  ; Invalid assignment name ; D:/agilex-7-radar-test/rtl/cdc/cdc_handshake.sv:72 ;
; cdc_stages    ; "SYNC_STAGES"      ; -  ; Invalid assignment name ; D:/agilex-7-radar-test/rtl/cdc/cdc_handshake.sv:72 ;
; cdc_width     ; "WIDTH"            ; -  ; Invalid assignment name ; D:/agilex-7-radar-test/rtl/cdc/cdc_handshake.sv:72 ;
+---------------+--------------------+----+-------------------------+----------------------------------------------------+
All Instances:
u_pipe|g_hist_rep[0].u_history|u_pub
u_pipe|g_hist_rep[1].u_history|u_pub



+----------------------------------------------------------------------------------------------------------------+
; Ignored Source Level Assignments for User Entity cdc_pulse Instance: u_pipe|u_bf|u_weights|u_store|u_swap_cdc  ;
+---------------+----------------+----+-------------------------+------------------------------------------------+
; Assignment    ; Value          ; To ; Reason                  ; Source Location                                ;
+---------------+----------------+----+-------------------------+------------------------------------------------+
; cdc_dst_clk   ; "dst_clk"      ; -  ; Invalid assignment name ; D:/agilex-7-radar-test/rtl/cdc/cdc_pulse.sv:54 ;
; cdc_primitive ; "pulse_toggle" ; -  ; Invalid assignment name ; D:/agilex-7-radar-test/rtl/cdc/cdc_pulse.sv:54 ;
; cdc_src_clk   ; "src_clk"      ; -  ; Invalid assignment name ; D:/agilex-7-radar-test/rtl/cdc/cdc_pulse.sv:54 ;
; cdc_stages    ; "SYNC_STAGES"  ; -  ; Invalid assignment name ; D:/agilex-7-radar-test/rtl/cdc/cdc_pulse.sv:54 ;
; cdc_width     ; "1"            ; -  ; Invalid assignment name ; D:/agilex-7-radar-test/rtl/cdc/cdc_pulse.sv:54 ;
+---------------+----------------+----+-------------------------+------------------------------------------------+
All Instances:
u_pipe|g_hist_rep[0].u_history|u_clear
u_pipe|g_hist_rep[1].u_history|u_clear
u_pipe|g_pfb[0].u_pfb|u_coeff|u_swap_cdc
u_pipe|g_pfb[1].u_pfb|u_coeff|u_swap_cdc
u_pipe|g_pfb[2].u_pfb|u_coeff|u_swap_cdc
u_pipe|g_pfb[3].u_pfb|u_coeff|u_swap_cdc
u_pipe|g_pfb[4].u_pfb|u_coeff|u_swap_cdc
u_pipe|g_pfb[5].u_pfb|u_coeff|u_swap_cdc
u_pipe|g_pfb[6].u_pfb|u_coeff|u_swap_cdc
u_pipe|g_pfb[7].u_pfb|u_coeff|u_swap_cdc
u_pipe|g_pfb[8].u_pfb|u_coeff|u_swap_cdc
u_pipe|g_pfb[9].u_pfb|u_coeff|u_swap_cdc
u_pipe|g_pfb[10].u_pfb|u_coeff|u_swap_cdc
u_pipe|g_pfb[11].u_pfb|u_coeff|u_swap_cdc
u_pipe|g_pfb[12].u_pfb|u_coeff|u_swap_cdc
u_pipe|g_pfb[13].u_pfb|u_coeff|u_swap_cdc
u_pipe|g_pfb[14].u_pfb|u_coeff|u_swap_cdc
u_pipe|g_pfb[15].u_pfb|u_coeff|u_swap_cdc
u_pipe|u_bf|u_weights|u_store|u_swap_cdc



+---------------------------------------------------------------------------------------------------------------------+
; Source Assignments for User Entity history_bank Instance: u_pipe|g_hist_rep[1].u_history|g_ant[15].g_lane[1].u_bank ;
+------------------------+-------------+------+-------------+---------------------------------------------------------+
; Assignment             ; Value       ; From ; To          ; Source Location                                         ;
+------------------------+-------------+------+-------------+---------------------------------------------------------+
; RAMSTYLE_ATTRIBUTE_RDW ; no_rw_check ; -    ; g_store.mem ; history_bank.sv:203                                     ;
+------------------------+-------------+------+-------------+---------------------------------------------------------+
All Instances:
u_pipe|g_hist_rep[0].u_history|g_ant[0].g_lane[0].u_bank
u_pipe|g_hist_rep[1].u_history|g_ant[0].g_lane[0].u_bank
u_pipe|g_hist_rep[0].u_history|g_ant[0].g_lane[1].u_bank
u_pipe|g_hist_rep[1].u_history|g_ant[0].g_lane[1].u_bank
u_pipe|g_hist_rep[0].u_history|g_ant[1].g_lane[0].u_bank
u_pipe|g_hist_rep[1].u_history|g_ant[1].g_lane[0].u_bank
u_pipe|g_hist_rep[0].u_history|g_ant[1].g_lane[1].u_bank
u_pipe|g_hist_rep[1].u_history|g_ant[1].g_lane[1].u_bank
u_pipe|g_hist_rep[0].u_history|g_ant[2].g_lane[0].u_bank
u_pipe|g_hist_rep[1].u_history|g_ant[2].g_lane[0].u_bank
u_pipe|g_hist_rep[0].u_history|g_ant[2].g_lane[1].u_bank
u_pipe|g_hist_rep[1].u_history|g_ant[2].g_lane[1].u_bank
u_pipe|g_hist_rep[0].u_history|g_ant[3].g_lane[0].u_bank
u_pipe|g_hist_rep[1].u_history|g_ant[3].g_lane[0].u_bank
u_pipe|g_hist_rep[0].u_history|g_ant[3].g_lane[1].u_bank
u_pipe|g_hist_rep[1].u_history|g_ant[3].g_lane[1].u_bank
u_pipe|g_hist_rep[0].u_history|g_ant[4].g_lane[0].u_bank
u_pipe|g_hist_rep[1].u_history|g_ant[4].g_lane[0].u_bank
u_pipe|g_hist_rep[0].u_history|g_ant[4].g_lane[1].u_bank
u_pipe|g_hist_rep[1].u_history|g_ant[4].g_lane[1].u_bank
u_pipe|g_hist_rep[0].u_history|g_ant[5].g_lane[0].u_bank
u_pipe|g_hist_rep[1].u_history|g_ant[5].g_lane[0].u_bank
u_pipe|g_hist_rep[0].u_history|g_ant[5].g_lane[1].u_bank
u_pipe|g_hist_rep[1].u_history|g_ant[5].g_lane[1].u_bank
u_pipe|g_hist_rep[0].u_history|g_ant[6].g_lane[0].u_bank
u_pipe|g_hist_rep[1].u_history|g_ant[6].g_lane[0].u_bank
u_pipe|g_hist_rep[0].u_history|g_ant[6].g_lane[1].u_bank
u_pipe|g_hist_rep[1].u_history|g_ant[6].g_lane[1].u_bank
u_pipe|g_hist_rep[0].u_history|g_ant[7].g_lane[0].u_bank
u_pipe|g_hist_rep[1].u_history|g_ant[7].g_lane[0].u_bank
u_pipe|g_hist_rep[0].u_history|g_ant[7].g_lane[1].u_bank
u_pipe|g_hist_rep[1].u_history|g_ant[7].g_lane[1].u_bank
u_pipe|g_hist_rep[0].u_history|g_ant[8].g_lane[0].u_bank
u_pipe|g_hist_rep[1].u_history|g_ant[8].g_lane[0].u_bank
u_pipe|g_hist_rep[0].u_history|g_ant[8].g_lane[1].u_bank
u_pipe|g_hist_rep[1].u_history|g_ant[8].g_lane[1].u_bank
u_pipe|g_hist_rep[0].u_history|g_ant[9].g_lane[0].u_bank
u_pipe|g_hist_rep[1].u_history|g_ant[9].g_lane[0].u_bank
u_pipe|g_hist_rep[0].u_history|g_ant[9].g_lane[1].u_bank
u_pipe|g_hist_rep[1].u_history|g_ant[9].g_lane[1].u_bank
u_pipe|g_hist_rep[0].u_history|g_ant[10].g_lane[0].u_bank
u_pipe|g_hist_rep[1].u_history|g_ant[10].g_lane[0].u_bank
u_pipe|g_hist_rep[0].u_history|g_ant[10].g_lane[1].u_bank
u_pipe|g_hist_rep[1].u_history|g_ant[10].g_lane[1].u_bank
u_pipe|g_hist_rep[0].u_history|g_ant[11].g_lane[0].u_bank
u_pipe|g_hist_rep[1].u_history|g_ant[11].g_lane[0].u_bank
u_pipe|g_hist_rep[0].u_history|g_ant[11].g_lane[1].u_bank
u_pipe|g_hist_rep[1].u_history|g_ant[11].g_lane[1].u_bank
u_pipe|g_hist_rep[0].u_history|g_ant[12].g_lane[0].u_bank
u_pipe|g_hist_rep[1].u_history|g_ant[12].g_lane[0].u_bank
u_pipe|g_hist_rep[0].u_history|g_ant[12].g_lane[1].u_bank
u_pipe|g_hist_rep[1].u_history|g_ant[12].g_lane[1].u_bank
u_pipe|g_hist_rep[0].u_history|g_ant[13].g_lane[0].u_bank
u_pipe|g_hist_rep[1].u_history|g_ant[13].g_lane[0].u_bank
u_pipe|g_hist_rep[0].u_history|g_ant[13].g_lane[1].u_bank
u_pipe|g_hist_rep[1].u_history|g_ant[13].g_lane[1].u_bank
u_pipe|g_hist_rep[0].u_history|g_ant[14].g_lane[0].u_bank
u_pipe|g_hist_rep[1].u_history|g_ant[14].g_lane[0].u_bank
u_pipe|g_hist_rep[0].u_history|g_ant[14].g_lane[1].u_bank
u_pipe|g_hist_rep[1].u_history|g_ant[14].g_lane[1].u_bank
u_pipe|g_hist_rep[0].u_history|g_ant[15].g_lane[0].u_bank
u_pipe|g_hist_rep[1].u_history|g_ant[15].g_lane[0].u_bank
u_pipe|g_hist_rep[0].u_history|g_ant[15].g_lane[1].u_bank
u_pipe|g_hist_rep[1].u_history|g_ant[15].g_lane[1].u_bank



+-----------------------------------------------------------------------------------------------------------------------------------+
; Ignored Source Level Assignments for User Entity history_bank Instance: u_pipe|g_hist_rep[1].u_history|g_ant[15].g_lane[1].u_bank ;
+---------------+--------------------+----+-------------------------+---------------------------------------------------------------+
; Assignment    ; Value              ; To ; Reason                  ; Source Location                                               ;
+---------------+--------------------+----+-------------------------+---------------------------------------------------------------+
; cdc_dst_clk   ; "rd_clk"           ; -  ; Invalid assignment name ; D:/agilex-7-radar-test/rtl/memory/history_bank.sv:118         ;
; cdc_primitive ; "history_bank_sdp" ; -  ; Invalid assignment name ; D:/agilex-7-radar-test/rtl/memory/history_bank.sv:118         ;
; cdc_src_clk   ; "wr_clk"           ; -  ; Invalid assignment name ; D:/agilex-7-radar-test/rtl/memory/history_bank.sv:118         ;
; cdc_stages    ; "0"                ; -  ; Invalid assignment name ; D:/agilex-7-radar-test/rtl/memory/history_bank.sv:118         ;
; cdc_width     ; "WIDTH"            ; -  ; Invalid assignment name ; D:/agilex-7-radar-test/rtl/memory/history_bank.sv:118         ;
+---------------+--------------------+----+-------------------------+---------------------------------------------------------------+
All Instances:
u_pipe|g_hist_rep[0].u_history|g_ant[0].g_lane[0].u_bank
u_pipe|g_hist_rep[1].u_history|g_ant[0].g_lane[0].u_bank
u_pipe|g_hist_rep[0].u_history|g_ant[0].g_lane[1].u_bank
u_pipe|g_hist_rep[1].u_history|g_ant[0].g_lane[1].u_bank
u_pipe|g_hist_rep[0].u_history|g_ant[1].g_lane[0].u_bank
u_pipe|g_hist_rep[1].u_history|g_ant[1].g_lane[0].u_bank
u_pipe|g_hist_rep[0].u_history|g_ant[1].g_lane[1].u_bank
u_pipe|g_hist_rep[1].u_history|g_ant[1].g_lane[1].u_bank
u_pipe|g_hist_rep[0].u_history|g_ant[2].g_lane[0].u_bank
u_pipe|g_hist_rep[1].u_history|g_ant[2].g_lane[0].u_bank
u_pipe|g_hist_rep[0].u_history|g_ant[2].g_lane[1].u_bank
u_pipe|g_hist_rep[1].u_history|g_ant[2].g_lane[1].u_bank
u_pipe|g_hist_rep[0].u_history|g_ant[3].g_lane[0].u_bank
u_pipe|g_hist_rep[1].u_history|g_ant[3].g_lane[0].u_bank
u_pipe|g_hist_rep[0].u_history|g_ant[3].g_lane[1].u_bank
u_pipe|g_hist_rep[1].u_history|g_ant[3].g_lane[1].u_bank
u_pipe|g_hist_rep[0].u_history|g_ant[4].g_lane[0].u_bank
u_pipe|g_hist_rep[1].u_history|g_ant[4].g_lane[0].u_bank
u_pipe|g_hist_rep[0].u_history|g_ant[4].g_lane[1].u_bank
u_pipe|g_hist_rep[1].u_history|g_ant[4].g_lane[1].u_bank
u_pipe|g_hist_rep[0].u_history|g_ant[5].g_lane[0].u_bank
u_pipe|g_hist_rep[1].u_history|g_ant[5].g_lane[0].u_bank
u_pipe|g_hist_rep[0].u_history|g_ant[5].g_lane[1].u_bank
u_pipe|g_hist_rep[1].u_history|g_ant[5].g_lane[1].u_bank
u_pipe|g_hist_rep[0].u_history|g_ant[6].g_lane[0].u_bank
u_pipe|g_hist_rep[1].u_history|g_ant[6].g_lane[0].u_bank
u_pipe|g_hist_rep[0].u_history|g_ant[6].g_lane[1].u_bank
u_pipe|g_hist_rep[1].u_history|g_ant[6].g_lane[1].u_bank
u_pipe|g_hist_rep[0].u_history|g_ant[7].g_lane[0].u_bank
u_pipe|g_hist_rep[1].u_history|g_ant[7].g_lane[0].u_bank
u_pipe|g_hist_rep[0].u_history|g_ant[7].g_lane[1].u_bank
u_pipe|g_hist_rep[1].u_history|g_ant[7].g_lane[1].u_bank
u_pipe|g_hist_rep[0].u_history|g_ant[8].g_lane[0].u_bank
u_pipe|g_hist_rep[1].u_history|g_ant[8].g_lane[0].u_bank
u_pipe|g_hist_rep[0].u_history|g_ant[8].g_lane[1].u_bank
u_pipe|g_hist_rep[1].u_history|g_ant[8].g_lane[1].u_bank
u_pipe|g_hist_rep[0].u_history|g_ant[9].g_lane[0].u_bank
u_pipe|g_hist_rep[1].u_history|g_ant[9].g_lane[0].u_bank
u_pipe|g_hist_rep[0].u_history|g_ant[9].g_lane[1].u_bank
u_pipe|g_hist_rep[1].u_history|g_ant[9].g_lane[1].u_bank
u_pipe|g_hist_rep[0].u_history|g_ant[10].g_lane[0].u_bank
u_pipe|g_hist_rep[1].u_history|g_ant[10].g_lane[0].u_bank
u_pipe|g_hist_rep[0].u_history|g_ant[10].g_lane[1].u_bank
u_pipe|g_hist_rep[1].u_history|g_ant[10].g_lane[1].u_bank
u_pipe|g_hist_rep[0].u_history|g_ant[11].g_lane[0].u_bank
u_pipe|g_hist_rep[1].u_history|g_ant[11].g_lane[0].u_bank
u_pipe|g_hist_rep[0].u_history|g_ant[11].g_lane[1].u_bank
u_pipe|g_hist_rep[1].u_history|g_ant[11].g_lane[1].u_bank
u_pipe|g_hist_rep[0].u_history|g_ant[12].g_lane[0].u_bank
u_pipe|g_hist_rep[1].u_history|g_ant[12].g_lane[0].u_bank
u_pipe|g_hist_rep[0].u_history|g_ant[12].g_lane[1].u_bank
u_pipe|g_hist_rep[1].u_history|g_ant[12].g_lane[1].u_bank
u_pipe|g_hist_rep[0].u_history|g_ant[13].g_lane[0].u_bank
u_pipe|g_hist_rep[1].u_history|g_ant[13].g_lane[0].u_bank
u_pipe|g_hist_rep[0].u_history|g_ant[13].g_lane[1].u_bank
u_pipe|g_hist_rep[1].u_history|g_ant[13].g_lane[1].u_bank
u_pipe|g_hist_rep[0].u_history|g_ant[14].g_lane[0].u_bank
u_pipe|g_hist_rep[1].u_history|g_ant[14].g_lane[0].u_bank
u_pipe|g_hist_rep[0].u_history|g_ant[14].g_lane[1].u_bank
u_pipe|g_hist_rep[1].u_history|g_ant[14].g_lane[1].u_bank
u_pipe|g_hist_rep[0].u_history|g_ant[15].g_lane[0].u_bank
u_pipe|g_hist_rep[1].u_history|g_ant[15].g_lane[0].u_bank
u_pipe|g_hist_rep[0].u_history|g_ant[15].g_lane[1].u_bank
u_pipe|g_hist_rep[1].u_history|g_ant[15].g_lane[1].u_bank



+---------------------------------------------------------------------------------------------+
; Source Assignments for User Entity sync_fifo Instance: u_pipe|g_hist_rep[1].u_history|u_out ;
+--------------------+-------+------+-------------+-------------------------------------------+
; Assignment         ; Value ; From ; To          ; Source Location                           ;
+--------------------+-------+------+-------------+-------------------------------------------+
; RAMSTYLE_ATTRIBUTE ; LOGIC ; -    ; g_store.mem ; sync_fifo.sv:171                          ;
+--------------------+-------+------+-------------+-------------------------------------------+
All Instances:
u_pipe|g_hist_rep[0].u_history|u_out
u_pipe|g_hist_rep[1].u_history|u_out



+------------------------------------------------------------------------------------------------------------------------+
; Ignored Source Level Assignments for User Entity cdc_handshake Instance: u_pipe|g_hist_rep[1].u_history|u_tele         ;
+---------------+--------------------+----+-------------------------+----------------------------------------------------+
; Assignment    ; Value              ; To ; Reason                  ; Source Location                                    ;
+---------------+--------------------+----+-------------------------+----------------------------------------------------+
; cdc_dst_clk   ; "dst_clk"          ; -  ; Invalid assignment name ; D:/agilex-7-radar-test/rtl/cdc/cdc_handshake.sv:72 ;
; cdc_primitive ; "handshake_4phase" ; -  ; Invalid assignment name ; D:/agilex-7-radar-test/rtl/cdc/cdc_handshake.sv:72 ;
; cdc_src_clk   ; "src_clk"          ; -  ; Invalid assignment name ; D:/agilex-7-radar-test/rtl/cdc/cdc_handshake.sv:72 ;
; cdc_stages    ; "SYNC_STAGES"      ; -  ; Invalid assignment name ; D:/agilex-7-radar-test/rtl/cdc/cdc_handshake.sv:72 ;
; cdc_width     ; "WIDTH"            ; -  ; Invalid assignment name ; D:/agilex-7-radar-test/rtl/cdc/cdc_handshake.sv:72 ;
+---------------+--------------------+----+-------------------------+----------------------------------------------------+
All Instances:
u_pipe|g_hist_rep[0].u_history|u_tele
u_pipe|g_hist_rep[1].u_history|u_tele



+-----------------------------------------------------------------------------------+
; Source Assignments for User Entity async_fifo Instance: u_pipe|u_align_cdc|u_fifo ;
+--------------------+-------+------+-------------+---------------------------------+
; Assignment         ; Value ; From ; To          ; Source Location                 ;
+--------------------+-------+------+-------------+---------------------------------+
; RAMSTYLE_ATTRIBUTE ; LOGIC ; -    ; g_store.mem ; async_fifo.sv:263               ;
+--------------------+-------+------+-------------+---------------------------------+
All Instances:
u_pipe|u_align_cdc|u_fifo



+--------------------------------------------------------------------------------------------------------------------+
; Ignored Source Level Assignments for User Entity async_fifo Instance: u_pipe|u_align_cdc|u_fifo                    ;
+---------------+-------------------+----+-------------------------+-------------------------------------------------+
; Assignment    ; Value             ; To ; Reason                  ; Source Location                                 ;
+---------------+-------------------+----+-------------------------+-------------------------------------------------+
; cdc_dst_clk   ; "rd_clk"          ; -  ; Invalid assignment name ; D:/agilex-7-radar-test/rtl/cdc/async_fifo.sv:92 ;
; cdc_primitive ; "async_fifo_gray" ; -  ; Invalid assignment name ; D:/agilex-7-radar-test/rtl/cdc/async_fifo.sv:92 ;
; cdc_src_clk   ; "wr_clk"          ; -  ; Invalid assignment name ; D:/agilex-7-radar-test/rtl/cdc/async_fifo.sv:92 ;
; cdc_stages    ; "SYNC_STAGES"     ; -  ; Invalid assignment name ; D:/agilex-7-radar-test/rtl/cdc/async_fifo.sv:92 ;
; cdc_width     ; "WIDTH"           ; -  ; Invalid assignment name ; D:/agilex-7-radar-test/rtl/cdc/async_fifo.sv:92 ;
+---------------+-------------------+----+-------------------------+-------------------------------------------------+
All Instances:
u_pipe|u_align_cdc|u_fifo



+------------------------------------------------------------------------------------------------------------------------------+
; Ignored Source Level Assignments for User Entity weight_bank Instance: u_pipe|u_bf|u_weights                                 ;
+---------------+--------------------+----+-------------------------+----------------------------------------------------------+
; Assignment    ; Value              ; To ; Reason                  ; Source Location                                          ;
+---------------+--------------------+----+-------------------------+----------------------------------------------------------+
; cdc_dst_clk   ; "core_clk"         ; -  ; Invalid assignment name ; D:/agilex-7-radar-test/rtl/beamformer/weight_bank.sv:109 ;
; cdc_primitive ; "weight_bank_dual" ; -  ; Invalid assignment name ; D:/agilex-7-radar-test/rtl/beamformer/weight_bank.sv:109 ;
; cdc_src_clk   ; "cfg_clk"          ; -  ; Invalid assignment name ; D:/agilex-7-radar-test/rtl/beamformer/weight_bank.sv:109 ;
; cdc_stages    ; "SYNC_STAGES"      ; -  ; Invalid assignment name ; D:/agilex-7-radar-test/rtl/beamformer/weight_bank.sv:109 ;
; cdc_width     ; "32"               ; -  ; Invalid assignment name ; D:/agilex-7-radar-test/rtl/beamformer/weight_bank.sv:109 ;
+---------------+--------------------+----+-------------------------+----------------------------------------------------------+
All Instances:
u_pipe|u_bf|u_weights



+------------------------------------------------------------------------------------------------------------------------+
; Ignored Source Level Assignments for User Entity cdc_handshake Instance: u_pipe|g_pfb[15].u_pfb|u_coeff|u_wr_cdc       ;
+---------------+--------------------+----+-------------------------+----------------------------------------------------+
; Assignment    ; Value              ; To ; Reason                  ; Source Location                                    ;
+---------------+--------------------+----+-------------------------+----------------------------------------------------+
; cdc_dst_clk   ; "dst_clk"          ; -  ; Invalid assignment name ; D:/agilex-7-radar-test/rtl/cdc/cdc_handshake.sv:72 ;
; cdc_primitive ; "handshake_4phase" ; -  ; Invalid assignment name ; D:/agilex-7-radar-test/rtl/cdc/cdc_handshake.sv:72 ;
; cdc_src_clk   ; "src_clk"          ; -  ; Invalid assignment name ; D:/agilex-7-radar-test/rtl/cdc/cdc_handshake.sv:72 ;
; cdc_stages    ; "SYNC_STAGES"      ; -  ; Invalid assignment name ; D:/agilex-7-radar-test/rtl/cdc/cdc_handshake.sv:72 ;
; cdc_width     ; "WIDTH"            ; -  ; Invalid assignment name ; D:/agilex-7-radar-test/rtl/cdc/cdc_handshake.sv:72 ;
+---------------+--------------------+----+-------------------------+----------------------------------------------------+
All Instances:
u_pipe|g_pfb[0].u_pfb|u_coeff|u_wr_cdc
u_pipe|g_pfb[1].u_pfb|u_coeff|u_wr_cdc
u_pipe|g_pfb[2].u_pfb|u_coeff|u_wr_cdc
u_pipe|g_pfb[3].u_pfb|u_coeff|u_wr_cdc
u_pipe|g_pfb[4].u_pfb|u_coeff|u_wr_cdc
u_pipe|g_pfb[5].u_pfb|u_coeff|u_wr_cdc
u_pipe|g_pfb[6].u_pfb|u_coeff|u_wr_cdc
u_pipe|g_pfb[7].u_pfb|u_coeff|u_wr_cdc
u_pipe|g_pfb[8].u_pfb|u_coeff|u_wr_cdc
u_pipe|g_pfb[9].u_pfb|u_coeff|u_wr_cdc
u_pipe|g_pfb[10].u_pfb|u_coeff|u_wr_cdc
u_pipe|g_pfb[11].u_pfb|u_coeff|u_wr_cdc
u_pipe|g_pfb[12].u_pfb|u_coeff|u_wr_cdc
u_pipe|g_pfb[13].u_pfb|u_coeff|u_wr_cdc
u_pipe|g_pfb[14].u_pfb|u_coeff|u_wr_cdc
u_pipe|g_pfb[15].u_pfb|u_coeff|u_wr_cdc



+----------------------------------------------------------------------------------------------------------+
; Source Assignments for User Entity cdc_sync2 Instance: u_pipe|u_bf|u_weights|u_store|u_wr_cdc|u_sync_ack ;
+-----------------------------+------------------------+------+--------+-----------------------------------+
; Assignment                  ; Value                  ; From ; To     ; Source Location                   ;
+-----------------------------+------------------------+------+--------+-----------------------------------+
; ADV_NETLIST_OPT_ALLOWED     ; NEVER_ALLOW            ; -    ; sync_q ; cdc_sync2.sv:132                  ;
; SYNCHRONIZER_IDENTIFICATION ; FORCED_IF_ASYNCHRONOUS ; -    ; sync_q ; cdc_sync2.sv:132                  ;
; DONT_MERGE_REGISTER         ; ON                     ; -    ; sync_q ; cdc_sync2.sv:132                  ;
; PRESERVE_REGISTER           ; ON                     ; -    ; sync_q ; cdc_sync2.sv:132                  ;
; PRESERVE_REGISTER           ; ON                     ; -    ; sync_q ; cdc_sync2.sv:132                  ;
; DONT_MERGE_REGISTER         ; ON                     ; -    ; sync_q ; cdc_sync2.sv:132                  ;
+-----------------------------+------------------------+------+--------+-----------------------------------+
All Instances:
u_pipe|g_pfb[0].u_pfb|u_coeff|u_sync_active
u_pipe|g_pfb[1].u_pfb|u_coeff|u_sync_active
u_pipe|g_pfb[2].u_pfb|u_coeff|u_sync_active
u_pipe|g_pfb[3].u_pfb|u_coeff|u_sync_active
u_pipe|g_pfb[4].u_pfb|u_coeff|u_sync_active
u_pipe|g_pfb[5].u_pfb|u_coeff|u_sync_active
u_pipe|g_pfb[6].u_pfb|u_coeff|u_sync_active
u_pipe|g_pfb[7].u_pfb|u_coeff|u_sync_active
u_pipe|g_pfb[8].u_pfb|u_coeff|u_sync_active
u_pipe|g_pfb[9].u_pfb|u_coeff|u_sync_active
u_pipe|g_pfb[10].u_pfb|u_coeff|u_sync_active
u_pipe|g_pfb[11].u_pfb|u_coeff|u_sync_active
u_pipe|g_pfb[12].u_pfb|u_coeff|u_sync_active
u_pipe|g_pfb[13].u_pfb|u_coeff|u_sync_active
u_pipe|g_pfb[14].u_pfb|u_coeff|u_sync_active
u_pipe|g_pfb[15].u_pfb|u_coeff|u_sync_active
u_pipe|g_pfb[0].u_pfb|u_coeff|u_sync_pending
u_pipe|g_pfb[1].u_pfb|u_coeff|u_sync_pending
u_pipe|g_pfb[2].u_pfb|u_coeff|u_sync_pending
u_pipe|g_pfb[3].u_pfb|u_coeff|u_sync_pending
u_pipe|g_pfb[4].u_pfb|u_coeff|u_sync_pending
u_pipe|g_pfb[5].u_pfb|u_coeff|u_sync_pending
u_pipe|g_pfb[6].u_pfb|u_coeff|u_sync_pending
u_pipe|g_pfb[7].u_pfb|u_coeff|u_sync_pending
u_pipe|g_pfb[8].u_pfb|u_coeff|u_sync_pending
u_pipe|g_pfb[9].u_pfb|u_coeff|u_sync_pending
u_pipe|g_pfb[10].u_pfb|u_coeff|u_sync_pending
u_pipe|g_pfb[11].u_pfb|u_coeff|u_sync_pending
u_pipe|g_pfb[12].u_pfb|u_coeff|u_sync_pending
u_pipe|g_pfb[13].u_pfb|u_coeff|u_sync_pending
u_pipe|g_pfb[14].u_pfb|u_coeff|u_sync_pending
u_pipe|g_pfb[15].u_pfb|u_coeff|u_sync_pending
u_pipe|g_pfb[0].u_pfb|u_coeff|u_sync_reject
u_pipe|g_pfb[1].u_pfb|u_coeff|u_sync_reject
u_pipe|g_pfb[2].u_pfb|u_coeff|u_sync_reject
u_pipe|g_pfb[3].u_pfb|u_coeff|u_sync_reject
u_pipe|g_pfb[4].u_pfb|u_coeff|u_sync_reject
u_pipe|g_pfb[5].u_pfb|u_coeff|u_sync_reject
u_pipe|g_pfb[6].u_pfb|u_coeff|u_sync_reject
u_pipe|g_pfb[7].u_pfb|u_coeff|u_sync_reject
u_pipe|g_pfb[8].u_pfb|u_coeff|u_sync_reject
u_pipe|g_pfb[9].u_pfb|u_coeff|u_sync_reject
u_pipe|g_pfb[10].u_pfb|u_coeff|u_sync_reject
u_pipe|g_pfb[11].u_pfb|u_coeff|u_sync_reject
u_pipe|g_pfb[12].u_pfb|u_coeff|u_sync_reject
u_pipe|g_pfb[13].u_pfb|u_coeff|u_sync_reject
u_pipe|g_pfb[14].u_pfb|u_coeff|u_sync_reject
u_pipe|g_pfb[15].u_pfb|u_coeff|u_sync_reject
u_pipe|g_hist_rep[0].u_history|u_pub|u_sync_req
u_pipe|g_hist_rep[1].u_history|u_pub|u_sync_req
u_pipe|g_hist_rep[0].u_history|u_pub|u_sync_ack
u_pipe|g_hist_rep[1].u_history|u_pub|u_sync_ack
u_pipe|g_hist_rep[0].u_history|u_tele|u_sync_req
u_pipe|g_hist_rep[1].u_history|u_tele|u_sync_req
u_pipe|g_hist_rep[0].u_history|u_tele|u_sync_ack
u_pipe|g_hist_rep[1].u_history|u_tele|u_sync_ack
u_pipe|g_pfb[0].u_pfb|u_coeff|u_wr_cdc|u_sync_req
u_pipe|g_pfb[1].u_pfb|u_coeff|u_wr_cdc|u_sync_req
u_pipe|g_pfb[2].u_pfb|u_coeff|u_wr_cdc|u_sync_req
u_pipe|g_pfb[3].u_pfb|u_coeff|u_wr_cdc|u_sync_req
u_pipe|g_pfb[4].u_pfb|u_coeff|u_wr_cdc|u_sync_req
u_pipe|g_pfb[5].u_pfb|u_coeff|u_wr_cdc|u_sync_req
u_pipe|g_pfb[6].u_pfb|u_coeff|u_wr_cdc|u_sync_req
u_pipe|g_pfb[7].u_pfb|u_coeff|u_wr_cdc|u_sync_req
u_pipe|g_pfb[8].u_pfb|u_coeff|u_wr_cdc|u_sync_req
u_pipe|g_pfb[9].u_pfb|u_coeff|u_wr_cdc|u_sync_req
u_pipe|g_pfb[10].u_pfb|u_coeff|u_wr_cdc|u_sync_req
u_pipe|g_pfb[11].u_pfb|u_coeff|u_wr_cdc|u_sync_req
u_pipe|g_pfb[12].u_pfb|u_coeff|u_wr_cdc|u_sync_req
u_pipe|g_pfb[13].u_pfb|u_coeff|u_wr_cdc|u_sync_req
u_pipe|g_pfb[14].u_pfb|u_coeff|u_wr_cdc|u_sync_req
u_pipe|g_pfb[15].u_pfb|u_coeff|u_wr_cdc|u_sync_req
u_pipe|g_pfb[0].u_pfb|u_coeff|u_wr_cdc|u_sync_ack
u_pipe|g_pfb[1].u_pfb|u_coeff|u_wr_cdc|u_sync_ack
u_pipe|g_pfb[2].u_pfb|u_coeff|u_wr_cdc|u_sync_ack
u_pipe|g_pfb[3].u_pfb|u_coeff|u_wr_cdc|u_sync_ack
u_pipe|g_pfb[4].u_pfb|u_coeff|u_wr_cdc|u_sync_ack
u_pipe|g_pfb[5].u_pfb|u_coeff|u_wr_cdc|u_sync_ack
u_pipe|g_pfb[6].u_pfb|u_coeff|u_wr_cdc|u_sync_ack
u_pipe|g_pfb[7].u_pfb|u_coeff|u_wr_cdc|u_sync_ack
u_pipe|g_pfb[8].u_pfb|u_coeff|u_wr_cdc|u_sync_ack
u_pipe|g_pfb[9].u_pfb|u_coeff|u_wr_cdc|u_sync_ack
u_pipe|g_pfb[10].u_pfb|u_coeff|u_wr_cdc|u_sync_ack
u_pipe|g_pfb[11].u_pfb|u_coeff|u_wr_cdc|u_sync_ack
u_pipe|g_pfb[12].u_pfb|u_coeff|u_wr_cdc|u_sync_ack
u_pipe|g_pfb[13].u_pfb|u_coeff|u_wr_cdc|u_sync_ack
u_pipe|g_pfb[14].u_pfb|u_coeff|u_wr_cdc|u_sync_ack
u_pipe|g_pfb[15].u_pfb|u_coeff|u_wr_cdc|u_sync_ack
u_pipe|u_bf|u_weights|u_store|u_sync_active
u_pipe|u_bf|u_weights|u_store|u_sync_pending
u_pipe|u_bf|u_weights|u_store|u_sync_reject
u_pipe|g_hist_rep[0].u_history|u_clear|u_sync_fwd
u_pipe|g_hist_rep[1].u_history|u_clear|u_sync_fwd
u_pipe|g_pfb[0].u_pfb|u_coeff|u_swap_cdc|u_sync_fwd
u_pipe|g_pfb[1].u_pfb|u_coeff|u_swap_cdc|u_sync_fwd
u_pipe|g_pfb[2].u_pfb|u_coeff|u_swap_cdc|u_sync_fwd
u_pipe|g_pfb[3].u_pfb|u_coeff|u_swap_cdc|u_sync_fwd
u_pipe|g_pfb[4].u_pfb|u_coeff|u_swap_cdc|u_sync_fwd
u_pipe|g_pfb[5].u_pfb|u_coeff|u_swap_cdc|u_sync_fwd
u_pipe|g_pfb[6].u_pfb|u_coeff|u_swap_cdc|u_sync_fwd
u_pipe|g_pfb[7].u_pfb|u_coeff|u_swap_cdc|u_sync_fwd
u_pipe|g_pfb[8].u_pfb|u_coeff|u_swap_cdc|u_sync_fwd
u_pipe|g_pfb[9].u_pfb|u_coeff|u_swap_cdc|u_sync_fwd
u_pipe|g_pfb[10].u_pfb|u_coeff|u_swap_cdc|u_sync_fwd
u_pipe|g_pfb[11].u_pfb|u_coeff|u_swap_cdc|u_sync_fwd
u_pipe|g_pfb[12].u_pfb|u_coeff|u_swap_cdc|u_sync_fwd
u_pipe|g_pfb[13].u_pfb|u_coeff|u_swap_cdc|u_sync_fwd
u_pipe|g_pfb[14].u_pfb|u_coeff|u_swap_cdc|u_sync_fwd
u_pipe|g_pfb[15].u_pfb|u_coeff|u_swap_cdc|u_sync_fwd
u_pipe|u_bf|u_weights|u_store|u_swap_cdc|u_sync_fwd
u_pipe|g_hist_rep[0].u_history|u_clear|u_sync_echo
u_pipe|g_hist_rep[1].u_history|u_clear|u_sync_echo
u_pipe|g_pfb[0].u_pfb|u_coeff|u_swap_cdc|u_sync_echo
u_pipe|g_pfb[1].u_pfb|u_coeff|u_swap_cdc|u_sync_echo
u_pipe|g_pfb[2].u_pfb|u_coeff|u_swap_cdc|u_sync_echo
u_pipe|g_pfb[3].u_pfb|u_coeff|u_swap_cdc|u_sync_echo
u_pipe|g_pfb[4].u_pfb|u_coeff|u_swap_cdc|u_sync_echo
u_pipe|g_pfb[5].u_pfb|u_coeff|u_swap_cdc|u_sync_echo
u_pipe|g_pfb[6].u_pfb|u_coeff|u_swap_cdc|u_sync_echo
u_pipe|g_pfb[7].u_pfb|u_coeff|u_swap_cdc|u_sync_echo
u_pipe|g_pfb[8].u_pfb|u_coeff|u_swap_cdc|u_sync_echo
u_pipe|g_pfb[9].u_pfb|u_coeff|u_swap_cdc|u_sync_echo
u_pipe|g_pfb[10].u_pfb|u_coeff|u_swap_cdc|u_sync_echo
u_pipe|g_pfb[11].u_pfb|u_coeff|u_swap_cdc|u_sync_echo
u_pipe|g_pfb[12].u_pfb|u_coeff|u_swap_cdc|u_sync_echo
u_pipe|g_pfb[13].u_pfb|u_coeff|u_swap_cdc|u_sync_echo
u_pipe|g_pfb[14].u_pfb|u_coeff|u_swap_cdc|u_sync_echo
u_pipe|g_pfb[15].u_pfb|u_coeff|u_swap_cdc|u_sync_echo
u_pipe|u_bf|u_weights|u_store|u_swap_cdc|u_sync_echo
u_pipe|u_bf|u_weights|u_store|u_wr_cdc|u_sync_req
u_pipe|u_bf|u_weights|u_store|u_wr_cdc|u_sync_ack



+------------------------------------------------------------------------------------------------------------------------+
; Ignored Source Level Assignments for User Entity cdc_sync2 Instance: u_pipe|u_bf|u_weights|u_store|u_wr_cdc|u_sync_ack ;
+---------------+-----------+----+-------------------------+-------------------------------------------------------------+
; Assignment    ; Value     ; To ; Reason                  ; Source Location                                             ;
+---------------+-----------+----+-------------------------+-------------------------------------------------------------+
; cdc_dst_clk   ; "clk"     ; -  ; Invalid assignment name ; D:/agilex-7-radar-test/rtl/cdc/cdc_sync2.sv:77              ;
; cdc_primitive ; "sync_ff" ; -  ; Invalid assignment name ; D:/agilex-7-radar-test/rtl/cdc/cdc_sync2.sv:77              ;
; cdc_src_clk   ; "@async"  ; -  ; Invalid assignment name ; D:/agilex-7-radar-test/rtl/cdc/cdc_sync2.sv:77              ;
; cdc_stages    ; "STAGES"  ; -  ; Invalid assignment name ; D:/agilex-7-radar-test/rtl/cdc/cdc_sync2.sv:77              ;
; cdc_width     ; "WIDTH"   ; -  ; Invalid assignment name ; D:/agilex-7-radar-test/rtl/cdc/cdc_sync2.sv:77              ;
+---------------+-----------+----+-------------------------+-------------------------------------------------------------+
All Instances:
u_pipe|g_pfb[0].u_pfb|u_coeff|u_sync_active
u_pipe|g_pfb[1].u_pfb|u_coeff|u_sync_active
u_pipe|g_pfb[2].u_pfb|u_coeff|u_sync_active
u_pipe|g_pfb[3].u_pfb|u_coeff|u_sync_active
u_pipe|g_pfb[4].u_pfb|u_coeff|u_sync_active
u_pipe|g_pfb[5].u_pfb|u_coeff|u_sync_active
u_pipe|g_pfb[6].u_pfb|u_coeff|u_sync_active
u_pipe|g_pfb[7].u_pfb|u_coeff|u_sync_active
u_pipe|g_pfb[8].u_pfb|u_coeff|u_sync_active
u_pipe|g_pfb[9].u_pfb|u_coeff|u_sync_active
u_pipe|g_pfb[10].u_pfb|u_coeff|u_sync_active
u_pipe|g_pfb[11].u_pfb|u_coeff|u_sync_active
u_pipe|g_pfb[12].u_pfb|u_coeff|u_sync_active
u_pipe|g_pfb[13].u_pfb|u_coeff|u_sync_active
u_pipe|g_pfb[14].u_pfb|u_coeff|u_sync_active
u_pipe|g_pfb[15].u_pfb|u_coeff|u_sync_active
u_pipe|g_pfb[0].u_pfb|u_coeff|u_sync_pending
u_pipe|g_pfb[1].u_pfb|u_coeff|u_sync_pending
u_pipe|g_pfb[2].u_pfb|u_coeff|u_sync_pending
u_pipe|g_pfb[3].u_pfb|u_coeff|u_sync_pending
u_pipe|g_pfb[4].u_pfb|u_coeff|u_sync_pending
u_pipe|g_pfb[5].u_pfb|u_coeff|u_sync_pending
u_pipe|g_pfb[6].u_pfb|u_coeff|u_sync_pending
u_pipe|g_pfb[7].u_pfb|u_coeff|u_sync_pending
u_pipe|g_pfb[8].u_pfb|u_coeff|u_sync_pending
u_pipe|g_pfb[9].u_pfb|u_coeff|u_sync_pending
u_pipe|g_pfb[10].u_pfb|u_coeff|u_sync_pending
u_pipe|g_pfb[11].u_pfb|u_coeff|u_sync_pending
u_pipe|g_pfb[12].u_pfb|u_coeff|u_sync_pending
u_pipe|g_pfb[13].u_pfb|u_coeff|u_sync_pending
u_pipe|g_pfb[14].u_pfb|u_coeff|u_sync_pending
u_pipe|g_pfb[15].u_pfb|u_coeff|u_sync_pending
u_pipe|g_pfb[0].u_pfb|u_coeff|u_sync_reject
u_pipe|g_pfb[1].u_pfb|u_coeff|u_sync_reject
u_pipe|g_pfb[2].u_pfb|u_coeff|u_sync_reject
u_pipe|g_pfb[3].u_pfb|u_coeff|u_sync_reject
u_pipe|g_pfb[4].u_pfb|u_coeff|u_sync_reject
u_pipe|g_pfb[5].u_pfb|u_coeff|u_sync_reject
u_pipe|g_pfb[6].u_pfb|u_coeff|u_sync_reject
u_pipe|g_pfb[7].u_pfb|u_coeff|u_sync_reject
u_pipe|g_pfb[8].u_pfb|u_coeff|u_sync_reject
u_pipe|g_pfb[9].u_pfb|u_coeff|u_sync_reject
u_pipe|g_pfb[10].u_pfb|u_coeff|u_sync_reject
u_pipe|g_pfb[11].u_pfb|u_coeff|u_sync_reject
u_pipe|g_pfb[12].u_pfb|u_coeff|u_sync_reject
u_pipe|g_pfb[13].u_pfb|u_coeff|u_sync_reject
u_pipe|g_pfb[14].u_pfb|u_coeff|u_sync_reject
u_pipe|g_pfb[15].u_pfb|u_coeff|u_sync_reject
u_pipe|g_hist_rep[0].u_history|u_pub|u_sync_req
u_pipe|g_hist_rep[1].u_history|u_pub|u_sync_req
u_pipe|g_hist_rep[0].u_history|u_pub|u_sync_ack
u_pipe|g_hist_rep[1].u_history|u_pub|u_sync_ack
u_pipe|g_hist_rep[0].u_history|u_tele|u_sync_req
u_pipe|g_hist_rep[1].u_history|u_tele|u_sync_req
u_pipe|g_hist_rep[0].u_history|u_tele|u_sync_ack
u_pipe|g_hist_rep[1].u_history|u_tele|u_sync_ack
u_pipe|g_pfb[0].u_pfb|u_coeff|u_wr_cdc|u_sync_req
u_pipe|g_pfb[1].u_pfb|u_coeff|u_wr_cdc|u_sync_req
u_pipe|g_pfb[2].u_pfb|u_coeff|u_wr_cdc|u_sync_req
u_pipe|g_pfb[3].u_pfb|u_coeff|u_wr_cdc|u_sync_req
u_pipe|g_pfb[4].u_pfb|u_coeff|u_wr_cdc|u_sync_req
u_pipe|g_pfb[5].u_pfb|u_coeff|u_wr_cdc|u_sync_req
u_pipe|g_pfb[6].u_pfb|u_coeff|u_wr_cdc|u_sync_req
u_pipe|g_pfb[7].u_pfb|u_coeff|u_wr_cdc|u_sync_req
u_pipe|g_pfb[8].u_pfb|u_coeff|u_wr_cdc|u_sync_req
u_pipe|g_pfb[9].u_pfb|u_coeff|u_wr_cdc|u_sync_req
u_pipe|g_pfb[10].u_pfb|u_coeff|u_wr_cdc|u_sync_req
u_pipe|g_pfb[11].u_pfb|u_coeff|u_wr_cdc|u_sync_req
u_pipe|g_pfb[12].u_pfb|u_coeff|u_wr_cdc|u_sync_req
u_pipe|g_pfb[13].u_pfb|u_coeff|u_wr_cdc|u_sync_req
u_pipe|g_pfb[14].u_pfb|u_coeff|u_wr_cdc|u_sync_req
u_pipe|g_pfb[15].u_pfb|u_coeff|u_wr_cdc|u_sync_req
u_pipe|g_pfb[0].u_pfb|u_coeff|u_wr_cdc|u_sync_ack
u_pipe|g_pfb[1].u_pfb|u_coeff|u_wr_cdc|u_sync_ack
u_pipe|g_pfb[2].u_pfb|u_coeff|u_wr_cdc|u_sync_ack
u_pipe|g_pfb[3].u_pfb|u_coeff|u_wr_cdc|u_sync_ack
u_pipe|g_pfb[4].u_pfb|u_coeff|u_wr_cdc|u_sync_ack
u_pipe|g_pfb[5].u_pfb|u_coeff|u_wr_cdc|u_sync_ack
u_pipe|g_pfb[6].u_pfb|u_coeff|u_wr_cdc|u_sync_ack
u_pipe|g_pfb[7].u_pfb|u_coeff|u_wr_cdc|u_sync_ack
u_pipe|g_pfb[8].u_pfb|u_coeff|u_wr_cdc|u_sync_ack
u_pipe|g_pfb[9].u_pfb|u_coeff|u_wr_cdc|u_sync_ack
u_pipe|g_pfb[10].u_pfb|u_coeff|u_wr_cdc|u_sync_ack
u_pipe|g_pfb[11].u_pfb|u_coeff|u_wr_cdc|u_sync_ack
u_pipe|g_pfb[12].u_pfb|u_coeff|u_wr_cdc|u_sync_ack
u_pipe|g_pfb[13].u_pfb|u_coeff|u_wr_cdc|u_sync_ack
u_pipe|g_pfb[14].u_pfb|u_coeff|u_wr_cdc|u_sync_ack
u_pipe|g_pfb[15].u_pfb|u_coeff|u_wr_cdc|u_sync_ack
u_pipe|u_bf|u_weights|u_store|u_sync_active
u_pipe|u_bf|u_weights|u_store|u_sync_pending
u_pipe|u_bf|u_weights|u_store|u_sync_reject
u_pipe|g_hist_rep[0].u_history|u_clear|u_sync_fwd
u_pipe|g_hist_rep[1].u_history|u_clear|u_sync_fwd
u_pipe|g_pfb[0].u_pfb|u_coeff|u_swap_cdc|u_sync_fwd
u_pipe|g_pfb[1].u_pfb|u_coeff|u_swap_cdc|u_sync_fwd
u_pipe|g_pfb[2].u_pfb|u_coeff|u_swap_cdc|u_sync_fwd
u_pipe|g_pfb[3].u_pfb|u_coeff|u_swap_cdc|u_sync_fwd
u_pipe|g_pfb[4].u_pfb|u_coeff|u_swap_cdc|u_sync_fwd
u_pipe|g_pfb[5].u_pfb|u_coeff|u_swap_cdc|u_sync_fwd
u_pipe|g_pfb[6].u_pfb|u_coeff|u_swap_cdc|u_sync_fwd
u_pipe|g_pfb[7].u_pfb|u_coeff|u_swap_cdc|u_sync_fwd
u_pipe|g_pfb[8].u_pfb|u_coeff|u_swap_cdc|u_sync_fwd
u_pipe|g_pfb[9].u_pfb|u_coeff|u_swap_cdc|u_sync_fwd
u_pipe|g_pfb[10].u_pfb|u_coeff|u_swap_cdc|u_sync_fwd
u_pipe|g_pfb[11].u_pfb|u_coeff|u_swap_cdc|u_sync_fwd
u_pipe|g_pfb[12].u_pfb|u_coeff|u_swap_cdc|u_sync_fwd
u_pipe|g_pfb[13].u_pfb|u_coeff|u_swap_cdc|u_sync_fwd
u_pipe|g_pfb[14].u_pfb|u_coeff|u_swap_cdc|u_sync_fwd
u_pipe|g_pfb[15].u_pfb|u_coeff|u_swap_cdc|u_sync_fwd
u_pipe|u_bf|u_weights|u_store|u_swap_cdc|u_sync_fwd
u_pipe|g_hist_rep[0].u_history|u_clear|u_sync_echo
u_pipe|g_hist_rep[1].u_history|u_clear|u_sync_echo
u_pipe|g_pfb[0].u_pfb|u_coeff|u_swap_cdc|u_sync_echo
u_pipe|g_pfb[1].u_pfb|u_coeff|u_swap_cdc|u_sync_echo
u_pipe|g_pfb[2].u_pfb|u_coeff|u_swap_cdc|u_sync_echo
u_pipe|g_pfb[3].u_pfb|u_coeff|u_swap_cdc|u_sync_echo
u_pipe|g_pfb[4].u_pfb|u_coeff|u_swap_cdc|u_sync_echo
u_pipe|g_pfb[5].u_pfb|u_coeff|u_swap_cdc|u_sync_echo
u_pipe|g_pfb[6].u_pfb|u_coeff|u_swap_cdc|u_sync_echo
u_pipe|g_pfb[7].u_pfb|u_coeff|u_swap_cdc|u_sync_echo
u_pipe|g_pfb[8].u_pfb|u_coeff|u_swap_cdc|u_sync_echo
u_pipe|g_pfb[9].u_pfb|u_coeff|u_swap_cdc|u_sync_echo
u_pipe|g_pfb[10].u_pfb|u_coeff|u_swap_cdc|u_sync_echo
u_pipe|g_pfb[11].u_pfb|u_coeff|u_swap_cdc|u_sync_echo
u_pipe|g_pfb[12].u_pfb|u_coeff|u_swap_cdc|u_sync_echo
u_pipe|g_pfb[13].u_pfb|u_coeff|u_swap_cdc|u_sync_echo
u_pipe|g_pfb[14].u_pfb|u_coeff|u_swap_cdc|u_sync_echo
u_pipe|g_pfb[15].u_pfb|u_coeff|u_swap_cdc|u_sync_echo
u_pipe|u_bf|u_weights|u_store|u_swap_cdc|u_sync_echo
u_pipe|u_bf|u_weights|u_store|u_wr_cdc|u_sync_req
u_pipe|u_bf|u_weights|u_store|u_wr_cdc|u_sync_ack



+------------------------------------------------------------------------------------------------+
; Source Assignments for User Entity cdc_sync2 Instance: u_pipe|u_align_cdc|u_fifo|u_sync_wr_rst ;
+-----------------------------+------------------------+------+--------+-------------------------+
; Assignment                  ; Value                  ; From ; To     ; Source Location         ;
+-----------------------------+------------------------+------+--------+-------------------------+
; ADV_NETLIST_OPT_ALLOWED     ; NEVER_ALLOW            ; -    ; sync_q ; cdc_sync2.sv:132        ;
; SYNCHRONIZER_IDENTIFICATION ; FORCED_IF_ASYNCHRONOUS ; -    ; sync_q ; cdc_sync2.sv:132        ;
; DONT_MERGE_REGISTER         ; ON                     ; -    ; sync_q ; cdc_sync2.sv:132        ;
; PRESERVE_REGISTER           ; ON                     ; -    ; sync_q ; cdc_sync2.sv:132        ;
; PRESERVE_REGISTER           ; ON                     ; -    ; sync_q ; cdc_sync2.sv:132        ;
; DONT_MERGE_REGISTER         ; ON                     ; -    ; sync_q ; cdc_sync2.sv:132        ;
+-----------------------------+------------------------+------+--------+-------------------------+
All Instances:
u_pipe|u_align_cdc|u_fifo|u_sync_rd_rst
u_pipe|u_align_cdc|u_fifo|u_sync_wr_rst



+--------------------------------------------------------------------------------------------------------------+
; Ignored Source Level Assignments for User Entity cdc_sync2 Instance: u_pipe|u_align_cdc|u_fifo|u_sync_wr_rst ;
+---------------+-----------+----+-------------------------+---------------------------------------------------+
; Assignment    ; Value     ; To ; Reason                  ; Source Location                                   ;
+---------------+-----------+----+-------------------------+---------------------------------------------------+
; cdc_dst_clk   ; "clk"     ; -  ; Invalid assignment name ; D:/agilex-7-radar-test/rtl/cdc/cdc_sync2.sv:77    ;
; cdc_primitive ; "sync_ff" ; -  ; Invalid assignment name ; D:/agilex-7-radar-test/rtl/cdc/cdc_sync2.sv:77    ;
; cdc_src_clk   ; "@async"  ; -  ; Invalid assignment name ; D:/agilex-7-radar-test/rtl/cdc/cdc_sync2.sv:77    ;
; cdc_stages    ; "STAGES"  ; -  ; Invalid assignment name ; D:/agilex-7-radar-test/rtl/cdc/cdc_sync2.sv:77    ;
; cdc_width     ; "WIDTH"   ; -  ; Invalid assignment name ; D:/agilex-7-radar-test/rtl/cdc/cdc_sync2.sv:77    ;
+---------------+-----------+----+-------------------------+---------------------------------------------------+
All Instances:
u_pipe|u_align_cdc|u_fifo|u_sync_rd_rst
u_pipe|u_align_cdc|u_fifo|u_sync_wr_rst



+------------------------------------------------------------------------------------------------+
; Source Assignments for User Entity cdc_sync2 Instance: u_pipe|u_align_cdc|u_fifo|u_sync_wr_ptr ;
+-----------------------------+------------------------+------+--------+-------------------------+
; Assignment                  ; Value                  ; From ; To     ; Source Location         ;
+-----------------------------+------------------------+------+--------+-------------------------+
; ADV_NETLIST_OPT_ALLOWED     ; NEVER_ALLOW            ; -    ; sync_q ; cdc_sync2.sv:132        ;
; SYNCHRONIZER_IDENTIFICATION ; FORCED_IF_ASYNCHRONOUS ; -    ; sync_q ; cdc_sync2.sv:132        ;
; DONT_MERGE_REGISTER         ; ON                     ; -    ; sync_q ; cdc_sync2.sv:132        ;
; PRESERVE_REGISTER           ; ON                     ; -    ; sync_q ; cdc_sync2.sv:132        ;
; PRESERVE_REGISTER           ; ON                     ; -    ; sync_q ; cdc_sync2.sv:132        ;
; DONT_MERGE_REGISTER         ; ON                     ; -    ; sync_q ; cdc_sync2.sv:132        ;
+-----------------------------+------------------------+------+--------+-------------------------+
All Instances:
u_pipe|u_align_cdc|u_fifo|u_sync_rd_ptr
u_pipe|u_align_cdc|u_fifo|u_sync_wr_ptr



+--------------------------------------------------------------------------------------------------------------+
; Ignored Source Level Assignments for User Entity cdc_sync2 Instance: u_pipe|u_align_cdc|u_fifo|u_sync_wr_ptr ;
+---------------+-----------+----+-------------------------+---------------------------------------------------+
; Assignment    ; Value     ; To ; Reason                  ; Source Location                                   ;
+---------------+-----------+----+-------------------------+---------------------------------------------------+
; cdc_dst_clk   ; "clk"     ; -  ; Invalid assignment name ; D:/agilex-7-radar-test/rtl/cdc/cdc_sync2.sv:77    ;
; cdc_primitive ; "sync_ff" ; -  ; Invalid assignment name ; D:/agilex-7-radar-test/rtl/cdc/cdc_sync2.sv:77    ;
; cdc_src_clk   ; "@async"  ; -  ; Invalid assignment name ; D:/agilex-7-radar-test/rtl/cdc/cdc_sync2.sv:77    ;
; cdc_stages    ; "STAGES"  ; -  ; Invalid assignment name ; D:/agilex-7-radar-test/rtl/cdc/cdc_sync2.sv:77    ;
; cdc_width     ; "WIDTH"   ; -  ; Invalid assignment name ; D:/agilex-7-radar-test/rtl/cdc/cdc_sync2.sv:77    ;
+---------------+-----------+----+-------------------------+---------------------------------------------------+
All Instances:
u_pipe|u_align_cdc|u_fifo|u_sync_rd_ptr
u_pipe|u_align_cdc|u_fifo|u_sync_wr_ptr



+---------------------------------------------------------------------------------------------------------------------+
; Ignored Source Level Assignments for User Entity coeff_bank Instance: u_pipe|u_bf|u_weights|u_store                 ;
+---------------+-------------------+----+-------------------------+--------------------------------------------------+
; Assignment    ; Value             ; To ; Reason                  ; Source Location                                  ;
+---------------+-------------------+----+-------------------------+--------------------------------------------------+
; cdc_dst_clk   ; "core_clk"        ; -  ; Invalid assignment name ; D:/agilex-7-radar-test/rtl/pfb/coeff_bank.sv:109 ;
; cdc_primitive ; "coeff_bank_dual" ; -  ; Invalid assignment name ; D:/agilex-7-radar-test/rtl/pfb/coeff_bank.sv:109 ;
; cdc_src_clk   ; "cfg_clk"         ; -  ; Invalid assignment name ; D:/agilex-7-radar-test/rtl/pfb/coeff_bank.sv:109 ;
; cdc_stages    ; "SYNC_STAGES"     ; -  ; Invalid assignment name ; D:/agilex-7-radar-test/rtl/pfb/coeff_bank.sv:109 ;
; cdc_width     ; "32"              ; -  ; Invalid assignment name ; D:/agilex-7-radar-test/rtl/pfb/coeff_bank.sv:109 ;
+---------------+-------------------+----+-------------------------+--------------------------------------------------+
All Instances:
u_pipe|u_bf|u_weights|u_store



+----------------------------------------------------------------------------------------------------------+
; Source Assignments for User Entity sync_fifo Instance: u_pipe|u_dma_fabric|g_egr[1].u_egr|g_vc[3].u_fifo ;
+--------------------+-------+------+-------------+--------------------------------------------------------+
; Assignment         ; Value ; From ; To          ; Source Location                                        ;
+--------------------+-------+------+-------------+--------------------------------------------------------+
; RAMSTYLE_ATTRIBUTE ; LOGIC ; -    ; g_store.mem ; sync_fifo.sv:171                                       ;
+--------------------+-------+------+-------------+--------------------------------------------------------+
All Instances:
u_pipe|u_dma_fabric|g_ing[0].u_ing|g_vc[0].u_fifo
u_pipe|u_dma_fabric|g_ing[0].u_ing|g_vc[1].u_fifo
u_pipe|u_dma_fabric|g_ing[0].u_ing|g_vc[2].u_fifo
u_pipe|u_dma_fabric|g_ing[0].u_ing|g_vc[3].u_fifo
u_pipe|u_dma_fabric|g_ing[1].u_ing|g_vc[0].u_fifo
u_pipe|u_dma_fabric|g_ing[1].u_ing|g_vc[1].u_fifo
u_pipe|u_dma_fabric|g_ing[1].u_ing|g_vc[2].u_fifo
u_pipe|u_dma_fabric|g_ing[1].u_ing|g_vc[3].u_fifo
u_pipe|u_dma_fabric|g_egr[0].u_egr|g_vc[0].u_fifo
u_pipe|u_dma_fabric|g_egr[0].u_egr|g_vc[1].u_fifo
u_pipe|u_dma_fabric|g_egr[0].u_egr|g_vc[2].u_fifo
u_pipe|u_dma_fabric|g_egr[0].u_egr|g_vc[3].u_fifo
u_pipe|u_dma_fabric|g_egr[1].u_egr|g_vc[0].u_fifo
u_pipe|u_dma_fabric|g_egr[1].u_egr|g_vc[1].u_fifo
u_pipe|u_dma_fabric|g_egr[1].u_egr|g_vc[2].u_fifo
u_pipe|u_dma_fabric|g_egr[1].u_egr|g_vc[3].u_fifo



+-----------------------------------------------------------------------------------------------------------------------------+
; Source Assignments for User Entity sync_fifo Instance: u_pipe|u_dma_fabric|g_stage[0].g_sw[0].u_sw|g_port[1].g_vc[3].u_fifo ;
+--------------------+-------+------+-------------+---------------------------------------------------------------------------+
; Assignment         ; Value ; From ; To          ; Source Location                                                           ;
+--------------------+-------+------+-------------+---------------------------------------------------------------------------+
; RAMSTYLE_ATTRIBUTE ; LOGIC ; -    ; g_store.mem ; sync_fifo.sv:171                                                          ;
+--------------------+-------+------+-------------+---------------------------------------------------------------------------+
All Instances:
u_pipe|u_dma_fabric|g_stage[0].g_sw[0].u_sw|g_port[0].g_vc[0].u_fifo
u_pipe|u_dma_fabric|g_stage[0].g_sw[0].u_sw|g_port[0].g_vc[1].u_fifo
u_pipe|u_dma_fabric|g_stage[0].g_sw[0].u_sw|g_port[0].g_vc[2].u_fifo
u_pipe|u_dma_fabric|g_stage[0].g_sw[0].u_sw|g_port[0].g_vc[3].u_fifo
u_pipe|u_dma_fabric|g_stage[0].g_sw[0].u_sw|g_port[1].g_vc[0].u_fifo
u_pipe|u_dma_fabric|g_stage[0].g_sw[0].u_sw|g_port[1].g_vc[1].u_fifo
u_pipe|u_dma_fabric|g_stage[0].g_sw[0].u_sw|g_port[1].g_vc[2].u_fifo
u_pipe|u_dma_fabric|g_stage[0].g_sw[0].u_sw|g_port[1].g_vc[3].u_fifo



+------------------------------------------------------------------------------------------------------------------------+
; Ignored Source Level Assignments for User Entity cdc_handshake Instance: u_pipe|u_bf|u_weights|u_store|u_wr_cdc        ;
+---------------+--------------------+----+-------------------------+----------------------------------------------------+
; Assignment    ; Value              ; To ; Reason                  ; Source Location                                    ;
+---------------+--------------------+----+-------------------------+----------------------------------------------------+
; cdc_dst_clk   ; "dst_clk"          ; -  ; Invalid assignment name ; D:/agilex-7-radar-test/rtl/cdc/cdc_handshake.sv:72 ;
; cdc_primitive ; "handshake_4phase" ; -  ; Invalid assignment name ; D:/agilex-7-radar-test/rtl/cdc/cdc_handshake.sv:72 ;
; cdc_src_clk   ; "src_clk"          ; -  ; Invalid assignment name ; D:/agilex-7-radar-test/rtl/cdc/cdc_handshake.sv:72 ;
; cdc_stages    ; "SYNC_STAGES"      ; -  ; Invalid assignment name ; D:/agilex-7-radar-test/rtl/cdc/cdc_handshake.sv:72 ;
; cdc_width     ; "WIDTH"            ; -  ; Invalid assignment name ; D:/agilex-7-radar-test/rtl/cdc/cdc_handshake.sv:72 ;
+---------------+--------------------+----+-------------------------+----------------------------------------------------+
All Instances:
u_pipe|u_bf|u_weights|u_store|u_wr_cdc



+--------------------------------------------------------------------------------------------------------------------------------------------+
; Source Assignments for User Entity fft_delay_line Instance: u_pipe|g_fft[15].u_fft|u_core|g_lane[0].u_path|g_group[1].u_stage|u_bf2i|u_dly ;
+--------------------+-------+------+------------------+-------------------------------------------------------------------------------------+
; Assignment         ; Value ; From ; To               ; Source Location                                                                     ;
+--------------------+-------+------+------------------+-------------------------------------------------------------------------------------+
; RAMSTYLE_ATTRIBUTE ; MLAB  ; -    ; g_mem.g_mlab.mem ; fft_delay_line.sv:131                                                               ;
+--------------------+-------+------+------------------+-------------------------------------------------------------------------------------+
All Instances:
u_pipe|g_fft[0].u_fft|u_core|g_lane[1].u_path|g_group[1].u_stage|u_bf2i|u_dly
u_pipe|g_fft[1].u_fft|u_core|g_lane[1].u_path|g_group[1].u_stage|u_bf2i|u_dly
u_pipe|g_fft[2].u_fft|u_core|g_lane[1].u_path|g_group[1].u_stage|u_bf2i|u_dly
u_pipe|g_fft[3].u_fft|u_core|g_lane[1].u_path|g_group[1].u_stage|u_bf2i|u_dly
u_pipe|g_fft[4].u_fft|u_core|g_lane[1].u_path|g_group[1].u_stage|u_bf2i|u_dly
u_pipe|g_fft[5].u_fft|u_core|g_lane[1].u_path|g_group[1].u_stage|u_bf2i|u_dly
u_pipe|g_fft[6].u_fft|u_core|g_lane[1].u_path|g_group[1].u_stage|u_bf2i|u_dly
u_pipe|g_fft[7].u_fft|u_core|g_lane[1].u_path|g_group[1].u_stage|u_bf2i|u_dly
u_pipe|g_fft[8].u_fft|u_core|g_lane[1].u_path|g_group[1].u_stage|u_bf2i|u_dly
u_pipe|g_fft[9].u_fft|u_core|g_lane[1].u_path|g_group[1].u_stage|u_bf2i|u_dly
u_pipe|g_fft[10].u_fft|u_core|g_lane[1].u_path|g_group[1].u_stage|u_bf2i|u_dly
u_pipe|g_fft[11].u_fft|u_core|g_lane[1].u_path|g_group[1].u_stage|u_bf2i|u_dly
u_pipe|g_fft[12].u_fft|u_core|g_lane[1].u_path|g_group[1].u_stage|u_bf2i|u_dly
u_pipe|g_fft[13].u_fft|u_core|g_lane[1].u_path|g_group[1].u_stage|u_bf2i|u_dly
u_pipe|g_fft[14].u_fft|u_core|g_lane[1].u_path|g_group[1].u_stage|u_bf2i|u_dly
u_pipe|g_fft[15].u_fft|u_core|g_lane[1].u_path|g_group[1].u_stage|u_bf2i|u_dly
u_pipe|g_fft[0].u_fft|u_core|g_lane[0].u_path|g_group[1].u_stage|u_bf2i|u_dly
u_pipe|g_fft[1].u_fft|u_core|g_lane[0].u_path|g_group[1].u_stage|u_bf2i|u_dly
u_pipe|g_fft[2].u_fft|u_core|g_lane[0].u_path|g_group[1].u_stage|u_bf2i|u_dly
u_pipe|g_fft[3].u_fft|u_core|g_lane[0].u_path|g_group[1].u_stage|u_bf2i|u_dly
u_pipe|g_fft[4].u_fft|u_core|g_lane[0].u_path|g_group[1].u_stage|u_bf2i|u_dly
u_pipe|g_fft[5].u_fft|u_core|g_lane[0].u_path|g_group[1].u_stage|u_bf2i|u_dly
u_pipe|g_fft[6].u_fft|u_core|g_lane[0].u_path|g_group[1].u_stage|u_bf2i|u_dly
u_pipe|g_fft[7].u_fft|u_core|g_lane[0].u_path|g_group[1].u_stage|u_bf2i|u_dly
u_pipe|g_fft[8].u_fft|u_core|g_lane[0].u_path|g_group[1].u_stage|u_bf2i|u_dly
u_pipe|g_fft[9].u_fft|u_core|g_lane[0].u_path|g_group[1].u_stage|u_bf2i|u_dly
u_pipe|g_fft[10].u_fft|u_core|g_lane[0].u_path|g_group[1].u_stage|u_bf2i|u_dly
u_pipe|g_fft[11].u_fft|u_core|g_lane[0].u_path|g_group[1].u_stage|u_bf2i|u_dly
u_pipe|g_fft[12].u_fft|u_core|g_lane[0].u_path|g_group[1].u_stage|u_bf2i|u_dly
u_pipe|g_fft[13].u_fft|u_core|g_lane[0].u_path|g_group[1].u_stage|u_bf2i|u_dly
u_pipe|g_fft[14].u_fft|u_core|g_lane[0].u_path|g_group[1].u_stage|u_bf2i|u_dly
u_pipe|g_fft[15].u_fft|u_core|g_lane[0].u_path|g_group[1].u_stage|u_bf2i|u_dly



+---------------------------------------------------------------------------------------------------------------------------------------------+
; Source Assignments for User Entity fft_delay_line Instance: u_pipe|g_fft[15].u_fft|u_core|g_lane[0].u_path|g_group[1].u_stage|u_bf2ii|u_dly ;
+--------------------+-------+------+------------------+--------------------------------------------------------------------------------------+
; Assignment         ; Value ; From ; To               ; Source Location                                                                      ;
+--------------------+-------+------+------------------+--------------------------------------------------------------------------------------+
; RAMSTYLE_ATTRIBUTE ; MLAB  ; -    ; g_mem.g_mlab.mem ; fft_delay_line.sv:131                                                                ;
+--------------------+-------+------+------------------+--------------------------------------------------------------------------------------+
All Instances:
u_pipe|g_fft[0].u_fft|u_core|g_lane[1].u_path|g_group[1].u_stage|u_bf2ii|u_dly
u_pipe|g_fft[1].u_fft|u_core|g_lane[1].u_path|g_group[1].u_stage|u_bf2ii|u_dly
u_pipe|g_fft[2].u_fft|u_core|g_lane[1].u_path|g_group[1].u_stage|u_bf2ii|u_dly
u_pipe|g_fft[3].u_fft|u_core|g_lane[1].u_path|g_group[1].u_stage|u_bf2ii|u_dly
u_pipe|g_fft[4].u_fft|u_core|g_lane[1].u_path|g_group[1].u_stage|u_bf2ii|u_dly
u_pipe|g_fft[5].u_fft|u_core|g_lane[1].u_path|g_group[1].u_stage|u_bf2ii|u_dly
u_pipe|g_fft[6].u_fft|u_core|g_lane[1].u_path|g_group[1].u_stage|u_bf2ii|u_dly
u_pipe|g_fft[7].u_fft|u_core|g_lane[1].u_path|g_group[1].u_stage|u_bf2ii|u_dly
u_pipe|g_fft[8].u_fft|u_core|g_lane[1].u_path|g_group[1].u_stage|u_bf2ii|u_dly
u_pipe|g_fft[9].u_fft|u_core|g_lane[1].u_path|g_group[1].u_stage|u_bf2ii|u_dly
u_pipe|g_fft[10].u_fft|u_core|g_lane[1].u_path|g_group[1].u_stage|u_bf2ii|u_dly
u_pipe|g_fft[11].u_fft|u_core|g_lane[1].u_path|g_group[1].u_stage|u_bf2ii|u_dly
u_pipe|g_fft[12].u_fft|u_core|g_lane[1].u_path|g_group[1].u_stage|u_bf2ii|u_dly
u_pipe|g_fft[13].u_fft|u_core|g_lane[1].u_path|g_group[1].u_stage|u_bf2ii|u_dly
u_pipe|g_fft[14].u_fft|u_core|g_lane[1].u_path|g_group[1].u_stage|u_bf2ii|u_dly
u_pipe|g_fft[15].u_fft|u_core|g_lane[1].u_path|g_group[1].u_stage|u_bf2ii|u_dly
u_pipe|g_fft[0].u_fft|u_core|g_lane[0].u_path|g_group[1].u_stage|u_bf2ii|u_dly
u_pipe|g_fft[1].u_fft|u_core|g_lane[0].u_path|g_group[1].u_stage|u_bf2ii|u_dly
u_pipe|g_fft[2].u_fft|u_core|g_lane[0].u_path|g_group[1].u_stage|u_bf2ii|u_dly
u_pipe|g_fft[3].u_fft|u_core|g_lane[0].u_path|g_group[1].u_stage|u_bf2ii|u_dly
u_pipe|g_fft[4].u_fft|u_core|g_lane[0].u_path|g_group[1].u_stage|u_bf2ii|u_dly
u_pipe|g_fft[5].u_fft|u_core|g_lane[0].u_path|g_group[1].u_stage|u_bf2ii|u_dly
u_pipe|g_fft[6].u_fft|u_core|g_lane[0].u_path|g_group[1].u_stage|u_bf2ii|u_dly
u_pipe|g_fft[7].u_fft|u_core|g_lane[0].u_path|g_group[1].u_stage|u_bf2ii|u_dly
u_pipe|g_fft[8].u_fft|u_core|g_lane[0].u_path|g_group[1].u_stage|u_bf2ii|u_dly
u_pipe|g_fft[9].u_fft|u_core|g_lane[0].u_path|g_group[1].u_stage|u_bf2ii|u_dly
u_pipe|g_fft[10].u_fft|u_core|g_lane[0].u_path|g_group[1].u_stage|u_bf2ii|u_dly
u_pipe|g_fft[11].u_fft|u_core|g_lane[0].u_path|g_group[1].u_stage|u_bf2ii|u_dly
u_pipe|g_fft[12].u_fft|u_core|g_lane[0].u_path|g_group[1].u_stage|u_bf2ii|u_dly
u_pipe|g_fft[13].u_fft|u_core|g_lane[0].u_path|g_group[1].u_stage|u_bf2ii|u_dly
u_pipe|g_fft[14].u_fft|u_core|g_lane[0].u_path|g_group[1].u_stage|u_bf2ii|u_dly
u_pipe|g_fft[15].u_fft|u_core|g_lane[0].u_path|g_group[1].u_stage|u_bf2ii|u_dly



+--------------------------------------------------------------------------------------------------------------------------------------------+
; Source Assignments for User Entity fft_delay_line Instance: u_pipe|g_fft[15].u_fft|u_core|g_lane[0].u_path|g_group[2].u_stage|u_bf2i|u_dly ;
+--------------------+-------+------+------------------+-------------------------------------------------------------------------------------+
; Assignment         ; Value ; From ; To               ; Source Location                                                                     ;
+--------------------+-------+------+------------------+-------------------------------------------------------------------------------------+
; RAMSTYLE_ATTRIBUTE ; MLAB  ; -    ; g_mem.g_mlab.mem ; fft_delay_line.sv:131                                                               ;
+--------------------+-------+------+------------------+-------------------------------------------------------------------------------------+
All Instances:
u_pipe|g_fft[0].u_fft|u_core|g_lane[1].u_path|g_group[2].u_stage|u_bf2i|u_dly
u_pipe|g_fft[1].u_fft|u_core|g_lane[1].u_path|g_group[2].u_stage|u_bf2i|u_dly
u_pipe|g_fft[2].u_fft|u_core|g_lane[1].u_path|g_group[2].u_stage|u_bf2i|u_dly
u_pipe|g_fft[3].u_fft|u_core|g_lane[1].u_path|g_group[2].u_stage|u_bf2i|u_dly
u_pipe|g_fft[4].u_fft|u_core|g_lane[1].u_path|g_group[2].u_stage|u_bf2i|u_dly
u_pipe|g_fft[5].u_fft|u_core|g_lane[1].u_path|g_group[2].u_stage|u_bf2i|u_dly
u_pipe|g_fft[6].u_fft|u_core|g_lane[1].u_path|g_group[2].u_stage|u_bf2i|u_dly
u_pipe|g_fft[7].u_fft|u_core|g_lane[1].u_path|g_group[2].u_stage|u_bf2i|u_dly
u_pipe|g_fft[8].u_fft|u_core|g_lane[1].u_path|g_group[2].u_stage|u_bf2i|u_dly
u_pipe|g_fft[9].u_fft|u_core|g_lane[1].u_path|g_group[2].u_stage|u_bf2i|u_dly
u_pipe|g_fft[10].u_fft|u_core|g_lane[1].u_path|g_group[2].u_stage|u_bf2i|u_dly
u_pipe|g_fft[11].u_fft|u_core|g_lane[1].u_path|g_group[2].u_stage|u_bf2i|u_dly
u_pipe|g_fft[12].u_fft|u_core|g_lane[1].u_path|g_group[2].u_stage|u_bf2i|u_dly
u_pipe|g_fft[13].u_fft|u_core|g_lane[1].u_path|g_group[2].u_stage|u_bf2i|u_dly
u_pipe|g_fft[14].u_fft|u_core|g_lane[1].u_path|g_group[2].u_stage|u_bf2i|u_dly
u_pipe|g_fft[15].u_fft|u_core|g_lane[1].u_path|g_group[2].u_stage|u_bf2i|u_dly
u_pipe|g_fft[0].u_fft|u_core|g_lane[0].u_path|g_group[2].u_stage|u_bf2i|u_dly
u_pipe|g_fft[1].u_fft|u_core|g_lane[0].u_path|g_group[2].u_stage|u_bf2i|u_dly
u_pipe|g_fft[2].u_fft|u_core|g_lane[0].u_path|g_group[2].u_stage|u_bf2i|u_dly
u_pipe|g_fft[3].u_fft|u_core|g_lane[0].u_path|g_group[2].u_stage|u_bf2i|u_dly
u_pipe|g_fft[4].u_fft|u_core|g_lane[0].u_path|g_group[2].u_stage|u_bf2i|u_dly
u_pipe|g_fft[5].u_fft|u_core|g_lane[0].u_path|g_group[2].u_stage|u_bf2i|u_dly
u_pipe|g_fft[6].u_fft|u_core|g_lane[0].u_path|g_group[2].u_stage|u_bf2i|u_dly
u_pipe|g_fft[7].u_fft|u_core|g_lane[0].u_path|g_group[2].u_stage|u_bf2i|u_dly
u_pipe|g_fft[8].u_fft|u_core|g_lane[0].u_path|g_group[2].u_stage|u_bf2i|u_dly
u_pipe|g_fft[9].u_fft|u_core|g_lane[0].u_path|g_group[2].u_stage|u_bf2i|u_dly
u_pipe|g_fft[10].u_fft|u_core|g_lane[0].u_path|g_group[2].u_stage|u_bf2i|u_dly
u_pipe|g_fft[11].u_fft|u_core|g_lane[0].u_path|g_group[2].u_stage|u_bf2i|u_dly
u_pipe|g_fft[12].u_fft|u_core|g_lane[0].u_path|g_group[2].u_stage|u_bf2i|u_dly
u_pipe|g_fft[13].u_fft|u_core|g_lane[0].u_path|g_group[2].u_stage|u_bf2i|u_dly
u_pipe|g_fft[14].u_fft|u_core|g_lane[0].u_path|g_group[2].u_stage|u_bf2i|u_dly
u_pipe|g_fft[15].u_fft|u_core|g_lane[0].u_path|g_group[2].u_stage|u_bf2i|u_dly



+---------------------------------------------------------------------------------------------------------------------------------------------+
; Source Assignments for User Entity fft_delay_line Instance: u_pipe|g_fft[15].u_fft|u_core|g_lane[0].u_path|g_group[2].u_stage|u_bf2ii|u_dly ;
+--------------------+-------+------+------------------+--------------------------------------------------------------------------------------+
; Assignment         ; Value ; From ; To               ; Source Location                                                                      ;
+--------------------+-------+------+------------------+--------------------------------------------------------------------------------------+
; RAMSTYLE_ATTRIBUTE ; MLAB  ; -    ; g_mem.g_mlab.mem ; fft_delay_line.sv:131                                                                ;
+--------------------+-------+------+------------------+--------------------------------------------------------------------------------------+
All Instances:
u_pipe|g_fft[0].u_fft|u_core|g_lane[1].u_path|g_group[2].u_stage|u_bf2ii|u_dly
u_pipe|g_fft[1].u_fft|u_core|g_lane[1].u_path|g_group[2].u_stage|u_bf2ii|u_dly
u_pipe|g_fft[2].u_fft|u_core|g_lane[1].u_path|g_group[2].u_stage|u_bf2ii|u_dly
u_pipe|g_fft[3].u_fft|u_core|g_lane[1].u_path|g_group[2].u_stage|u_bf2ii|u_dly
u_pipe|g_fft[4].u_fft|u_core|g_lane[1].u_path|g_group[2].u_stage|u_bf2ii|u_dly
u_pipe|g_fft[5].u_fft|u_core|g_lane[1].u_path|g_group[2].u_stage|u_bf2ii|u_dly
u_pipe|g_fft[6].u_fft|u_core|g_lane[1].u_path|g_group[2].u_stage|u_bf2ii|u_dly
u_pipe|g_fft[7].u_fft|u_core|g_lane[1].u_path|g_group[2].u_stage|u_bf2ii|u_dly
u_pipe|g_fft[8].u_fft|u_core|g_lane[1].u_path|g_group[2].u_stage|u_bf2ii|u_dly
u_pipe|g_fft[9].u_fft|u_core|g_lane[1].u_path|g_group[2].u_stage|u_bf2ii|u_dly
u_pipe|g_fft[10].u_fft|u_core|g_lane[1].u_path|g_group[2].u_stage|u_bf2ii|u_dly
u_pipe|g_fft[11].u_fft|u_core|g_lane[1].u_path|g_group[2].u_stage|u_bf2ii|u_dly
u_pipe|g_fft[12].u_fft|u_core|g_lane[1].u_path|g_group[2].u_stage|u_bf2ii|u_dly
u_pipe|g_fft[13].u_fft|u_core|g_lane[1].u_path|g_group[2].u_stage|u_bf2ii|u_dly
u_pipe|g_fft[14].u_fft|u_core|g_lane[1].u_path|g_group[2].u_stage|u_bf2ii|u_dly
u_pipe|g_fft[15].u_fft|u_core|g_lane[1].u_path|g_group[2].u_stage|u_bf2ii|u_dly
u_pipe|g_fft[0].u_fft|u_core|g_lane[0].u_path|g_group[2].u_stage|u_bf2ii|u_dly
u_pipe|g_fft[1].u_fft|u_core|g_lane[0].u_path|g_group[2].u_stage|u_bf2ii|u_dly
u_pipe|g_fft[2].u_fft|u_core|g_lane[0].u_path|g_group[2].u_stage|u_bf2ii|u_dly
u_pipe|g_fft[3].u_fft|u_core|g_lane[0].u_path|g_group[2].u_stage|u_bf2ii|u_dly
u_pipe|g_fft[4].u_fft|u_core|g_lane[0].u_path|g_group[2].u_stage|u_bf2ii|u_dly
u_pipe|g_fft[5].u_fft|u_core|g_lane[0].u_path|g_group[2].u_stage|u_bf2ii|u_dly
u_pipe|g_fft[6].u_fft|u_core|g_lane[0].u_path|g_group[2].u_stage|u_bf2ii|u_dly
u_pipe|g_fft[7].u_fft|u_core|g_lane[0].u_path|g_group[2].u_stage|u_bf2ii|u_dly
u_pipe|g_fft[8].u_fft|u_core|g_lane[0].u_path|g_group[2].u_stage|u_bf2ii|u_dly
u_pipe|g_fft[9].u_fft|u_core|g_lane[0].u_path|g_group[2].u_stage|u_bf2ii|u_dly
u_pipe|g_fft[10].u_fft|u_core|g_lane[0].u_path|g_group[2].u_stage|u_bf2ii|u_dly
u_pipe|g_fft[11].u_fft|u_core|g_lane[0].u_path|g_group[2].u_stage|u_bf2ii|u_dly
u_pipe|g_fft[12].u_fft|u_core|g_lane[0].u_path|g_group[2].u_stage|u_bf2ii|u_dly
u_pipe|g_fft[13].u_fft|u_core|g_lane[0].u_path|g_group[2].u_stage|u_bf2ii|u_dly
u_pipe|g_fft[14].u_fft|u_core|g_lane[0].u_path|g_group[2].u_stage|u_bf2ii|u_dly
u_pipe|g_fft[15].u_fft|u_core|g_lane[0].u_path|g_group[2].u_stage|u_bf2ii|u_dly



+--------------------------------------------------------------------------------------------------------------------------------------------+
; Source Assignments for User Entity fft_delay_line Instance: u_pipe|g_fft[15].u_fft|u_core|g_lane[0].u_path|g_group[3].u_stage|u_bf2i|u_dly ;
+--------------------+-------+------+------------------+-------------------------------------------------------------------------------------+
; Assignment         ; Value ; From ; To               ; Source Location                                                                     ;
+--------------------+-------+------+------------------+-------------------------------------------------------------------------------------+
; RAMSTYLE_ATTRIBUTE ; MLAB  ; -    ; g_mem.g_mlab.mem ; fft_delay_line.sv:131                                                               ;
+--------------------+-------+------+------------------+-------------------------------------------------------------------------------------+
All Instances:
u_pipe|g_fft[0].u_fft|u_core|g_lane[1].u_path|g_group[3].u_stage|u_bf2i|u_dly
u_pipe|g_fft[1].u_fft|u_core|g_lane[1].u_path|g_group[3].u_stage|u_bf2i|u_dly
u_pipe|g_fft[2].u_fft|u_core|g_lane[1].u_path|g_group[3].u_stage|u_bf2i|u_dly
u_pipe|g_fft[3].u_fft|u_core|g_lane[1].u_path|g_group[3].u_stage|u_bf2i|u_dly
u_pipe|g_fft[4].u_fft|u_core|g_lane[1].u_path|g_group[3].u_stage|u_bf2i|u_dly
u_pipe|g_fft[5].u_fft|u_core|g_lane[1].u_path|g_group[3].u_stage|u_bf2i|u_dly
u_pipe|g_fft[6].u_fft|u_core|g_lane[1].u_path|g_group[3].u_stage|u_bf2i|u_dly
u_pipe|g_fft[7].u_fft|u_core|g_lane[1].u_path|g_group[3].u_stage|u_bf2i|u_dly
u_pipe|g_fft[8].u_fft|u_core|g_lane[1].u_path|g_group[3].u_stage|u_bf2i|u_dly
u_pipe|g_fft[9].u_fft|u_core|g_lane[1].u_path|g_group[3].u_stage|u_bf2i|u_dly
u_pipe|g_fft[10].u_fft|u_core|g_lane[1].u_path|g_group[3].u_stage|u_bf2i|u_dly
u_pipe|g_fft[11].u_fft|u_core|g_lane[1].u_path|g_group[3].u_stage|u_bf2i|u_dly
u_pipe|g_fft[12].u_fft|u_core|g_lane[1].u_path|g_group[3].u_stage|u_bf2i|u_dly
u_pipe|g_fft[13].u_fft|u_core|g_lane[1].u_path|g_group[3].u_stage|u_bf2i|u_dly
u_pipe|g_fft[14].u_fft|u_core|g_lane[1].u_path|g_group[3].u_stage|u_bf2i|u_dly
u_pipe|g_fft[15].u_fft|u_core|g_lane[1].u_path|g_group[3].u_stage|u_bf2i|u_dly
u_pipe|g_fft[0].u_fft|u_core|g_lane[0].u_path|g_group[3].u_stage|u_bf2i|u_dly
u_pipe|g_fft[1].u_fft|u_core|g_lane[0].u_path|g_group[3].u_stage|u_bf2i|u_dly
u_pipe|g_fft[2].u_fft|u_core|g_lane[0].u_path|g_group[3].u_stage|u_bf2i|u_dly
u_pipe|g_fft[3].u_fft|u_core|g_lane[0].u_path|g_group[3].u_stage|u_bf2i|u_dly
u_pipe|g_fft[4].u_fft|u_core|g_lane[0].u_path|g_group[3].u_stage|u_bf2i|u_dly
u_pipe|g_fft[5].u_fft|u_core|g_lane[0].u_path|g_group[3].u_stage|u_bf2i|u_dly
u_pipe|g_fft[6].u_fft|u_core|g_lane[0].u_path|g_group[3].u_stage|u_bf2i|u_dly
u_pipe|g_fft[7].u_fft|u_core|g_lane[0].u_path|g_group[3].u_stage|u_bf2i|u_dly
u_pipe|g_fft[8].u_fft|u_core|g_lane[0].u_path|g_group[3].u_stage|u_bf2i|u_dly
u_pipe|g_fft[9].u_fft|u_core|g_lane[0].u_path|g_group[3].u_stage|u_bf2i|u_dly
u_pipe|g_fft[10].u_fft|u_core|g_lane[0].u_path|g_group[3].u_stage|u_bf2i|u_dly
u_pipe|g_fft[11].u_fft|u_core|g_lane[0].u_path|g_group[3].u_stage|u_bf2i|u_dly
u_pipe|g_fft[12].u_fft|u_core|g_lane[0].u_path|g_group[3].u_stage|u_bf2i|u_dly
u_pipe|g_fft[13].u_fft|u_core|g_lane[0].u_path|g_group[3].u_stage|u_bf2i|u_dly
u_pipe|g_fft[14].u_fft|u_core|g_lane[0].u_path|g_group[3].u_stage|u_bf2i|u_dly
u_pipe|g_fft[15].u_fft|u_core|g_lane[0].u_path|g_group[3].u_stage|u_bf2i|u_dly



+---------------------------------------------------------------------------------------------------------------------------------------------+
; Source Assignments for User Entity fft_delay_line Instance: u_pipe|g_fft[15].u_fft|u_core|g_lane[0].u_path|g_group[3].u_stage|u_bf2ii|u_dly ;
+--------------------+-------+------+------------------+--------------------------------------------------------------------------------------+
; Assignment         ; Value ; From ; To               ; Source Location                                                                      ;
+--------------------+-------+------+------------------+--------------------------------------------------------------------------------------+
; RAMSTYLE_ATTRIBUTE ; MLAB  ; -    ; g_mem.g_mlab.mem ; fft_delay_line.sv:131                                                                ;
+--------------------+-------+------+------------------+--------------------------------------------------------------------------------------+
All Instances:
u_pipe|g_fft[0].u_fft|u_core|g_lane[1].u_path|g_group[3].u_stage|u_bf2ii|u_dly
u_pipe|g_fft[1].u_fft|u_core|g_lane[1].u_path|g_group[3].u_stage|u_bf2ii|u_dly
u_pipe|g_fft[2].u_fft|u_core|g_lane[1].u_path|g_group[3].u_stage|u_bf2ii|u_dly
u_pipe|g_fft[3].u_fft|u_core|g_lane[1].u_path|g_group[3].u_stage|u_bf2ii|u_dly
u_pipe|g_fft[4].u_fft|u_core|g_lane[1].u_path|g_group[3].u_stage|u_bf2ii|u_dly
u_pipe|g_fft[5].u_fft|u_core|g_lane[1].u_path|g_group[3].u_stage|u_bf2ii|u_dly
u_pipe|g_fft[6].u_fft|u_core|g_lane[1].u_path|g_group[3].u_stage|u_bf2ii|u_dly
u_pipe|g_fft[7].u_fft|u_core|g_lane[1].u_path|g_group[3].u_stage|u_bf2ii|u_dly
u_pipe|g_fft[8].u_fft|u_core|g_lane[1].u_path|g_group[3].u_stage|u_bf2ii|u_dly
u_pipe|g_fft[9].u_fft|u_core|g_lane[1].u_path|g_group[3].u_stage|u_bf2ii|u_dly
u_pipe|g_fft[10].u_fft|u_core|g_lane[1].u_path|g_group[3].u_stage|u_bf2ii|u_dly
u_pipe|g_fft[11].u_fft|u_core|g_lane[1].u_path|g_group[3].u_stage|u_bf2ii|u_dly
u_pipe|g_fft[12].u_fft|u_core|g_lane[1].u_path|g_group[3].u_stage|u_bf2ii|u_dly
u_pipe|g_fft[13].u_fft|u_core|g_lane[1].u_path|g_group[3].u_stage|u_bf2ii|u_dly
u_pipe|g_fft[14].u_fft|u_core|g_lane[1].u_path|g_group[3].u_stage|u_bf2ii|u_dly
u_pipe|g_fft[15].u_fft|u_core|g_lane[1].u_path|g_group[3].u_stage|u_bf2ii|u_dly
u_pipe|g_fft[0].u_fft|u_core|g_lane[0].u_path|g_group[3].u_stage|u_bf2ii|u_dly
u_pipe|g_fft[1].u_fft|u_core|g_lane[0].u_path|g_group[3].u_stage|u_bf2ii|u_dly
u_pipe|g_fft[2].u_fft|u_core|g_lane[0].u_path|g_group[3].u_stage|u_bf2ii|u_dly
u_pipe|g_fft[3].u_fft|u_core|g_lane[0].u_path|g_group[3].u_stage|u_bf2ii|u_dly
u_pipe|g_fft[4].u_fft|u_core|g_lane[0].u_path|g_group[3].u_stage|u_bf2ii|u_dly
u_pipe|g_fft[5].u_fft|u_core|g_lane[0].u_path|g_group[3].u_stage|u_bf2ii|u_dly
u_pipe|g_fft[6].u_fft|u_core|g_lane[0].u_path|g_group[3].u_stage|u_bf2ii|u_dly
u_pipe|g_fft[7].u_fft|u_core|g_lane[0].u_path|g_group[3].u_stage|u_bf2ii|u_dly
u_pipe|g_fft[8].u_fft|u_core|g_lane[0].u_path|g_group[3].u_stage|u_bf2ii|u_dly
u_pipe|g_fft[9].u_fft|u_core|g_lane[0].u_path|g_group[3].u_stage|u_bf2ii|u_dly
u_pipe|g_fft[10].u_fft|u_core|g_lane[0].u_path|g_group[3].u_stage|u_bf2ii|u_dly
u_pipe|g_fft[11].u_fft|u_core|g_lane[0].u_path|g_group[3].u_stage|u_bf2ii|u_dly
u_pipe|g_fft[12].u_fft|u_core|g_lane[0].u_path|g_group[3].u_stage|u_bf2ii|u_dly
u_pipe|g_fft[13].u_fft|u_core|g_lane[0].u_path|g_group[3].u_stage|u_bf2ii|u_dly
u_pipe|g_fft[14].u_fft|u_core|g_lane[0].u_path|g_group[3].u_stage|u_bf2ii|u_dly
u_pipe|g_fft[15].u_fft|u_core|g_lane[0].u_path|g_group[3].u_stage|u_bf2ii|u_dly



+------------------------------------------------------------------------------+
; Parameter Settings for User Entity pfb_bank Instance: u_pipe|g_pfb[15].u_pfb ;
+------------------+----------------------------------+------------------------+
; Parameter Name   ; Value                            ; Type                   ;
+------------------+----------------------------------+------------------------+
; ACC_STYLE        ; TREE                             ; String                 ;
; DELAY_STYLE      ; AUTO                             ; String                 ;
; MULT_PIPE_STAGES ; 00000000000000000000000000000100 ; Unsigned Binary        ;
; MULT_VARIANT     ; MULT4                            ; String                 ;
; PAYLOAD_W        ; 00000000000000000000000001011000 ; Unsigned Binary        ;
; PHASES           ; 00000000000000000000000000000010 ; Unsigned Binary        ;
; SEQ_W            ; 00000000000000000000000000010000 ; Unsigned Binary        ;
; STREAM_ID_W      ; 00000000000000000000000000000010 ; Unsigned Binary        ;
; SYNC_STAGES      ; 00000000000000000000000000000010 ; Unsigned Binary        ;
; TAPS             ; 00000000000000000000000000010000 ; Unsigned Binary        ;
; TELEM_COUNT_W    ; 00000000000000000000000000100000 ; Unsigned Binary        ;
; USER_W           ; 00000000000000000000000000000100 ; Unsigned Binary        ;
+------------------+----------------------------------+------------------------+
All Instances:
u_pipe|g_pfb[0].u_pfb
u_pipe|g_pfb[1].u_pfb
u_pipe|g_pfb[2].u_pfb
u_pipe|g_pfb[3].u_pfb
u_pipe|g_pfb[4].u_pfb
u_pipe|g_pfb[5].u_pfb
u_pipe|g_pfb[6].u_pfb
u_pipe|g_pfb[7].u_pfb
u_pipe|g_pfb[8].u_pfb
u_pipe|g_pfb[9].u_pfb
u_pipe|g_pfb[10].u_pfb
u_pipe|g_pfb[11].u_pfb
u_pipe|g_pfb[12].u_pfb
u_pipe|g_pfb[13].u_pfb
u_pipe|g_pfb[14].u_pfb
u_pipe|g_pfb[15].u_pfb



+-----------------------------------------------------------------------------------+
; Parameter Settings for User Entity streaming_fft Instance: u_pipe|g_fft[15].u_fft ;
+-------------------+----------------------------------+----------------------------+
; Parameter Name    ; Value                            ; Type                       ;
+-------------------+----------------------------------+----------------------------+
; FFT_SIZE          ; 00000000000000000000010000000000 ; Unsigned Binary            ;
; FIFO_STORAGE      ; mlab                             ; String                     ;
; FLAG_COUNT_W      ; 00000000000000000000000000100000 ; Unsigned Binary            ;
; IN_DEPTH          ; 00000000000000000000000000000100 ; Unsigned Binary            ;
; MEM_STYLE         ; DEFAULT                          ; String                     ;
; OUT_SLACK         ; 00000000000000000000000000001000 ; Unsigned Binary            ;
; PAYLOAD_W_DERIVED ; 00000000000000000000000001011000 ; Unsigned Binary            ;
; REORDER           ; 00000000000000000000000000000001 ; Unsigned Binary            ;
; REORDER_STYLE     ; AUTO                             ; String                     ;
; SAMPLES_PER_CYCLE ; 00000000000000000000000000000010 ; Unsigned Binary            ;
; SCALE_SCHED       ; 11111111111111111111111111111111 ; Unsigned Binary            ;
; SEQ_W             ; 00000000000000000000000000010000 ; Unsigned Binary            ;
; STREAM_ID_W       ; 00000000000000000000000000000010 ; Unsigned Binary            ;
; TW_PIPE           ; 00000000000000000000000000000100 ; Unsigned Binary            ;
; TW_ROM_OUT_REG    ; 00000000000000000000000000000001 ; Unsigned Binary            ;
; TW_STYLE          ; AUTO                             ; String                     ;
; TW_VARIANT        ; MULT4                            ; String                     ;
; USER_W            ; 00000000000000000000000000000100 ; Unsigned Binary            ;
+-------------------+----------------------------------+----------------------------+
All Instances:
u_pipe|g_fft[0].u_fft
u_pipe|g_fft[1].u_fft
u_pipe|g_fft[2].u_fft
u_pipe|g_fft[3].u_fft
u_pipe|g_fft[4].u_fft
u_pipe|g_fft[5].u_fft
u_pipe|g_fft[6].u_fft
u_pipe|g_fft[7].u_fft
u_pipe|g_fft[8].u_fft
u_pipe|g_fft[9].u_fft
u_pipe|g_fft[10].u_fft
u_pipe|g_fft[11].u_fft
u_pipe|g_fft[12].u_fft
u_pipe|g_fft[13].u_fft
u_pipe|g_fft[14].u_fft
u_pipe|g_fft[15].u_fft



+------------------------------------------------------------------------------------------+
; Parameter Settings for User Entity history_core Instance: u_pipe|g_hist_rep[1].u_history ;
+--------------------+----------------------------------+----------------------------------+
; Parameter Name     ; Value                            ; Type                             ;
+--------------------+----------------------------------+----------------------------------+
; FFT_SIZE           ; 00000000000000000000010000000000 ; Unsigned Binary                  ;
; FRAMES_MAX         ; 00000000000000000000000100000000 ; Unsigned Binary                  ;
; INPUT_BIT_REVERSED ; 0                                ; Unsigned Bit Literal             ;
; LANES              ; 00000000000000000000000000000010 ; Unsigned Binary                  ;
; N_ANT              ; 00000000000000000000000000010000 ; Unsigned Binary                  ;
; PUB_W              ; 00000000000000000000000000111011 ; Unsigned Binary                  ;
; RD_ID_W            ; 00000000000000000000000000000010 ; Unsigned Binary                  ;
; RD_PAYLOAD_W       ; 00000000000000000000001001001101 ; Unsigned Binary                  ;
; RD_SEQ_W           ; 00000000000000000000000000010000 ; Unsigned Binary                  ;
; RD_USER_W          ; 00000000000000000000000000000100 ; Unsigned Binary                  ;
; SAMPLE_W           ; 00000000000000000000000000010000 ; Unsigned Binary                  ;
; STORAGE            ; auto                             ; String                           ;
; SYNC_STAGES        ; 00000000000000000000000000000010 ; Unsigned Binary                  ;
; WR_ID_W            ; 00000000000000000000000000000010 ; Unsigned Binary                  ;
; WR_PAYLOAD_W       ; 00000000000000000000000001011000 ; Unsigned Binary                  ;
; WR_SEQ_W           ; 00000000000000000000000000010000 ; Unsigned Binary                  ;
; WR_USER_W          ; 00000000000000000000000000000100 ; Unsigned Binary                  ;
+--------------------+----------------------------------+----------------------------------+
All Instances:
u_pipe|g_hist_rep[0].u_history
u_pipe|g_hist_rep[1].u_history



+-----------------------------------------------------------------------+
; Parameter Settings for User Entity align_net Instance: u_pipe|u_align ;
+----------------+----------------------------------+-------------------+
; Parameter Name ; Value                            ; Type              ;
+----------------+----------------------------------+-------------------+
; BIN_PAR        ; 00000000000000000000000000000010 ; Unsigned Binary   ;
; FFT_SIZE       ; 00000000000000000000010000000000 ; Unsigned Binary   ;
; FRAMES_MAX     ; 00000000000000000000000100000000 ; Unsigned Binary   ;
; GROUPS         ; 00000000000000000000000000000100 ; Unsigned Binary   ;
; LANES          ; 00000000000000000000000000000010 ; Unsigned Binary   ;
; MUX_STAGES     ; 00000000000000000000000000000010 ; Unsigned Binary   ;
; M_PAYLOAD_W    ; 00000000000000000000010000011000 ; Unsigned Binary   ;
; NET_SEL        ; 00000000000000000000000000000000 ; Unsigned Binary   ;
; N_ANT          ; 00000000000000000000000000010000 ; Unsigned Binary   ;
; OUT_DEPTH      ; 00000000000000000000000000000100 ; Unsigned Binary   ;
; RD_ID_W        ; 00000000000000000000000000000010 ; Unsigned Binary   ;
; RD_SEQ_W       ; 00000000000000000000000000010000 ; Unsigned Binary   ;
; RD_USER_W      ; 00000000000000000000000000000100 ; Unsigned Binary   ;
; RSP_PAYLOAD_W  ; 00000000000000000000001001001101 ; Unsigned Binary   ;
; SAMPLE_W       ; 00000000000000000000000000010000 ; Unsigned Binary   ;
; SEQ_W          ; 00000000000000000000000000010000 ; Unsigned Binary   ;
; STREAM_ID_W    ; 00000000000000000000000000000010 ; Unsigned Binary   ;
; TELEM_W        ; 00000000000000000000000000100000 ; Unsigned Binary   ;
; TIMEOUT_CYCLES ; 00000000000000000000000000110100 ; Unsigned Binary   ;
; USER_W         ; 00000000000000000000000000000100 ; Unsigned Binary   ;
+----------------+----------------------------------+-------------------+
All Instances:
u_pipe|u_align



+---------------------------------------------------------------------------------+
; Parameter Settings for User Entity stream_cdc Instance: u_pipe|u_align_cdc      ;
+-----------------------+----------------------------------+----------------------+
; Parameter Name        ; Value                            ; Type                 ;
+-----------------------+----------------------------------+----------------------+
; ALMOST_FULL_THRESHOLD ; 00000000000000000000000000000111 ; Unsigned Binary      ;
; DATA_W                ; 00000000000000000000000000000000 ; Unsigned Binary      ;
; DEPTH                 ; 00000000000000000000000000001000 ; Unsigned Binary      ;
; OUT_REG               ; 1                                ; Unsigned Bit Literal ;
; PAYLOAD_W             ; 00000000000000000000010000011000 ; Unsigned Binary      ;
; SEQ_W                 ; 00000000000000000000000000000000 ; Unsigned Binary      ;
; STORAGE               ; regs                             ; String               ;
; STREAM_ID_W           ; 00000000000000000000000000000000 ; Unsigned Binary      ;
; SYNC_STAGES           ; 00000000000000000000000000000010 ; Unsigned Binary      ;
; USER_W                ; 00000000000000000000000000000000 ; Unsigned Binary      ;
+-----------------------+----------------------------------+----------------------+
All Instances:
u_pipe|u_align_cdc



+-----------------------------------------------------------------------+
; Parameter Settings for User Entity beamformer Instance: u_pipe|u_bf   ;
+------------------+----------------------------------+-----------------+
; Parameter Name   ; Value                            ; Type            ;
+------------------+----------------------------------+-----------------+
; ADD_REG_EVERY    ; 00000000000000000000000000000001 ; Unsigned Binary ;
; BEAM_PAR         ; 00000000000000000000000000010000 ; Unsigned Binary ;
; BIN_PAR          ; 00000000000000000000000000000010 ; Unsigned Binary ;
; MULT_PIPE_STAGES ; 00000000000000000000000000000100 ; Unsigned Binary ;
; MULT_VARIANT     ; MULT4                            ; String          ;
; M_PAYLOAD_W      ; 00000000000000000000010000011000 ; Unsigned Binary ;
; N_ANT            ; 00000000000000000000000000010000 ; Unsigned Binary ;
; N_BEAMS          ; 00000000000000000000000000010000 ; Unsigned Binary ;
; SEQ_W            ; 00000000000000000000000000010000 ; Unsigned Binary ;
; STREAM_ID_W      ; 00000000000000000000000000000010 ; Unsigned Binary ;
; SYNC_STAGES      ; 00000000000000000000000000000010 ; Unsigned Binary ;
; S_PAYLOAD_W      ; 00000000000000000000010000011000 ; Unsigned Binary ;
; TELEM_COUNT_W    ; 00000000000000000000000000100000 ; Unsigned Binary ;
; USER_W           ; 00000000000000000000000000000100 ; Unsigned Binary ;
+------------------+----------------------------------+-----------------+
All Instances:
u_pipe|u_bf



+----------------------------------------------------------------------------------------+
; Parameter Settings for User Entity power_calc Instance: u_pipe|g_power_fanout[31].u_pc ;
+----------------+----------------------------------+------------------------------------+
; Parameter Name ; Value                            ; Type                               ;
+----------------+----------------------------------+------------------------------------+
; PIPE_STAGES    ; 00000000000000000000000000000010 ; Unsigned Binary                    ;
; TAG_W          ; 00000000000000000000000000011001 ; Unsigned Binary                    ;
+----------------+----------------------------------+------------------------------------+
All Instances:
u_pipe|g_power_fanout[0].u_pc
u_pipe|g_power_fanout[1].u_pc
u_pipe|g_power_fanout[2].u_pc
u_pipe|g_power_fanout[3].u_pc
u_pipe|g_power_fanout[4].u_pc
u_pipe|g_power_fanout[5].u_pc
u_pipe|g_power_fanout[6].u_pc
u_pipe|g_power_fanout[7].u_pc
u_pipe|g_power_fanout[8].u_pc
u_pipe|g_power_fanout[9].u_pc
u_pipe|g_power_fanout[10].u_pc
u_pipe|g_power_fanout[11].u_pc
u_pipe|g_power_fanout[12].u_pc
u_pipe|g_power_fanout[13].u_pc
u_pipe|g_power_fanout[14].u_pc
u_pipe|g_power_fanout[15].u_pc
u_pipe|g_power_fanout[16].u_pc
u_pipe|g_power_fanout[17].u_pc
u_pipe|g_power_fanout[18].u_pc
u_pipe|g_power_fanout[19].u_pc
u_pipe|g_power_fanout[20].u_pc
u_pipe|g_power_fanout[21].u_pc
u_pipe|g_power_fanout[22].u_pc
u_pipe|g_power_fanout[23].u_pc
u_pipe|g_power_fanout[24].u_pc
u_pipe|g_power_fanout[25].u_pc
u_pipe|g_power_fanout[26].u_pc
u_pipe|g_power_fanout[27].u_pc
u_pipe|g_power_fanout[28].u_pc
u_pipe|g_power_fanout[29].u_pc
u_pipe|g_power_fanout[30].u_pc
u_pipe|g_power_fanout[31].u_pc



+--------------------------------------------------------------------------+
; Parameter Settings for User Entity covar_engine Instance: u_pipe|u_covar ;
+-------------------+----------------------------------+-------------------+
; Parameter Name    ; Value                            ; Type              ;
+-------------------+----------------------------------+-------------------+
; ACC_W             ; 00000000000000000000000000101000 ; Unsigned Binary   ;
; CMULT_PIPE_STAGES ; 00000000000000000000000000000100 ; Unsigned Binary   ;
; CMULT_VARIANT     ; MULT4                            ; String            ;
; N_PAIRS           ; 00000000000000000000000000001000 ; Unsigned Binary   ;
; N_SRC             ; 00000000000000000000000000010000 ; Unsigned Binary   ;
; SAT_COUNT_W       ; 00000000000000000000000000100000 ; Unsigned Binary   ;
; SEL_W             ; 00000000000000000000000000001000 ; Unsigned Binary   ;
; WINDOW_W          ; 00000000000000000000000000010000 ; Unsigned Binary   ;
+-------------------+----------------------------------+-------------------+
All Instances:
u_pipe|u_covar



+-----------------------------------------------------------------------------------------+
; Parameter Settings for User Entity stream_elastic_buffer Instance: u_pipe|u_fanout_fifo ;
+----------------+----------------------------------+-------------------------------------+
; Parameter Name ; Value                            ; Type                                ;
+----------------+----------------------------------+-------------------------------------+
; DATA_W         ; 00000000000000000000000000000000 ; Unsigned Binary                     ;
; DEPTH          ; 00000000000000000000000000000100 ; Unsigned Binary                     ;
; PAYLOAD_W      ; 00000000000000000000100000100000 ; Unsigned Binary                     ;
; SEQ_W          ; 00000000000000000000000000000000 ; Unsigned Binary                     ;
; STREAM_ID_W    ; 00000000000000000000000000000000 ; Unsigned Binary                     ;
; USER_W         ; 00000000000000000000000000000000 ; Unsigned Binary                     ;
+----------------+----------------------------------+-------------------------------------+
All Instances:
u_pipe|u_fanout_fifo



+------------------------------------------------------------------------------------------+
; Parameter Settings for User Entity cfar_core Instance: u_pipe|g_cfar_per_beam[15].u_cfar ;
+----------------+----------------------------------+--------------------------------------+
; Parameter Name ; Value                            ; Type                                 ;
+----------------+----------------------------------+--------------------------------------+
; IN_DATA_W      ; 00000000000000000000000000101000 ; Unsigned Binary                      ;
; MAX_GUARD      ; 00000000000000000000000000000100 ; Unsigned Binary                      ;
; MAX_REF        ; 00000000000000000000000000100000 ; Unsigned Binary                      ;
; M_PAYLOAD_W    ; 00000000000000000000000011001000 ; Unsigned Binary                      ;
; OUT_DATA_W     ; 00000000000000000000000010110000 ; Unsigned Binary                      ;
; OUT_DEPTH      ; 00000000000000000000000000001000 ; Unsigned Binary                      ;
; SEQ_W          ; 00000000000000000000000000010000 ; Unsigned Binary                      ;
; STREAM_ID_W    ; 00000000000000000000000000000010 ; Unsigned Binary                      ;
; S_PAYLOAD_W    ; 00000000000000000000000001000000 ; Unsigned Binary                      ;
; USER_W         ; 00000000000000000000000000000100 ; Unsigned Binary                      ;
+----------------+----------------------------------+--------------------------------------+
All Instances:
u_pipe|g_cfar_per_beam[0].u_cfar
u_pipe|g_cfar_per_beam[1].u_cfar
u_pipe|g_cfar_per_beam[2].u_cfar
u_pipe|g_cfar_per_beam[3].u_cfar
u_pipe|g_cfar_per_beam[4].u_cfar
u_pipe|g_cfar_per_beam[5].u_cfar
u_pipe|g_cfar_per_beam[6].u_cfar
u_pipe|g_cfar_per_beam[7].u_cfar
u_pipe|g_cfar_per_beam[8].u_cfar
u_pipe|g_cfar_per_beam[9].u_cfar
u_pipe|g_cfar_per_beam[10].u_cfar
u_pipe|g_cfar_per_beam[11].u_cfar
u_pipe|g_cfar_per_beam[12].u_cfar
u_pipe|g_cfar_per_beam[13].u_cfar
u_pipe|g_cfar_per_beam[14].u_cfar
u_pipe|g_cfar_per_beam[15].u_cfar



+--------------------------------------------------------------------------+
; Parameter Settings for User Entity pkt_rr_arb Instance: u_pipe|u_cfar_rr ;
+----------------+----------------------------------+----------------------+
; Parameter Name ; Value                            ; Type                 ;
+----------------+----------------------------------+----------------------+
; N              ; 00000000000000000000000000010000 ; Unsigned Binary      ;
+----------------+----------------------------------+----------------------+
All Instances:
u_pipe|u_cfar_rr



+-----------------------------------------------------------------------------------------+
; Parameter Settings for User Entity stream_elastic_buffer Instance: u_pipe|u_dma_tap_buf ;
+----------------+----------------------------------+-------------------------------------+
; Parameter Name ; Value                            ; Type                                ;
+----------------+----------------------------------+-------------------------------------+
; DATA_W         ; 00000000000000000000000000000000 ; Unsigned Binary                     ;
; DEPTH          ; 00000000000000000000000000010000 ; Unsigned Binary                     ;
; PAYLOAD_W      ; 00000000000000000000000010110000 ; Unsigned Binary                     ;
; SEQ_W          ; 00000000000000000000000000000000 ; Unsigned Binary                     ;
; STREAM_ID_W    ; 00000000000000000000000000000000 ; Unsigned Binary                     ;
; USER_W         ; 00000000000000000000000000000000 ; Unsigned Binary                     ;
+----------------+----------------------------------+-------------------------------------+
All Instances:
u_pipe|u_dma_tap_buf



+-----------------------------------------------------------------------------+
; Parameter Settings for User Entity pkt_fabric Instance: u_pipe|u_dma_fabric ;
+----------------+----------------------------------+-------------------------+
; Parameter Name ; Value                            ; Type                    ;
+----------------+----------------------------------+-------------------------+
; END_DEPTH      ; 00000000000000000000000000001000 ; Unsigned Binary         ;
; N_VC           ; 00000000000000000000000000000100 ; Unsigned Binary         ;
; OUT_PIPE       ; 00000000000000000000000000000000 ; Unsigned Binary         ;
; PACKET_W       ; 00000000000000000000001000000000 ; Unsigned Binary         ;
; RADIX          ; 00000000000000000000000000000010 ; Unsigned Binary         ;
; STAGES         ; 00000000000000000000000000000001 ; Unsigned Binary         ;
; STORAGE        ; regs                             ; String                  ;
; VC_DEPTH       ; 00000000000000000000000000000100 ; Unsigned Binary         ;
+----------------+----------------------------------+-------------------------+
All Instances:
u_pipe|u_dma_fabric



+----------------------------------------------------------------------------+
; Parameter Settings for User Entity mem_arbiter Instance: u_pipe|u_dma_arb  ;
+-----------------------+----------------------------------+-----------------+
; Parameter Name        ; Value                            ; Type            ;
+-----------------------+----------------------------------+-----------------+
; MAX_INFLIGHT_PER_PORT ; 00000000000000000000000000001000 ; Unsigned Binary ;
; N_PORTS               ; 00000000000000000000000000000010 ; Unsigned Binary ;
+-----------------------+----------------------------------+-----------------+
All Instances:
u_pipe|u_dma_arb



+------------------------------------------------------------------------------------+
; Parameter Settings for User Entity behavioral_mem_model Instance: u_pipe|u_dma_mem ;
+----------------+----------------------------------+--------------------------------+
; Parameter Name ; Value                            ; Type                           ;
+----------------+----------------------------------+--------------------------------+
; DEPTH_BYTES    ; 00000000000100000000000000000000 ; Unsigned Binary                ;
; MAX_INFLIGHT   ; 00000000000000000000000000010000 ; Unsigned Binary                ;
+----------------+----------------------------------+--------------------------------+
All Instances:
u_pipe|u_dma_mem



+----------------------------------------------------------------------------------------+
; Parameter Settings for User Entity coeff_bank Instance: u_pipe|g_pfb[15].u_pfb|u_coeff ;
+-------------------+----------------------------------+---------------------------------+
; Parameter Name    ; Value                            ; Type                            ;
+-------------------+----------------------------------+---------------------------------+
; ALLOW_UNSAFE_SWAP ; 0                                ; Unsigned Bit Literal            ;
; PHASES            ; 00000000000000000000000000000010 ; Unsigned Binary                 ;
; SYNC_STAGES       ; 00000000000000000000000000000010 ; Unsigned Binary                 ;
; TAPS              ; 00000000000000000000000000010000 ; Unsigned Binary                 ;
+-------------------+----------------------------------+---------------------------------+
All Instances:
u_pipe|g_pfb[0].u_pfb|u_coeff
u_pipe|g_pfb[1].u_pfb|u_coeff
u_pipe|g_pfb[2].u_pfb|u_coeff
u_pipe|g_pfb[3].u_pfb|u_coeff
u_pipe|g_pfb[4].u_pfb|u_coeff
u_pipe|g_pfb[5].u_pfb|u_coeff
u_pipe|g_pfb[6].u_pfb|u_coeff
u_pipe|g_pfb[7].u_pfb|u_coeff
u_pipe|g_pfb[8].u_pfb|u_coeff
u_pipe|g_pfb[9].u_pfb|u_coeff
u_pipe|g_pfb[10].u_pfb|u_coeff
u_pipe|g_pfb[11].u_pfb|u_coeff
u_pipe|g_pfb[12].u_pfb|u_coeff
u_pipe|g_pfb[13].u_pfb|u_coeff
u_pipe|g_pfb[14].u_pfb|u_coeff
u_pipe|g_pfb[15].u_pfb|u_coeff



+-----------------------------------------------------------------------------------------------+
; Parameter Settings for User Entity fir_lane Instance: u_pipe|g_pfb[15].u_pfb|g_lane[0].u_lane ;
+------------------+----------------------------------+-----------------------------------------+
; Parameter Name   ; Value                            ; Type                                    ;
+------------------+----------------------------------+-----------------------------------------+
; ACC_STYLE        ; TREE                             ; String                                  ;
; DELAY_STYLE      ; AUTO                             ; String                                  ;
; MULT_PIPE_STAGES ; 00000000000000000000000000000100 ; Unsigned Binary                         ;
; MULT_VARIANT     ; MULT4                            ; String                                  ;
; TAPS             ; 00000000000000000000000000010000 ; Unsigned Binary                         ;
+------------------+----------------------------------+-----------------------------------------+
All Instances:
u_pipe|g_pfb[0].u_pfb|g_lane[1].u_lane
u_pipe|g_pfb[1].u_pfb|g_lane[1].u_lane
u_pipe|g_pfb[2].u_pfb|g_lane[1].u_lane
u_pipe|g_pfb[3].u_pfb|g_lane[1].u_lane
u_pipe|g_pfb[4].u_pfb|g_lane[1].u_lane
u_pipe|g_pfb[5].u_pfb|g_lane[1].u_lane
u_pipe|g_pfb[6].u_pfb|g_lane[1].u_lane
u_pipe|g_pfb[7].u_pfb|g_lane[1].u_lane
u_pipe|g_pfb[8].u_pfb|g_lane[1].u_lane
u_pipe|g_pfb[9].u_pfb|g_lane[1].u_lane
u_pipe|g_pfb[10].u_pfb|g_lane[1].u_lane
u_pipe|g_pfb[11].u_pfb|g_lane[1].u_lane
u_pipe|g_pfb[12].u_pfb|g_lane[1].u_lane
u_pipe|g_pfb[13].u_pfb|g_lane[1].u_lane
u_pipe|g_pfb[14].u_pfb|g_lane[1].u_lane
u_pipe|g_pfb[15].u_pfb|g_lane[1].u_lane
u_pipe|g_pfb[0].u_pfb|g_lane[0].u_lane
u_pipe|g_pfb[1].u_pfb|g_lane[0].u_lane
u_pipe|g_pfb[2].u_pfb|g_lane[0].u_lane
u_pipe|g_pfb[3].u_pfb|g_lane[0].u_lane
u_pipe|g_pfb[4].u_pfb|g_lane[0].u_lane
u_pipe|g_pfb[5].u_pfb|g_lane[0].u_lane
u_pipe|g_pfb[6].u_pfb|g_lane[0].u_lane
u_pipe|g_pfb[7].u_pfb|g_lane[0].u_lane
u_pipe|g_pfb[8].u_pfb|g_lane[0].u_lane
u_pipe|g_pfb[9].u_pfb|g_lane[0].u_lane
u_pipe|g_pfb[10].u_pfb|g_lane[0].u_lane
u_pipe|g_pfb[11].u_pfb|g_lane[0].u_lane
u_pipe|g_pfb[12].u_pfb|g_lane[0].u_lane
u_pipe|g_pfb[13].u_pfb|g_lane[0].u_lane
u_pipe|g_pfb[14].u_pfb|g_lane[0].u_lane
u_pipe|g_pfb[15].u_pfb|g_lane[0].u_lane



+-------------------------------------------------------------------------------------------------+
; Parameter Settings for User Entity stream_elastic_buffer Instance: u_pipe|g_pfb[15].u_pfb|u_out ;
+----------------+----------------------------------+---------------------------------------------+
; Parameter Name ; Value                            ; Type                                        ;
+----------------+----------------------------------+---------------------------------------------+
; DATA_W         ; 00000000000000000000000001000000 ; Unsigned Binary                             ;
; DEPTH          ; 00000000000000000000000000001011 ; Unsigned Binary                             ;
; PAYLOAD_W      ; 00000000000000000000000001011000 ; Unsigned Binary                             ;
; SEQ_W          ; 00000000000000000000000000010000 ; Unsigned Binary                             ;
; STREAM_ID_W    ; 00000000000000000000000000000010 ; Unsigned Binary                             ;
; USER_W         ; 00000000000000000000000000000100 ; Unsigned Binary                             ;
+----------------+----------------------------------+---------------------------------------------+
All Instances:
u_pipe|g_pfb[0].u_pfb|u_out
u_pipe|g_pfb[1].u_pfb|u_out
u_pipe|g_pfb[2].u_pfb|u_out
u_pipe|g_pfb[3].u_pfb|u_out
u_pipe|g_pfb[4].u_pfb|u_out
u_pipe|g_pfb[5].u_pfb|u_out
u_pipe|g_pfb[6].u_pfb|u_out
u_pipe|g_pfb[7].u_pfb|u_out
u_pipe|g_pfb[8].u_pfb|u_out
u_pipe|g_pfb[9].u_pfb|u_out
u_pipe|g_pfb[10].u_pfb|u_out
u_pipe|g_pfb[11].u_pfb|u_out
u_pipe|g_pfb[12].u_pfb|u_out
u_pipe|g_pfb[13].u_pfb|u_out
u_pipe|g_pfb[14].u_pfb|u_out
u_pipe|g_pfb[15].u_pfb|u_out



+----------------------------------------------------------------------------------------------------------+
; Parameter Settings for User Entity fxp_sticky_flags Instance: u_pipe|u_covar|g_pair[7].u_int_im|u_sticky ;
+----------------+----------------------------------+------------------------------------------------------+
; Parameter Name ; Value                            ; Type                                                 ;
+----------------+----------------------------------+------------------------------------------------------+
; COUNT_W        ; 00000000000000000000000000100000 ; Unsigned Binary                                      ;
+----------------+----------------------------------+------------------------------------------------------+
All Instances:
u_pipe|g_pfb[0].u_pfb|u_sat
u_pipe|g_pfb[1].u_pfb|u_sat
u_pipe|g_pfb[2].u_pfb|u_sat
u_pipe|g_pfb[3].u_pfb|u_sat
u_pipe|g_pfb[4].u_pfb|u_sat
u_pipe|g_pfb[5].u_pfb|u_sat
u_pipe|g_pfb[6].u_pfb|u_sat
u_pipe|g_pfb[7].u_pfb|u_sat
u_pipe|g_pfb[8].u_pfb|u_sat
u_pipe|g_pfb[9].u_pfb|u_sat
u_pipe|g_pfb[10].u_pfb|u_sat
u_pipe|g_pfb[11].u_pfb|u_sat
u_pipe|g_pfb[12].u_pfb|u_sat
u_pipe|g_pfb[13].u_pfb|u_sat
u_pipe|g_pfb[14].u_pfb|u_sat
u_pipe|g_pfb[15].u_pfb|u_sat
u_pipe|u_bf|u_sat
u_pipe|g_fft[0].u_fft|u_core|g_flags[0].u_sticky
u_pipe|g_fft[1].u_fft|u_core|g_flags[0].u_sticky
u_pipe|g_fft[2].u_fft|u_core|g_flags[0].u_sticky
u_pipe|g_fft[3].u_fft|u_core|g_flags[0].u_sticky
u_pipe|g_fft[4].u_fft|u_core|g_flags[0].u_sticky
u_pipe|g_fft[5].u_fft|u_core|g_flags[0].u_sticky
u_pipe|g_fft[6].u_fft|u_core|g_flags[0].u_sticky
u_pipe|g_fft[7].u_fft|u_core|g_flags[0].u_sticky
u_pipe|g_fft[8].u_fft|u_core|g_flags[0].u_sticky
u_pipe|g_fft[9].u_fft|u_core|g_flags[0].u_sticky
u_pipe|g_fft[10].u_fft|u_core|g_flags[0].u_sticky
u_pipe|g_fft[11].u_fft|u_core|g_flags[0].u_sticky
u_pipe|g_fft[12].u_fft|u_core|g_flags[0].u_sticky
u_pipe|g_fft[13].u_fft|u_core|g_flags[0].u_sticky
u_pipe|g_fft[14].u_fft|u_core|g_flags[0].u_sticky
u_pipe|g_fft[15].u_fft|u_core|g_flags[0].u_sticky
u_pipe|g_fft[0].u_fft|u_core|g_flags[1].u_sticky
u_pipe|g_fft[1].u_fft|u_core|g_flags[1].u_sticky
u_pipe|g_fft[2].u_fft|u_core|g_flags[1].u_sticky
u_pipe|g_fft[3].u_fft|u_core|g_flags[1].u_sticky
u_pipe|g_fft[4].u_fft|u_core|g_flags[1].u_sticky
u_pipe|g_fft[5].u_fft|u_core|g_flags[1].u_sticky
u_pipe|g_fft[6].u_fft|u_core|g_flags[1].u_sticky
u_pipe|g_fft[7].u_fft|u_core|g_flags[1].u_sticky
u_pipe|g_fft[8].u_fft|u_core|g_flags[1].u_sticky
u_pipe|g_fft[9].u_fft|u_core|g_flags[1].u_sticky
u_pipe|g_fft[10].u_fft|u_core|g_flags[1].u_sticky
u_pipe|g_fft[11].u_fft|u_core|g_flags[1].u_sticky
u_pipe|g_fft[12].u_fft|u_core|g_flags[1].u_sticky
u_pipe|g_fft[13].u_fft|u_core|g_flags[1].u_sticky
u_pipe|g_fft[14].u_fft|u_core|g_flags[1].u_sticky
u_pipe|g_fft[15].u_fft|u_core|g_flags[1].u_sticky
u_pipe|g_fft[0].u_fft|u_core|g_flags[2].u_sticky
u_pipe|g_fft[1].u_fft|u_core|g_flags[2].u_sticky
u_pipe|g_fft[2].u_fft|u_core|g_flags[2].u_sticky
u_pipe|g_fft[3].u_fft|u_core|g_flags[2].u_sticky
u_pipe|g_fft[4].u_fft|u_core|g_flags[2].u_sticky
u_pipe|g_fft[5].u_fft|u_core|g_flags[2].u_sticky
u_pipe|g_fft[6].u_fft|u_core|g_flags[2].u_sticky
u_pipe|g_fft[7].u_fft|u_core|g_flags[2].u_sticky
u_pipe|g_fft[8].u_fft|u_core|g_flags[2].u_sticky
u_pipe|g_fft[9].u_fft|u_core|g_flags[2].u_sticky
u_pipe|g_fft[10].u_fft|u_core|g_flags[2].u_sticky
u_pipe|g_fft[11].u_fft|u_core|g_flags[2].u_sticky
u_pipe|g_fft[12].u_fft|u_core|g_flags[2].u_sticky
u_pipe|g_fft[13].u_fft|u_core|g_flags[2].u_sticky
u_pipe|g_fft[14].u_fft|u_core|g_flags[2].u_sticky
u_pipe|g_fft[15].u_fft|u_core|g_flags[2].u_sticky
u_pipe|g_fft[0].u_fft|u_core|g_flags[3].u_sticky
u_pipe|g_fft[1].u_fft|u_core|g_flags[3].u_sticky
u_pipe|g_fft[2].u_fft|u_core|g_flags[3].u_sticky
u_pipe|g_fft[3].u_fft|u_core|g_flags[3].u_sticky
u_pipe|g_fft[4].u_fft|u_core|g_flags[3].u_sticky
u_pipe|g_fft[5].u_fft|u_core|g_flags[3].u_sticky
u_pipe|g_fft[6].u_fft|u_core|g_flags[3].u_sticky
u_pipe|g_fft[7].u_fft|u_core|g_flags[3].u_sticky
u_pipe|g_fft[8].u_fft|u_core|g_flags[3].u_sticky
u_pipe|g_fft[9].u_fft|u_core|g_flags[3].u_sticky
u_pipe|g_fft[10].u_fft|u_core|g_flags[3].u_sticky
u_pipe|g_fft[11].u_fft|u_core|g_flags[3].u_sticky
u_pipe|g_fft[12].u_fft|u_core|g_flags[3].u_sticky
u_pipe|g_fft[13].u_fft|u_core|g_flags[3].u_sticky
u_pipe|g_fft[14].u_fft|u_core|g_flags[3].u_sticky
u_pipe|g_fft[15].u_fft|u_core|g_flags[3].u_sticky
u_pipe|g_fft[0].u_fft|u_core|g_flags[4].u_sticky
u_pipe|g_fft[1].u_fft|u_core|g_flags[4].u_sticky
u_pipe|g_fft[2].u_fft|u_core|g_flags[4].u_sticky
u_pipe|g_fft[3].u_fft|u_core|g_flags[4].u_sticky
u_pipe|g_fft[4].u_fft|u_core|g_flags[4].u_sticky
u_pipe|g_fft[5].u_fft|u_core|g_flags[4].u_sticky
u_pipe|g_fft[6].u_fft|u_core|g_flags[4].u_sticky
u_pipe|g_fft[7].u_fft|u_core|g_flags[4].u_sticky
u_pipe|g_fft[8].u_fft|u_core|g_flags[4].u_sticky
u_pipe|g_fft[9].u_fft|u_core|g_flags[4].u_sticky
u_pipe|g_fft[10].u_fft|u_core|g_flags[4].u_sticky
u_pipe|g_fft[11].u_fft|u_core|g_flags[4].u_sticky
u_pipe|g_fft[12].u_fft|u_core|g_flags[4].u_sticky
u_pipe|g_fft[13].u_fft|u_core|g_flags[4].u_sticky
u_pipe|g_fft[14].u_fft|u_core|g_flags[4].u_sticky
u_pipe|g_fft[15].u_fft|u_core|g_flags[4].u_sticky
u_pipe|g_fft[0].u_fft|u_core|g_flags[5].u_sticky
u_pipe|g_fft[1].u_fft|u_core|g_flags[5].u_sticky
u_pipe|g_fft[2].u_fft|u_core|g_flags[5].u_sticky
u_pipe|g_fft[3].u_fft|u_core|g_flags[5].u_sticky
u_pipe|g_fft[4].u_fft|u_core|g_flags[5].u_sticky
u_pipe|g_fft[5].u_fft|u_core|g_flags[5].u_sticky
u_pipe|g_fft[6].u_fft|u_core|g_flags[5].u_sticky
u_pipe|g_fft[7].u_fft|u_core|g_flags[5].u_sticky
u_pipe|g_fft[8].u_fft|u_core|g_flags[5].u_sticky
u_pipe|g_fft[9].u_fft|u_core|g_flags[5].u_sticky
u_pipe|g_fft[10].u_fft|u_core|g_flags[5].u_sticky
u_pipe|g_fft[11].u_fft|u_core|g_flags[5].u_sticky
u_pipe|g_fft[12].u_fft|u_core|g_flags[5].u_sticky
u_pipe|g_fft[13].u_fft|u_core|g_flags[5].u_sticky
u_pipe|g_fft[14].u_fft|u_core|g_flags[5].u_sticky
u_pipe|g_fft[15].u_fft|u_core|g_flags[5].u_sticky
u_pipe|g_fft[0].u_fft|u_core|g_flags[6].u_sticky
u_pipe|g_fft[1].u_fft|u_core|g_flags[6].u_sticky
u_pipe|g_fft[2].u_fft|u_core|g_flags[6].u_sticky
u_pipe|g_fft[3].u_fft|u_core|g_flags[6].u_sticky
u_pipe|g_fft[4].u_fft|u_core|g_flags[6].u_sticky
u_pipe|g_fft[5].u_fft|u_core|g_flags[6].u_sticky
u_pipe|g_fft[6].u_fft|u_core|g_flags[6].u_sticky
u_pipe|g_fft[7].u_fft|u_core|g_flags[6].u_sticky
u_pipe|g_fft[8].u_fft|u_core|g_flags[6].u_sticky
u_pipe|g_fft[9].u_fft|u_core|g_flags[6].u_sticky
u_pipe|g_fft[10].u_fft|u_core|g_flags[6].u_sticky
u_pipe|g_fft[11].u_fft|u_core|g_flags[6].u_sticky
u_pipe|g_fft[12].u_fft|u_core|g_flags[6].u_sticky
u_pipe|g_fft[13].u_fft|u_core|g_flags[6].u_sticky
u_pipe|g_fft[14].u_fft|u_core|g_flags[6].u_sticky
u_pipe|g_fft[15].u_fft|u_core|g_flags[6].u_sticky
u_pipe|g_fft[0].u_fft|u_core|g_flags[7].u_sticky
u_pipe|g_fft[1].u_fft|u_core|g_flags[7].u_sticky
u_pipe|g_fft[2].u_fft|u_core|g_flags[7].u_sticky
u_pipe|g_fft[3].u_fft|u_core|g_flags[7].u_sticky
u_pipe|g_fft[4].u_fft|u_core|g_flags[7].u_sticky
u_pipe|g_fft[5].u_fft|u_core|g_flags[7].u_sticky
u_pipe|g_fft[6].u_fft|u_core|g_flags[7].u_sticky
u_pipe|g_fft[7].u_fft|u_core|g_flags[7].u_sticky
u_pipe|g_fft[8].u_fft|u_core|g_flags[7].u_sticky
u_pipe|g_fft[9].u_fft|u_core|g_flags[7].u_sticky
u_pipe|g_fft[10].u_fft|u_core|g_flags[7].u_sticky
u_pipe|g_fft[11].u_fft|u_core|g_flags[7].u_sticky
u_pipe|g_fft[12].u_fft|u_core|g_flags[7].u_sticky
u_pipe|g_fft[13].u_fft|u_core|g_flags[7].u_sticky
u_pipe|g_fft[14].u_fft|u_core|g_flags[7].u_sticky
u_pipe|g_fft[15].u_fft|u_core|g_flags[7].u_sticky
u_pipe|g_fft[0].u_fft|u_core|g_flags[8].u_sticky
u_pipe|g_fft[1].u_fft|u_core|g_flags[8].u_sticky
u_pipe|g_fft[2].u_fft|u_core|g_flags[8].u_sticky
u_pipe|g_fft[3].u_fft|u_core|g_flags[8].u_sticky
u_pipe|g_fft[4].u_fft|u_core|g_flags[8].u_sticky
u_pipe|g_fft[5].u_fft|u_core|g_flags[8].u_sticky
u_pipe|g_fft[6].u_fft|u_core|g_flags[8].u_sticky
u_pipe|g_fft[7].u_fft|u_core|g_flags[8].u_sticky
u_pipe|g_fft[8].u_fft|u_core|g_flags[8].u_sticky
u_pipe|g_fft[9].u_fft|u_core|g_flags[8].u_sticky
u_pipe|g_fft[10].u_fft|u_core|g_flags[8].u_sticky
u_pipe|g_fft[11].u_fft|u_core|g_flags[8].u_sticky
u_pipe|g_fft[12].u_fft|u_core|g_flags[8].u_sticky
u_pipe|g_fft[13].u_fft|u_core|g_flags[8].u_sticky
u_pipe|g_fft[14].u_fft|u_core|g_flags[8].u_sticky
u_pipe|g_fft[15].u_fft|u_core|g_flags[8].u_sticky
u_pipe|g_fft[0].u_fft|u_core|g_flags[9].u_sticky
u_pipe|g_fft[1].u_fft|u_core|g_flags[9].u_sticky
u_pipe|g_fft[2].u_fft|u_core|g_flags[9].u_sticky
u_pipe|g_fft[3].u_fft|u_core|g_flags[9].u_sticky
u_pipe|g_fft[4].u_fft|u_core|g_flags[9].u_sticky
u_pipe|g_fft[5].u_fft|u_core|g_flags[9].u_sticky
u_pipe|g_fft[6].u_fft|u_core|g_flags[9].u_sticky
u_pipe|g_fft[7].u_fft|u_core|g_flags[9].u_sticky
u_pipe|g_fft[8].u_fft|u_core|g_flags[9].u_sticky
u_pipe|g_fft[9].u_fft|u_core|g_flags[9].u_sticky
u_pipe|g_fft[10].u_fft|u_core|g_flags[9].u_sticky
u_pipe|g_fft[11].u_fft|u_core|g_flags[9].u_sticky
u_pipe|g_fft[12].u_fft|u_core|g_flags[9].u_sticky
u_pipe|g_fft[13].u_fft|u_core|g_flags[9].u_sticky
u_pipe|g_fft[14].u_fft|u_core|g_flags[9].u_sticky
u_pipe|g_fft[15].u_fft|u_core|g_flags[9].u_sticky
u_pipe|u_covar|g_pair[0].u_int_re|u_sticky
u_pipe|u_covar|g_pair[0].u_int_im|u_sticky
u_pipe|u_covar|g_pair[1].u_int_re|u_sticky
u_pipe|u_covar|g_pair[1].u_int_im|u_sticky
u_pipe|u_covar|g_pair[2].u_int_re|u_sticky
u_pipe|u_covar|g_pair[2].u_int_im|u_sticky
u_pipe|u_covar|g_pair[3].u_int_re|u_sticky
u_pipe|u_covar|g_pair[3].u_int_im|u_sticky
u_pipe|u_covar|g_pair[4].u_int_re|u_sticky
u_pipe|u_covar|g_pair[4].u_int_im|u_sticky
u_pipe|u_covar|g_pair[5].u_int_re|u_sticky
u_pipe|u_covar|g_pair[5].u_int_im|u_sticky
u_pipe|u_covar|g_pair[6].u_int_re|u_sticky
u_pipe|u_covar|g_pair[6].u_int_im|u_sticky
u_pipe|u_covar|g_pair[7].u_int_re|u_sticky
u_pipe|u_covar|g_pair[7].u_int_im|u_sticky



+---------------------------------------------------------------------------------------------+
; Parameter Settings for User Entity perf_counter Instance: u_pipe|u_align|u_collect|u_cnt_to ;
+----------------+----------------------------------+-----------------------------------------+
; Parameter Name ; Value                            ; Type                                    ;
+----------------+----------------------------------+-----------------------------------------+
; INCR_W         ; 00000000000000000000000000000001 ; Unsigned Binary                         ;
; SATURATE       ; 1                                ; Unsigned Bit Literal                    ;
; WIDTH          ; 00000000000000000000000000100000 ; Unsigned Binary                         ;
+----------------+----------------------------------+-----------------------------------------+
All Instances:
u_pipe|g_pfb[0].u_pfb|u_sat_cnt
u_pipe|g_pfb[1].u_pfb|u_sat_cnt
u_pipe|g_pfb[2].u_pfb|u_sat_cnt
u_pipe|g_pfb[3].u_pfb|u_sat_cnt
u_pipe|g_pfb[4].u_pfb|u_sat_cnt
u_pipe|g_pfb[5].u_pfb|u_sat_cnt
u_pipe|g_pfb[6].u_pfb|u_sat_cnt
u_pipe|g_pfb[7].u_pfb|u_sat_cnt
u_pipe|g_pfb[8].u_pfb|u_sat_cnt
u_pipe|g_pfb[9].u_pfb|u_sat_cnt
u_pipe|g_pfb[10].u_pfb|u_sat_cnt
u_pipe|g_pfb[11].u_pfb|u_sat_cnt
u_pipe|g_pfb[12].u_pfb|u_sat_cnt
u_pipe|g_pfb[13].u_pfb|u_sat_cnt
u_pipe|g_pfb[14].u_pfb|u_sat_cnt
u_pipe|g_pfb[15].u_pfb|u_sat_cnt
u_pipe|u_align|u_cnt_issue
u_pipe|u_align|u_cnt_stall
u_pipe|u_align|u_cnt_conflict
u_pipe|u_align|u_cnt_multi
u_pipe|u_align|u_cnt_inject
u_pipe|u_bf|u_sat_cnt
u_pipe|u_align|u_collect|u_cnt_beat
u_pipe|u_align|u_collect|u_cnt_to



+-----------------------------------------------------------------------------------+
; Parameter Settings for User Entity perf_counter Instance: u_pipe|u_bf|u_frame_cnt ;
+----------------+----------------------------------+-------------------------------+
; Parameter Name ; Value                            ; Type                          ;
+----------------+----------------------------------+-------------------------------+
; INCR_W         ; 00000000000000000000000000000001 ; Unsigned Binary               ;
; SATURATE       ; 0                                ; Unsigned Bit Literal          ;
; WIDTH          ; 00000000000000000000000000100000 ; Unsigned Binary               ;
+----------------+----------------------------------+-------------------------------+
All Instances:
u_pipe|g_pfb[0].u_pfb|u_frame_cnt
u_pipe|g_pfb[1].u_pfb|u_frame_cnt
u_pipe|g_pfb[2].u_pfb|u_frame_cnt
u_pipe|g_pfb[3].u_pfb|u_frame_cnt
u_pipe|g_pfb[4].u_pfb|u_frame_cnt
u_pipe|g_pfb[5].u_pfb|u_frame_cnt
u_pipe|g_pfb[6].u_pfb|u_frame_cnt
u_pipe|g_pfb[7].u_pfb|u_frame_cnt
u_pipe|g_pfb[8].u_pfb|u_frame_cnt
u_pipe|g_pfb[9].u_pfb|u_frame_cnt
u_pipe|g_pfb[10].u_pfb|u_frame_cnt
u_pipe|g_pfb[11].u_pfb|u_frame_cnt
u_pipe|g_pfb[12].u_pfb|u_frame_cnt
u_pipe|g_pfb[13].u_pfb|u_frame_cnt
u_pipe|g_pfb[14].u_pfb|u_frame_cnt
u_pipe|g_pfb[15].u_pfb|u_frame_cnt
u_pipe|u_bf|u_frame_cnt



+---------------------------------------------------------------------------------------------------+
; Parameter Settings for User Entity stream_elastic_buffer Instance: u_pipe|g_fft[15].u_fft|u_eb_in ;
+----------------+----------------------------------+-----------------------------------------------+
; Parameter Name ; Value                            ; Type                                          ;
+----------------+----------------------------------+-----------------------------------------------+
; DATA_W         ; 00000000000000000000000001000000 ; Unsigned Binary                               ;
; DEPTH          ; 00000000000000000000000000000100 ; Unsigned Binary                               ;
; PAYLOAD_W      ; 00000000000000000000000001011000 ; Unsigned Binary                               ;
; SEQ_W          ; 00000000000000000000000000010000 ; Unsigned Binary                               ;
; STREAM_ID_W    ; 00000000000000000000000000000010 ; Unsigned Binary                               ;
; USER_W         ; 00000000000000000000000000000100 ; Unsigned Binary                               ;
+----------------+----------------------------------+-----------------------------------------------+
All Instances:
u_pipe|g_fft[0].u_fft|u_eb_in
u_pipe|g_fft[1].u_fft|u_eb_in
u_pipe|g_fft[2].u_fft|u_eb_in
u_pipe|g_fft[3].u_fft|u_eb_in
u_pipe|g_fft[4].u_fft|u_eb_in
u_pipe|g_fft[5].u_fft|u_eb_in
u_pipe|g_fft[6].u_fft|u_eb_in
u_pipe|g_fft[7].u_fft|u_eb_in
u_pipe|g_fft[8].u_fft|u_eb_in
u_pipe|g_fft[9].u_fft|u_eb_in
u_pipe|g_fft[10].u_fft|u_eb_in
u_pipe|g_fft[11].u_fft|u_eb_in
u_pipe|g_fft[12].u_fft|u_eb_in
u_pipe|g_fft[13].u_fft|u_eb_in
u_pipe|g_fft[14].u_fft|u_eb_in
u_pipe|g_fft[15].u_fft|u_eb_in



+-------------------------------------------------------------------------------------------+
; Parameter Settings for User Entity sync_fifo Instance: u_pipe|g_fft[15].u_fft|u_meta_fifo ;
+------------------------+----------------------------------+-------------------------------+
; Parameter Name         ; Value                            ; Type                          ;
+------------------------+----------------------------------+-------------------------------+
; ALMOST_EMPTY_THRESHOLD ; 00000000000000000000000000000001 ; Unsigned Binary               ;
; ALMOST_FULL_THRESHOLD  ; 00000000000000000000010000101111 ; Unsigned Binary               ;
; DEPTH                  ; 00000000000000000000010000110000 ; Unsigned Binary               ;
; SHOW_AHEAD             ; 1                                ; Unsigned Bit Literal          ;
; STORAGE                ; mlab                             ; String                        ;
; WIDTH                  ; 00000000000000000000000000011000 ; Unsigned Binary               ;
+------------------------+----------------------------------+-------------------------------+
All Instances:
u_pipe|g_fft[0].u_fft|u_meta_fifo
u_pipe|g_fft[1].u_fft|u_meta_fifo
u_pipe|g_fft[2].u_fft|u_meta_fifo
u_pipe|g_fft[3].u_fft|u_meta_fifo
u_pipe|g_fft[4].u_fft|u_meta_fifo
u_pipe|g_fft[5].u_fft|u_meta_fifo
u_pipe|g_fft[6].u_fft|u_meta_fifo
u_pipe|g_fft[7].u_fft|u_meta_fifo
u_pipe|g_fft[8].u_fft|u_meta_fifo
u_pipe|g_fft[9].u_fft|u_meta_fifo
u_pipe|g_fft[10].u_fft|u_meta_fifo
u_pipe|g_fft[11].u_fft|u_meta_fifo
u_pipe|g_fft[12].u_fft|u_meta_fifo
u_pipe|g_fft[13].u_fft|u_meta_fifo
u_pipe|g_fft[14].u_fft|u_meta_fifo
u_pipe|g_fft[15].u_fft|u_meta_fifo



+-------------------------------------------------------------------------------------+
; Parameter Settings for User Entity fft_core Instance: u_pipe|g_fft[15].u_fft|u_core ;
+-------------------+----------------------------------+------------------------------+
; Parameter Name    ; Value                            ; Type                         ;
+-------------------+----------------------------------+------------------------------+
; FFT_SIZE          ; 00000000000000000000010000000000 ; Unsigned Binary              ;
; FLAG_COUNT_W      ; 00000000000000000000000000100000 ; Unsigned Binary              ;
; MEM_STYLE         ; DEFAULT                          ; String                       ;
; SAMPLES_PER_CYCLE ; 00000000000000000000000000000010 ; Unsigned Binary              ;
; SCALE_SCHED       ; 11111111111111111111111111111111 ; Unsigned Binary              ;
; TW_PIPE           ; 00000000000000000000000000000100 ; Unsigned Binary              ;
; TW_ROM_OUT_REG    ; 00000000000000000000000000000001 ; Unsigned Binary              ;
; TW_STYLE          ; AUTO                             ; String                       ;
; TW_VARIANT        ; MULT4                            ; String                       ;
+-------------------+----------------------------------+------------------------------+
All Instances:
u_pipe|g_fft[0].u_fft|u_core
u_pipe|g_fft[1].u_fft|u_core
u_pipe|g_fft[2].u_fft|u_core
u_pipe|g_fft[3].u_fft|u_core
u_pipe|g_fft[4].u_fft|u_core
u_pipe|g_fft[5].u_fft|u_core
u_pipe|g_fft[6].u_fft|u_core
u_pipe|g_fft[7].u_fft|u_core
u_pipe|g_fft[8].u_fft|u_core
u_pipe|g_fft[9].u_fft|u_core
u_pipe|g_fft[10].u_fft|u_core
u_pipe|g_fft[11].u_fft|u_core
u_pipe|g_fft[12].u_fft|u_core
u_pipe|g_fft[13].u_fft|u_core
u_pipe|g_fft[14].u_fft|u_core
u_pipe|g_fft[15].u_fft|u_core



+-----------------------------------------------------------------------------------------------------+
; Parameter Settings for User Entity fft_reorder Instance: u_pipe|g_fft[15].u_fft|g_reorder.u_reorder ;
+----------------+----------------------------------+-------------------------------------------------+
; Parameter Name ; Value                            ; Type                                            ;
+----------------+----------------------------------+-------------------------------------------------+
; N_LANE         ; 00000000000000000000000000001001 ; Unsigned Binary                                 ;
; STYLE          ; AUTO                             ; String                                          ;
; WIDTH          ; 00000000000000000000000001000000 ; Unsigned Binary                                 ;
+----------------+----------------------------------+-------------------------------------------------+
All Instances:
u_pipe|g_fft[0].u_fft|g_reorder.u_reorder
u_pipe|g_fft[1].u_fft|g_reorder.u_reorder
u_pipe|g_fft[2].u_fft|g_reorder.u_reorder
u_pipe|g_fft[3].u_fft|g_reorder.u_reorder
u_pipe|g_fft[4].u_fft|g_reorder.u_reorder
u_pipe|g_fft[5].u_fft|g_reorder.u_reorder
u_pipe|g_fft[6].u_fft|g_reorder.u_reorder
u_pipe|g_fft[7].u_fft|g_reorder.u_reorder
u_pipe|g_fft[8].u_fft|g_reorder.u_reorder
u_pipe|g_fft[9].u_fft|g_reorder.u_reorder
u_pipe|g_fft[10].u_fft|g_reorder.u_reorder
u_pipe|g_fft[11].u_fft|g_reorder.u_reorder
u_pipe|g_fft[12].u_fft|g_reorder.u_reorder
u_pipe|g_fft[13].u_fft|g_reorder.u_reorder
u_pipe|g_fft[14].u_fft|g_reorder.u_reorder
u_pipe|g_fft[15].u_fft|g_reorder.u_reorder



+------------------------------------------------------------------------------------------+
; Parameter Settings for User Entity sync_fifo Instance: u_pipe|g_fft[15].u_fft|u_out_fifo ;
+------------------------+----------------------------------+------------------------------+
; Parameter Name         ; Value                            ; Type                         ;
+------------------------+----------------------------------+------------------------------+
; ALMOST_EMPTY_THRESHOLD ; 00000000000000000000000000000001 ; Unsigned Binary              ;
; ALMOST_FULL_THRESHOLD  ; 00000000000000000000010000101111 ; Unsigned Binary              ;
; DEPTH                  ; 00000000000000000000010000110000 ; Unsigned Binary              ;
; SHOW_AHEAD             ; 0                                ; Unsigned Bit Literal         ;
; STORAGE                ; mlab                             ; String                       ;
; WIDTH                  ; 00000000000000000000000001011000 ; Unsigned Binary              ;
+------------------------+----------------------------------+------------------------------+
All Instances:
u_pipe|g_fft[0].u_fft|u_out_fifo
u_pipe|g_fft[1].u_fft|u_out_fifo
u_pipe|g_fft[2].u_fft|u_out_fifo
u_pipe|g_fft[3].u_fft|u_out_fifo
u_pipe|g_fft[4].u_fft|u_out_fifo
u_pipe|g_fft[5].u_fft|u_out_fifo
u_pipe|g_fft[6].u_fft|u_out_fifo
u_pipe|g_fft[7].u_fft|u_out_fifo
u_pipe|g_fft[8].u_fft|u_out_fifo
u_pipe|g_fft[9].u_fft|u_out_fifo
u_pipe|g_fft[10].u_fft|u_out_fifo
u_pipe|g_fft[11].u_fft|u_out_fifo
u_pipe|g_fft[12].u_fft|u_out_fifo
u_pipe|g_fft[13].u_fft|u_out_fifo
u_pipe|g_fft[14].u_fft|u_out_fifo
u_pipe|g_fft[15].u_fft|u_out_fifo



+--------------------------------------------------------------------------------------------------------+
; Parameter Settings for User Entity perf_counter Instance: u_pipe|u_dma_fabric|g_egr[1].u_egr|u_c_flits ;
+----------------+----------------------------------+----------------------------------------------------+
; Parameter Name ; Value                            ; Type                                               ;
+----------------+----------------------------------+----------------------------------------------------+
; INCR_W         ; 00000000000000000000000000000001 ; Unsigned Binary                                    ;
; SATURATE       ; 1                                ; Unsigned Bit Literal                               ;
; WIDTH          ; 00000000000000000000000000100000 ; Unsigned Binary                                    ;
+----------------+----------------------------------+----------------------------------------------------+
All Instances:
u_pipe|g_hist_rep[0].u_history|u_cnt_overwrite
u_pipe|g_hist_rep[1].u_history|u_cnt_overwrite
u_pipe|g_hist_rep[0].u_history|u_cnt_skew
u_pipe|g_hist_rep[1].u_history|u_cnt_skew
u_pipe|g_hist_rep[0].u_history|u_cnt_read
u_pipe|g_hist_rep[1].u_history|u_cnt_read
u_pipe|g_hist_rep[0].u_history|u_cnt_coll
u_pipe|g_hist_rep[1].u_history|u_cnt_coll
u_pipe|g_hist_rep[0].u_history|u_cnt_err
u_pipe|g_hist_rep[1].u_history|u_cnt_err
u_pipe|g_cfar_per_beam[0].u_cfar|u_cnt_det
u_pipe|g_cfar_per_beam[1].u_cfar|u_cnt_det
u_pipe|g_cfar_per_beam[2].u_cfar|u_cnt_det
u_pipe|g_cfar_per_beam[3].u_cfar|u_cnt_det
u_pipe|g_cfar_per_beam[4].u_cfar|u_cnt_det
u_pipe|g_cfar_per_beam[5].u_cfar|u_cnt_det
u_pipe|g_cfar_per_beam[6].u_cfar|u_cnt_det
u_pipe|g_cfar_per_beam[7].u_cfar|u_cnt_det
u_pipe|g_cfar_per_beam[8].u_cfar|u_cnt_det
u_pipe|g_cfar_per_beam[9].u_cfar|u_cnt_det
u_pipe|g_cfar_per_beam[10].u_cfar|u_cnt_det
u_pipe|g_cfar_per_beam[11].u_cfar|u_cnt_det
u_pipe|g_cfar_per_beam[12].u_cfar|u_cnt_det
u_pipe|g_cfar_per_beam[13].u_cfar|u_cnt_det
u_pipe|g_cfar_per_beam[14].u_cfar|u_cnt_det
u_pipe|g_cfar_per_beam[15].u_cfar|u_cnt_det
u_pipe|g_cfar_per_beam[0].u_cfar|u_cnt_sup
u_pipe|g_cfar_per_beam[1].u_cfar|u_cnt_sup
u_pipe|g_cfar_per_beam[2].u_cfar|u_cnt_sup
u_pipe|g_cfar_per_beam[3].u_cfar|u_cnt_sup
u_pipe|g_cfar_per_beam[4].u_cfar|u_cnt_sup
u_pipe|g_cfar_per_beam[5].u_cfar|u_cnt_sup
u_pipe|g_cfar_per_beam[6].u_cfar|u_cnt_sup
u_pipe|g_cfar_per_beam[7].u_cfar|u_cnt_sup
u_pipe|g_cfar_per_beam[8].u_cfar|u_cnt_sup
u_pipe|g_cfar_per_beam[9].u_cfar|u_cnt_sup
u_pipe|g_cfar_per_beam[10].u_cfar|u_cnt_sup
u_pipe|g_cfar_per_beam[11].u_cfar|u_cnt_sup
u_pipe|g_cfar_per_beam[12].u_cfar|u_cnt_sup
u_pipe|g_cfar_per_beam[13].u_cfar|u_cnt_sup
u_pipe|g_cfar_per_beam[14].u_cfar|u_cnt_sup
u_pipe|g_cfar_per_beam[15].u_cfar|u_cnt_sup
u_pipe|g_cfar_per_beam[0].u_cfar|u_cnt_frm
u_pipe|g_cfar_per_beam[1].u_cfar|u_cnt_frm
u_pipe|g_cfar_per_beam[2].u_cfar|u_cnt_frm
u_pipe|g_cfar_per_beam[3].u_cfar|u_cnt_frm
u_pipe|g_cfar_per_beam[4].u_cfar|u_cnt_frm
u_pipe|g_cfar_per_beam[5].u_cfar|u_cnt_frm
u_pipe|g_cfar_per_beam[6].u_cfar|u_cnt_frm
u_pipe|g_cfar_per_beam[7].u_cfar|u_cnt_frm
u_pipe|g_cfar_per_beam[8].u_cfar|u_cnt_frm
u_pipe|g_cfar_per_beam[9].u_cfar|u_cnt_frm
u_pipe|g_cfar_per_beam[10].u_cfar|u_cnt_frm
u_pipe|g_cfar_per_beam[11].u_cfar|u_cnt_frm
u_pipe|g_cfar_per_beam[12].u_cfar|u_cnt_frm
u_pipe|g_cfar_per_beam[13].u_cfar|u_cnt_frm
u_pipe|g_cfar_per_beam[14].u_cfar|u_cnt_frm
u_pipe|g_cfar_per_beam[15].u_cfar|u_cnt_frm
u_pipe|u_dma_fabric|g_ing[0].u_ing|u_c_pkts
u_pipe|u_dma_fabric|g_ing[0].u_ing|u_c_flits
u_pipe|u_dma_fabric|g_ing[0].u_ing|u_c_stall
u_pipe|u_dma_fabric|g_ing[1].u_ing|u_c_pkts
u_pipe|u_dma_fabric|g_ing[1].u_ing|u_c_flits
u_pipe|u_dma_fabric|g_ing[1].u_ing|u_c_stall
u_pipe|u_dma_fabric|g_stage[0].g_sw[0].u_sw|u_c_flits
u_pipe|u_dma_fabric|g_stage[0].g_sw[0].u_sw|u_c_stall
u_pipe|u_dma_fabric|g_egr[0].u_egr|u_c_pkts
u_pipe|u_dma_fabric|g_egr[0].u_egr|u_c_flits
u_pipe|u_dma_fabric|g_egr[1].u_egr|u_c_pkts
u_pipe|u_dma_fabric|g_egr[1].u_egr|u_c_flits



+------------------------------------------------------------------------------------------------------+
; Parameter Settings for User Entity perf_counter Instance: u_pipe|g_hist_rep[1].u_history|u_cnt_wbeat ;
+----------------+----------------------------------+--------------------------------------------------+
; Parameter Name ; Value                            ; Type                                             ;
+----------------+----------------------------------+--------------------------------------------------+
; INCR_W         ; 00000000000000000000000000000101 ; Unsigned Binary                                  ;
; SATURATE       ; 1                                ; Unsigned Bit Literal                             ;
; WIDTH          ; 00000000000000000000000000100000 ; Unsigned Binary                                  ;
+----------------+----------------------------------+--------------------------------------------------+
All Instances:
u_pipe|g_hist_rep[0].u_history|u_cnt_wbeat
u_pipe|g_hist_rep[1].u_history|u_cnt_wbeat



+-------------------------------------------------------------------------------------------------+
; Parameter Settings for User Entity cdc_handshake Instance: u_pipe|g_hist_rep[1].u_history|u_pub ;
+--------------------+----------------------------------+-----------------------------------------+
; Parameter Name     ; Value                            ; Type                                    ;
+--------------------+----------------------------------+-----------------------------------------+
; ACK_TIMEOUT_CYCLES ; 00000000000000000001000000000000 ; Unsigned Binary                         ;
; SYNC_STAGES        ; 00000000000000000000000000000010 ; Unsigned Binary                         ;
; WIDTH              ; 00000000000000000000000000111011 ; Unsigned Binary                         ;
+--------------------+----------------------------------+-----------------------------------------+
All Instances:
u_pipe|g_hist_rep[0].u_history|u_pub
u_pipe|g_hist_rep[1].u_history|u_pub



+-------------------------------------------------------------------------------------------------+
; Parameter Settings for User Entity cdc_pulse Instance: u_pipe|u_bf|u_weights|u_store|u_swap_cdc ;
+----------------+----------------------------------+---------------------------------------------+
; Parameter Name ; Value                            ; Type                                        ;
+----------------+----------------------------------+---------------------------------------------+
; SYNC_STAGES    ; 00000000000000000000000000000010 ; Unsigned Binary                             ;
+----------------+----------------------------------+---------------------------------------------+
All Instances:
u_pipe|g_hist_rep[0].u_history|u_clear
u_pipe|g_hist_rep[1].u_history|u_clear
u_pipe|g_pfb[0].u_pfb|u_coeff|u_swap_cdc
u_pipe|g_pfb[1].u_pfb|u_coeff|u_swap_cdc
u_pipe|g_pfb[2].u_pfb|u_coeff|u_swap_cdc
u_pipe|g_pfb[3].u_pfb|u_coeff|u_swap_cdc
u_pipe|g_pfb[4].u_pfb|u_coeff|u_swap_cdc
u_pipe|g_pfb[5].u_pfb|u_coeff|u_swap_cdc
u_pipe|g_pfb[6].u_pfb|u_coeff|u_swap_cdc
u_pipe|g_pfb[7].u_pfb|u_coeff|u_swap_cdc
u_pipe|g_pfb[8].u_pfb|u_coeff|u_swap_cdc
u_pipe|g_pfb[9].u_pfb|u_coeff|u_swap_cdc
u_pipe|g_pfb[10].u_pfb|u_coeff|u_swap_cdc
u_pipe|g_pfb[11].u_pfb|u_coeff|u_swap_cdc
u_pipe|g_pfb[12].u_pfb|u_coeff|u_swap_cdc
u_pipe|g_pfb[13].u_pfb|u_coeff|u_swap_cdc
u_pipe|g_pfb[14].u_pfb|u_coeff|u_swap_cdc
u_pipe|g_pfb[15].u_pfb|u_coeff|u_swap_cdc
u_pipe|u_bf|u_weights|u_store|u_swap_cdc



+---------------------------------------------------------------------------------------------------------------------+
; Parameter Settings for User Entity history_bank Instance: u_pipe|g_hist_rep[1].u_history|g_ant[15].g_lane[1].u_bank ;
+----------------+----------------------------------+-----------------------------------------------------------------+
; Parameter Name ; Value                            ; Type                                                            ;
+----------------+----------------------------------+-----------------------------------------------------------------+
; DEPTH          ; 00000000000000100000000000000000 ; Unsigned Binary                                                 ;
; IN_REG         ; 1                                ; Unsigned Bit Literal                                            ;
; OUT_REG        ; 1                                ; Unsigned Bit Literal                                            ;
; STORAGE        ; auto                             ; String                                                          ;
; WIDTH          ; 00000000000000000000000000100000 ; Unsigned Binary                                                 ;
+----------------+----------------------------------+-----------------------------------------------------------------+
All Instances:
u_pipe|g_hist_rep[0].u_history|g_ant[0].g_lane[0].u_bank
u_pipe|g_hist_rep[1].u_history|g_ant[0].g_lane[0].u_bank
u_pipe|g_hist_rep[0].u_history|g_ant[0].g_lane[1].u_bank
u_pipe|g_hist_rep[1].u_history|g_ant[0].g_lane[1].u_bank
u_pipe|g_hist_rep[0].u_history|g_ant[1].g_lane[0].u_bank
u_pipe|g_hist_rep[1].u_history|g_ant[1].g_lane[0].u_bank
u_pipe|g_hist_rep[0].u_history|g_ant[1].g_lane[1].u_bank
u_pipe|g_hist_rep[1].u_history|g_ant[1].g_lane[1].u_bank
u_pipe|g_hist_rep[0].u_history|g_ant[2].g_lane[0].u_bank
u_pipe|g_hist_rep[1].u_history|g_ant[2].g_lane[0].u_bank
u_pipe|g_hist_rep[0].u_history|g_ant[2].g_lane[1].u_bank
u_pipe|g_hist_rep[1].u_history|g_ant[2].g_lane[1].u_bank
u_pipe|g_hist_rep[0].u_history|g_ant[3].g_lane[0].u_bank
u_pipe|g_hist_rep[1].u_history|g_ant[3].g_lane[0].u_bank
u_pipe|g_hist_rep[0].u_history|g_ant[3].g_lane[1].u_bank
u_pipe|g_hist_rep[1].u_history|g_ant[3].g_lane[1].u_bank
u_pipe|g_hist_rep[0].u_history|g_ant[4].g_lane[0].u_bank
u_pipe|g_hist_rep[1].u_history|g_ant[4].g_lane[0].u_bank
u_pipe|g_hist_rep[0].u_history|g_ant[4].g_lane[1].u_bank
u_pipe|g_hist_rep[1].u_history|g_ant[4].g_lane[1].u_bank
u_pipe|g_hist_rep[0].u_history|g_ant[5].g_lane[0].u_bank
u_pipe|g_hist_rep[1].u_history|g_ant[5].g_lane[0].u_bank
u_pipe|g_hist_rep[0].u_history|g_ant[5].g_lane[1].u_bank
u_pipe|g_hist_rep[1].u_history|g_ant[5].g_lane[1].u_bank
u_pipe|g_hist_rep[0].u_history|g_ant[6].g_lane[0].u_bank
u_pipe|g_hist_rep[1].u_history|g_ant[6].g_lane[0].u_bank
u_pipe|g_hist_rep[0].u_history|g_ant[6].g_lane[1].u_bank
u_pipe|g_hist_rep[1].u_history|g_ant[6].g_lane[1].u_bank
u_pipe|g_hist_rep[0].u_history|g_ant[7].g_lane[0].u_bank
u_pipe|g_hist_rep[1].u_history|g_ant[7].g_lane[0].u_bank
u_pipe|g_hist_rep[0].u_history|g_ant[7].g_lane[1].u_bank
u_pipe|g_hist_rep[1].u_history|g_ant[7].g_lane[1].u_bank
u_pipe|g_hist_rep[0].u_history|g_ant[8].g_lane[0].u_bank
u_pipe|g_hist_rep[1].u_history|g_ant[8].g_lane[0].u_bank
u_pipe|g_hist_rep[0].u_history|g_ant[8].g_lane[1].u_bank
u_pipe|g_hist_rep[1].u_history|g_ant[8].g_lane[1].u_bank
u_pipe|g_hist_rep[0].u_history|g_ant[9].g_lane[0].u_bank
u_pipe|g_hist_rep[1].u_history|g_ant[9].g_lane[0].u_bank
u_pipe|g_hist_rep[0].u_history|g_ant[9].g_lane[1].u_bank
u_pipe|g_hist_rep[1].u_history|g_ant[9].g_lane[1].u_bank
u_pipe|g_hist_rep[0].u_history|g_ant[10].g_lane[0].u_bank
u_pipe|g_hist_rep[1].u_history|g_ant[10].g_lane[0].u_bank
u_pipe|g_hist_rep[0].u_history|g_ant[10].g_lane[1].u_bank
u_pipe|g_hist_rep[1].u_history|g_ant[10].g_lane[1].u_bank
u_pipe|g_hist_rep[0].u_history|g_ant[11].g_lane[0].u_bank
u_pipe|g_hist_rep[1].u_history|g_ant[11].g_lane[0].u_bank
u_pipe|g_hist_rep[0].u_history|g_ant[11].g_lane[1].u_bank
u_pipe|g_hist_rep[1].u_history|g_ant[11].g_lane[1].u_bank
u_pipe|g_hist_rep[0].u_history|g_ant[12].g_lane[0].u_bank
u_pipe|g_hist_rep[1].u_history|g_ant[12].g_lane[0].u_bank
u_pipe|g_hist_rep[0].u_history|g_ant[12].g_lane[1].u_bank
u_pipe|g_hist_rep[1].u_history|g_ant[12].g_lane[1].u_bank
u_pipe|g_hist_rep[0].u_history|g_ant[13].g_lane[0].u_bank
u_pipe|g_hist_rep[1].u_history|g_ant[13].g_lane[0].u_bank
u_pipe|g_hist_rep[0].u_history|g_ant[13].g_lane[1].u_bank
u_pipe|g_hist_rep[1].u_history|g_ant[13].g_lane[1].u_bank
u_pipe|g_hist_rep[0].u_history|g_ant[14].g_lane[0].u_bank
u_pipe|g_hist_rep[1].u_history|g_ant[14].g_lane[0].u_bank
u_pipe|g_hist_rep[0].u_history|g_ant[14].g_lane[1].u_bank
u_pipe|g_hist_rep[1].u_history|g_ant[14].g_lane[1].u_bank
u_pipe|g_hist_rep[0].u_history|g_ant[15].g_lane[0].u_bank
u_pipe|g_hist_rep[1].u_history|g_ant[15].g_lane[0].u_bank
u_pipe|g_hist_rep[0].u_history|g_ant[15].g_lane[1].u_bank
u_pipe|g_hist_rep[1].u_history|g_ant[15].g_lane[1].u_bank



+---------------------------------------------------------------------------------------------+
; Parameter Settings for User Entity sync_fifo Instance: u_pipe|g_hist_rep[1].u_history|u_out ;
+------------------------+----------------------------------+---------------------------------+
; Parameter Name         ; Value                            ; Type                            ;
+------------------------+----------------------------------+---------------------------------+
; ALMOST_EMPTY_THRESHOLD ; 00000000000000000000000000000001 ; Unsigned Binary                 ;
; ALMOST_FULL_THRESHOLD  ; 00000000000000000000000000000111 ; Unsigned Binary                 ;
; DEPTH                  ; 00000000000000000000000000001000 ; Unsigned Binary                 ;
; SHOW_AHEAD             ; 0                                ; Unsigned Bit Literal            ;
; STORAGE                ; regs                             ; String                          ;
; WIDTH                  ; 00000000000000000000001001001101 ; Unsigned Binary                 ;
+------------------------+----------------------------------+---------------------------------+
All Instances:
u_pipe|g_hist_rep[0].u_history|u_out
u_pipe|g_hist_rep[1].u_history|u_out



+--------------------------------------------------------------------------------------------------+
; Parameter Settings for User Entity cdc_handshake Instance: u_pipe|g_hist_rep[1].u_history|u_tele ;
+--------------------+----------------------------------+------------------------------------------+
; Parameter Name     ; Value                            ; Type                                     ;
+--------------------+----------------------------------+------------------------------------------+
; ACK_TIMEOUT_CYCLES ; 00000000000000000001000000000000 ; Unsigned Binary                          ;
; SYNC_STAGES        ; 00000000000000000000000000000010 ; Unsigned Binary                          ;
; WIDTH              ; 00000000000000000000000001100000 ; Unsigned Binary                          ;
+--------------------+----------------------------------+------------------------------------------+
All Instances:
u_pipe|g_hist_rep[0].u_history|u_tele
u_pipe|g_hist_rep[1].u_history|u_tele



+-----------------------------------------------------------------------------------+
; Parameter Settings for User Entity align_switch Instance: u_pipe|u_align|u_switch ;
+----------------+----------------------------------+-------------------------------+
; Parameter Name ; Value                            ; Type                          ;
+----------------+----------------------------------+-------------------------------+
; DATA_W         ; 00000000000000000000001000110101 ; Unsigned Binary               ;
; DST_W          ; 00000000000000000000000000000001 ; Unsigned Binary               ;
; MUX_STAGES     ; 00000000000000000000000000000010 ; Unsigned Binary               ;
; N              ; 00000000000000000000000000000010 ; Unsigned Binary               ;
; NET_SEL        ; 00000000000000000000000000000000 ; Unsigned Binary               ;
+----------------+----------------------------------+-------------------------------+
All Instances:
u_pipe|u_align|u_switch



+-------------------------------------------------------------------------------------+
; Parameter Settings for User Entity align_collect Instance: u_pipe|u_align|u_collect ;
+----------------+----------------------------------+---------------------------------+
; Parameter Name ; Value                            ; Type                            ;
+----------------+----------------------------------+---------------------------------+
; BIN_PAR        ; 00000000000000000000000000000010 ; Unsigned Binary                 ;
; FFT_SIZE       ; 00000000000000000000010000000000 ; Unsigned Binary                 ;
; FOFF_W         ; 00000000000000000000000000001000 ; Unsigned Binary                 ;
; FRAMES_MAX     ; 00000000000000000000000100000000 ; Unsigned Binary                 ;
; GIDX_W         ; 00000000000000000000000000001001 ; Unsigned Binary                 ;
; GID_W          ; 00000000000000000000000000000010 ; Unsigned Binary                 ;
; GROUPS         ; 00000000000000000000000000000100 ; Unsigned Binary                 ;
; LANES          ; 00000000000000000000000000000010 ; Unsigned Binary                 ;
; M_PAYLOAD_W    ; 00000000000000000000010000011000 ; Unsigned Binary                 ;
; NET_DATA_W     ; 00000000000000000000001000110101 ; Unsigned Binary                 ;
; N_ANT          ; 00000000000000000000000000010000 ; Unsigned Binary                 ;
; OUT_DEPTH      ; 00000000000000000000000000000100 ; Unsigned Binary                 ;
; SAMPLE_W       ; 00000000000000000000000000010000 ; Unsigned Binary                 ;
; SEQ_W          ; 00000000000000000000000000010000 ; Unsigned Binary                 ;
; STREAM_ID_W    ; 00000000000000000000000000000010 ; Unsigned Binary                 ;
; TELEM_W        ; 00000000000000000000000000100000 ; Unsigned Binary                 ;
; TIMEOUT_CYCLES ; 00000000000000000000000000110100 ; Unsigned Binary                 ;
; USER_W         ; 00000000000000000000000000000100 ; Unsigned Binary                 ;
+----------------+----------------------------------+---------------------------------+
All Instances:
u_pipe|u_align|u_collect



+-----------------------------------------------------------------------------------------------+
; Parameter Settings for User Entity perf_counter Instance: u_pipe|u_align|u_collect|u_cnt_orph ;
+----------------+----------------------------------+-------------------------------------------+
; Parameter Name ; Value                            ; Type                                      ;
+----------------+----------------------------------+-------------------------------------------+
; INCR_W         ; 00000000000000000000000000000010 ; Unsigned Binary                           ;
; SATURATE       ; 1                                ; Unsigned Bit Literal                      ;
; WIDTH          ; 00000000000000000000000000100000 ; Unsigned Binary                           ;
+----------------+----------------------------------+-------------------------------------------+
All Instances:
u_pipe|u_align|u_cnt_lword
u_pipe|u_align|u_collect|u_cnt_miss
u_pipe|u_align|u_collect|u_cnt_dup
u_pipe|u_align|u_collect|u_cnt_orph



+-----------------------------------------------------------------------------------+
; Parameter Settings for User Entity async_fifo Instance: u_pipe|u_align_cdc|u_fifo ;
+-----------------------+----------------------------------+------------------------+
; Parameter Name        ; Value                            ; Type                   ;
+-----------------------+----------------------------------+------------------------+
; ALMOST_FULL_THRESHOLD ; 00000000000000000000000000000111 ; Unsigned Binary        ;
; DEPTH                 ; 00000000000000000000000000001000 ; Unsigned Binary        ;
; OUT_REG               ; 1                                ; Unsigned Bit Literal   ;
; STORAGE               ; regs                             ; String                 ;
; SYNC_STAGES           ; 00000000000000000000000000000010 ; Unsigned Binary        ;
; WIDTH                 ; 00000000000000000000010000011000 ; Unsigned Binary        ;
+-----------------------+----------------------------------+------------------------+
All Instances:
u_pipe|u_align_cdc|u_fifo



+--------------------------------------------------------------------------------+
; Parameter Settings for User Entity weight_bank Instance: u_pipe|u_bf|u_weights ;
+-------------------+----------------------------------+-------------------------+
; Parameter Name    ; Value                            ; Type                    ;
+-------------------+----------------------------------+-------------------------+
; ALLOW_UNSAFE_SWAP ; 0                                ; Unsigned Bit Literal    ;
; N_ANT             ; 00000000000000000000000000010000 ; Unsigned Binary         ;
; N_BEAMS           ; 00000000000000000000000000010000 ; Unsigned Binary         ;
; SYNC_STAGES       ; 00000000000000000000000000000010 ; Unsigned Binary         ;
+-------------------+----------------------------------+-------------------------+
All Instances:
u_pipe|u_bf|u_weights



+-------------------------------------------------------------------------------------------+
; Parameter Settings for User Entity bf_dot Instance: u_pipe|u_bf|g_bin[1].g_beam[15].u_dot ;
+------------------+----------------------------------+-------------------------------------+
; Parameter Name   ; Value                            ; Type                                ;
+------------------+----------------------------------+-------------------------------------+
; ADD_REG_EVERY    ; 00000000000000000000000000000001 ; Unsigned Binary                     ;
; BF_ACC_W         ; 00000000000000000000000000100101 ; Unsigned Binary                     ;
; MULT_PIPE_STAGES ; 00000000000000000000000000000100 ; Unsigned Binary                     ;
; MULT_VARIANT     ; MULT4                            ; String                              ;
; N_ANT            ; 00000000000000000000000000010000 ; Unsigned Binary                     ;
+------------------+----------------------------------+-------------------------------------+
All Instances:
u_pipe|u_bf|g_bin[0].g_beam[0].u_dot
u_pipe|u_bf|g_bin[0].g_beam[1].u_dot
u_pipe|u_bf|g_bin[0].g_beam[2].u_dot
u_pipe|u_bf|g_bin[0].g_beam[3].u_dot
u_pipe|u_bf|g_bin[0].g_beam[4].u_dot
u_pipe|u_bf|g_bin[0].g_beam[5].u_dot
u_pipe|u_bf|g_bin[0].g_beam[6].u_dot
u_pipe|u_bf|g_bin[0].g_beam[7].u_dot
u_pipe|u_bf|g_bin[0].g_beam[8].u_dot
u_pipe|u_bf|g_bin[0].g_beam[9].u_dot
u_pipe|u_bf|g_bin[0].g_beam[10].u_dot
u_pipe|u_bf|g_bin[0].g_beam[11].u_dot
u_pipe|u_bf|g_bin[0].g_beam[12].u_dot
u_pipe|u_bf|g_bin[0].g_beam[13].u_dot
u_pipe|u_bf|g_bin[0].g_beam[14].u_dot
u_pipe|u_bf|g_bin[0].g_beam[15].u_dot
u_pipe|u_bf|g_bin[1].g_beam[0].u_dot
u_pipe|u_bf|g_bin[1].g_beam[1].u_dot
u_pipe|u_bf|g_bin[1].g_beam[2].u_dot
u_pipe|u_bf|g_bin[1].g_beam[3].u_dot
u_pipe|u_bf|g_bin[1].g_beam[4].u_dot
u_pipe|u_bf|g_bin[1].g_beam[5].u_dot
u_pipe|u_bf|g_bin[1].g_beam[6].u_dot
u_pipe|u_bf|g_bin[1].g_beam[7].u_dot
u_pipe|u_bf|g_bin[1].g_beam[8].u_dot
u_pipe|u_bf|g_bin[1].g_beam[9].u_dot
u_pipe|u_bf|g_bin[1].g_beam[10].u_dot
u_pipe|u_bf|g_bin[1].g_beam[11].u_dot
u_pipe|u_bf|g_bin[1].g_beam[12].u_dot
u_pipe|u_bf|g_bin[1].g_beam[13].u_dot
u_pipe|u_bf|g_bin[1].g_beam[14].u_dot
u_pipe|u_bf|g_bin[1].g_beam[15].u_dot



+--------------------------------------------------------------------------------------+
; Parameter Settings for User Entity stream_elastic_buffer Instance: u_pipe|u_bf|u_out ;
+----------------+----------------------------------+----------------------------------+
; Parameter Name ; Value                            ; Type                             ;
+----------------+----------------------------------+----------------------------------+
; DATA_W         ; 00000000000000000000010000000000 ; Unsigned Binary                  ;
; DEPTH          ; 00000000000000000000000000001101 ; Unsigned Binary                  ;
; PAYLOAD_W      ; 00000000000000000000010000011000 ; Unsigned Binary                  ;
; SEQ_W          ; 00000000000000000000000000010000 ; Unsigned Binary                  ;
; STREAM_ID_W    ; 00000000000000000000000000000010 ; Unsigned Binary                  ;
; USER_W         ; 00000000000000000000000000000100 ; Unsigned Binary                  ;
+----------------+----------------------------------+----------------------------------+
All Instances:
u_pipe|u_bf|u_out



+------------------------------------------------------------------------------------------------------------------------+
; Parameter Settings for User Entity complex_multiplier Instance: u_pipe|u_bf|g_bin[1].g_beam[15].u_dot|g_mult[9].u_mult ;
+----------------+----------------------------------+--------------------------------------------------------------------+
; Parameter Name ; Value                            ; Type                                                               ;
+----------------+----------------------------------+--------------------------------------------------------------------+
; PIPE_STAGES    ; 00000000000000000000000000000100 ; Unsigned Binary                                                    ;
; ROUND_OUT      ; 00000000000000000000000000000000 ; Unsigned Binary                                                    ;
; VARIANT        ; MULT4                            ; String                                                             ;
+----------------+----------------------------------+--------------------------------------------------------------------+
All Instances:
u_pipe|u_covar|g_pair[0].u_cmult
u_pipe|u_covar|g_pair[1].u_cmult
u_pipe|u_covar|g_pair[2].u_cmult
u_pipe|u_covar|g_pair[3].u_cmult
u_pipe|u_covar|g_pair[4].u_cmult
u_pipe|u_covar|g_pair[5].u_cmult
u_pipe|u_covar|g_pair[6].u_cmult
u_pipe|u_covar|g_pair[7].u_cmult
u_pipe|g_pfb[0].u_pfb|g_lane[1].u_lane|g_mult[2].u_mult
u_pipe|g_pfb[1].u_pfb|g_lane[1].u_lane|g_mult[2].u_mult
u_pipe|g_pfb[2].u_pfb|g_lane[1].u_lane|g_mult[2].u_mult
u_pipe|g_pfb[3].u_pfb|g_lane[1].u_lane|g_mult[2].u_mult
u_pipe|g_pfb[4].u_pfb|g_lane[1].u_lane|g_mult[2].u_mult
u_pipe|g_pfb[5].u_pfb|g_lane[1].u_lane|g_mult[2].u_mult
u_pipe|g_pfb[6].u_pfb|g_lane[1].u_lane|g_mult[2].u_mult
u_pipe|g_pfb[7].u_pfb|g_lane[1].u_lane|g_mult[2].u_mult
u_pipe|g_pfb[8].u_pfb|g_lane[1].u_lane|g_mult[2].u_mult
u_pipe|g_pfb[9].u_pfb|g_lane[1].u_lane|g_mult[2].u_mult
u_pipe|g_pfb[10].u_pfb|g_lane[1].u_lane|g_mult[2].u_mult
u_pipe|g_pfb[11].u_pfb|g_lane[1].u_lane|g_mult[2].u_mult
u_pipe|g_pfb[12].u_pfb|g_lane[1].u_lane|g_mult[2].u_mult
u_pipe|g_pfb[13].u_pfb|g_lane[1].u_lane|g_mult[2].u_mult
u_pipe|g_pfb[14].u_pfb|g_lane[1].u_lane|g_mult[2].u_mult
u_pipe|g_pfb[15].u_pfb|g_lane[1].u_lane|g_mult[2].u_mult
u_pipe|g_pfb[0].u_pfb|g_lane[0].u_lane|g_mult[2].u_mult
u_pipe|g_pfb[1].u_pfb|g_lane[0].u_lane|g_mult[2].u_mult
u_pipe|g_pfb[2].u_pfb|g_lane[0].u_lane|g_mult[2].u_mult
u_pipe|g_pfb[3].u_pfb|g_lane[0].u_lane|g_mult[2].u_mult
u_pipe|g_pfb[4].u_pfb|g_lane[0].u_lane|g_mult[2].u_mult
u_pipe|g_pfb[5].u_pfb|g_lane[0].u_lane|g_mult[2].u_mult
u_pipe|g_pfb[6].u_pfb|g_lane[0].u_lane|g_mult[2].u_mult
u_pipe|g_pfb[7].u_pfb|g_lane[0].u_lane|g_mult[2].u_mult
u_pipe|g_pfb[8].u_pfb|g_lane[0].u_lane|g_mult[2].u_mult
u_pipe|g_pfb[9].u_pfb|g_lane[0].u_lane|g_mult[2].u_mult
u_pipe|g_pfb[10].u_pfb|g_lane[0].u_lane|g_mult[2].u_mult
u_pipe|g_pfb[11].u_pfb|g_lane[0].u_lane|g_mult[2].u_mult
u_pipe|g_pfb[12].u_pfb|g_lane[0].u_lane|g_mult[2].u_mult
u_pipe|g_pfb[13].u_pfb|g_lane[0].u_lane|g_mult[2].u_mult
u_pipe|g_pfb[14].u_pfb|g_lane[0].u_lane|g_mult[2].u_mult
u_pipe|g_pfb[15].u_pfb|g_lane[0].u_lane|g_mult[2].u_mult
u_pipe|g_pfb[0].u_pfb|g_lane[1].u_lane|g_mult[1].u_mult
u_pipe|g_pfb[1].u_pfb|g_lane[1].u_lane|g_mult[1].u_mult
u_pipe|g_pfb[2].u_pfb|g_lane[1].u_lane|g_mult[1].u_mult
u_pipe|g_pfb[3].u_pfb|g_lane[1].u_lane|g_mult[1].u_mult
u_pipe|g_pfb[4].u_pfb|g_lane[1].u_lane|g_mult[1].u_mult
u_pipe|g_pfb[5].u_pfb|g_lane[1].u_lane|g_mult[1].u_mult
u_pipe|g_pfb[6].u_pfb|g_lane[1].u_lane|g_mult[1].u_mult
u_pipe|g_pfb[7].u_pfb|g_lane[1].u_lane|g_mult[1].u_mult
u_pipe|g_pfb[8].u_pfb|g_lane[1].u_lane|g_mult[1].u_mult
u_pipe|g_pfb[9].u_pfb|g_lane[1].u_lane|g_mult[1].u_mult
u_pipe|g_pfb[10].u_pfb|g_lane[1].u_lane|g_mult[1].u_mult
u_pipe|g_pfb[11].u_pfb|g_lane[1].u_lane|g_mult[1].u_mult
u_pipe|g_pfb[12].u_pfb|g_lane[1].u_lane|g_mult[1].u_mult
u_pipe|g_pfb[13].u_pfb|g_lane[1].u_lane|g_mult[1].u_mult
u_pipe|g_pfb[14].u_pfb|g_lane[1].u_lane|g_mult[1].u_mult
u_pipe|g_pfb[15].u_pfb|g_lane[1].u_lane|g_mult[1].u_mult
u_pipe|g_pfb[0].u_pfb|g_lane[0].u_lane|g_mult[1].u_mult
u_pipe|g_pfb[1].u_pfb|g_lane[0].u_lane|g_mult[1].u_mult
u_pipe|g_pfb[2].u_pfb|g_lane[0].u_lane|g_mult[1].u_mult
u_pipe|g_pfb[3].u_pfb|g_lane[0].u_lane|g_mult[1].u_mult
u_pipe|g_pfb[4].u_pfb|g_lane[0].u_lane|g_mult[1].u_mult
u_pipe|g_pfb[5].u_pfb|g_lane[0].u_lane|g_mult[1].u_mult
u_pipe|g_pfb[6].u_pfb|g_lane[0].u_lane|g_mult[1].u_mult
u_pipe|g_pfb[7].u_pfb|g_lane[0].u_lane|g_mult[1].u_mult
u_pipe|g_pfb[8].u_pfb|g_lane[0].u_lane|g_mult[1].u_mult
u_pipe|g_pfb[9].u_pfb|g_lane[0].u_lane|g_mult[1].u_mult
u_pipe|g_pfb[10].u_pfb|g_lane[0].u_lane|g_mult[1].u_mult
u_pipe|g_pfb[11].u_pfb|g_lane[0].u_lane|g_mult[1].u_mult
u_pipe|g_pfb[12].u_pfb|g_lane[0].u_lane|g_mult[1].u_mult
u_pipe|g_pfb[13].u_pfb|g_lane[0].u_lane|g_mult[1].u_mult
u_pipe|g_pfb[14].u_pfb|g_lane[0].u_lane|g_mult[1].u_mult
u_pipe|g_pfb[15].u_pfb|g_lane[0].u_lane|g_mult[1].u_mult
u_pipe|g_pfb[0].u_pfb|g_lane[1].u_lane|g_mult[0].u_mult
u_pipe|g_pfb[1].u_pfb|g_lane[1].u_lane|g_mult[0].u_mult
u_pipe|g_pfb[2].u_pfb|g_lane[1].u_lane|g_mult[0].u_mult
u_pipe|g_pfb[3].u_pfb|g_lane[1].u_lane|g_mult[0].u_mult
u_pipe|g_pfb[4].u_pfb|g_lane[1].u_lane|g_mult[0].u_mult
u_pipe|g_pfb[5].u_pfb|g_lane[1].u_lane|g_mult[0].u_mult
u_pipe|g_pfb[6].u_pfb|g_lane[1].u_lane|g_mult[0].u_mult
u_pipe|g_pfb[7].u_pfb|g_lane[1].u_lane|g_mult[0].u_mult
u_pipe|g_pfb[8].u_pfb|g_lane[1].u_lane|g_mult[0].u_mult
u_pipe|g_pfb[9].u_pfb|g_lane[1].u_lane|g_mult[0].u_mult
u_pipe|g_pfb[10].u_pfb|g_lane[1].u_lane|g_mult[0].u_mult
u_pipe|g_pfb[11].u_pfb|g_lane[1].u_lane|g_mult[0].u_mult
u_pipe|g_pfb[12].u_pfb|g_lane[1].u_lane|g_mult[0].u_mult
u_pipe|g_pfb[13].u_pfb|g_lane[1].u_lane|g_mult[0].u_mult
u_pipe|g_pfb[14].u_pfb|g_lane[1].u_lane|g_mult[0].u_mult
u_pipe|g_pfb[15].u_pfb|g_lane[1].u_lane|g_mult[0].u_mult
u_pipe|g_pfb[0].u_pfb|g_lane[0].u_lane|g_mult[0].u_mult
u_pipe|g_pfb[1].u_pfb|g_lane[0].u_lane|g_mult[0].u_mult
u_pipe|g_pfb[2].u_pfb|g_lane[0].u_lane|g_mult[0].u_mult
u_pipe|g_pfb[3].u_pfb|g_lane[0].u_lane|g_mult[0].u_mult
u_pipe|g_pfb[4].u_pfb|g_lane[0].u_lane|g_mult[0].u_mult
u_pipe|g_pfb[5].u_pfb|g_lane[0].u_lane|g_mult[0].u_mult
u_pipe|g_pfb[6].u_pfb|g_lane[0].u_lane|g_mult[0].u_mult
u_pipe|g_pfb[7].u_pfb|g_lane[0].u_lane|g_mult[0].u_mult
u_pipe|g_pfb[8].u_pfb|g_lane[0].u_lane|g_mult[0].u_mult
u_pipe|g_pfb[9].u_pfb|g_lane[0].u_lane|g_mult[0].u_mult
u_pipe|g_pfb[10].u_pfb|g_lane[0].u_lane|g_mult[0].u_mult
u_pipe|g_pfb[11].u_pfb|g_lane[0].u_lane|g_mult[0].u_mult
u_pipe|g_pfb[12].u_pfb|g_lane[0].u_lane|g_mult[0].u_mult
u_pipe|g_pfb[13].u_pfb|g_lane[0].u_lane|g_mult[0].u_mult
u_pipe|g_pfb[14].u_pfb|g_lane[0].u_lane|g_mult[0].u_mult
u_pipe|g_pfb[15].u_pfb|g_lane[0].u_lane|g_mult[0].u_mult
u_pipe|g_pfb[0].u_pfb|g_lane[1].u_lane|g_mult[3].u_mult
u_pipe|g_pfb[1].u_pfb|g_lane[1].u_lane|g_mult[3].u_mult
u_pipe|g_pfb[2].u_pfb|g_lane[1].u_lane|g_mult[3].u_mult
u_pipe|g_pfb[3].u_pfb|g_lane[1].u_lane|g_mult[3].u_mult
u_pipe|g_pfb[4].u_pfb|g_lane[1].u_lane|g_mult[3].u_mult
u_pipe|g_pfb[5].u_pfb|g_lane[1].u_lane|g_mult[3].u_mult
u_pipe|g_pfb[6].u_pfb|g_lane[1].u_lane|g_mult[3].u_mult
u_pipe|g_pfb[7].u_pfb|g_lane[1].u_lane|g_mult[3].u_mult
u_pipe|g_pfb[8].u_pfb|g_lane[1].u_lane|g_mult[3].u_mult
u_pipe|g_pfb[9].u_pfb|g_lane[1].u_lane|g_mult[3].u_mult
u_pipe|g_pfb[10].u_pfb|g_lane[1].u_lane|g_mult[3].u_mult
u_pipe|g_pfb[11].u_pfb|g_lane[1].u_lane|g_mult[3].u_mult
u_pipe|g_pfb[12].u_pfb|g_lane[1].u_lane|g_mult[3].u_mult
u_pipe|g_pfb[13].u_pfb|g_lane[1].u_lane|g_mult[3].u_mult
u_pipe|g_pfb[14].u_pfb|g_lane[1].u_lane|g_mult[3].u_mult
u_pipe|g_pfb[15].u_pfb|g_lane[1].u_lane|g_mult[3].u_mult
u_pipe|g_pfb[0].u_pfb|g_lane[0].u_lane|g_mult[3].u_mult
u_pipe|g_pfb[1].u_pfb|g_lane[0].u_lane|g_mult[3].u_mult
u_pipe|g_pfb[2].u_pfb|g_lane[0].u_lane|g_mult[3].u_mult
u_pipe|g_pfb[3].u_pfb|g_lane[0].u_lane|g_mult[3].u_mult
u_pipe|g_pfb[4].u_pfb|g_lane[0].u_lane|g_mult[3].u_mult
u_pipe|g_pfb[5].u_pfb|g_lane[0].u_lane|g_mult[3].u_mult
u_pipe|g_pfb[6].u_pfb|g_lane[0].u_lane|g_mult[3].u_mult
u_pipe|g_pfb[7].u_pfb|g_lane[0].u_lane|g_mult[3].u_mult
u_pipe|g_pfb[8].u_pfb|g_lane[0].u_lane|g_mult[3].u_mult
u_pipe|g_pfb[9].u_pfb|g_lane[0].u_lane|g_mult[3].u_mult
u_pipe|g_pfb[10].u_pfb|g_lane[0].u_lane|g_mult[3].u_mult
u_pipe|g_pfb[11].u_pfb|g_lane[0].u_lane|g_mult[3].u_mult
u_pipe|g_pfb[12].u_pfb|g_lane[0].u_lane|g_mult[3].u_mult
u_pipe|g_pfb[13].u_pfb|g_lane[0].u_lane|g_mult[3].u_mult
u_pipe|g_pfb[14].u_pfb|g_lane[0].u_lane|g_mult[3].u_mult
u_pipe|g_pfb[15].u_pfb|g_lane[0].u_lane|g_mult[3].u_mult
u_pipe|g_pfb[0].u_pfb|g_lane[1].u_lane|g_mult[4].u_mult
u_pipe|g_pfb[1].u_pfb|g_lane[1].u_lane|g_mult[4].u_mult
u_pipe|g_pfb[2].u_pfb|g_lane[1].u_lane|g_mult[4].u_mult
u_pipe|g_pfb[3].u_pfb|g_lane[1].u_lane|g_mult[4].u_mult
u_pipe|g_pfb[4].u_pfb|g_lane[1].u_lane|g_mult[4].u_mult
u_pipe|g_pfb[5].u_pfb|g_lane[1].u_lane|g_mult[4].u_mult
u_pipe|g_pfb[6].u_pfb|g_lane[1].u_lane|g_mult[4].u_mult
u_pipe|g_pfb[7].u_pfb|g_lane[1].u_lane|g_mult[4].u_mult
u_pipe|g_pfb[8].u_pfb|g_lane[1].u_lane|g_mult[4].u_mult
u_pipe|g_pfb[9].u_pfb|g_lane[1].u_lane|g_mult[4].u_mult
u_pipe|g_pfb[10].u_pfb|g_lane[1].u_lane|g_mult[4].u_mult
u_pipe|g_pfb[11].u_pfb|g_lane[1].u_lane|g_mult[4].u_mult
u_pipe|g_pfb[12].u_pfb|g_lane[1].u_lane|g_mult[4].u_mult
u_pipe|g_pfb[13].u_pfb|g_lane[1].u_lane|g_mult[4].u_mult
u_pipe|g_pfb[14].u_pfb|g_lane[1].u_lane|g_mult[4].u_mult
u_pipe|g_pfb[15].u_pfb|g_lane[1].u_lane|g_mult[4].u_mult
u_pipe|g_pfb[0].u_pfb|g_lane[0].u_lane|g_mult[4].u_mult
u_pipe|g_pfb[1].u_pfb|g_lane[0].u_lane|g_mult[4].u_mult
u_pipe|g_pfb[2].u_pfb|g_lane[0].u_lane|g_mult[4].u_mult
u_pipe|g_pfb[3].u_pfb|g_lane[0].u_lane|g_mult[4].u_mult
u_pipe|g_pfb[4].u_pfb|g_lane[0].u_lane|g_mult[4].u_mult
u_pipe|g_pfb[5].u_pfb|g_lane[0].u_lane|g_mult[4].u_mult
u_pipe|g_pfb[6].u_pfb|g_lane[0].u_lane|g_mult[4].u_mult
u_pipe|g_pfb[7].u_pfb|g_lane[0].u_lane|g_mult[4].u_mult
u_pipe|g_pfb[8].u_pfb|g_lane[0].u_lane|g_mult[4].u_mult
u_pipe|g_pfb[9].u_pfb|g_lane[0].u_lane|g_mult[4].u_mult
u_pipe|g_pfb[10].u_pfb|g_lane[0].u_lane|g_mult[4].u_mult
u_pipe|g_pfb[11].u_pfb|g_lane[0].u_lane|g_mult[4].u_mult
u_pipe|g_pfb[12].u_pfb|g_lane[0].u_lane|g_mult[4].u_mult
u_pipe|g_pfb[13].u_pfb|g_lane[0].u_lane|g_mult[4].u_mult
u_pipe|g_pfb[14].u_pfb|g_lane[0].u_lane|g_mult[4].u_mult
u_pipe|g_pfb[15].u_pfb|g_lane[0].u_lane|g_mult[4].u_mult
u_pipe|g_pfb[0].u_pfb|g_lane[1].u_lane|g_mult[5].u_mult
u_pipe|g_pfb[1].u_pfb|g_lane[1].u_lane|g_mult[5].u_mult
u_pipe|g_pfb[2].u_pfb|g_lane[1].u_lane|g_mult[5].u_mult
u_pipe|g_pfb[3].u_pfb|g_lane[1].u_lane|g_mult[5].u_mult
u_pipe|g_pfb[4].u_pfb|g_lane[1].u_lane|g_mult[5].u_mult
u_pipe|g_pfb[5].u_pfb|g_lane[1].u_lane|g_mult[5].u_mult
u_pipe|g_pfb[6].u_pfb|g_lane[1].u_lane|g_mult[5].u_mult
u_pipe|g_pfb[7].u_pfb|g_lane[1].u_lane|g_mult[5].u_mult
u_pipe|g_pfb[8].u_pfb|g_lane[1].u_lane|g_mult[5].u_mult
u_pipe|g_pfb[9].u_pfb|g_lane[1].u_lane|g_mult[5].u_mult
u_pipe|g_pfb[10].u_pfb|g_lane[1].u_lane|g_mult[5].u_mult
u_pipe|g_pfb[11].u_pfb|g_lane[1].u_lane|g_mult[5].u_mult
u_pipe|g_pfb[12].u_pfb|g_lane[1].u_lane|g_mult[5].u_mult
u_pipe|g_pfb[13].u_pfb|g_lane[1].u_lane|g_mult[5].u_mult
u_pipe|g_pfb[14].u_pfb|g_lane[1].u_lane|g_mult[5].u_mult
u_pipe|g_pfb[15].u_pfb|g_lane[1].u_lane|g_mult[5].u_mult
u_pipe|g_pfb[0].u_pfb|g_lane[0].u_lane|g_mult[5].u_mult
u_pipe|g_pfb[1].u_pfb|g_lane[0].u_lane|g_mult[5].u_mult
u_pipe|g_pfb[2].u_pfb|g_lane[0].u_lane|g_mult[5].u_mult
u_pipe|g_pfb[3].u_pfb|g_lane[0].u_lane|g_mult[5].u_mult
u_pipe|g_pfb[4].u_pfb|g_lane[0].u_lane|g_mult[5].u_mult
u_pipe|g_pfb[5].u_pfb|g_lane[0].u_lane|g_mult[5].u_mult
u_pipe|g_pfb[6].u_pfb|g_lane[0].u_lane|g_mult[5].u_mult
u_pipe|g_pfb[7].u_pfb|g_lane[0].u_lane|g_mult[5].u_mult
u_pipe|g_pfb[8].u_pfb|g_lane[0].u_lane|g_mult[5].u_mult
u_pipe|g_pfb[9].u_pfb|g_lane[0].u_lane|g_mult[5].u_mult
u_pipe|g_pfb[10].u_pfb|g_lane[0].u_lane|g_mult[5].u_mult
u_pipe|g_pfb[11].u_pfb|g_lane[0].u_lane|g_mult[5].u_mult
u_pipe|g_pfb[12].u_pfb|g_lane[0].u_lane|g_mult[5].u_mult
u_pipe|g_pfb[13].u_pfb|g_lane[0].u_lane|g_mult[5].u_mult
u_pipe|g_pfb[14].u_pfb|g_lane[0].u_lane|g_mult[5].u_mult
u_pipe|g_pfb[15].u_pfb|g_lane[0].u_lane|g_mult[5].u_mult
u_pipe|g_pfb[0].u_pfb|g_lane[1].u_lane|g_mult[6].u_mult
u_pipe|g_pfb[1].u_pfb|g_lane[1].u_lane|g_mult[6].u_mult
u_pipe|g_pfb[2].u_pfb|g_lane[1].u_lane|g_mult[6].u_mult
u_pipe|g_pfb[3].u_pfb|g_lane[1].u_lane|g_mult[6].u_mult
u_pipe|g_pfb[4].u_pfb|g_lane[1].u_lane|g_mult[6].u_mult
u_pipe|g_pfb[5].u_pfb|g_lane[1].u_lane|g_mult[6].u_mult
u_pipe|g_pfb[6].u_pfb|g_lane[1].u_lane|g_mult[6].u_mult
u_pipe|g_pfb[7].u_pfb|g_lane[1].u_lane|g_mult[6].u_mult
u_pipe|g_pfb[8].u_pfb|g_lane[1].u_lane|g_mult[6].u_mult
u_pipe|g_pfb[9].u_pfb|g_lane[1].u_lane|g_mult[6].u_mult
u_pipe|g_pfb[10].u_pfb|g_lane[1].u_lane|g_mult[6].u_mult
u_pipe|g_pfb[11].u_pfb|g_lane[1].u_lane|g_mult[6].u_mult
u_pipe|g_pfb[12].u_pfb|g_lane[1].u_lane|g_mult[6].u_mult
u_pipe|g_pfb[13].u_pfb|g_lane[1].u_lane|g_mult[6].u_mult
u_pipe|g_pfb[14].u_pfb|g_lane[1].u_lane|g_mult[6].u_mult
u_pipe|g_pfb[15].u_pfb|g_lane[1].u_lane|g_mult[6].u_mult
u_pipe|g_pfb[0].u_pfb|g_lane[0].u_lane|g_mult[6].u_mult
u_pipe|g_pfb[1].u_pfb|g_lane[0].u_lane|g_mult[6].u_mult
u_pipe|g_pfb[2].u_pfb|g_lane[0].u_lane|g_mult[6].u_mult
u_pipe|g_pfb[3].u_pfb|g_lane[0].u_lane|g_mult[6].u_mult
u_pipe|g_pfb[4].u_pfb|g_lane[0].u_lane|g_mult[6].u_mult
u_pipe|g_pfb[5].u_pfb|g_lane[0].u_lane|g_mult[6].u_mult
u_pipe|g_pfb[6].u_pfb|g_lane[0].u_lane|g_mult[6].u_mult
u_pipe|g_pfb[7].u_pfb|g_lane[0].u_lane|g_mult[6].u_mult
u_pipe|g_pfb[8].u_pfb|g_lane[0].u_lane|g_mult[6].u_mult
u_pipe|g_pfb[9].u_pfb|g_lane[0].u_lane|g_mult[6].u_mult
u_pipe|g_pfb[10].u_pfb|g_lane[0].u_lane|g_mult[6].u_mult
u_pipe|g_pfb[11].u_pfb|g_lane[0].u_lane|g_mult[6].u_mult
u_pipe|g_pfb[12].u_pfb|g_lane[0].u_lane|g_mult[6].u_mult
u_pipe|g_pfb[13].u_pfb|g_lane[0].u_lane|g_mult[6].u_mult
u_pipe|g_pfb[14].u_pfb|g_lane[0].u_lane|g_mult[6].u_mult
u_pipe|g_pfb[15].u_pfb|g_lane[0].u_lane|g_mult[6].u_mult
u_pipe|g_pfb[0].u_pfb|g_lane[1].u_lane|g_mult[7].u_mult
u_pipe|g_pfb[1].u_pfb|g_lane[1].u_lane|g_mult[7].u_mult
u_pipe|g_pfb[2].u_pfb|g_lane[1].u_lane|g_mult[7].u_mult
u_pipe|g_pfb[3].u_pfb|g_lane[1].u_lane|g_mult[7].u_mult
u_pipe|g_pfb[4].u_pfb|g_lane[1].u_lane|g_mult[7].u_mult
u_pipe|g_pfb[5].u_pfb|g_lane[1].u_lane|g_mult[7].u_mult
u_pipe|g_pfb[6].u_pfb|g_lane[1].u_lane|g_mult[7].u_mult
u_pipe|g_pfb[7].u_pfb|g_lane[1].u_lane|g_mult[7].u_mult
u_pipe|g_pfb[8].u_pfb|g_lane[1].u_lane|g_mult[7].u_mult
u_pipe|g_pfb[9].u_pfb|g_lane[1].u_lane|g_mult[7].u_mult
u_pipe|g_pfb[10].u_pfb|g_lane[1].u_lane|g_mult[7].u_mult
u_pipe|g_pfb[11].u_pfb|g_lane[1].u_lane|g_mult[7].u_mult
u_pipe|g_pfb[12].u_pfb|g_lane[1].u_lane|g_mult[7].u_mult
u_pipe|g_pfb[13].u_pfb|g_lane[1].u_lane|g_mult[7].u_mult
u_pipe|g_pfb[14].u_pfb|g_lane[1].u_lane|g_mult[7].u_mult
u_pipe|g_pfb[15].u_pfb|g_lane[1].u_lane|g_mult[7].u_mult
u_pipe|g_pfb[0].u_pfb|g_lane[0].u_lane|g_mult[7].u_mult
u_pipe|g_pfb[1].u_pfb|g_lane[0].u_lane|g_mult[7].u_mult
u_pipe|g_pfb[2].u_pfb|g_lane[0].u_lane|g_mult[7].u_mult
u_pipe|g_pfb[3].u_pfb|g_lane[0].u_lane|g_mult[7].u_mult
u_pipe|g_pfb[4].u_pfb|g_lane[0].u_lane|g_mult[7].u_mult
u_pipe|g_pfb[5].u_pfb|g_lane[0].u_lane|g_mult[7].u_mult
u_pipe|g_pfb[6].u_pfb|g_lane[0].u_lane|g_mult[7].u_mult
u_pipe|g_pfb[7].u_pfb|g_lane[0].u_lane|g_mult[7].u_mult
u_pipe|g_pfb[8].u_pfb|g_lane[0].u_lane|g_mult[7].u_mult
u_pipe|g_pfb[9].u_pfb|g_lane[0].u_lane|g_mult[7].u_mult
u_pipe|g_pfb[10].u_pfb|g_lane[0].u_lane|g_mult[7].u_mult
u_pipe|g_pfb[11].u_pfb|g_lane[0].u_lane|g_mult[7].u_mult
u_pipe|g_pfb[12].u_pfb|g_lane[0].u_lane|g_mult[7].u_mult
u_pipe|g_pfb[13].u_pfb|g_lane[0].u_lane|g_mult[7].u_mult
u_pipe|g_pfb[14].u_pfb|g_lane[0].u_lane|g_mult[7].u_mult
u_pipe|g_pfb[15].u_pfb|g_lane[0].u_lane|g_mult[7].u_mult
u_pipe|g_pfb[0].u_pfb|g_lane[1].u_lane|g_mult[8].u_mult
u_pipe|g_pfb[1].u_pfb|g_lane[1].u_lane|g_mult[8].u_mult
u_pipe|g_pfb[2].u_pfb|g_lane[1].u_lane|g_mult[8].u_mult
u_pipe|g_pfb[3].u_pfb|g_lane[1].u_lane|g_mult[8].u_mult
u_pipe|g_pfb[4].u_pfb|g_lane[1].u_lane|g_mult[8].u_mult
u_pipe|g_pfb[5].u_pfb|g_lane[1].u_lane|g_mult[8].u_mult
u_pipe|g_pfb[6].u_pfb|g_lane[1].u_lane|g_mult[8].u_mult
u_pipe|g_pfb[7].u_pfb|g_lane[1].u_lane|g_mult[8].u_mult
u_pipe|g_pfb[8].u_pfb|g_lane[1].u_lane|g_mult[8].u_mult
u_pipe|g_pfb[9].u_pfb|g_lane[1].u_lane|g_mult[8].u_mult
u_pipe|g_pfb[10].u_pfb|g_lane[1].u_lane|g_mult[8].u_mult
u_pipe|g_pfb[11].u_pfb|g_lane[1].u_lane|g_mult[8].u_mult
u_pipe|g_pfb[12].u_pfb|g_lane[1].u_lane|g_mult[8].u_mult
u_pipe|g_pfb[13].u_pfb|g_lane[1].u_lane|g_mult[8].u_mult
u_pipe|g_pfb[14].u_pfb|g_lane[1].u_lane|g_mult[8].u_mult
u_pipe|g_pfb[15].u_pfb|g_lane[1].u_lane|g_mult[8].u_mult
u_pipe|g_pfb[0].u_pfb|g_lane[0].u_lane|g_mult[8].u_mult
u_pipe|g_pfb[1].u_pfb|g_lane[0].u_lane|g_mult[8].u_mult
u_pipe|g_pfb[2].u_pfb|g_lane[0].u_lane|g_mult[8].u_mult
u_pipe|g_pfb[3].u_pfb|g_lane[0].u_lane|g_mult[8].u_mult
u_pipe|g_pfb[4].u_pfb|g_lane[0].u_lane|g_mult[8].u_mult
u_pipe|g_pfb[5].u_pfb|g_lane[0].u_lane|g_mult[8].u_mult
u_pipe|g_pfb[6].u_pfb|g_lane[0].u_lane|g_mult[8].u_mult
u_pipe|g_pfb[7].u_pfb|g_lane[0].u_lane|g_mult[8].u_mult
u_pipe|g_pfb[8].u_pfb|g_lane[0].u_lane|g_mult[8].u_mult
u_pipe|g_pfb[9].u_pfb|g_lane[0].u_lane|g_mult[8].u_mult
u_pipe|g_pfb[10].u_pfb|g_lane[0].u_lane|g_mult[8].u_mult
u_pipe|g_pfb[11].u_pfb|g_lane[0].u_lane|g_mult[8].u_mult
u_pipe|g_pfb[12].u_pfb|g_lane[0].u_lane|g_mult[8].u_mult
u_pipe|g_pfb[13].u_pfb|g_lane[0].u_lane|g_mult[8].u_mult
u_pipe|g_pfb[14].u_pfb|g_lane[0].u_lane|g_mult[8].u_mult
u_pipe|g_pfb[15].u_pfb|g_lane[0].u_lane|g_mult[8].u_mult
u_pipe|g_pfb[0].u_pfb|g_lane[1].u_lane|g_mult[9].u_mult
u_pipe|g_pfb[1].u_pfb|g_lane[1].u_lane|g_mult[9].u_mult
u_pipe|g_pfb[2].u_pfb|g_lane[1].u_lane|g_mult[9].u_mult
u_pipe|g_pfb[3].u_pfb|g_lane[1].u_lane|g_mult[9].u_mult
u_pipe|g_pfb[4].u_pfb|g_lane[1].u_lane|g_mult[9].u_mult
u_pipe|g_pfb[5].u_pfb|g_lane[1].u_lane|g_mult[9].u_mult
u_pipe|g_pfb[6].u_pfb|g_lane[1].u_lane|g_mult[9].u_mult
u_pipe|g_pfb[7].u_pfb|g_lane[1].u_lane|g_mult[9].u_mult
u_pipe|g_pfb[8].u_pfb|g_lane[1].u_lane|g_mult[9].u_mult
u_pipe|g_pfb[9].u_pfb|g_lane[1].u_lane|g_mult[9].u_mult
u_pipe|g_pfb[10].u_pfb|g_lane[1].u_lane|g_mult[9].u_mult
u_pipe|g_pfb[11].u_pfb|g_lane[1].u_lane|g_mult[9].u_mult
u_pipe|g_pfb[12].u_pfb|g_lane[1].u_lane|g_mult[9].u_mult
u_pipe|g_pfb[13].u_pfb|g_lane[1].u_lane|g_mult[9].u_mult
u_pipe|g_pfb[14].u_pfb|g_lane[1].u_lane|g_mult[9].u_mult
u_pipe|g_pfb[15].u_pfb|g_lane[1].u_lane|g_mult[9].u_mult
u_pipe|g_pfb[0].u_pfb|g_lane[0].u_lane|g_mult[9].u_mult
u_pipe|g_pfb[1].u_pfb|g_lane[0].u_lane|g_mult[9].u_mult
u_pipe|g_pfb[2].u_pfb|g_lane[0].u_lane|g_mult[9].u_mult
u_pipe|g_pfb[3].u_pfb|g_lane[0].u_lane|g_mult[9].u_mult
u_pipe|g_pfb[4].u_pfb|g_lane[0].u_lane|g_mult[9].u_mult
u_pipe|g_pfb[5].u_pfb|g_lane[0].u_lane|g_mult[9].u_mult
u_pipe|g_pfb[6].u_pfb|g_lane[0].u_lane|g_mult[9].u_mult
u_pipe|g_pfb[7].u_pfb|g_lane[0].u_lane|g_mult[9].u_mult
u_pipe|g_pfb[8].u_pfb|g_lane[0].u_lane|g_mult[9].u_mult
u_pipe|g_pfb[9].u_pfb|g_lane[0].u_lane|g_mult[9].u_mult
u_pipe|g_pfb[10].u_pfb|g_lane[0].u_lane|g_mult[9].u_mult
u_pipe|g_pfb[11].u_pfb|g_lane[0].u_lane|g_mult[9].u_mult
u_pipe|g_pfb[12].u_pfb|g_lane[0].u_lane|g_mult[9].u_mult
u_pipe|g_pfb[13].u_pfb|g_lane[0].u_lane|g_mult[9].u_mult
u_pipe|g_pfb[14].u_pfb|g_lane[0].u_lane|g_mult[9].u_mult
u_pipe|g_pfb[15].u_pfb|g_lane[0].u_lane|g_mult[9].u_mult
u_pipe|g_pfb[0].u_pfb|g_lane[1].u_lane|g_mult[10].u_mult
u_pipe|g_pfb[1].u_pfb|g_lane[1].u_lane|g_mult[10].u_mult
u_pipe|g_pfb[2].u_pfb|g_lane[1].u_lane|g_mult[10].u_mult
u_pipe|g_pfb[3].u_pfb|g_lane[1].u_lane|g_mult[10].u_mult
u_pipe|g_pfb[4].u_pfb|g_lane[1].u_lane|g_mult[10].u_mult
u_pipe|g_pfb[5].u_pfb|g_lane[1].u_lane|g_mult[10].u_mult
u_pipe|g_pfb[6].u_pfb|g_lane[1].u_lane|g_mult[10].u_mult
u_pipe|g_pfb[7].u_pfb|g_lane[1].u_lane|g_mult[10].u_mult
u_pipe|g_pfb[8].u_pfb|g_lane[1].u_lane|g_mult[10].u_mult
u_pipe|g_pfb[9].u_pfb|g_lane[1].u_lane|g_mult[10].u_mult
u_pipe|g_pfb[10].u_pfb|g_lane[1].u_lane|g_mult[10].u_mult
u_pipe|g_pfb[11].u_pfb|g_lane[1].u_lane|g_mult[10].u_mult
u_pipe|g_pfb[12].u_pfb|g_lane[1].u_lane|g_mult[10].u_mult
u_pipe|g_pfb[13].u_pfb|g_lane[1].u_lane|g_mult[10].u_mult
u_pipe|g_pfb[14].u_pfb|g_lane[1].u_lane|g_mult[10].u_mult
u_pipe|g_pfb[15].u_pfb|g_lane[1].u_lane|g_mult[10].u_mult
u_pipe|g_pfb[0].u_pfb|g_lane[0].u_lane|g_mult[10].u_mult
u_pipe|g_pfb[1].u_pfb|g_lane[0].u_lane|g_mult[10].u_mult
u_pipe|g_pfb[2].u_pfb|g_lane[0].u_lane|g_mult[10].u_mult
u_pipe|g_pfb[3].u_pfb|g_lane[0].u_lane|g_mult[10].u_mult
u_pipe|g_pfb[4].u_pfb|g_lane[0].u_lane|g_mult[10].u_mult
u_pipe|g_pfb[5].u_pfb|g_lane[0].u_lane|g_mult[10].u_mult
u_pipe|g_pfb[6].u_pfb|g_lane[0].u_lane|g_mult[10].u_mult
u_pipe|g_pfb[7].u_pfb|g_lane[0].u_lane|g_mult[10].u_mult
u_pipe|g_pfb[8].u_pfb|g_lane[0].u_lane|g_mult[10].u_mult
u_pipe|g_pfb[9].u_pfb|g_lane[0].u_lane|g_mult[10].u_mult
u_pipe|g_pfb[10].u_pfb|g_lane[0].u_lane|g_mult[10].u_mult
u_pipe|g_pfb[11].u_pfb|g_lane[0].u_lane|g_mult[10].u_mult
u_pipe|g_pfb[12].u_pfb|g_lane[0].u_lane|g_mult[10].u_mult
u_pipe|g_pfb[13].u_pfb|g_lane[0].u_lane|g_mult[10].u_mult
u_pipe|g_pfb[14].u_pfb|g_lane[0].u_lane|g_mult[10].u_mult
u_pipe|g_pfb[15].u_pfb|g_lane[0].u_lane|g_mult[10].u_mult
u_pipe|g_pfb[0].u_pfb|g_lane[1].u_lane|g_mult[11].u_mult
u_pipe|g_pfb[1].u_pfb|g_lane[1].u_lane|g_mult[11].u_mult
u_pipe|g_pfb[2].u_pfb|g_lane[1].u_lane|g_mult[11].u_mult
u_pipe|g_pfb[3].u_pfb|g_lane[1].u_lane|g_mult[11].u_mult
u_pipe|g_pfb[4].u_pfb|g_lane[1].u_lane|g_mult[11].u_mult
u_pipe|g_pfb[5].u_pfb|g_lane[1].u_lane|g_mult[11].u_mult
u_pipe|g_pfb[6].u_pfb|g_lane[1].u_lane|g_mult[11].u_mult
u_pipe|g_pfb[7].u_pfb|g_lane[1].u_lane|g_mult[11].u_mult
u_pipe|g_pfb[8].u_pfb|g_lane[1].u_lane|g_mult[11].u_mult
u_pipe|g_pfb[9].u_pfb|g_lane[1].u_lane|g_mult[11].u_mult
u_pipe|g_pfb[10].u_pfb|g_lane[1].u_lane|g_mult[11].u_mult
u_pipe|g_pfb[11].u_pfb|g_lane[1].u_lane|g_mult[11].u_mult
u_pipe|g_pfb[12].u_pfb|g_lane[1].u_lane|g_mult[11].u_mult
u_pipe|g_pfb[13].u_pfb|g_lane[1].u_lane|g_mult[11].u_mult
u_pipe|g_pfb[14].u_pfb|g_lane[1].u_lane|g_mult[11].u_mult
u_pipe|g_pfb[15].u_pfb|g_lane[1].u_lane|g_mult[11].u_mult
u_pipe|g_pfb[0].u_pfb|g_lane[0].u_lane|g_mult[11].u_mult
u_pipe|g_pfb[1].u_pfb|g_lane[0].u_lane|g_mult[11].u_mult
u_pipe|g_pfb[2].u_pfb|g_lane[0].u_lane|g_mult[11].u_mult
u_pipe|g_pfb[3].u_pfb|g_lane[0].u_lane|g_mult[11].u_mult
u_pipe|g_pfb[4].u_pfb|g_lane[0].u_lane|g_mult[11].u_mult
u_pipe|g_pfb[5].u_pfb|g_lane[0].u_lane|g_mult[11].u_mult
u_pipe|g_pfb[6].u_pfb|g_lane[0].u_lane|g_mult[11].u_mult
u_pipe|g_pfb[7].u_pfb|g_lane[0].u_lane|g_mult[11].u_mult
u_pipe|g_pfb[8].u_pfb|g_lane[0].u_lane|g_mult[11].u_mult
u_pipe|g_pfb[9].u_pfb|g_lane[0].u_lane|g_mult[11].u_mult
u_pipe|g_pfb[10].u_pfb|g_lane[0].u_lane|g_mult[11].u_mult
u_pipe|g_pfb[11].u_pfb|g_lane[0].u_lane|g_mult[11].u_mult
u_pipe|g_pfb[12].u_pfb|g_lane[0].u_lane|g_mult[11].u_mult
u_pipe|g_pfb[13].u_pfb|g_lane[0].u_lane|g_mult[11].u_mult
u_pipe|g_pfb[14].u_pfb|g_lane[0].u_lane|g_mult[11].u_mult
u_pipe|g_pfb[15].u_pfb|g_lane[0].u_lane|g_mult[11].u_mult
u_pipe|g_pfb[0].u_pfb|g_lane[1].u_lane|g_mult[12].u_mult
u_pipe|g_pfb[1].u_pfb|g_lane[1].u_lane|g_mult[12].u_mult
u_pipe|g_pfb[2].u_pfb|g_lane[1].u_lane|g_mult[12].u_mult
u_pipe|g_pfb[3].u_pfb|g_lane[1].u_lane|g_mult[12].u_mult
u_pipe|g_pfb[4].u_pfb|g_lane[1].u_lane|g_mult[12].u_mult
u_pipe|g_pfb[5].u_pfb|g_lane[1].u_lane|g_mult[12].u_mult
u_pipe|g_pfb[6].u_pfb|g_lane[1].u_lane|g_mult[12].u_mult
u_pipe|g_pfb[7].u_pfb|g_lane[1].u_lane|g_mult[12].u_mult
u_pipe|g_pfb[8].u_pfb|g_lane[1].u_lane|g_mult[12].u_mult
u_pipe|g_pfb[9].u_pfb|g_lane[1].u_lane|g_mult[12].u_mult
u_pipe|g_pfb[10].u_pfb|g_lane[1].u_lane|g_mult[12].u_mult
u_pipe|g_pfb[11].u_pfb|g_lane[1].u_lane|g_mult[12].u_mult
u_pipe|g_pfb[12].u_pfb|g_lane[1].u_lane|g_mult[12].u_mult
u_pipe|g_pfb[13].u_pfb|g_lane[1].u_lane|g_mult[12].u_mult
u_pipe|g_pfb[14].u_pfb|g_lane[1].u_lane|g_mult[12].u_mult
u_pipe|g_pfb[15].u_pfb|g_lane[1].u_lane|g_mult[12].u_mult
u_pipe|g_pfb[0].u_pfb|g_lane[0].u_lane|g_mult[12].u_mult
u_pipe|g_pfb[1].u_pfb|g_lane[0].u_lane|g_mult[12].u_mult
u_pipe|g_pfb[2].u_pfb|g_lane[0].u_lane|g_mult[12].u_mult
u_pipe|g_pfb[3].u_pfb|g_lane[0].u_lane|g_mult[12].u_mult
u_pipe|g_pfb[4].u_pfb|g_lane[0].u_lane|g_mult[12].u_mult
u_pipe|g_pfb[5].u_pfb|g_lane[0].u_lane|g_mult[12].u_mult
u_pipe|g_pfb[6].u_pfb|g_lane[0].u_lane|g_mult[12].u_mult
u_pipe|g_pfb[7].u_pfb|g_lane[0].u_lane|g_mult[12].u_mult
u_pipe|g_pfb[8].u_pfb|g_lane[0].u_lane|g_mult[12].u_mult
u_pipe|g_pfb[9].u_pfb|g_lane[0].u_lane|g_mult[12].u_mult
u_pipe|g_pfb[10].u_pfb|g_lane[0].u_lane|g_mult[12].u_mult
u_pipe|g_pfb[11].u_pfb|g_lane[0].u_lane|g_mult[12].u_mult
u_pipe|g_pfb[12].u_pfb|g_lane[0].u_lane|g_mult[12].u_mult
u_pipe|g_pfb[13].u_pfb|g_lane[0].u_lane|g_mult[12].u_mult
u_pipe|g_pfb[14].u_pfb|g_lane[0].u_lane|g_mult[12].u_mult
u_pipe|g_pfb[15].u_pfb|g_lane[0].u_lane|g_mult[12].u_mult
u_pipe|g_pfb[0].u_pfb|g_lane[1].u_lane|g_mult[13].u_mult
u_pipe|g_pfb[1].u_pfb|g_lane[1].u_lane|g_mult[13].u_mult
u_pipe|g_pfb[2].u_pfb|g_lane[1].u_lane|g_mult[13].u_mult
u_pipe|g_pfb[3].u_pfb|g_lane[1].u_lane|g_mult[13].u_mult
u_pipe|g_pfb[4].u_pfb|g_lane[1].u_lane|g_mult[13].u_mult
u_pipe|g_pfb[5].u_pfb|g_lane[1].u_lane|g_mult[13].u_mult
u_pipe|g_pfb[6].u_pfb|g_lane[1].u_lane|g_mult[13].u_mult
u_pipe|g_pfb[7].u_pfb|g_lane[1].u_lane|g_mult[13].u_mult
u_pipe|g_pfb[8].u_pfb|g_lane[1].u_lane|g_mult[13].u_mult
u_pipe|g_pfb[9].u_pfb|g_lane[1].u_lane|g_mult[13].u_mult
u_pipe|g_pfb[10].u_pfb|g_lane[1].u_lane|g_mult[13].u_mult
u_pipe|g_pfb[11].u_pfb|g_lane[1].u_lane|g_mult[13].u_mult
u_pipe|g_pfb[12].u_pfb|g_lane[1].u_lane|g_mult[13].u_mult
u_pipe|g_pfb[13].u_pfb|g_lane[1].u_lane|g_mult[13].u_mult
u_pipe|g_pfb[14].u_pfb|g_lane[1].u_lane|g_mult[13].u_mult
u_pipe|g_pfb[15].u_pfb|g_lane[1].u_lane|g_mult[13].u_mult
u_pipe|g_pfb[0].u_pfb|g_lane[0].u_lane|g_mult[13].u_mult
u_pipe|g_pfb[1].u_pfb|g_lane[0].u_lane|g_mult[13].u_mult
u_pipe|g_pfb[2].u_pfb|g_lane[0].u_lane|g_mult[13].u_mult
u_pipe|g_pfb[3].u_pfb|g_lane[0].u_lane|g_mult[13].u_mult
u_pipe|g_pfb[4].u_pfb|g_lane[0].u_lane|g_mult[13].u_mult
u_pipe|g_pfb[5].u_pfb|g_lane[0].u_lane|g_mult[13].u_mult
u_pipe|g_pfb[6].u_pfb|g_lane[0].u_lane|g_mult[13].u_mult
u_pipe|g_pfb[7].u_pfb|g_lane[0].u_lane|g_mult[13].u_mult
u_pipe|g_pfb[8].u_pfb|g_lane[0].u_lane|g_mult[13].u_mult
u_pipe|g_pfb[9].u_pfb|g_lane[0].u_lane|g_mult[13].u_mult
u_pipe|g_pfb[10].u_pfb|g_lane[0].u_lane|g_mult[13].u_mult
u_pipe|g_pfb[11].u_pfb|g_lane[0].u_lane|g_mult[13].u_mult
u_pipe|g_pfb[12].u_pfb|g_lane[0].u_lane|g_mult[13].u_mult
u_pipe|g_pfb[13].u_pfb|g_lane[0].u_lane|g_mult[13].u_mult
u_pipe|g_pfb[14].u_pfb|g_lane[0].u_lane|g_mult[13].u_mult
u_pipe|g_pfb[15].u_pfb|g_lane[0].u_lane|g_mult[13].u_mult
u_pipe|g_pfb[0].u_pfb|g_lane[1].u_lane|g_mult[14].u_mult
u_pipe|g_pfb[1].u_pfb|g_lane[1].u_lane|g_mult[14].u_mult
u_pipe|g_pfb[2].u_pfb|g_lane[1].u_lane|g_mult[14].u_mult
u_pipe|g_pfb[3].u_pfb|g_lane[1].u_lane|g_mult[14].u_mult
u_pipe|g_pfb[4].u_pfb|g_lane[1].u_lane|g_mult[14].u_mult
u_pipe|g_pfb[5].u_pfb|g_lane[1].u_lane|g_mult[14].u_mult
u_pipe|g_pfb[6].u_pfb|g_lane[1].u_lane|g_mult[14].u_mult
u_pipe|g_pfb[7].u_pfb|g_lane[1].u_lane|g_mult[14].u_mult
u_pipe|g_pfb[8].u_pfb|g_lane[1].u_lane|g_mult[14].u_mult
u_pipe|g_pfb[9].u_pfb|g_lane[1].u_lane|g_mult[14].u_mult
u_pipe|g_pfb[10].u_pfb|g_lane[1].u_lane|g_mult[14].u_mult
u_pipe|g_pfb[11].u_pfb|g_lane[1].u_lane|g_mult[14].u_mult
u_pipe|g_pfb[12].u_pfb|g_lane[1].u_lane|g_mult[14].u_mult
u_pipe|g_pfb[13].u_pfb|g_lane[1].u_lane|g_mult[14].u_mult
u_pipe|g_pfb[14].u_pfb|g_lane[1].u_lane|g_mult[14].u_mult
u_pipe|g_pfb[15].u_pfb|g_lane[1].u_lane|g_mult[14].u_mult
u_pipe|g_pfb[0].u_pfb|g_lane[0].u_lane|g_mult[14].u_mult
u_pipe|g_pfb[1].u_pfb|g_lane[0].u_lane|g_mult[14].u_mult
u_pipe|g_pfb[2].u_pfb|g_lane[0].u_lane|g_mult[14].u_mult
u_pipe|g_pfb[3].u_pfb|g_lane[0].u_lane|g_mult[14].u_mult
u_pipe|g_pfb[4].u_pfb|g_lane[0].u_lane|g_mult[14].u_mult
u_pipe|g_pfb[5].u_pfb|g_lane[0].u_lane|g_mult[14].u_mult
u_pipe|g_pfb[6].u_pfb|g_lane[0].u_lane|g_mult[14].u_mult
u_pipe|g_pfb[7].u_pfb|g_lane[0].u_lane|g_mult[14].u_mult
u_pipe|g_pfb[8].u_pfb|g_lane[0].u_lane|g_mult[14].u_mult
u_pipe|g_pfb[9].u_pfb|g_lane[0].u_lane|g_mult[14].u_mult
u_pipe|g_pfb[10].u_pfb|g_lane[0].u_lane|g_mult[14].u_mult
u_pipe|g_pfb[11].u_pfb|g_lane[0].u_lane|g_mult[14].u_mult
u_pipe|g_pfb[12].u_pfb|g_lane[0].u_lane|g_mult[14].u_mult
u_pipe|g_pfb[13].u_pfb|g_lane[0].u_lane|g_mult[14].u_mult
u_pipe|g_pfb[14].u_pfb|g_lane[0].u_lane|g_mult[14].u_mult
u_pipe|g_pfb[15].u_pfb|g_lane[0].u_lane|g_mult[14].u_mult
u_pipe|g_pfb[0].u_pfb|g_lane[1].u_lane|g_mult[15].u_mult
u_pipe|g_pfb[1].u_pfb|g_lane[1].u_lane|g_mult[15].u_mult
u_pipe|g_pfb[2].u_pfb|g_lane[1].u_lane|g_mult[15].u_mult
u_pipe|g_pfb[3].u_pfb|g_lane[1].u_lane|g_mult[15].u_mult
u_pipe|g_pfb[4].u_pfb|g_lane[1].u_lane|g_mult[15].u_mult
u_pipe|g_pfb[5].u_pfb|g_lane[1].u_lane|g_mult[15].u_mult
u_pipe|g_pfb[6].u_pfb|g_lane[1].u_lane|g_mult[15].u_mult
u_pipe|g_pfb[7].u_pfb|g_lane[1].u_lane|g_mult[15].u_mult
u_pipe|g_pfb[8].u_pfb|g_lane[1].u_lane|g_mult[15].u_mult
u_pipe|g_pfb[9].u_pfb|g_lane[1].u_lane|g_mult[15].u_mult
u_pipe|g_pfb[10].u_pfb|g_lane[1].u_lane|g_mult[15].u_mult
u_pipe|g_pfb[11].u_pfb|g_lane[1].u_lane|g_mult[15].u_mult
u_pipe|g_pfb[12].u_pfb|g_lane[1].u_lane|g_mult[15].u_mult
u_pipe|g_pfb[13].u_pfb|g_lane[1].u_lane|g_mult[15].u_mult
u_pipe|g_pfb[14].u_pfb|g_lane[1].u_lane|g_mult[15].u_mult
u_pipe|g_pfb[15].u_pfb|g_lane[1].u_lane|g_mult[15].u_mult
u_pipe|g_pfb[0].u_pfb|g_lane[0].u_lane|g_mult[15].u_mult
u_pipe|g_pfb[1].u_pfb|g_lane[0].u_lane|g_mult[15].u_mult
u_pipe|g_pfb[2].u_pfb|g_lane[0].u_lane|g_mult[15].u_mult
u_pipe|g_pfb[3].u_pfb|g_lane[0].u_lane|g_mult[15].u_mult
u_pipe|g_pfb[4].u_pfb|g_lane[0].u_lane|g_mult[15].u_mult
u_pipe|g_pfb[5].u_pfb|g_lane[0].u_lane|g_mult[15].u_mult
u_pipe|g_pfb[6].u_pfb|g_lane[0].u_lane|g_mult[15].u_mult
u_pipe|g_pfb[7].u_pfb|g_lane[0].u_lane|g_mult[15].u_mult
u_pipe|g_pfb[8].u_pfb|g_lane[0].u_lane|g_mult[15].u_mult
u_pipe|g_pfb[9].u_pfb|g_lane[0].u_lane|g_mult[15].u_mult
u_pipe|g_pfb[10].u_pfb|g_lane[0].u_lane|g_mult[15].u_mult
u_pipe|g_pfb[11].u_pfb|g_lane[0].u_lane|g_mult[15].u_mult
u_pipe|g_pfb[12].u_pfb|g_lane[0].u_lane|g_mult[15].u_mult
u_pipe|g_pfb[13].u_pfb|g_lane[0].u_lane|g_mult[15].u_mult
u_pipe|g_pfb[14].u_pfb|g_lane[0].u_lane|g_mult[15].u_mult
u_pipe|g_pfb[15].u_pfb|g_lane[0].u_lane|g_mult[15].u_mult
u_pipe|u_bf|g_bin[0].g_beam[0].u_dot|g_mult[0].u_mult
u_pipe|u_bf|g_bin[0].g_beam[1].u_dot|g_mult[0].u_mult
u_pipe|u_bf|g_bin[0].g_beam[2].u_dot|g_mult[0].u_mult
u_pipe|u_bf|g_bin[0].g_beam[3].u_dot|g_mult[0].u_mult
u_pipe|u_bf|g_bin[0].g_beam[4].u_dot|g_mult[0].u_mult
u_pipe|u_bf|g_bin[0].g_beam[5].u_dot|g_mult[0].u_mult
u_pipe|u_bf|g_bin[0].g_beam[6].u_dot|g_mult[0].u_mult
u_pipe|u_bf|g_bin[0].g_beam[7].u_dot|g_mult[0].u_mult
u_pipe|u_bf|g_bin[0].g_beam[8].u_dot|g_mult[0].u_mult
u_pipe|u_bf|g_bin[0].g_beam[9].u_dot|g_mult[0].u_mult
u_pipe|u_bf|g_bin[0].g_beam[10].u_dot|g_mult[0].u_mult
u_pipe|u_bf|g_bin[0].g_beam[11].u_dot|g_mult[0].u_mult
u_pipe|u_bf|g_bin[0].g_beam[12].u_dot|g_mult[0].u_mult
u_pipe|u_bf|g_bin[0].g_beam[13].u_dot|g_mult[0].u_mult
u_pipe|u_bf|g_bin[0].g_beam[14].u_dot|g_mult[0].u_mult
u_pipe|u_bf|g_bin[0].g_beam[15].u_dot|g_mult[0].u_mult
u_pipe|u_bf|g_bin[1].g_beam[0].u_dot|g_mult[0].u_mult
u_pipe|u_bf|g_bin[1].g_beam[1].u_dot|g_mult[0].u_mult
u_pipe|u_bf|g_bin[1].g_beam[2].u_dot|g_mult[0].u_mult
u_pipe|u_bf|g_bin[1].g_beam[3].u_dot|g_mult[0].u_mult
u_pipe|u_bf|g_bin[1].g_beam[4].u_dot|g_mult[0].u_mult
u_pipe|u_bf|g_bin[1].g_beam[5].u_dot|g_mult[0].u_mult
u_pipe|u_bf|g_bin[1].g_beam[6].u_dot|g_mult[0].u_mult
u_pipe|u_bf|g_bin[1].g_beam[7].u_dot|g_mult[0].u_mult
u_pipe|u_bf|g_bin[1].g_beam[8].u_dot|g_mult[0].u_mult
u_pipe|u_bf|g_bin[1].g_beam[9].u_dot|g_mult[0].u_mult
u_pipe|u_bf|g_bin[1].g_beam[10].u_dot|g_mult[0].u_mult
u_pipe|u_bf|g_bin[1].g_beam[11].u_dot|g_mult[0].u_mult
u_pipe|u_bf|g_bin[1].g_beam[12].u_dot|g_mult[0].u_mult
u_pipe|u_bf|g_bin[1].g_beam[13].u_dot|g_mult[0].u_mult
u_pipe|u_bf|g_bin[1].g_beam[14].u_dot|g_mult[0].u_mult
u_pipe|u_bf|g_bin[1].g_beam[15].u_dot|g_mult[0].u_mult
u_pipe|u_bf|g_bin[0].g_beam[0].u_dot|g_mult[1].u_mult
u_pipe|u_bf|g_bin[0].g_beam[1].u_dot|g_mult[1].u_mult
u_pipe|u_bf|g_bin[0].g_beam[2].u_dot|g_mult[1].u_mult
u_pipe|u_bf|g_bin[0].g_beam[3].u_dot|g_mult[1].u_mult
u_pipe|u_bf|g_bin[0].g_beam[4].u_dot|g_mult[1].u_mult
u_pipe|u_bf|g_bin[0].g_beam[5].u_dot|g_mult[1].u_mult
u_pipe|u_bf|g_bin[0].g_beam[6].u_dot|g_mult[1].u_mult
u_pipe|u_bf|g_bin[0].g_beam[7].u_dot|g_mult[1].u_mult
u_pipe|u_bf|g_bin[0].g_beam[8].u_dot|g_mult[1].u_mult
u_pipe|u_bf|g_bin[0].g_beam[9].u_dot|g_mult[1].u_mult
u_pipe|u_bf|g_bin[0].g_beam[10].u_dot|g_mult[1].u_mult
u_pipe|u_bf|g_bin[0].g_beam[11].u_dot|g_mult[1].u_mult
u_pipe|u_bf|g_bin[0].g_beam[12].u_dot|g_mult[1].u_mult
u_pipe|u_bf|g_bin[0].g_beam[13].u_dot|g_mult[1].u_mult
u_pipe|u_bf|g_bin[0].g_beam[14].u_dot|g_mult[1].u_mult
u_pipe|u_bf|g_bin[0].g_beam[15].u_dot|g_mult[1].u_mult
u_pipe|u_bf|g_bin[1].g_beam[0].u_dot|g_mult[1].u_mult
u_pipe|u_bf|g_bin[1].g_beam[1].u_dot|g_mult[1].u_mult
u_pipe|u_bf|g_bin[1].g_beam[2].u_dot|g_mult[1].u_mult
u_pipe|u_bf|g_bin[1].g_beam[3].u_dot|g_mult[1].u_mult
u_pipe|u_bf|g_bin[1].g_beam[4].u_dot|g_mult[1].u_mult
u_pipe|u_bf|g_bin[1].g_beam[5].u_dot|g_mult[1].u_mult
u_pipe|u_bf|g_bin[1].g_beam[6].u_dot|g_mult[1].u_mult
u_pipe|u_bf|g_bin[1].g_beam[7].u_dot|g_mult[1].u_mult
u_pipe|u_bf|g_bin[1].g_beam[8].u_dot|g_mult[1].u_mult
u_pipe|u_bf|g_bin[1].g_beam[9].u_dot|g_mult[1].u_mult
u_pipe|u_bf|g_bin[1].g_beam[10].u_dot|g_mult[1].u_mult
u_pipe|u_bf|g_bin[1].g_beam[11].u_dot|g_mult[1].u_mult
u_pipe|u_bf|g_bin[1].g_beam[12].u_dot|g_mult[1].u_mult
u_pipe|u_bf|g_bin[1].g_beam[13].u_dot|g_mult[1].u_mult
u_pipe|u_bf|g_bin[1].g_beam[14].u_dot|g_mult[1].u_mult
u_pipe|u_bf|g_bin[1].g_beam[15].u_dot|g_mult[1].u_mult
u_pipe|u_bf|g_bin[0].g_beam[0].u_dot|g_mult[2].u_mult
u_pipe|u_bf|g_bin[0].g_beam[1].u_dot|g_mult[2].u_mult
u_pipe|u_bf|g_bin[0].g_beam[2].u_dot|g_mult[2].u_mult
u_pipe|u_bf|g_bin[0].g_beam[3].u_dot|g_mult[2].u_mult
u_pipe|u_bf|g_bin[0].g_beam[4].u_dot|g_mult[2].u_mult
u_pipe|u_bf|g_bin[0].g_beam[5].u_dot|g_mult[2].u_mult
u_pipe|u_bf|g_bin[0].g_beam[6].u_dot|g_mult[2].u_mult
u_pipe|u_bf|g_bin[0].g_beam[7].u_dot|g_mult[2].u_mult
u_pipe|u_bf|g_bin[0].g_beam[8].u_dot|g_mult[2].u_mult
u_pipe|u_bf|g_bin[0].g_beam[9].u_dot|g_mult[2].u_mult
u_pipe|u_bf|g_bin[0].g_beam[10].u_dot|g_mult[2].u_mult
u_pipe|u_bf|g_bin[0].g_beam[11].u_dot|g_mult[2].u_mult
u_pipe|u_bf|g_bin[0].g_beam[12].u_dot|g_mult[2].u_mult
u_pipe|u_bf|g_bin[0].g_beam[13].u_dot|g_mult[2].u_mult
u_pipe|u_bf|g_bin[0].g_beam[14].u_dot|g_mult[2].u_mult
u_pipe|u_bf|g_bin[0].g_beam[15].u_dot|g_mult[2].u_mult
u_pipe|u_bf|g_bin[1].g_beam[0].u_dot|g_mult[2].u_mult
u_pipe|u_bf|g_bin[1].g_beam[1].u_dot|g_mult[2].u_mult
u_pipe|u_bf|g_bin[1].g_beam[2].u_dot|g_mult[2].u_mult
u_pipe|u_bf|g_bin[1].g_beam[3].u_dot|g_mult[2].u_mult
u_pipe|u_bf|g_bin[1].g_beam[4].u_dot|g_mult[2].u_mult
u_pipe|u_bf|g_bin[1].g_beam[5].u_dot|g_mult[2].u_mult
u_pipe|u_bf|g_bin[1].g_beam[6].u_dot|g_mult[2].u_mult
u_pipe|u_bf|g_bin[1].g_beam[7].u_dot|g_mult[2].u_mult
u_pipe|u_bf|g_bin[1].g_beam[8].u_dot|g_mult[2].u_mult
u_pipe|u_bf|g_bin[1].g_beam[9].u_dot|g_mult[2].u_mult
u_pipe|u_bf|g_bin[1].g_beam[10].u_dot|g_mult[2].u_mult
u_pipe|u_bf|g_bin[1].g_beam[11].u_dot|g_mult[2].u_mult
u_pipe|u_bf|g_bin[1].g_beam[12].u_dot|g_mult[2].u_mult
u_pipe|u_bf|g_bin[1].g_beam[13].u_dot|g_mult[2].u_mult
u_pipe|u_bf|g_bin[1].g_beam[14].u_dot|g_mult[2].u_mult
u_pipe|u_bf|g_bin[1].g_beam[15].u_dot|g_mult[2].u_mult
u_pipe|u_bf|g_bin[0].g_beam[0].u_dot|g_mult[3].u_mult
u_pipe|u_bf|g_bin[0].g_beam[1].u_dot|g_mult[3].u_mult
u_pipe|u_bf|g_bin[0].g_beam[2].u_dot|g_mult[3].u_mult
u_pipe|u_bf|g_bin[0].g_beam[3].u_dot|g_mult[3].u_mult
u_pipe|u_bf|g_bin[0].g_beam[4].u_dot|g_mult[3].u_mult
u_pipe|u_bf|g_bin[0].g_beam[5].u_dot|g_mult[3].u_mult
u_pipe|u_bf|g_bin[0].g_beam[6].u_dot|g_mult[3].u_mult
u_pipe|u_bf|g_bin[0].g_beam[7].u_dot|g_mult[3].u_mult
u_pipe|u_bf|g_bin[0].g_beam[8].u_dot|g_mult[3].u_mult
u_pipe|u_bf|g_bin[0].g_beam[9].u_dot|g_mult[3].u_mult
u_pipe|u_bf|g_bin[0].g_beam[10].u_dot|g_mult[3].u_mult
u_pipe|u_bf|g_bin[0].g_beam[11].u_dot|g_mult[3].u_mult
u_pipe|u_bf|g_bin[0].g_beam[12].u_dot|g_mult[3].u_mult
u_pipe|u_bf|g_bin[0].g_beam[13].u_dot|g_mult[3].u_mult
u_pipe|u_bf|g_bin[0].g_beam[14].u_dot|g_mult[3].u_mult
u_pipe|u_bf|g_bin[0].g_beam[15].u_dot|g_mult[3].u_mult
u_pipe|u_bf|g_bin[1].g_beam[0].u_dot|g_mult[3].u_mult
u_pipe|u_bf|g_bin[1].g_beam[1].u_dot|g_mult[3].u_mult
u_pipe|u_bf|g_bin[1].g_beam[2].u_dot|g_mult[3].u_mult
u_pipe|u_bf|g_bin[1].g_beam[3].u_dot|g_mult[3].u_mult
u_pipe|u_bf|g_bin[1].g_beam[4].u_dot|g_mult[3].u_mult
u_pipe|u_bf|g_bin[1].g_beam[5].u_dot|g_mult[3].u_mult
u_pipe|u_bf|g_bin[1].g_beam[6].u_dot|g_mult[3].u_mult
u_pipe|u_bf|g_bin[1].g_beam[7].u_dot|g_mult[3].u_mult
u_pipe|u_bf|g_bin[1].g_beam[8].u_dot|g_mult[3].u_mult
u_pipe|u_bf|g_bin[1].g_beam[9].u_dot|g_mult[3].u_mult
u_pipe|u_bf|g_bin[1].g_beam[10].u_dot|g_mult[3].u_mult
u_pipe|u_bf|g_bin[1].g_beam[11].u_dot|g_mult[3].u_mult
u_pipe|u_bf|g_bin[1].g_beam[12].u_dot|g_mult[3].u_mult
u_pipe|u_bf|g_bin[1].g_beam[13].u_dot|g_mult[3].u_mult
u_pipe|u_bf|g_bin[1].g_beam[14].u_dot|g_mult[3].u_mult
u_pipe|u_bf|g_bin[1].g_beam[15].u_dot|g_mult[3].u_mult
u_pipe|u_bf|g_bin[0].g_beam[0].u_dot|g_mult[4].u_mult
u_pipe|u_bf|g_bin[0].g_beam[1].u_dot|g_mult[4].u_mult
u_pipe|u_bf|g_bin[0].g_beam[2].u_dot|g_mult[4].u_mult
u_pipe|u_bf|g_bin[0].g_beam[3].u_dot|g_mult[4].u_mult
u_pipe|u_bf|g_bin[0].g_beam[4].u_dot|g_mult[4].u_mult
u_pipe|u_bf|g_bin[0].g_beam[5].u_dot|g_mult[4].u_mult
u_pipe|u_bf|g_bin[0].g_beam[6].u_dot|g_mult[4].u_mult
u_pipe|u_bf|g_bin[0].g_beam[7].u_dot|g_mult[4].u_mult
u_pipe|u_bf|g_bin[0].g_beam[8].u_dot|g_mult[4].u_mult
u_pipe|u_bf|g_bin[0].g_beam[9].u_dot|g_mult[4].u_mult
u_pipe|u_bf|g_bin[0].g_beam[10].u_dot|g_mult[4].u_mult
u_pipe|u_bf|g_bin[0].g_beam[11].u_dot|g_mult[4].u_mult
u_pipe|u_bf|g_bin[0].g_beam[12].u_dot|g_mult[4].u_mult
u_pipe|u_bf|g_bin[0].g_beam[13].u_dot|g_mult[4].u_mult
u_pipe|u_bf|g_bin[0].g_beam[14].u_dot|g_mult[4].u_mult
u_pipe|u_bf|g_bin[0].g_beam[15].u_dot|g_mult[4].u_mult
u_pipe|u_bf|g_bin[1].g_beam[0].u_dot|g_mult[4].u_mult
u_pipe|u_bf|g_bin[1].g_beam[1].u_dot|g_mult[4].u_mult
u_pipe|u_bf|g_bin[1].g_beam[2].u_dot|g_mult[4].u_mult
u_pipe|u_bf|g_bin[1].g_beam[3].u_dot|g_mult[4].u_mult
u_pipe|u_bf|g_bin[1].g_beam[4].u_dot|g_mult[4].u_mult
u_pipe|u_bf|g_bin[1].g_beam[5].u_dot|g_mult[4].u_mult
u_pipe|u_bf|g_bin[1].g_beam[6].u_dot|g_mult[4].u_mult
u_pipe|u_bf|g_bin[1].g_beam[7].u_dot|g_mult[4].u_mult
u_pipe|u_bf|g_bin[1].g_beam[8].u_dot|g_mult[4].u_mult
u_pipe|u_bf|g_bin[1].g_beam[9].u_dot|g_mult[4].u_mult
u_pipe|u_bf|g_bin[1].g_beam[10].u_dot|g_mult[4].u_mult
u_pipe|u_bf|g_bin[1].g_beam[11].u_dot|g_mult[4].u_mult
u_pipe|u_bf|g_bin[1].g_beam[12].u_dot|g_mult[4].u_mult
u_pipe|u_bf|g_bin[1].g_beam[13].u_dot|g_mult[4].u_mult
u_pipe|u_bf|g_bin[1].g_beam[14].u_dot|g_mult[4].u_mult
u_pipe|u_bf|g_bin[1].g_beam[15].u_dot|g_mult[4].u_mult
u_pipe|u_bf|g_bin[0].g_beam[0].u_dot|g_mult[5].u_mult
u_pipe|u_bf|g_bin[0].g_beam[1].u_dot|g_mult[5].u_mult
u_pipe|u_bf|g_bin[0].g_beam[2].u_dot|g_mult[5].u_mult
u_pipe|u_bf|g_bin[0].g_beam[3].u_dot|g_mult[5].u_mult
u_pipe|u_bf|g_bin[0].g_beam[4].u_dot|g_mult[5].u_mult
u_pipe|u_bf|g_bin[0].g_beam[5].u_dot|g_mult[5].u_mult
u_pipe|u_bf|g_bin[0].g_beam[6].u_dot|g_mult[5].u_mult
u_pipe|u_bf|g_bin[0].g_beam[7].u_dot|g_mult[5].u_mult
u_pipe|u_bf|g_bin[0].g_beam[8].u_dot|g_mult[5].u_mult
u_pipe|u_bf|g_bin[0].g_beam[9].u_dot|g_mult[5].u_mult
u_pipe|u_bf|g_bin[0].g_beam[10].u_dot|g_mult[5].u_mult
u_pipe|u_bf|g_bin[0].g_beam[11].u_dot|g_mult[5].u_mult
u_pipe|u_bf|g_bin[0].g_beam[12].u_dot|g_mult[5].u_mult
u_pipe|u_bf|g_bin[0].g_beam[13].u_dot|g_mult[5].u_mult
u_pipe|u_bf|g_bin[0].g_beam[14].u_dot|g_mult[5].u_mult
u_pipe|u_bf|g_bin[0].g_beam[15].u_dot|g_mult[5].u_mult
u_pipe|u_bf|g_bin[1].g_beam[0].u_dot|g_mult[5].u_mult
u_pipe|u_bf|g_bin[1].g_beam[1].u_dot|g_mult[5].u_mult
u_pipe|u_bf|g_bin[1].g_beam[2].u_dot|g_mult[5].u_mult
u_pipe|u_bf|g_bin[1].g_beam[3].u_dot|g_mult[5].u_mult
u_pipe|u_bf|g_bin[1].g_beam[4].u_dot|g_mult[5].u_mult
u_pipe|u_bf|g_bin[1].g_beam[5].u_dot|g_mult[5].u_mult
u_pipe|u_bf|g_bin[1].g_beam[6].u_dot|g_mult[5].u_mult
u_pipe|u_bf|g_bin[1].g_beam[7].u_dot|g_mult[5].u_mult
u_pipe|u_bf|g_bin[1].g_beam[8].u_dot|g_mult[5].u_mult
u_pipe|u_bf|g_bin[1].g_beam[9].u_dot|g_mult[5].u_mult
u_pipe|u_bf|g_bin[1].g_beam[10].u_dot|g_mult[5].u_mult
u_pipe|u_bf|g_bin[1].g_beam[11].u_dot|g_mult[5].u_mult
u_pipe|u_bf|g_bin[1].g_beam[12].u_dot|g_mult[5].u_mult
u_pipe|u_bf|g_bin[1].g_beam[13].u_dot|g_mult[5].u_mult
u_pipe|u_bf|g_bin[1].g_beam[14].u_dot|g_mult[5].u_mult
u_pipe|u_bf|g_bin[1].g_beam[15].u_dot|g_mult[5].u_mult
u_pipe|u_bf|g_bin[0].g_beam[0].u_dot|g_mult[6].u_mult
u_pipe|u_bf|g_bin[0].g_beam[1].u_dot|g_mult[6].u_mult
u_pipe|u_bf|g_bin[0].g_beam[2].u_dot|g_mult[6].u_mult
u_pipe|u_bf|g_bin[0].g_beam[3].u_dot|g_mult[6].u_mult
u_pipe|u_bf|g_bin[0].g_beam[4].u_dot|g_mult[6].u_mult
u_pipe|u_bf|g_bin[0].g_beam[5].u_dot|g_mult[6].u_mult
u_pipe|u_bf|g_bin[0].g_beam[6].u_dot|g_mult[6].u_mult
u_pipe|u_bf|g_bin[0].g_beam[7].u_dot|g_mult[6].u_mult
u_pipe|u_bf|g_bin[0].g_beam[8].u_dot|g_mult[6].u_mult
u_pipe|u_bf|g_bin[0].g_beam[9].u_dot|g_mult[6].u_mult
u_pipe|u_bf|g_bin[0].g_beam[10].u_dot|g_mult[6].u_mult
u_pipe|u_bf|g_bin[0].g_beam[11].u_dot|g_mult[6].u_mult
u_pipe|u_bf|g_bin[0].g_beam[12].u_dot|g_mult[6].u_mult
u_pipe|u_bf|g_bin[0].g_beam[13].u_dot|g_mult[6].u_mult
u_pipe|u_bf|g_bin[0].g_beam[14].u_dot|g_mult[6].u_mult
u_pipe|u_bf|g_bin[0].g_beam[15].u_dot|g_mult[6].u_mult
u_pipe|u_bf|g_bin[1].g_beam[0].u_dot|g_mult[6].u_mult
u_pipe|u_bf|g_bin[1].g_beam[1].u_dot|g_mult[6].u_mult
u_pipe|u_bf|g_bin[1].g_beam[2].u_dot|g_mult[6].u_mult
u_pipe|u_bf|g_bin[1].g_beam[3].u_dot|g_mult[6].u_mult
u_pipe|u_bf|g_bin[1].g_beam[4].u_dot|g_mult[6].u_mult
u_pipe|u_bf|g_bin[1].g_beam[5].u_dot|g_mult[6].u_mult
u_pipe|u_bf|g_bin[1].g_beam[6].u_dot|g_mult[6].u_mult
u_pipe|u_bf|g_bin[1].g_beam[7].u_dot|g_mult[6].u_mult
u_pipe|u_bf|g_bin[1].g_beam[8].u_dot|g_mult[6].u_mult
u_pipe|u_bf|g_bin[1].g_beam[9].u_dot|g_mult[6].u_mult
u_pipe|u_bf|g_bin[1].g_beam[10].u_dot|g_mult[6].u_mult
u_pipe|u_bf|g_bin[1].g_beam[11].u_dot|g_mult[6].u_mult
u_pipe|u_bf|g_bin[1].g_beam[12].u_dot|g_mult[6].u_mult
u_pipe|u_bf|g_bin[1].g_beam[13].u_dot|g_mult[6].u_mult
u_pipe|u_bf|g_bin[1].g_beam[14].u_dot|g_mult[6].u_mult
u_pipe|u_bf|g_bin[1].g_beam[15].u_dot|g_mult[6].u_mult
u_pipe|u_bf|g_bin[0].g_beam[0].u_dot|g_mult[7].u_mult
u_pipe|u_bf|g_bin[0].g_beam[1].u_dot|g_mult[7].u_mult
u_pipe|u_bf|g_bin[0].g_beam[2].u_dot|g_mult[7].u_mult
u_pipe|u_bf|g_bin[0].g_beam[3].u_dot|g_mult[7].u_mult
u_pipe|u_bf|g_bin[0].g_beam[4].u_dot|g_mult[7].u_mult
u_pipe|u_bf|g_bin[0].g_beam[5].u_dot|g_mult[7].u_mult
u_pipe|u_bf|g_bin[0].g_beam[6].u_dot|g_mult[7].u_mult
u_pipe|u_bf|g_bin[0].g_beam[7].u_dot|g_mult[7].u_mult
u_pipe|u_bf|g_bin[0].g_beam[8].u_dot|g_mult[7].u_mult
u_pipe|u_bf|g_bin[0].g_beam[9].u_dot|g_mult[7].u_mult
u_pipe|u_bf|g_bin[0].g_beam[10].u_dot|g_mult[7].u_mult
u_pipe|u_bf|g_bin[0].g_beam[11].u_dot|g_mult[7].u_mult
u_pipe|u_bf|g_bin[0].g_beam[12].u_dot|g_mult[7].u_mult
u_pipe|u_bf|g_bin[0].g_beam[13].u_dot|g_mult[7].u_mult
u_pipe|u_bf|g_bin[0].g_beam[14].u_dot|g_mult[7].u_mult
u_pipe|u_bf|g_bin[0].g_beam[15].u_dot|g_mult[7].u_mult
u_pipe|u_bf|g_bin[1].g_beam[0].u_dot|g_mult[7].u_mult
u_pipe|u_bf|g_bin[1].g_beam[1].u_dot|g_mult[7].u_mult
u_pipe|u_bf|g_bin[1].g_beam[2].u_dot|g_mult[7].u_mult
u_pipe|u_bf|g_bin[1].g_beam[3].u_dot|g_mult[7].u_mult
u_pipe|u_bf|g_bin[1].g_beam[4].u_dot|g_mult[7].u_mult
u_pipe|u_bf|g_bin[1].g_beam[5].u_dot|g_mult[7].u_mult
u_pipe|u_bf|g_bin[1].g_beam[6].u_dot|g_mult[7].u_mult
u_pipe|u_bf|g_bin[1].g_beam[7].u_dot|g_mult[7].u_mult
u_pipe|u_bf|g_bin[1].g_beam[8].u_dot|g_mult[7].u_mult
u_pipe|u_bf|g_bin[1].g_beam[9].u_dot|g_mult[7].u_mult
u_pipe|u_bf|g_bin[1].g_beam[10].u_dot|g_mult[7].u_mult
u_pipe|u_bf|g_bin[1].g_beam[11].u_dot|g_mult[7].u_mult
u_pipe|u_bf|g_bin[1].g_beam[12].u_dot|g_mult[7].u_mult
u_pipe|u_bf|g_bin[1].g_beam[13].u_dot|g_mult[7].u_mult
u_pipe|u_bf|g_bin[1].g_beam[14].u_dot|g_mult[7].u_mult
u_pipe|u_bf|g_bin[1].g_beam[15].u_dot|g_mult[7].u_mult
u_pipe|u_bf|g_bin[0].g_beam[0].u_dot|g_mult[8].u_mult
u_pipe|u_bf|g_bin[0].g_beam[1].u_dot|g_mult[8].u_mult
u_pipe|u_bf|g_bin[0].g_beam[2].u_dot|g_mult[8].u_mult
u_pipe|u_bf|g_bin[0].g_beam[3].u_dot|g_mult[8].u_mult
u_pipe|u_bf|g_bin[0].g_beam[4].u_dot|g_mult[8].u_mult
u_pipe|u_bf|g_bin[0].g_beam[5].u_dot|g_mult[8].u_mult
u_pipe|u_bf|g_bin[0].g_beam[6].u_dot|g_mult[8].u_mult
u_pipe|u_bf|g_bin[0].g_beam[7].u_dot|g_mult[8].u_mult
u_pipe|u_bf|g_bin[0].g_beam[8].u_dot|g_mult[8].u_mult
u_pipe|u_bf|g_bin[0].g_beam[9].u_dot|g_mult[8].u_mult
u_pipe|u_bf|g_bin[0].g_beam[10].u_dot|g_mult[8].u_mult
u_pipe|u_bf|g_bin[0].g_beam[11].u_dot|g_mult[8].u_mult
u_pipe|u_bf|g_bin[0].g_beam[12].u_dot|g_mult[8].u_mult
u_pipe|u_bf|g_bin[0].g_beam[13].u_dot|g_mult[8].u_mult
u_pipe|u_bf|g_bin[0].g_beam[14].u_dot|g_mult[8].u_mult
u_pipe|u_bf|g_bin[0].g_beam[15].u_dot|g_mult[8].u_mult
u_pipe|u_bf|g_bin[1].g_beam[0].u_dot|g_mult[8].u_mult
u_pipe|u_bf|g_bin[1].g_beam[1].u_dot|g_mult[8].u_mult
u_pipe|u_bf|g_bin[1].g_beam[2].u_dot|g_mult[8].u_mult
u_pipe|u_bf|g_bin[1].g_beam[3].u_dot|g_mult[8].u_mult
u_pipe|u_bf|g_bin[1].g_beam[4].u_dot|g_mult[8].u_mult
u_pipe|u_bf|g_bin[1].g_beam[5].u_dot|g_mult[8].u_mult
u_pipe|u_bf|g_bin[1].g_beam[6].u_dot|g_mult[8].u_mult
u_pipe|u_bf|g_bin[1].g_beam[7].u_dot|g_mult[8].u_mult
u_pipe|u_bf|g_bin[1].g_beam[8].u_dot|g_mult[8].u_mult
u_pipe|u_bf|g_bin[1].g_beam[9].u_dot|g_mult[8].u_mult
u_pipe|u_bf|g_bin[1].g_beam[10].u_dot|g_mult[8].u_mult
u_pipe|u_bf|g_bin[1].g_beam[11].u_dot|g_mult[8].u_mult
u_pipe|u_bf|g_bin[1].g_beam[12].u_dot|g_mult[8].u_mult
u_pipe|u_bf|g_bin[1].g_beam[13].u_dot|g_mult[8].u_mult
u_pipe|u_bf|g_bin[1].g_beam[14].u_dot|g_mult[8].u_mult
u_pipe|u_bf|g_bin[1].g_beam[15].u_dot|g_mult[8].u_mult
u_pipe|u_bf|g_bin[0].g_beam[0].u_dot|g_mult[15].u_mult
u_pipe|u_bf|g_bin[0].g_beam[1].u_dot|g_mult[15].u_mult
u_pipe|u_bf|g_bin[0].g_beam[2].u_dot|g_mult[15].u_mult
u_pipe|u_bf|g_bin[0].g_beam[3].u_dot|g_mult[15].u_mult
u_pipe|u_bf|g_bin[0].g_beam[4].u_dot|g_mult[15].u_mult
u_pipe|u_bf|g_bin[0].g_beam[5].u_dot|g_mult[15].u_mult
u_pipe|u_bf|g_bin[0].g_beam[6].u_dot|g_mult[15].u_mult
u_pipe|u_bf|g_bin[0].g_beam[7].u_dot|g_mult[15].u_mult
u_pipe|u_bf|g_bin[0].g_beam[8].u_dot|g_mult[15].u_mult
u_pipe|u_bf|g_bin[0].g_beam[9].u_dot|g_mult[15].u_mult
u_pipe|u_bf|g_bin[0].g_beam[10].u_dot|g_mult[15].u_mult
u_pipe|u_bf|g_bin[0].g_beam[11].u_dot|g_mult[15].u_mult
u_pipe|u_bf|g_bin[0].g_beam[12].u_dot|g_mult[15].u_mult
u_pipe|u_bf|g_bin[0].g_beam[13].u_dot|g_mult[15].u_mult
u_pipe|u_bf|g_bin[0].g_beam[14].u_dot|g_mult[15].u_mult
u_pipe|u_bf|g_bin[0].g_beam[15].u_dot|g_mult[15].u_mult
u_pipe|u_bf|g_bin[1].g_beam[0].u_dot|g_mult[15].u_mult
u_pipe|u_bf|g_bin[1].g_beam[1].u_dot|g_mult[15].u_mult
u_pipe|u_bf|g_bin[1].g_beam[2].u_dot|g_mult[15].u_mult
u_pipe|u_bf|g_bin[1].g_beam[3].u_dot|g_mult[15].u_mult
u_pipe|u_bf|g_bin[1].g_beam[4].u_dot|g_mult[15].u_mult
u_pipe|u_bf|g_bin[1].g_beam[5].u_dot|g_mult[15].u_mult
u_pipe|u_bf|g_bin[1].g_beam[6].u_dot|g_mult[15].u_mult
u_pipe|u_bf|g_bin[1].g_beam[7].u_dot|g_mult[15].u_mult
u_pipe|u_bf|g_bin[1].g_beam[8].u_dot|g_mult[15].u_mult
u_pipe|u_bf|g_bin[1].g_beam[9].u_dot|g_mult[15].u_mult
u_pipe|u_bf|g_bin[1].g_beam[10].u_dot|g_mult[15].u_mult
u_pipe|u_bf|g_bin[1].g_beam[11].u_dot|g_mult[15].u_mult
u_pipe|u_bf|g_bin[1].g_beam[12].u_dot|g_mult[15].u_mult
u_pipe|u_bf|g_bin[1].g_beam[13].u_dot|g_mult[15].u_mult
u_pipe|u_bf|g_bin[1].g_beam[14].u_dot|g_mult[15].u_mult
u_pipe|u_bf|g_bin[1].g_beam[15].u_dot|g_mult[15].u_mult
u_pipe|u_bf|g_bin[0].g_beam[0].u_dot|g_mult[14].u_mult
u_pipe|u_bf|g_bin[0].g_beam[1].u_dot|g_mult[14].u_mult
u_pipe|u_bf|g_bin[0].g_beam[2].u_dot|g_mult[14].u_mult
u_pipe|u_bf|g_bin[0].g_beam[3].u_dot|g_mult[14].u_mult
u_pipe|u_bf|g_bin[0].g_beam[4].u_dot|g_mult[14].u_mult
u_pipe|u_bf|g_bin[0].g_beam[5].u_dot|g_mult[14].u_mult
u_pipe|u_bf|g_bin[0].g_beam[6].u_dot|g_mult[14].u_mult
u_pipe|u_bf|g_bin[0].g_beam[7].u_dot|g_mult[14].u_mult
u_pipe|u_bf|g_bin[0].g_beam[8].u_dot|g_mult[14].u_mult
u_pipe|u_bf|g_bin[0].g_beam[9].u_dot|g_mult[14].u_mult
u_pipe|u_bf|g_bin[0].g_beam[10].u_dot|g_mult[14].u_mult
u_pipe|u_bf|g_bin[0].g_beam[11].u_dot|g_mult[14].u_mult
u_pipe|u_bf|g_bin[0].g_beam[12].u_dot|g_mult[14].u_mult
u_pipe|u_bf|g_bin[0].g_beam[13].u_dot|g_mult[14].u_mult
u_pipe|u_bf|g_bin[0].g_beam[14].u_dot|g_mult[14].u_mult
u_pipe|u_bf|g_bin[0].g_beam[15].u_dot|g_mult[14].u_mult
u_pipe|u_bf|g_bin[1].g_beam[0].u_dot|g_mult[14].u_mult
u_pipe|u_bf|g_bin[1].g_beam[1].u_dot|g_mult[14].u_mult
u_pipe|u_bf|g_bin[1].g_beam[2].u_dot|g_mult[14].u_mult
u_pipe|u_bf|g_bin[1].g_beam[3].u_dot|g_mult[14].u_mult
u_pipe|u_bf|g_bin[1].g_beam[4].u_dot|g_mult[14].u_mult
u_pipe|u_bf|g_bin[1].g_beam[5].u_dot|g_mult[14].u_mult
u_pipe|u_bf|g_bin[1].g_beam[6].u_dot|g_mult[14].u_mult
u_pipe|u_bf|g_bin[1].g_beam[7].u_dot|g_mult[14].u_mult
u_pipe|u_bf|g_bin[1].g_beam[8].u_dot|g_mult[14].u_mult
u_pipe|u_bf|g_bin[1].g_beam[9].u_dot|g_mult[14].u_mult
u_pipe|u_bf|g_bin[1].g_beam[10].u_dot|g_mult[14].u_mult
u_pipe|u_bf|g_bin[1].g_beam[11].u_dot|g_mult[14].u_mult
u_pipe|u_bf|g_bin[1].g_beam[12].u_dot|g_mult[14].u_mult
u_pipe|u_bf|g_bin[1].g_beam[13].u_dot|g_mult[14].u_mult
u_pipe|u_bf|g_bin[1].g_beam[14].u_dot|g_mult[14].u_mult
u_pipe|u_bf|g_bin[1].g_beam[15].u_dot|g_mult[14].u_mult
u_pipe|u_bf|g_bin[0].g_beam[0].u_dot|g_mult[13].u_mult
u_pipe|u_bf|g_bin[0].g_beam[1].u_dot|g_mult[13].u_mult
u_pipe|u_bf|g_bin[0].g_beam[2].u_dot|g_mult[13].u_mult
u_pipe|u_bf|g_bin[0].g_beam[3].u_dot|g_mult[13].u_mult
u_pipe|u_bf|g_bin[0].g_beam[4].u_dot|g_mult[13].u_mult
u_pipe|u_bf|g_bin[0].g_beam[5].u_dot|g_mult[13].u_mult
u_pipe|u_bf|g_bin[0].g_beam[6].u_dot|g_mult[13].u_mult
u_pipe|u_bf|g_bin[0].g_beam[7].u_dot|g_mult[13].u_mult
u_pipe|u_bf|g_bin[0].g_beam[8].u_dot|g_mult[13].u_mult
u_pipe|u_bf|g_bin[0].g_beam[9].u_dot|g_mult[13].u_mult
u_pipe|u_bf|g_bin[0].g_beam[10].u_dot|g_mult[13].u_mult
u_pipe|u_bf|g_bin[0].g_beam[11].u_dot|g_mult[13].u_mult
u_pipe|u_bf|g_bin[0].g_beam[12].u_dot|g_mult[13].u_mult
u_pipe|u_bf|g_bin[0].g_beam[13].u_dot|g_mult[13].u_mult
u_pipe|u_bf|g_bin[0].g_beam[14].u_dot|g_mult[13].u_mult
u_pipe|u_bf|g_bin[0].g_beam[15].u_dot|g_mult[13].u_mult
u_pipe|u_bf|g_bin[1].g_beam[0].u_dot|g_mult[13].u_mult
u_pipe|u_bf|g_bin[1].g_beam[1].u_dot|g_mult[13].u_mult
u_pipe|u_bf|g_bin[1].g_beam[2].u_dot|g_mult[13].u_mult
u_pipe|u_bf|g_bin[1].g_beam[3].u_dot|g_mult[13].u_mult
u_pipe|u_bf|g_bin[1].g_beam[4].u_dot|g_mult[13].u_mult
u_pipe|u_bf|g_bin[1].g_beam[5].u_dot|g_mult[13].u_mult
u_pipe|u_bf|g_bin[1].g_beam[6].u_dot|g_mult[13].u_mult
u_pipe|u_bf|g_bin[1].g_beam[7].u_dot|g_mult[13].u_mult
u_pipe|u_bf|g_bin[1].g_beam[8].u_dot|g_mult[13].u_mult
u_pipe|u_bf|g_bin[1].g_beam[9].u_dot|g_mult[13].u_mult
u_pipe|u_bf|g_bin[1].g_beam[10].u_dot|g_mult[13].u_mult
u_pipe|u_bf|g_bin[1].g_beam[11].u_dot|g_mult[13].u_mult
u_pipe|u_bf|g_bin[1].g_beam[12].u_dot|g_mult[13].u_mult
u_pipe|u_bf|g_bin[1].g_beam[13].u_dot|g_mult[13].u_mult
u_pipe|u_bf|g_bin[1].g_beam[14].u_dot|g_mult[13].u_mult
u_pipe|u_bf|g_bin[1].g_beam[15].u_dot|g_mult[13].u_mult
u_pipe|u_bf|g_bin[0].g_beam[0].u_dot|g_mult[12].u_mult
u_pipe|u_bf|g_bin[0].g_beam[1].u_dot|g_mult[12].u_mult
u_pipe|u_bf|g_bin[0].g_beam[2].u_dot|g_mult[12].u_mult
u_pipe|u_bf|g_bin[0].g_beam[3].u_dot|g_mult[12].u_mult
u_pipe|u_bf|g_bin[0].g_beam[4].u_dot|g_mult[12].u_mult
u_pipe|u_bf|g_bin[0].g_beam[5].u_dot|g_mult[12].u_mult
u_pipe|u_bf|g_bin[0].g_beam[6].u_dot|g_mult[12].u_mult
u_pipe|u_bf|g_bin[0].g_beam[7].u_dot|g_mult[12].u_mult
u_pipe|u_bf|g_bin[0].g_beam[8].u_dot|g_mult[12].u_mult
u_pipe|u_bf|g_bin[0].g_beam[9].u_dot|g_mult[12].u_mult
u_pipe|u_bf|g_bin[0].g_beam[10].u_dot|g_mult[12].u_mult
u_pipe|u_bf|g_bin[0].g_beam[11].u_dot|g_mult[12].u_mult
u_pipe|u_bf|g_bin[0].g_beam[12].u_dot|g_mult[12].u_mult
u_pipe|u_bf|g_bin[0].g_beam[13].u_dot|g_mult[12].u_mult
u_pipe|u_bf|g_bin[0].g_beam[14].u_dot|g_mult[12].u_mult
u_pipe|u_bf|g_bin[0].g_beam[15].u_dot|g_mult[12].u_mult
u_pipe|u_bf|g_bin[1].g_beam[0].u_dot|g_mult[12].u_mult
u_pipe|u_bf|g_bin[1].g_beam[1].u_dot|g_mult[12].u_mult
u_pipe|u_bf|g_bin[1].g_beam[2].u_dot|g_mult[12].u_mult
u_pipe|u_bf|g_bin[1].g_beam[3].u_dot|g_mult[12].u_mult
u_pipe|u_bf|g_bin[1].g_beam[4].u_dot|g_mult[12].u_mult
u_pipe|u_bf|g_bin[1].g_beam[5].u_dot|g_mult[12].u_mult
u_pipe|u_bf|g_bin[1].g_beam[6].u_dot|g_mult[12].u_mult
u_pipe|u_bf|g_bin[1].g_beam[7].u_dot|g_mult[12].u_mult
u_pipe|u_bf|g_bin[1].g_beam[8].u_dot|g_mult[12].u_mult
u_pipe|u_bf|g_bin[1].g_beam[9].u_dot|g_mult[12].u_mult
u_pipe|u_bf|g_bin[1].g_beam[10].u_dot|g_mult[12].u_mult
u_pipe|u_bf|g_bin[1].g_beam[11].u_dot|g_mult[12].u_mult
u_pipe|u_bf|g_bin[1].g_beam[12].u_dot|g_mult[12].u_mult
u_pipe|u_bf|g_bin[1].g_beam[13].u_dot|g_mult[12].u_mult
u_pipe|u_bf|g_bin[1].g_beam[14].u_dot|g_mult[12].u_mult
u_pipe|u_bf|g_bin[1].g_beam[15].u_dot|g_mult[12].u_mult
u_pipe|u_bf|g_bin[0].g_beam[0].u_dot|g_mult[11].u_mult
u_pipe|u_bf|g_bin[0].g_beam[1].u_dot|g_mult[11].u_mult
u_pipe|u_bf|g_bin[0].g_beam[2].u_dot|g_mult[11].u_mult
u_pipe|u_bf|g_bin[0].g_beam[3].u_dot|g_mult[11].u_mult
u_pipe|u_bf|g_bin[0].g_beam[4].u_dot|g_mult[11].u_mult
u_pipe|u_bf|g_bin[0].g_beam[5].u_dot|g_mult[11].u_mult
u_pipe|u_bf|g_bin[0].g_beam[6].u_dot|g_mult[11].u_mult
u_pipe|u_bf|g_bin[0].g_beam[7].u_dot|g_mult[11].u_mult
u_pipe|u_bf|g_bin[0].g_beam[8].u_dot|g_mult[11].u_mult
u_pipe|u_bf|g_bin[0].g_beam[9].u_dot|g_mult[11].u_mult
u_pipe|u_bf|g_bin[0].g_beam[10].u_dot|g_mult[11].u_mult
u_pipe|u_bf|g_bin[0].g_beam[11].u_dot|g_mult[11].u_mult
u_pipe|u_bf|g_bin[0].g_beam[12].u_dot|g_mult[11].u_mult
u_pipe|u_bf|g_bin[0].g_beam[13].u_dot|g_mult[11].u_mult
u_pipe|u_bf|g_bin[0].g_beam[14].u_dot|g_mult[11].u_mult
u_pipe|u_bf|g_bin[0].g_beam[15].u_dot|g_mult[11].u_mult
u_pipe|u_bf|g_bin[1].g_beam[0].u_dot|g_mult[11].u_mult
u_pipe|u_bf|g_bin[1].g_beam[1].u_dot|g_mult[11].u_mult
u_pipe|u_bf|g_bin[1].g_beam[2].u_dot|g_mult[11].u_mult
u_pipe|u_bf|g_bin[1].g_beam[3].u_dot|g_mult[11].u_mult
u_pipe|u_bf|g_bin[1].g_beam[4].u_dot|g_mult[11].u_mult
u_pipe|u_bf|g_bin[1].g_beam[5].u_dot|g_mult[11].u_mult
u_pipe|u_bf|g_bin[1].g_beam[6].u_dot|g_mult[11].u_mult
u_pipe|u_bf|g_bin[1].g_beam[7].u_dot|g_mult[11].u_mult
u_pipe|u_bf|g_bin[1].g_beam[8].u_dot|g_mult[11].u_mult
u_pipe|u_bf|g_bin[1].g_beam[9].u_dot|g_mult[11].u_mult
u_pipe|u_bf|g_bin[1].g_beam[10].u_dot|g_mult[11].u_mult
u_pipe|u_bf|g_bin[1].g_beam[11].u_dot|g_mult[11].u_mult
u_pipe|u_bf|g_bin[1].g_beam[12].u_dot|g_mult[11].u_mult
u_pipe|u_bf|g_bin[1].g_beam[13].u_dot|g_mult[11].u_mult
u_pipe|u_bf|g_bin[1].g_beam[14].u_dot|g_mult[11].u_mult
u_pipe|u_bf|g_bin[1].g_beam[15].u_dot|g_mult[11].u_mult
u_pipe|u_bf|g_bin[0].g_beam[0].u_dot|g_mult[10].u_mult
u_pipe|u_bf|g_bin[0].g_beam[1].u_dot|g_mult[10].u_mult
u_pipe|u_bf|g_bin[0].g_beam[2].u_dot|g_mult[10].u_mult
u_pipe|u_bf|g_bin[0].g_beam[3].u_dot|g_mult[10].u_mult
u_pipe|u_bf|g_bin[0].g_beam[4].u_dot|g_mult[10].u_mult
u_pipe|u_bf|g_bin[0].g_beam[5].u_dot|g_mult[10].u_mult
u_pipe|u_bf|g_bin[0].g_beam[6].u_dot|g_mult[10].u_mult
u_pipe|u_bf|g_bin[0].g_beam[7].u_dot|g_mult[10].u_mult
u_pipe|u_bf|g_bin[0].g_beam[8].u_dot|g_mult[10].u_mult
u_pipe|u_bf|g_bin[0].g_beam[9].u_dot|g_mult[10].u_mult
u_pipe|u_bf|g_bin[0].g_beam[10].u_dot|g_mult[10].u_mult
u_pipe|u_bf|g_bin[0].g_beam[11].u_dot|g_mult[10].u_mult
u_pipe|u_bf|g_bin[0].g_beam[12].u_dot|g_mult[10].u_mult
u_pipe|u_bf|g_bin[0].g_beam[13].u_dot|g_mult[10].u_mult
u_pipe|u_bf|g_bin[0].g_beam[14].u_dot|g_mult[10].u_mult
u_pipe|u_bf|g_bin[0].g_beam[15].u_dot|g_mult[10].u_mult
u_pipe|u_bf|g_bin[1].g_beam[0].u_dot|g_mult[10].u_mult
u_pipe|u_bf|g_bin[1].g_beam[1].u_dot|g_mult[10].u_mult
u_pipe|u_bf|g_bin[1].g_beam[2].u_dot|g_mult[10].u_mult
u_pipe|u_bf|g_bin[1].g_beam[3].u_dot|g_mult[10].u_mult
u_pipe|u_bf|g_bin[1].g_beam[4].u_dot|g_mult[10].u_mult
u_pipe|u_bf|g_bin[1].g_beam[5].u_dot|g_mult[10].u_mult
u_pipe|u_bf|g_bin[1].g_beam[6].u_dot|g_mult[10].u_mult
u_pipe|u_bf|g_bin[1].g_beam[7].u_dot|g_mult[10].u_mult
u_pipe|u_bf|g_bin[1].g_beam[8].u_dot|g_mult[10].u_mult
u_pipe|u_bf|g_bin[1].g_beam[9].u_dot|g_mult[10].u_mult
u_pipe|u_bf|g_bin[1].g_beam[10].u_dot|g_mult[10].u_mult
u_pipe|u_bf|g_bin[1].g_beam[11].u_dot|g_mult[10].u_mult
u_pipe|u_bf|g_bin[1].g_beam[12].u_dot|g_mult[10].u_mult
u_pipe|u_bf|g_bin[1].g_beam[13].u_dot|g_mult[10].u_mult
u_pipe|u_bf|g_bin[1].g_beam[14].u_dot|g_mult[10].u_mult
u_pipe|u_bf|g_bin[1].g_beam[15].u_dot|g_mult[10].u_mult
u_pipe|u_bf|g_bin[0].g_beam[0].u_dot|g_mult[9].u_mult
u_pipe|u_bf|g_bin[0].g_beam[1].u_dot|g_mult[9].u_mult
u_pipe|u_bf|g_bin[0].g_beam[2].u_dot|g_mult[9].u_mult
u_pipe|u_bf|g_bin[0].g_beam[3].u_dot|g_mult[9].u_mult
u_pipe|u_bf|g_bin[0].g_beam[4].u_dot|g_mult[9].u_mult
u_pipe|u_bf|g_bin[0].g_beam[5].u_dot|g_mult[9].u_mult
u_pipe|u_bf|g_bin[0].g_beam[6].u_dot|g_mult[9].u_mult
u_pipe|u_bf|g_bin[0].g_beam[7].u_dot|g_mult[9].u_mult
u_pipe|u_bf|g_bin[0].g_beam[8].u_dot|g_mult[9].u_mult
u_pipe|u_bf|g_bin[0].g_beam[9].u_dot|g_mult[9].u_mult
u_pipe|u_bf|g_bin[0].g_beam[10].u_dot|g_mult[9].u_mult
u_pipe|u_bf|g_bin[0].g_beam[11].u_dot|g_mult[9].u_mult
u_pipe|u_bf|g_bin[0].g_beam[12].u_dot|g_mult[9].u_mult
u_pipe|u_bf|g_bin[0].g_beam[13].u_dot|g_mult[9].u_mult
u_pipe|u_bf|g_bin[0].g_beam[14].u_dot|g_mult[9].u_mult
u_pipe|u_bf|g_bin[0].g_beam[15].u_dot|g_mult[9].u_mult
u_pipe|u_bf|g_bin[1].g_beam[0].u_dot|g_mult[9].u_mult
u_pipe|u_bf|g_bin[1].g_beam[1].u_dot|g_mult[9].u_mult
u_pipe|u_bf|g_bin[1].g_beam[2].u_dot|g_mult[9].u_mult
u_pipe|u_bf|g_bin[1].g_beam[3].u_dot|g_mult[9].u_mult
u_pipe|u_bf|g_bin[1].g_beam[4].u_dot|g_mult[9].u_mult
u_pipe|u_bf|g_bin[1].g_beam[5].u_dot|g_mult[9].u_mult
u_pipe|u_bf|g_bin[1].g_beam[6].u_dot|g_mult[9].u_mult
u_pipe|u_bf|g_bin[1].g_beam[7].u_dot|g_mult[9].u_mult
u_pipe|u_bf|g_bin[1].g_beam[8].u_dot|g_mult[9].u_mult
u_pipe|u_bf|g_bin[1].g_beam[9].u_dot|g_mult[9].u_mult
u_pipe|u_bf|g_bin[1].g_beam[10].u_dot|g_mult[9].u_mult
u_pipe|u_bf|g_bin[1].g_beam[11].u_dot|g_mult[9].u_mult
u_pipe|u_bf|g_bin[1].g_beam[12].u_dot|g_mult[9].u_mult
u_pipe|u_bf|g_bin[1].g_beam[13].u_dot|g_mult[9].u_mult
u_pipe|u_bf|g_bin[1].g_beam[14].u_dot|g_mult[9].u_mult
u_pipe|u_bf|g_bin[1].g_beam[15].u_dot|g_mult[9].u_mult



+-------------------------------------------------------------------------------------------+
; Parameter Settings for User Entity integrator Instance: u_pipe|u_covar|g_pair[7].u_int_im ;
+----------------+----------------------------------+---------------------------------------+
; Parameter Name ; Value                            ; Type                                  ;
+----------------+----------------------------------+---------------------------------------+
; ACC_W          ; 00000000000000000000000000101000 ; Unsigned Binary                       ;
; DATA_W         ; 00000000000000000000000000100001 ; Unsigned Binary                       ;
; SAT_COUNT_W    ; 00000000000000000000000000100000 ; Unsigned Binary                       ;
; WINDOW_W       ; 00000000000000000000000000010000 ; Unsigned Binary                       ;
+----------------+----------------------------------+---------------------------------------+
All Instances:
u_pipe|u_covar|g_pair[0].u_int_re
u_pipe|u_covar|g_pair[0].u_int_im
u_pipe|u_covar|g_pair[1].u_int_re
u_pipe|u_covar|g_pair[1].u_int_im
u_pipe|u_covar|g_pair[2].u_int_re
u_pipe|u_covar|g_pair[2].u_int_im
u_pipe|u_covar|g_pair[3].u_int_re
u_pipe|u_covar|g_pair[3].u_int_im
u_pipe|u_covar|g_pair[4].u_int_re
u_pipe|u_covar|g_pair[4].u_int_im
u_pipe|u_covar|g_pair[5].u_int_re
u_pipe|u_covar|g_pair[5].u_int_im
u_pipe|u_covar|g_pair[6].u_int_re
u_pipe|u_covar|g_pair[6].u_int_im
u_pipe|u_covar|g_pair[7].u_int_re
u_pipe|u_covar|g_pair[7].u_int_im



+-----------------------------------------------------------------------------------------------------+
; Parameter Settings for User Entity cfar_window Instance: u_pipe|g_cfar_per_beam[15].u_cfar|u_window ;
+----------------+----------------------------------+-------------------------------------------------+
; Parameter Name ; Value                            ; Type                                            ;
+----------------+----------------------------------+-------------------------------------------------+
; BIN_W          ; 00000000000000000000000000010000 ; Unsigned Binary                                 ;
; MAX_GUARD      ; 00000000000000000000000000000100 ; Unsigned Binary                                 ;
; MAX_REF        ; 00000000000000000000000000100000 ; Unsigned Binary                                 ;
; POWER_W        ; 00000000000000000000000000101000 ; Unsigned Binary                                 ;
; SUM_W          ; 00000000000000000000000000101111 ; Unsigned Binary                                 ;
+----------------+----------------------------------+-------------------------------------------------+
All Instances:
u_pipe|g_cfar_per_beam[0].u_cfar|u_window
u_pipe|g_cfar_per_beam[1].u_cfar|u_window
u_pipe|g_cfar_per_beam[2].u_cfar|u_window
u_pipe|g_cfar_per_beam[3].u_cfar|u_window
u_pipe|g_cfar_per_beam[4].u_cfar|u_window
u_pipe|g_cfar_per_beam[5].u_cfar|u_window
u_pipe|g_cfar_per_beam[6].u_cfar|u_window
u_pipe|g_cfar_per_beam[7].u_cfar|u_window
u_pipe|g_cfar_per_beam[8].u_cfar|u_window
u_pipe|g_cfar_per_beam[9].u_cfar|u_window
u_pipe|g_cfar_per_beam[10].u_cfar|u_window
u_pipe|g_cfar_per_beam[11].u_cfar|u_window
u_pipe|g_cfar_per_beam[12].u_cfar|u_window
u_pipe|g_cfar_per_beam[13].u_cfar|u_window
u_pipe|g_cfar_per_beam[14].u_cfar|u_window
u_pipe|g_cfar_per_beam[15].u_cfar|u_window



+------------------------------------------------------------------------------------------------------------+
; Parameter Settings for User Entity stream_elastic_buffer Instance: u_pipe|g_cfar_per_beam[15].u_cfar|u_out ;
+----------------+----------------------------------+--------------------------------------------------------+
; Parameter Name ; Value                            ; Type                                                   ;
+----------------+----------------------------------+--------------------------------------------------------+
; DATA_W         ; 00000000000000000000000010110000 ; Unsigned Binary                                        ;
; DEPTH          ; 00000000000000000000000000001000 ; Unsigned Binary                                        ;
; PAYLOAD_W      ; 00000000000000000000000011001000 ; Unsigned Binary                                        ;
; SEQ_W          ; 00000000000000000000000000010000 ; Unsigned Binary                                        ;
; STREAM_ID_W    ; 00000000000000000000000000000010 ; Unsigned Binary                                        ;
; USER_W         ; 00000000000000000000000000000100 ; Unsigned Binary                                        ;
+----------------+----------------------------------+--------------------------------------------------------+
All Instances:
u_pipe|g_cfar_per_beam[0].u_cfar|u_out
u_pipe|g_cfar_per_beam[1].u_cfar|u_out
u_pipe|g_cfar_per_beam[2].u_cfar|u_out
u_pipe|g_cfar_per_beam[3].u_cfar|u_out
u_pipe|g_cfar_per_beam[4].u_cfar|u_out
u_pipe|g_cfar_per_beam[5].u_cfar|u_out
u_pipe|g_cfar_per_beam[6].u_cfar|u_out
u_pipe|g_cfar_per_beam[7].u_cfar|u_out
u_pipe|g_cfar_per_beam[8].u_cfar|u_out
u_pipe|g_cfar_per_beam[9].u_cfar|u_out
u_pipe|g_cfar_per_beam[10].u_cfar|u_out
u_pipe|g_cfar_per_beam[11].u_cfar|u_out
u_pipe|g_cfar_per_beam[12].u_cfar|u_out
u_pipe|g_cfar_per_beam[13].u_cfar|u_out
u_pipe|g_cfar_per_beam[14].u_cfar|u_out
u_pipe|g_cfar_per_beam[15].u_cfar|u_out



+---------------------------------------------------------------------------------------------+
; Parameter Settings for User Entity pkt_ingress Instance: u_pipe|u_dma_fabric|g_ing[0].u_ing ;
+----------------+----------------------------------+-----------------------------------------+
; Parameter Name ; Value                            ; Type                                    ;
+----------------+----------------------------------+-----------------------------------------+
; CREDITS        ; 00000000000000000000000000000100 ; Unsigned Binary                         ;
; N_VC           ; 00000000000000000000000000000100 ; Unsigned Binary                         ;
; PACKET_W       ; 00000000000000000000001000000000 ; Unsigned Binary                         ;
; SRC_ID         ; 00000000000000000000000000000000 ; Unsigned Binary                         ;
; STORAGE        ; regs                             ; String                                  ;
; VC_DEPTH       ; 00000000000000000000000000001000 ; Unsigned Binary                         ;
+----------------+----------------------------------+-----------------------------------------+
All Instances:
u_pipe|u_dma_fabric|g_ing[0].u_ing



+---------------------------------------------------------------------------------------------+
; Parameter Settings for User Entity pkt_ingress Instance: u_pipe|u_dma_fabric|g_ing[1].u_ing ;
+----------------+----------------------------------+-----------------------------------------+
; Parameter Name ; Value                            ; Type                                    ;
+----------------+----------------------------------+-----------------------------------------+
; CREDITS        ; 00000000000000000000000000000100 ; Unsigned Binary                         ;
; N_VC           ; 00000000000000000000000000000100 ; Unsigned Binary                         ;
; PACKET_W       ; 00000000000000000000001000000000 ; Unsigned Binary                         ;
; SRC_ID         ; 00000000000000000000000000000001 ; Unsigned Binary                         ;
; STORAGE        ; regs                             ; String                                  ;
; VC_DEPTH       ; 00000000000000000000000000001000 ; Unsigned Binary                         ;
+----------------+----------------------------------+-----------------------------------------+
All Instances:
u_pipe|u_dma_fabric|g_ing[1].u_ing



+-----------------------------------------------------------------------------------------------------------+
; Parameter Settings for User Entity pkt_switch_stage Instance: u_pipe|u_dma_fabric|g_stage[0].g_sw[0].u_sw ;
+----------------+----------------------------------+-------------------------------------------------------+
; Parameter Name ; Value                            ; Type                                                  ;
+----------------+----------------------------------+-------------------------------------------------------+
; CREDITS        ; 00000000000000000000000000000100 ; Unsigned Binary                                       ;
; DEST_DIGIT     ; 00000000000000000000000000000000 ; Unsigned Binary                                       ;
; N_VC           ; 00000000000000000000000000000100 ; Unsigned Binary                                       ;
; OUT_PIPE       ; 00000000000000000000000000000000 ; Unsigned Binary                                       ;
; PACKET_W       ; 00000000000000000000001000000000 ; Unsigned Binary                                       ;
; RADIX          ; 00000000000000000000000000000010 ; Unsigned Binary                                       ;
; STORAGE        ; regs                             ; String                                                ;
; VC_DEPTH       ; 00000000000000000000000000000100 ; Unsigned Binary                                       ;
+----------------+----------------------------------+-------------------------------------------------------+
All Instances:
u_pipe|u_dma_fabric|g_stage[0].g_sw[0].u_sw



+--------------------------------------------------------------------------------------------+
; Parameter Settings for User Entity pkt_egress Instance: u_pipe|u_dma_fabric|g_egr[0].u_egr ;
+----------------+----------------------------------+----------------------------------------+
; Parameter Name ; Value                            ; Type                                   ;
+----------------+----------------------------------+----------------------------------------+
; DEST_ID        ; 00000000000000000000000000000000 ; Unsigned Binary                        ;
; N_VC           ; 00000000000000000000000000000100 ; Unsigned Binary                        ;
; PACKET_W       ; 00000000000000000000001000000000 ; Unsigned Binary                        ;
; STORAGE        ; regs                             ; String                                 ;
; VC_DEPTH       ; 00000000000000000000000000001000 ; Unsigned Binary                        ;
+----------------+----------------------------------+----------------------------------------+
All Instances:
u_pipe|u_dma_fabric|g_egr[0].u_egr



+--------------------------------------------------------------------------------------------+
; Parameter Settings for User Entity pkt_egress Instance: u_pipe|u_dma_fabric|g_egr[1].u_egr ;
+----------------+----------------------------------+----------------------------------------+
; Parameter Name ; Value                            ; Type                                   ;
+----------------+----------------------------------+----------------------------------------+
; DEST_ID        ; 00000000000000000000000000000001 ; Unsigned Binary                        ;
; N_VC           ; 00000000000000000000000000000100 ; Unsigned Binary                        ;
; PACKET_W       ; 00000000000000000000001000000000 ; Unsigned Binary                        ;
; STORAGE        ; regs                             ; String                                 ;
; VC_DEPTH       ; 00000000000000000000000000001000 ; Unsigned Binary                        ;
+----------------+----------------------------------+----------------------------------------+
All Instances:
u_pipe|u_dma_fabric|g_egr[1].u_egr



+----------------------------------------------------------------------------------------------------+
; Parameter Settings for User Entity cdc_handshake Instance: u_pipe|g_pfb[15].u_pfb|u_coeff|u_wr_cdc ;
+--------------------+----------------------------------+--------------------------------------------+
; Parameter Name     ; Value                            ; Type                                       ;
+--------------------+----------------------------------+--------------------------------------------+
; ACK_TIMEOUT_CYCLES ; 00000000000000000001000000000000 ; Unsigned Binary                            ;
; SYNC_STAGES        ; 00000000000000000000000000000010 ; Unsigned Binary                            ;
; WIDTH              ; 00000000000000000000000000100110 ; Unsigned Binary                            ;
+--------------------+----------------------------------+--------------------------------------------+
All Instances:
u_pipe|g_pfb[0].u_pfb|u_coeff|u_wr_cdc
u_pipe|g_pfb[1].u_pfb|u_coeff|u_wr_cdc
u_pipe|g_pfb[2].u_pfb|u_coeff|u_wr_cdc
u_pipe|g_pfb[3].u_pfb|u_coeff|u_wr_cdc
u_pipe|g_pfb[4].u_pfb|u_coeff|u_wr_cdc
u_pipe|g_pfb[5].u_pfb|u_coeff|u_wr_cdc
u_pipe|g_pfb[6].u_pfb|u_coeff|u_wr_cdc
u_pipe|g_pfb[7].u_pfb|u_coeff|u_wr_cdc
u_pipe|g_pfb[8].u_pfb|u_coeff|u_wr_cdc
u_pipe|g_pfb[9].u_pfb|u_coeff|u_wr_cdc
u_pipe|g_pfb[10].u_pfb|u_coeff|u_wr_cdc
u_pipe|g_pfb[11].u_pfb|u_coeff|u_wr_cdc
u_pipe|g_pfb[12].u_pfb|u_coeff|u_wr_cdc
u_pipe|g_pfb[13].u_pfb|u_coeff|u_wr_cdc
u_pipe|g_pfb[14].u_pfb|u_coeff|u_wr_cdc
u_pipe|g_pfb[15].u_pfb|u_coeff|u_wr_cdc



+----------------------------------------------------------------------------------------------------------+
; Parameter Settings for User Entity cdc_sync2 Instance: u_pipe|u_bf|u_weights|u_store|u_wr_cdc|u_sync_ack ;
+----------------+----------------------------------+------------------------------------------------------+
; Parameter Name ; Value                            ; Type                                                 ;
+----------------+----------------------------------+------------------------------------------------------+
; GRAY_CODED     ; 0                                ; Unsigned Bit Literal                                 ;
; RST_VALUE      ; 0                                ; Unsigned Bit Literal                                 ;
; STAGES         ; 00000000000000000000000000000010 ; Unsigned Binary                                      ;
; WIDTH          ; 00000000000000000000000000000001 ; Unsigned Binary                                      ;
+----------------+----------------------------------+------------------------------------------------------+
All Instances:
u_pipe|g_pfb[0].u_pfb|u_coeff|u_sync_active
u_pipe|g_pfb[1].u_pfb|u_coeff|u_sync_active
u_pipe|g_pfb[2].u_pfb|u_coeff|u_sync_active
u_pipe|g_pfb[3].u_pfb|u_coeff|u_sync_active
u_pipe|g_pfb[4].u_pfb|u_coeff|u_sync_active
u_pipe|g_pfb[5].u_pfb|u_coeff|u_sync_active
u_pipe|g_pfb[6].u_pfb|u_coeff|u_sync_active
u_pipe|g_pfb[7].u_pfb|u_coeff|u_sync_active
u_pipe|g_pfb[8].u_pfb|u_coeff|u_sync_active
u_pipe|g_pfb[9].u_pfb|u_coeff|u_sync_active
u_pipe|g_pfb[10].u_pfb|u_coeff|u_sync_active
u_pipe|g_pfb[11].u_pfb|u_coeff|u_sync_active
u_pipe|g_pfb[12].u_pfb|u_coeff|u_sync_active
u_pipe|g_pfb[13].u_pfb|u_coeff|u_sync_active
u_pipe|g_pfb[14].u_pfb|u_coeff|u_sync_active
u_pipe|g_pfb[15].u_pfb|u_coeff|u_sync_active
u_pipe|g_pfb[0].u_pfb|u_coeff|u_sync_pending
u_pipe|g_pfb[1].u_pfb|u_coeff|u_sync_pending
u_pipe|g_pfb[2].u_pfb|u_coeff|u_sync_pending
u_pipe|g_pfb[3].u_pfb|u_coeff|u_sync_pending
u_pipe|g_pfb[4].u_pfb|u_coeff|u_sync_pending
u_pipe|g_pfb[5].u_pfb|u_coeff|u_sync_pending
u_pipe|g_pfb[6].u_pfb|u_coeff|u_sync_pending
u_pipe|g_pfb[7].u_pfb|u_coeff|u_sync_pending
u_pipe|g_pfb[8].u_pfb|u_coeff|u_sync_pending
u_pipe|g_pfb[9].u_pfb|u_coeff|u_sync_pending
u_pipe|g_pfb[10].u_pfb|u_coeff|u_sync_pending
u_pipe|g_pfb[11].u_pfb|u_coeff|u_sync_pending
u_pipe|g_pfb[12].u_pfb|u_coeff|u_sync_pending
u_pipe|g_pfb[13].u_pfb|u_coeff|u_sync_pending
u_pipe|g_pfb[14].u_pfb|u_coeff|u_sync_pending
u_pipe|g_pfb[15].u_pfb|u_coeff|u_sync_pending
u_pipe|g_pfb[0].u_pfb|u_coeff|u_sync_reject
u_pipe|g_pfb[1].u_pfb|u_coeff|u_sync_reject
u_pipe|g_pfb[2].u_pfb|u_coeff|u_sync_reject
u_pipe|g_pfb[3].u_pfb|u_coeff|u_sync_reject
u_pipe|g_pfb[4].u_pfb|u_coeff|u_sync_reject
u_pipe|g_pfb[5].u_pfb|u_coeff|u_sync_reject
u_pipe|g_pfb[6].u_pfb|u_coeff|u_sync_reject
u_pipe|g_pfb[7].u_pfb|u_coeff|u_sync_reject
u_pipe|g_pfb[8].u_pfb|u_coeff|u_sync_reject
u_pipe|g_pfb[9].u_pfb|u_coeff|u_sync_reject
u_pipe|g_pfb[10].u_pfb|u_coeff|u_sync_reject
u_pipe|g_pfb[11].u_pfb|u_coeff|u_sync_reject
u_pipe|g_pfb[12].u_pfb|u_coeff|u_sync_reject
u_pipe|g_pfb[13].u_pfb|u_coeff|u_sync_reject
u_pipe|g_pfb[14].u_pfb|u_coeff|u_sync_reject
u_pipe|g_pfb[15].u_pfb|u_coeff|u_sync_reject
u_pipe|g_hist_rep[0].u_history|u_pub|u_sync_req
u_pipe|g_hist_rep[1].u_history|u_pub|u_sync_req
u_pipe|g_hist_rep[0].u_history|u_pub|u_sync_ack
u_pipe|g_hist_rep[1].u_history|u_pub|u_sync_ack
u_pipe|g_hist_rep[0].u_history|u_tele|u_sync_req
u_pipe|g_hist_rep[1].u_history|u_tele|u_sync_req
u_pipe|g_hist_rep[0].u_history|u_tele|u_sync_ack
u_pipe|g_hist_rep[1].u_history|u_tele|u_sync_ack
u_pipe|g_pfb[0].u_pfb|u_coeff|u_wr_cdc|u_sync_req
u_pipe|g_pfb[1].u_pfb|u_coeff|u_wr_cdc|u_sync_req
u_pipe|g_pfb[2].u_pfb|u_coeff|u_wr_cdc|u_sync_req
u_pipe|g_pfb[3].u_pfb|u_coeff|u_wr_cdc|u_sync_req
u_pipe|g_pfb[4].u_pfb|u_coeff|u_wr_cdc|u_sync_req
u_pipe|g_pfb[5].u_pfb|u_coeff|u_wr_cdc|u_sync_req
u_pipe|g_pfb[6].u_pfb|u_coeff|u_wr_cdc|u_sync_req
u_pipe|g_pfb[7].u_pfb|u_coeff|u_wr_cdc|u_sync_req
u_pipe|g_pfb[8].u_pfb|u_coeff|u_wr_cdc|u_sync_req
u_pipe|g_pfb[9].u_pfb|u_coeff|u_wr_cdc|u_sync_req
u_pipe|g_pfb[10].u_pfb|u_coeff|u_wr_cdc|u_sync_req
u_pipe|g_pfb[11].u_pfb|u_coeff|u_wr_cdc|u_sync_req
u_pipe|g_pfb[12].u_pfb|u_coeff|u_wr_cdc|u_sync_req
u_pipe|g_pfb[13].u_pfb|u_coeff|u_wr_cdc|u_sync_req
u_pipe|g_pfb[14].u_pfb|u_coeff|u_wr_cdc|u_sync_req
u_pipe|g_pfb[15].u_pfb|u_coeff|u_wr_cdc|u_sync_req
u_pipe|g_pfb[0].u_pfb|u_coeff|u_wr_cdc|u_sync_ack
u_pipe|g_pfb[1].u_pfb|u_coeff|u_wr_cdc|u_sync_ack
u_pipe|g_pfb[2].u_pfb|u_coeff|u_wr_cdc|u_sync_ack
u_pipe|g_pfb[3].u_pfb|u_coeff|u_wr_cdc|u_sync_ack
u_pipe|g_pfb[4].u_pfb|u_coeff|u_wr_cdc|u_sync_ack
u_pipe|g_pfb[5].u_pfb|u_coeff|u_wr_cdc|u_sync_ack
u_pipe|g_pfb[6].u_pfb|u_coeff|u_wr_cdc|u_sync_ack
u_pipe|g_pfb[7].u_pfb|u_coeff|u_wr_cdc|u_sync_ack
u_pipe|g_pfb[8].u_pfb|u_coeff|u_wr_cdc|u_sync_ack
u_pipe|g_pfb[9].u_pfb|u_coeff|u_wr_cdc|u_sync_ack
u_pipe|g_pfb[10].u_pfb|u_coeff|u_wr_cdc|u_sync_ack
u_pipe|g_pfb[11].u_pfb|u_coeff|u_wr_cdc|u_sync_ack
u_pipe|g_pfb[12].u_pfb|u_coeff|u_wr_cdc|u_sync_ack
u_pipe|g_pfb[13].u_pfb|u_coeff|u_wr_cdc|u_sync_ack
u_pipe|g_pfb[14].u_pfb|u_coeff|u_wr_cdc|u_sync_ack
u_pipe|g_pfb[15].u_pfb|u_coeff|u_wr_cdc|u_sync_ack
u_pipe|u_bf|u_weights|u_store|u_sync_active
u_pipe|u_bf|u_weights|u_store|u_sync_pending
u_pipe|u_bf|u_weights|u_store|u_sync_reject
u_pipe|g_hist_rep[0].u_history|u_clear|u_sync_fwd
u_pipe|g_hist_rep[1].u_history|u_clear|u_sync_fwd
u_pipe|g_pfb[0].u_pfb|u_coeff|u_swap_cdc|u_sync_fwd
u_pipe|g_pfb[1].u_pfb|u_coeff|u_swap_cdc|u_sync_fwd
u_pipe|g_pfb[2].u_pfb|u_coeff|u_swap_cdc|u_sync_fwd
u_pipe|g_pfb[3].u_pfb|u_coeff|u_swap_cdc|u_sync_fwd
u_pipe|g_pfb[4].u_pfb|u_coeff|u_swap_cdc|u_sync_fwd
u_pipe|g_pfb[5].u_pfb|u_coeff|u_swap_cdc|u_sync_fwd
u_pipe|g_pfb[6].u_pfb|u_coeff|u_swap_cdc|u_sync_fwd
u_pipe|g_pfb[7].u_pfb|u_coeff|u_swap_cdc|u_sync_fwd
u_pipe|g_pfb[8].u_pfb|u_coeff|u_swap_cdc|u_sync_fwd
u_pipe|g_pfb[9].u_pfb|u_coeff|u_swap_cdc|u_sync_fwd
u_pipe|g_pfb[10].u_pfb|u_coeff|u_swap_cdc|u_sync_fwd
u_pipe|g_pfb[11].u_pfb|u_coeff|u_swap_cdc|u_sync_fwd
u_pipe|g_pfb[12].u_pfb|u_coeff|u_swap_cdc|u_sync_fwd
u_pipe|g_pfb[13].u_pfb|u_coeff|u_swap_cdc|u_sync_fwd
u_pipe|g_pfb[14].u_pfb|u_coeff|u_swap_cdc|u_sync_fwd
u_pipe|g_pfb[15].u_pfb|u_coeff|u_swap_cdc|u_sync_fwd
u_pipe|u_bf|u_weights|u_store|u_swap_cdc|u_sync_fwd
u_pipe|g_hist_rep[0].u_history|u_clear|u_sync_echo
u_pipe|g_hist_rep[1].u_history|u_clear|u_sync_echo
u_pipe|g_pfb[0].u_pfb|u_coeff|u_swap_cdc|u_sync_echo
u_pipe|g_pfb[1].u_pfb|u_coeff|u_swap_cdc|u_sync_echo
u_pipe|g_pfb[2].u_pfb|u_coeff|u_swap_cdc|u_sync_echo
u_pipe|g_pfb[3].u_pfb|u_coeff|u_swap_cdc|u_sync_echo
u_pipe|g_pfb[4].u_pfb|u_coeff|u_swap_cdc|u_sync_echo
u_pipe|g_pfb[5].u_pfb|u_coeff|u_swap_cdc|u_sync_echo
u_pipe|g_pfb[6].u_pfb|u_coeff|u_swap_cdc|u_sync_echo
u_pipe|g_pfb[7].u_pfb|u_coeff|u_swap_cdc|u_sync_echo
u_pipe|g_pfb[8].u_pfb|u_coeff|u_swap_cdc|u_sync_echo
u_pipe|g_pfb[9].u_pfb|u_coeff|u_swap_cdc|u_sync_echo
u_pipe|g_pfb[10].u_pfb|u_coeff|u_swap_cdc|u_sync_echo
u_pipe|g_pfb[11].u_pfb|u_coeff|u_swap_cdc|u_sync_echo
u_pipe|g_pfb[12].u_pfb|u_coeff|u_swap_cdc|u_sync_echo
u_pipe|g_pfb[13].u_pfb|u_coeff|u_swap_cdc|u_sync_echo
u_pipe|g_pfb[14].u_pfb|u_coeff|u_swap_cdc|u_sync_echo
u_pipe|g_pfb[15].u_pfb|u_coeff|u_swap_cdc|u_sync_echo
u_pipe|u_bf|u_weights|u_store|u_swap_cdc|u_sync_echo
u_pipe|u_bf|u_weights|u_store|u_wr_cdc|u_sync_req
u_pipe|u_bf|u_weights|u_store|u_wr_cdc|u_sync_ack



+----------------------------------------------------------------------------------------------------------------+
; Parameter Settings for User Entity delay_line Instance: u_pipe|g_pfb[15].u_pfb|g_lane[0].u_lane|g_delay.u_hist ;
+----------------+----------------------------------+------------------------------------------------------------+
; Parameter Name ; Value                            ; Type                                                       ;
+----------------+----------------------------------+------------------------------------------------------------+
; N_TAPS         ; 00000000000000000000000000001111 ; Unsigned Binary                                            ;
; STYLE          ; AUTO                             ; String                                                     ;
; TAP_STRIDE     ; 00000000000000000000000000000001 ; Unsigned Binary                                            ;
; WIDTH          ; 00000000000000000000000000100000 ; Unsigned Binary                                            ;
+----------------+----------------------------------+------------------------------------------------------------+
All Instances:
u_pipe|g_pfb[0].u_pfb|g_lane[1].u_lane|g_delay.u_hist
u_pipe|g_pfb[1].u_pfb|g_lane[1].u_lane|g_delay.u_hist
u_pipe|g_pfb[2].u_pfb|g_lane[1].u_lane|g_delay.u_hist
u_pipe|g_pfb[3].u_pfb|g_lane[1].u_lane|g_delay.u_hist
u_pipe|g_pfb[4].u_pfb|g_lane[1].u_lane|g_delay.u_hist
u_pipe|g_pfb[5].u_pfb|g_lane[1].u_lane|g_delay.u_hist
u_pipe|g_pfb[6].u_pfb|g_lane[1].u_lane|g_delay.u_hist
u_pipe|g_pfb[7].u_pfb|g_lane[1].u_lane|g_delay.u_hist
u_pipe|g_pfb[8].u_pfb|g_lane[1].u_lane|g_delay.u_hist
u_pipe|g_pfb[9].u_pfb|g_lane[1].u_lane|g_delay.u_hist
u_pipe|g_pfb[10].u_pfb|g_lane[1].u_lane|g_delay.u_hist
u_pipe|g_pfb[11].u_pfb|g_lane[1].u_lane|g_delay.u_hist
u_pipe|g_pfb[12].u_pfb|g_lane[1].u_lane|g_delay.u_hist
u_pipe|g_pfb[13].u_pfb|g_lane[1].u_lane|g_delay.u_hist
u_pipe|g_pfb[14].u_pfb|g_lane[1].u_lane|g_delay.u_hist
u_pipe|g_pfb[15].u_pfb|g_lane[1].u_lane|g_delay.u_hist
u_pipe|g_pfb[0].u_pfb|g_lane[0].u_lane|g_delay.u_hist
u_pipe|g_pfb[1].u_pfb|g_lane[0].u_lane|g_delay.u_hist
u_pipe|g_pfb[2].u_pfb|g_lane[0].u_lane|g_delay.u_hist
u_pipe|g_pfb[3].u_pfb|g_lane[0].u_lane|g_delay.u_hist
u_pipe|g_pfb[4].u_pfb|g_lane[0].u_lane|g_delay.u_hist
u_pipe|g_pfb[5].u_pfb|g_lane[0].u_lane|g_delay.u_hist
u_pipe|g_pfb[6].u_pfb|g_lane[0].u_lane|g_delay.u_hist
u_pipe|g_pfb[7].u_pfb|g_lane[0].u_lane|g_delay.u_hist
u_pipe|g_pfb[8].u_pfb|g_lane[0].u_lane|g_delay.u_hist
u_pipe|g_pfb[9].u_pfb|g_lane[0].u_lane|g_delay.u_hist
u_pipe|g_pfb[10].u_pfb|g_lane[0].u_lane|g_delay.u_hist
u_pipe|g_pfb[11].u_pfb|g_lane[0].u_lane|g_delay.u_hist
u_pipe|g_pfb[12].u_pfb|g_lane[0].u_lane|g_delay.u_hist
u_pipe|g_pfb[13].u_pfb|g_lane[0].u_lane|g_delay.u_hist
u_pipe|g_pfb[14].u_pfb|g_lane[0].u_lane|g_delay.u_hist
u_pipe|g_pfb[15].u_pfb|g_lane[0].u_lane|g_delay.u_hist



+----------------------------------------------------------------------------------------------------------+
; Parameter Settings for User Entity fft_sdf_path Instance: u_pipe|g_fft[15].u_fft|u_core|g_lane[0].u_path ;
+----------------+----------------------------------+------------------------------------------------------+
; Parameter Name ; Value                            ; Type                                                 ;
+----------------+----------------------------------+------------------------------------------------------+
; MEM_STYLE      ; DEFAULT                          ; String                                               ;
; N_LANE         ; 00000000000000000000000000001001 ; Unsigned Binary                                      ;
; SCALE_SCHED    ; 11111111111111111111111111111111 ; Unsigned Binary                                      ;
; TW_PIPE        ; 00000000000000000000000000000100 ; Unsigned Binary                                      ;
; TW_ROM_OUT_REG ; 00000000000000000000000000000001 ; Unsigned Binary                                      ;
; TW_STYLE       ; AUTO                             ; String                                               ;
; TW_VARIANT     ; MULT4                            ; String                                               ;
+----------------+----------------------------------+------------------------------------------------------+
All Instances:
u_pipe|g_fft[0].u_fft|u_core|g_lane[1].u_path
u_pipe|g_fft[1].u_fft|u_core|g_lane[1].u_path
u_pipe|g_fft[2].u_fft|u_core|g_lane[1].u_path
u_pipe|g_fft[3].u_fft|u_core|g_lane[1].u_path
u_pipe|g_fft[4].u_fft|u_core|g_lane[1].u_path
u_pipe|g_fft[5].u_fft|u_core|g_lane[1].u_path
u_pipe|g_fft[6].u_fft|u_core|g_lane[1].u_path
u_pipe|g_fft[7].u_fft|u_core|g_lane[1].u_path
u_pipe|g_fft[8].u_fft|u_core|g_lane[1].u_path
u_pipe|g_fft[9].u_fft|u_core|g_lane[1].u_path
u_pipe|g_fft[10].u_fft|u_core|g_lane[1].u_path
u_pipe|g_fft[11].u_fft|u_core|g_lane[1].u_path
u_pipe|g_fft[12].u_fft|u_core|g_lane[1].u_path
u_pipe|g_fft[13].u_fft|u_core|g_lane[1].u_path
u_pipe|g_fft[14].u_fft|u_core|g_lane[1].u_path
u_pipe|g_fft[15].u_fft|u_core|g_lane[1].u_path
u_pipe|g_fft[0].u_fft|u_core|g_lane[0].u_path
u_pipe|g_fft[1].u_fft|u_core|g_lane[0].u_path
u_pipe|g_fft[2].u_fft|u_core|g_lane[0].u_path
u_pipe|g_fft[3].u_fft|u_core|g_lane[0].u_path
u_pipe|g_fft[4].u_fft|u_core|g_lane[0].u_path
u_pipe|g_fft[5].u_fft|u_core|g_lane[0].u_path
u_pipe|g_fft[6].u_fft|u_core|g_lane[0].u_path
u_pipe|g_fft[7].u_fft|u_core|g_lane[0].u_path
u_pipe|g_fft[8].u_fft|u_core|g_lane[0].u_path
u_pipe|g_fft[9].u_fft|u_core|g_lane[0].u_path
u_pipe|g_fft[10].u_fft|u_core|g_lane[0].u_path
u_pipe|g_fft[11].u_fft|u_core|g_lane[0].u_path
u_pipe|g_fft[12].u_fft|u_core|g_lane[0].u_path
u_pipe|g_fft[13].u_fft|u_core|g_lane[0].u_path
u_pipe|g_fft[14].u_fft|u_core|g_lane[0].u_path
u_pipe|g_fft[15].u_fft|u_core|g_lane[0].u_path



+----------------------------------------------------------------------------------------------------------+
; Parameter Settings for User Entity fft_dit_merge Instance: u_pipe|g_fft[15].u_fft|u_core|g_merge.u_merge ;
+----------------+----------------------------------+------------------------------------------------------+
; Parameter Name ; Value                            ; Type                                                 ;
+----------------+----------------------------------+------------------------------------------------------+
; LEVEL          ; 00000000000000000000000000000000 ; Unsigned Binary                                      ;
; N_LANE         ; 00000000000000000000000000001001 ; Unsigned Binary                                      ;
; SHIFT          ; 00000000000000000000000000000001 ; Unsigned Binary                                      ;
; TW_PIPE        ; 00000000000000000000000000000100 ; Unsigned Binary                                      ;
; TW_ROM_OUT_REG ; 00000000000000000000000000000001 ; Unsigned Binary                                      ;
; TW_STYLE       ; AUTO                             ; String                                               ;
; TW_VARIANT     ; MULT4                            ; String                                               ;
+----------------+----------------------------------+------------------------------------------------------+
All Instances:
u_pipe|g_fft[0].u_fft|u_core|g_merge.u_merge
u_pipe|g_fft[1].u_fft|u_core|g_merge.u_merge
u_pipe|g_fft[2].u_fft|u_core|g_merge.u_merge
u_pipe|g_fft[3].u_fft|u_core|g_merge.u_merge
u_pipe|g_fft[4].u_fft|u_core|g_merge.u_merge
u_pipe|g_fft[5].u_fft|u_core|g_merge.u_merge
u_pipe|g_fft[6].u_fft|u_core|g_merge.u_merge
u_pipe|g_fft[7].u_fft|u_core|g_merge.u_merge
u_pipe|g_fft[8].u_fft|u_core|g_merge.u_merge
u_pipe|g_fft[9].u_fft|u_core|g_merge.u_merge
u_pipe|g_fft[10].u_fft|u_core|g_merge.u_merge
u_pipe|g_fft[11].u_fft|u_core|g_merge.u_merge
u_pipe|g_fft[12].u_fft|u_core|g_merge.u_merge
u_pipe|g_fft[13].u_fft|u_core|g_merge.u_merge
u_pipe|g_fft[14].u_fft|u_core|g_merge.u_merge
u_pipe|g_fft[15].u_fft|u_core|g_merge.u_merge



+----------------------------------------------------------------------------------------------+
; Parameter Settings for User Entity align_xbar Instance: u_pipe|u_align|u_switch|g_xbar.u_net ;
+----------------+----------------------------------+------------------------------------------+
; Parameter Name ; Value                            ; Type                                     ;
+----------------+----------------------------------+------------------------------------------+
; DATA_W         ; 00000000000000000000001000110101 ; Unsigned Binary                          ;
; DST_W          ; 00000000000000000000000000000001 ; Unsigned Binary                          ;
; MUX_STAGES     ; 00000000000000000000000000000010 ; Unsigned Binary                          ;
; N              ; 00000000000000000000000000000010 ; Unsigned Binary                          ;
+----------------+----------------------------------+------------------------------------------+
All Instances:
u_pipe|u_align|u_switch|g_xbar.u_net



+---------------------------------------------------------------------------------------------------+
; Parameter Settings for User Entity stream_elastic_buffer Instance: u_pipe|u_align|u_collect|u_out ;
+----------------+----------------------------------+-----------------------------------------------+
; Parameter Name ; Value                            ; Type                                          ;
+----------------+----------------------------------+-----------------------------------------------+
; DATA_W         ; 00000000000000000000010000000000 ; Unsigned Binary                               ;
; DEPTH          ; 00000000000000000000000000000100 ; Unsigned Binary                               ;
; PAYLOAD_W      ; 00000000000000000000010000011000 ; Unsigned Binary                               ;
; SEQ_W          ; 00000000000000000000000000010000 ; Unsigned Binary                               ;
; STREAM_ID_W    ; 00000000000000000000000000000010 ; Unsigned Binary                               ;
; USER_W         ; 00000000000000000000000000000100 ; Unsigned Binary                               ;
+----------------+----------------------------------+-----------------------------------------------+
All Instances:
u_pipe|u_align|u_collect|u_out



+------------------------------------------------------------------------------------------------+
; Parameter Settings for User Entity cdc_sync2 Instance: u_pipe|u_align_cdc|u_fifo|u_sync_wr_rst ;
+----------------+----------------------------------+--------------------------------------------+
; Parameter Name ; Value                            ; Type                                       ;
+----------------+----------------------------------+--------------------------------------------+
; GRAY_CODED     ; 0                                ; Unsigned Bit Literal                       ;
; RST_VALUE      ; 1                                ; Unsigned Bit Literal                       ;
; STAGES         ; 00000000000000000000000000000010 ; Unsigned Binary                            ;
; WIDTH          ; 00000000000000000000000000000001 ; Unsigned Binary                            ;
+----------------+----------------------------------+--------------------------------------------+
All Instances:
u_pipe|u_align_cdc|u_fifo|u_sync_rd_rst
u_pipe|u_align_cdc|u_fifo|u_sync_wr_rst



+------------------------------------------------------------------------------------------------+
; Parameter Settings for User Entity cdc_sync2 Instance: u_pipe|u_align_cdc|u_fifo|u_sync_wr_ptr ;
+----------------+----------------------------------+--------------------------------------------+
; Parameter Name ; Value                            ; Type                                       ;
+----------------+----------------------------------+--------------------------------------------+
; GRAY_CODED     ; 1                                ; Unsigned Bit Literal                       ;
; RST_VALUE      ; 0000                             ; Unsigned Binary                            ;
; STAGES         ; 00000000000000000000000000000010 ; Unsigned Binary                            ;
; WIDTH          ; 00000000000000000000000000000100 ; Unsigned Binary                            ;
+----------------+----------------------------------+--------------------------------------------+
All Instances:
u_pipe|u_align_cdc|u_fifo|u_sync_rd_ptr
u_pipe|u_align_cdc|u_fifo|u_sync_wr_ptr



+---------------------------------------------------------------------------------------+
; Parameter Settings for User Entity coeff_bank Instance: u_pipe|u_bf|u_weights|u_store ;
+-------------------+----------------------------------+--------------------------------+
; Parameter Name    ; Value                            ; Type                           ;
+-------------------+----------------------------------+--------------------------------+
; ALLOW_UNSAFE_SWAP ; 0                                ; Unsigned Bit Literal           ;
; PHASES            ; 00000000000000000000000000010000 ; Unsigned Binary                ;
; SYNC_STAGES       ; 00000000000000000000000000000010 ; Unsigned Binary                ;
; TAPS              ; 00000000000000000000000000010000 ; Unsigned Binary                ;
+-------------------+----------------------------------+--------------------------------+
All Instances:
u_pipe|u_bf|u_weights|u_store



+----------------------------------------------------------------------------------------------------------+
; Parameter Settings for User Entity sync_fifo Instance: u_pipe|u_dma_fabric|g_egr[1].u_egr|g_vc[3].u_fifo ;
+------------------------+----------------------------------+----------------------------------------------+
; Parameter Name         ; Value                            ; Type                                         ;
+------------------------+----------------------------------+----------------------------------------------+
; ALMOST_EMPTY_THRESHOLD ; 00000000000000000000000000000001 ; Unsigned Binary                              ;
; ALMOST_FULL_THRESHOLD  ; 00000000000000000000000000000111 ; Unsigned Binary                              ;
; DEPTH                  ; 00000000000000000000000000001000 ; Unsigned Binary                              ;
; SHOW_AHEAD             ; 0                                ; Unsigned Bit Literal                         ;
; STORAGE                ; regs                             ; String                                       ;
; WIDTH                  ; 00000000000000000000001000000101 ; Unsigned Binary                              ;
+------------------------+----------------------------------+----------------------------------------------+
All Instances:
u_pipe|u_dma_fabric|g_ing[0].u_ing|g_vc[0].u_fifo
u_pipe|u_dma_fabric|g_ing[0].u_ing|g_vc[1].u_fifo
u_pipe|u_dma_fabric|g_ing[0].u_ing|g_vc[2].u_fifo
u_pipe|u_dma_fabric|g_ing[0].u_ing|g_vc[3].u_fifo
u_pipe|u_dma_fabric|g_ing[1].u_ing|g_vc[0].u_fifo
u_pipe|u_dma_fabric|g_ing[1].u_ing|g_vc[1].u_fifo
u_pipe|u_dma_fabric|g_ing[1].u_ing|g_vc[2].u_fifo
u_pipe|u_dma_fabric|g_ing[1].u_ing|g_vc[3].u_fifo
u_pipe|u_dma_fabric|g_egr[0].u_egr|g_vc[0].u_fifo
u_pipe|u_dma_fabric|g_egr[0].u_egr|g_vc[1].u_fifo
u_pipe|u_dma_fabric|g_egr[0].u_egr|g_vc[2].u_fifo
u_pipe|u_dma_fabric|g_egr[0].u_egr|g_vc[3].u_fifo
u_pipe|u_dma_fabric|g_egr[1].u_egr|g_vc[0].u_fifo
u_pipe|u_dma_fabric|g_egr[1].u_egr|g_vc[1].u_fifo
u_pipe|u_dma_fabric|g_egr[1].u_egr|g_vc[2].u_fifo
u_pipe|u_dma_fabric|g_egr[1].u_egr|g_vc[3].u_fifo



+------------------------------------------------------------------------------------------------------+
; Parameter Settings for User Entity pkt_rr_arb Instance: u_pipe|u_dma_fabric|g_egr[1].u_egr|u_out_arb ;
+----------------+----------------------------------+--------------------------------------------------+
; Parameter Name ; Value                            ; Type                                             ;
+----------------+----------------------------------+--------------------------------------------------+
; N              ; 00000000000000000000000000000100 ; Unsigned Binary                                  ;
+----------------+----------------------------------+--------------------------------------------------+
All Instances:
u_pipe|u_dma_fabric|g_ing[0].u_ing|u_link_arb
u_pipe|u_dma_fabric|g_ing[1].u_ing|u_link_arb
u_pipe|u_dma_fabric|g_stage[0].g_sw[0].u_sw|g_sa[0].u_sa
u_pipe|u_dma_fabric|g_stage[0].g_sw[0].u_sw|g_sa[1].u_sa
u_pipe|u_dma_fabric|g_egr[0].u_egr|u_out_arb
u_pipe|u_dma_fabric|g_egr[1].u_egr|u_out_arb



+-----------------------------------------------------------------------------------------------------------------------------+
; Parameter Settings for User Entity sync_fifo Instance: u_pipe|u_dma_fabric|g_stage[0].g_sw[0].u_sw|g_port[1].g_vc[3].u_fifo ;
+------------------------+----------------------------------+-----------------------------------------------------------------+
; Parameter Name         ; Value                            ; Type                                                            ;
+------------------------+----------------------------------+-----------------------------------------------------------------+
; ALMOST_EMPTY_THRESHOLD ; 00000000000000000000000000000001 ; Unsigned Binary                                                 ;
; ALMOST_FULL_THRESHOLD  ; 00000000000000000000000000000011 ; Unsigned Binary                                                 ;
; DEPTH                  ; 00000000000000000000000000000100 ; Unsigned Binary                                                 ;
; SHOW_AHEAD             ; 0                                ; Unsigned Bit Literal                                            ;
; STORAGE                ; regs                             ; String                                                          ;
; WIDTH                  ; 00000000000000000000001000000101 ; Unsigned Binary                                                 ;
+------------------------+----------------------------------+-----------------------------------------------------------------+
All Instances:
u_pipe|u_dma_fabric|g_stage[0].g_sw[0].u_sw|g_port[0].g_vc[0].u_fifo
u_pipe|u_dma_fabric|g_stage[0].g_sw[0].u_sw|g_port[0].g_vc[1].u_fifo
u_pipe|u_dma_fabric|g_stage[0].g_sw[0].u_sw|g_port[0].g_vc[2].u_fifo
u_pipe|u_dma_fabric|g_stage[0].g_sw[0].u_sw|g_port[0].g_vc[3].u_fifo
u_pipe|u_dma_fabric|g_stage[0].g_sw[0].u_sw|g_port[1].g_vc[0].u_fifo
u_pipe|u_dma_fabric|g_stage[0].g_sw[0].u_sw|g_port[1].g_vc[1].u_fifo
u_pipe|u_dma_fabric|g_stage[0].g_sw[0].u_sw|g_port[1].g_vc[2].u_fifo
u_pipe|u_dma_fabric|g_stage[0].g_sw[0].u_sw|g_port[1].g_vc[3].u_fifo



+---------------------------------------------------------------------------------------------------------------------------------+
; Parameter Settings for User Entity pkt_rr_arb Instance: u_pipe|u_dma_fabric|g_stage[0].g_sw[0].u_sw|g_va_out[1].g_va_vc[3].u_va ;
+----------------+----------------------------------+-----------------------------------------------------------------------------+
; Parameter Name ; Value                            ; Type                                                                        ;
+----------------+----------------------------------+-----------------------------------------------------------------------------+
; N              ; 00000000000000000000000000000010 ; Unsigned Binary                                                             ;
+----------------+----------------------------------+-----------------------------------------------------------------------------+
All Instances:
u_pipe|u_dma_fabric|g_stage[0].g_sw[0].u_sw|g_va_out[0].g_va_vc[0].u_va
u_pipe|u_dma_fabric|g_stage[0].g_sw[0].u_sw|g_va_out[0].g_va_vc[1].u_va
u_pipe|u_dma_fabric|g_stage[0].g_sw[0].u_sw|g_va_out[0].g_va_vc[2].u_va
u_pipe|u_dma_fabric|g_stage[0].g_sw[0].u_sw|g_va_out[0].g_va_vc[3].u_va
u_pipe|u_dma_fabric|g_stage[0].g_sw[0].u_sw|g_va_out[1].g_va_vc[0].u_va
u_pipe|u_dma_fabric|g_stage[0].g_sw[0].u_sw|g_va_out[1].g_va_vc[1].u_va
u_pipe|u_dma_fabric|g_stage[0].g_sw[0].u_sw|g_va_out[1].g_va_vc[2].u_va
u_pipe|u_dma_fabric|g_stage[0].g_sw[0].u_sw|g_va_out[1].g_va_vc[3].u_va



+----------------------------------------------------------------------------------------------------------------------------------+
; Parameter Settings for User Entity fft_radix22_stage Instance: u_pipe|g_fft[15].u_fft|u_core|g_lane[0].u_path|g_group[0].u_stage ;
+----------------+----------------------------------+------------------------------------------------------------------------------+
; Parameter Name ; Value                            ; Type                                                                         ;
+----------------+----------------------------------+------------------------------------------------------------------------------+
; HAS_TWIDDLE    ; 00000000000000000000000000000001 ; Unsigned Binary                                                              ;
; IDX_W          ; 00000000000000000000000000001001 ; Unsigned Binary                                                              ;
; MEM_STYLE      ; DEFAULT                          ; String                                                                       ;
; N_LANE         ; 00000000000000000000000000001001 ; Unsigned Binary                                                              ;
; S              ; 00000000000000000000000000000000 ; Unsigned Binary                                                              ;
; SHIFT_A        ; 00000000000000000000000000000001 ; Unsigned Binary                                                              ;
; SHIFT_B        ; 00000000000000000000000000000001 ; Unsigned Binary                                                              ;
; TW_PIPE        ; 00000000000000000000000000000100 ; Unsigned Binary                                                              ;
; TW_ROM_OUT_REG ; 00000000000000000000000000000001 ; Unsigned Binary                                                              ;
; TW_STYLE       ; AUTO                             ; String                                                                       ;
; TW_VARIANT     ; MULT4                            ; String                                                                       ;
+----------------+----------------------------------+------------------------------------------------------------------------------+
All Instances:
u_pipe|g_fft[0].u_fft|u_core|g_lane[1].u_path|g_group[0].u_stage
u_pipe|g_fft[1].u_fft|u_core|g_lane[1].u_path|g_group[0].u_stage
u_pipe|g_fft[2].u_fft|u_core|g_lane[1].u_path|g_group[0].u_stage
u_pipe|g_fft[3].u_fft|u_core|g_lane[1].u_path|g_group[0].u_stage
u_pipe|g_fft[4].u_fft|u_core|g_lane[1].u_path|g_group[0].u_stage
u_pipe|g_fft[5].u_fft|u_core|g_lane[1].u_path|g_group[0].u_stage
u_pipe|g_fft[6].u_fft|u_core|g_lane[1].u_path|g_group[0].u_stage
u_pipe|g_fft[7].u_fft|u_core|g_lane[1].u_path|g_group[0].u_stage
u_pipe|g_fft[8].u_fft|u_core|g_lane[1].u_path|g_group[0].u_stage
u_pipe|g_fft[9].u_fft|u_core|g_lane[1].u_path|g_group[0].u_stage
u_pipe|g_fft[10].u_fft|u_core|g_lane[1].u_path|g_group[0].u_stage
u_pipe|g_fft[11].u_fft|u_core|g_lane[1].u_path|g_group[0].u_stage
u_pipe|g_fft[12].u_fft|u_core|g_lane[1].u_path|g_group[0].u_stage
u_pipe|g_fft[13].u_fft|u_core|g_lane[1].u_path|g_group[0].u_stage
u_pipe|g_fft[14].u_fft|u_core|g_lane[1].u_path|g_group[0].u_stage
u_pipe|g_fft[15].u_fft|u_core|g_lane[1].u_path|g_group[0].u_stage
u_pipe|g_fft[0].u_fft|u_core|g_lane[0].u_path|g_group[0].u_stage
u_pipe|g_fft[1].u_fft|u_core|g_lane[0].u_path|g_group[0].u_stage
u_pipe|g_fft[2].u_fft|u_core|g_lane[0].u_path|g_group[0].u_stage
u_pipe|g_fft[3].u_fft|u_core|g_lane[0].u_path|g_group[0].u_stage
u_pipe|g_fft[4].u_fft|u_core|g_lane[0].u_path|g_group[0].u_stage
u_pipe|g_fft[5].u_fft|u_core|g_lane[0].u_path|g_group[0].u_stage
u_pipe|g_fft[6].u_fft|u_core|g_lane[0].u_path|g_group[0].u_stage
u_pipe|g_fft[7].u_fft|u_core|g_lane[0].u_path|g_group[0].u_stage
u_pipe|g_fft[8].u_fft|u_core|g_lane[0].u_path|g_group[0].u_stage
u_pipe|g_fft[9].u_fft|u_core|g_lane[0].u_path|g_group[0].u_stage
u_pipe|g_fft[10].u_fft|u_core|g_lane[0].u_path|g_group[0].u_stage
u_pipe|g_fft[11].u_fft|u_core|g_lane[0].u_path|g_group[0].u_stage
u_pipe|g_fft[12].u_fft|u_core|g_lane[0].u_path|g_group[0].u_stage
u_pipe|g_fft[13].u_fft|u_core|g_lane[0].u_path|g_group[0].u_stage
u_pipe|g_fft[14].u_fft|u_core|g_lane[0].u_path|g_group[0].u_stage
u_pipe|g_fft[15].u_fft|u_core|g_lane[0].u_path|g_group[0].u_stage



+----------------------------------------------------------------------------------------------------------------------------------+
; Parameter Settings for User Entity fft_radix22_stage Instance: u_pipe|g_fft[15].u_fft|u_core|g_lane[0].u_path|g_group[1].u_stage ;
+----------------+----------------------------------+------------------------------------------------------------------------------+
; Parameter Name ; Value                            ; Type                                                                         ;
+----------------+----------------------------------+------------------------------------------------------------------------------+
; HAS_TWIDDLE    ; 00000000000000000000000000000001 ; Unsigned Binary                                                              ;
; IDX_W          ; 00000000000000000000000000001001 ; Unsigned Binary                                                              ;
; MEM_STYLE      ; DEFAULT                          ; String                                                                       ;
; N_LANE         ; 00000000000000000000000000001001 ; Unsigned Binary                                                              ;
; S              ; 00000000000000000000000000000010 ; Unsigned Binary                                                              ;
; SHIFT_A        ; 00000000000000000000000000000001 ; Unsigned Binary                                                              ;
; SHIFT_B        ; 00000000000000000000000000000001 ; Unsigned Binary                                                              ;
; TW_PIPE        ; 00000000000000000000000000000100 ; Unsigned Binary                                                              ;
; TW_ROM_OUT_REG ; 00000000000000000000000000000001 ; Unsigned Binary                                                              ;
; TW_STYLE       ; AUTO                             ; String                                                                       ;
; TW_VARIANT     ; MULT4                            ; String                                                                       ;
+----------------+----------------------------------+------------------------------------------------------------------------------+
All Instances:
u_pipe|g_fft[0].u_fft|u_core|g_lane[1].u_path|g_group[1].u_stage
u_pipe|g_fft[1].u_fft|u_core|g_lane[1].u_path|g_group[1].u_stage
u_pipe|g_fft[2].u_fft|u_core|g_lane[1].u_path|g_group[1].u_stage
u_pipe|g_fft[3].u_fft|u_core|g_lane[1].u_path|g_group[1].u_stage
u_pipe|g_fft[4].u_fft|u_core|g_lane[1].u_path|g_group[1].u_stage
u_pipe|g_fft[5].u_fft|u_core|g_lane[1].u_path|g_group[1].u_stage
u_pipe|g_fft[6].u_fft|u_core|g_lane[1].u_path|g_group[1].u_stage
u_pipe|g_fft[7].u_fft|u_core|g_lane[1].u_path|g_group[1].u_stage
u_pipe|g_fft[8].u_fft|u_core|g_lane[1].u_path|g_group[1].u_stage
u_pipe|g_fft[9].u_fft|u_core|g_lane[1].u_path|g_group[1].u_stage
u_pipe|g_fft[10].u_fft|u_core|g_lane[1].u_path|g_group[1].u_stage
u_pipe|g_fft[11].u_fft|u_core|g_lane[1].u_path|g_group[1].u_stage
u_pipe|g_fft[12].u_fft|u_core|g_lane[1].u_path|g_group[1].u_stage
u_pipe|g_fft[13].u_fft|u_core|g_lane[1].u_path|g_group[1].u_stage
u_pipe|g_fft[14].u_fft|u_core|g_lane[1].u_path|g_group[1].u_stage
u_pipe|g_fft[15].u_fft|u_core|g_lane[1].u_path|g_group[1].u_stage
u_pipe|g_fft[0].u_fft|u_core|g_lane[0].u_path|g_group[1].u_stage
u_pipe|g_fft[1].u_fft|u_core|g_lane[0].u_path|g_group[1].u_stage
u_pipe|g_fft[2].u_fft|u_core|g_lane[0].u_path|g_group[1].u_stage
u_pipe|g_fft[3].u_fft|u_core|g_lane[0].u_path|g_group[1].u_stage
u_pipe|g_fft[4].u_fft|u_core|g_lane[0].u_path|g_group[1].u_stage
u_pipe|g_fft[5].u_fft|u_core|g_lane[0].u_path|g_group[1].u_stage
u_pipe|g_fft[6].u_fft|u_core|g_lane[0].u_path|g_group[1].u_stage
u_pipe|g_fft[7].u_fft|u_core|g_lane[0].u_path|g_group[1].u_stage
u_pipe|g_fft[8].u_fft|u_core|g_lane[0].u_path|g_group[1].u_stage
u_pipe|g_fft[9].u_fft|u_core|g_lane[0].u_path|g_group[1].u_stage
u_pipe|g_fft[10].u_fft|u_core|g_lane[0].u_path|g_group[1].u_stage
u_pipe|g_fft[11].u_fft|u_core|g_lane[0].u_path|g_group[1].u_stage
u_pipe|g_fft[12].u_fft|u_core|g_lane[0].u_path|g_group[1].u_stage
u_pipe|g_fft[13].u_fft|u_core|g_lane[0].u_path|g_group[1].u_stage
u_pipe|g_fft[14].u_fft|u_core|g_lane[0].u_path|g_group[1].u_stage
u_pipe|g_fft[15].u_fft|u_core|g_lane[0].u_path|g_group[1].u_stage



+----------------------------------------------------------------------------------------------------------------------------------+
; Parameter Settings for User Entity fft_radix22_stage Instance: u_pipe|g_fft[15].u_fft|u_core|g_lane[0].u_path|g_group[2].u_stage ;
+----------------+----------------------------------+------------------------------------------------------------------------------+
; Parameter Name ; Value                            ; Type                                                                         ;
+----------------+----------------------------------+------------------------------------------------------------------------------+
; HAS_TWIDDLE    ; 00000000000000000000000000000001 ; Unsigned Binary                                                              ;
; IDX_W          ; 00000000000000000000000000001001 ; Unsigned Binary                                                              ;
; MEM_STYLE      ; DEFAULT                          ; String                                                                       ;
; N_LANE         ; 00000000000000000000000000001001 ; Unsigned Binary                                                              ;
; S              ; 00000000000000000000000000000100 ; Unsigned Binary                                                              ;
; SHIFT_A        ; 00000000000000000000000000000001 ; Unsigned Binary                                                              ;
; SHIFT_B        ; 00000000000000000000000000000001 ; Unsigned Binary                                                              ;
; TW_PIPE        ; 00000000000000000000000000000100 ; Unsigned Binary                                                              ;
; TW_ROM_OUT_REG ; 00000000000000000000000000000001 ; Unsigned Binary                                                              ;
; TW_STYLE       ; AUTO                             ; String                                                                       ;
; TW_VARIANT     ; MULT4                            ; String                                                                       ;
+----------------+----------------------------------+------------------------------------------------------------------------------+
All Instances:
u_pipe|g_fft[0].u_fft|u_core|g_lane[1].u_path|g_group[2].u_stage
u_pipe|g_fft[1].u_fft|u_core|g_lane[1].u_path|g_group[2].u_stage
u_pipe|g_fft[2].u_fft|u_core|g_lane[1].u_path|g_group[2].u_stage
u_pipe|g_fft[3].u_fft|u_core|g_lane[1].u_path|g_group[2].u_stage
u_pipe|g_fft[4].u_fft|u_core|g_lane[1].u_path|g_group[2].u_stage
u_pipe|g_fft[5].u_fft|u_core|g_lane[1].u_path|g_group[2].u_stage
u_pipe|g_fft[6].u_fft|u_core|g_lane[1].u_path|g_group[2].u_stage
u_pipe|g_fft[7].u_fft|u_core|g_lane[1].u_path|g_group[2].u_stage
u_pipe|g_fft[8].u_fft|u_core|g_lane[1].u_path|g_group[2].u_stage
u_pipe|g_fft[9].u_fft|u_core|g_lane[1].u_path|g_group[2].u_stage
u_pipe|g_fft[10].u_fft|u_core|g_lane[1].u_path|g_group[2].u_stage
u_pipe|g_fft[11].u_fft|u_core|g_lane[1].u_path|g_group[2].u_stage
u_pipe|g_fft[12].u_fft|u_core|g_lane[1].u_path|g_group[2].u_stage
u_pipe|g_fft[13].u_fft|u_core|g_lane[1].u_path|g_group[2].u_stage
u_pipe|g_fft[14].u_fft|u_core|g_lane[1].u_path|g_group[2].u_stage
u_pipe|g_fft[15].u_fft|u_core|g_lane[1].u_path|g_group[2].u_stage
u_pipe|g_fft[0].u_fft|u_core|g_lane[0].u_path|g_group[2].u_stage
u_pipe|g_fft[1].u_fft|u_core|g_lane[0].u_path|g_group[2].u_stage
u_pipe|g_fft[2].u_fft|u_core|g_lane[0].u_path|g_group[2].u_stage
u_pipe|g_fft[3].u_fft|u_core|g_lane[0].u_path|g_group[2].u_stage
u_pipe|g_fft[4].u_fft|u_core|g_lane[0].u_path|g_group[2].u_stage
u_pipe|g_fft[5].u_fft|u_core|g_lane[0].u_path|g_group[2].u_stage
u_pipe|g_fft[6].u_fft|u_core|g_lane[0].u_path|g_group[2].u_stage
u_pipe|g_fft[7].u_fft|u_core|g_lane[0].u_path|g_group[2].u_stage
u_pipe|g_fft[8].u_fft|u_core|g_lane[0].u_path|g_group[2].u_stage
u_pipe|g_fft[9].u_fft|u_core|g_lane[0].u_path|g_group[2].u_stage
u_pipe|g_fft[10].u_fft|u_core|g_lane[0].u_path|g_group[2].u_stage
u_pipe|g_fft[11].u_fft|u_core|g_lane[0].u_path|g_group[2].u_stage
u_pipe|g_fft[12].u_fft|u_core|g_lane[0].u_path|g_group[2].u_stage
u_pipe|g_fft[13].u_fft|u_core|g_lane[0].u_path|g_group[2].u_stage
u_pipe|g_fft[14].u_fft|u_core|g_lane[0].u_path|g_group[2].u_stage
u_pipe|g_fft[15].u_fft|u_core|g_lane[0].u_path|g_group[2].u_stage



+----------------------------------------------------------------------------------------------------------------------------------+
; Parameter Settings for User Entity fft_radix22_stage Instance: u_pipe|g_fft[15].u_fft|u_core|g_lane[0].u_path|g_group[3].u_stage ;
+----------------+----------------------------------+------------------------------------------------------------------------------+
; Parameter Name ; Value                            ; Type                                                                         ;
+----------------+----------------------------------+------------------------------------------------------------------------------+
; HAS_TWIDDLE    ; 00000000000000000000000000000001 ; Unsigned Binary                                                              ;
; IDX_W          ; 00000000000000000000000000001001 ; Unsigned Binary                                                              ;
; MEM_STYLE      ; DEFAULT                          ; String                                                                       ;
; N_LANE         ; 00000000000000000000000000001001 ; Unsigned Binary                                                              ;
; S              ; 00000000000000000000000000000110 ; Unsigned Binary                                                              ;
; SHIFT_A        ; 00000000000000000000000000000001 ; Unsigned Binary                                                              ;
; SHIFT_B        ; 00000000000000000000000000000001 ; Unsigned Binary                                                              ;
; TW_PIPE        ; 00000000000000000000000000000100 ; Unsigned Binary                                                              ;
; TW_ROM_OUT_REG ; 00000000000000000000000000000001 ; Unsigned Binary                                                              ;
; TW_STYLE       ; AUTO                             ; String                                                                       ;
; TW_VARIANT     ; MULT4                            ; String                                                                       ;
+----------------+----------------------------------+------------------------------------------------------------------------------+
All Instances:
u_pipe|g_fft[0].u_fft|u_core|g_lane[1].u_path|g_group[3].u_stage
u_pipe|g_fft[1].u_fft|u_core|g_lane[1].u_path|g_group[3].u_stage
u_pipe|g_fft[2].u_fft|u_core|g_lane[1].u_path|g_group[3].u_stage
u_pipe|g_fft[3].u_fft|u_core|g_lane[1].u_path|g_group[3].u_stage
u_pipe|g_fft[4].u_fft|u_core|g_lane[1].u_path|g_group[3].u_stage
u_pipe|g_fft[5].u_fft|u_core|g_lane[1].u_path|g_group[3].u_stage
u_pipe|g_fft[6].u_fft|u_core|g_lane[1].u_path|g_group[3].u_stage
u_pipe|g_fft[7].u_fft|u_core|g_lane[1].u_path|g_group[3].u_stage
u_pipe|g_fft[8].u_fft|u_core|g_lane[1].u_path|g_group[3].u_stage
u_pipe|g_fft[9].u_fft|u_core|g_lane[1].u_path|g_group[3].u_stage
u_pipe|g_fft[10].u_fft|u_core|g_lane[1].u_path|g_group[3].u_stage
u_pipe|g_fft[11].u_fft|u_core|g_lane[1].u_path|g_group[3].u_stage
u_pipe|g_fft[12].u_fft|u_core|g_lane[1].u_path|g_group[3].u_stage
u_pipe|g_fft[13].u_fft|u_core|g_lane[1].u_path|g_group[3].u_stage
u_pipe|g_fft[14].u_fft|u_core|g_lane[1].u_path|g_group[3].u_stage
u_pipe|g_fft[15].u_fft|u_core|g_lane[1].u_path|g_group[3].u_stage
u_pipe|g_fft[0].u_fft|u_core|g_lane[0].u_path|g_group[3].u_stage
u_pipe|g_fft[1].u_fft|u_core|g_lane[0].u_path|g_group[3].u_stage
u_pipe|g_fft[2].u_fft|u_core|g_lane[0].u_path|g_group[3].u_stage
u_pipe|g_fft[3].u_fft|u_core|g_lane[0].u_path|g_group[3].u_stage
u_pipe|g_fft[4].u_fft|u_core|g_lane[0].u_path|g_group[3].u_stage
u_pipe|g_fft[5].u_fft|u_core|g_lane[0].u_path|g_group[3].u_stage
u_pipe|g_fft[6].u_fft|u_core|g_lane[0].u_path|g_group[3].u_stage
u_pipe|g_fft[7].u_fft|u_core|g_lane[0].u_path|g_group[3].u_stage
u_pipe|g_fft[8].u_fft|u_core|g_lane[0].u_path|g_group[3].u_stage
u_pipe|g_fft[9].u_fft|u_core|g_lane[0].u_path|g_group[3].u_stage
u_pipe|g_fft[10].u_fft|u_core|g_lane[0].u_path|g_group[3].u_stage
u_pipe|g_fft[11].u_fft|u_core|g_lane[0].u_path|g_group[3].u_stage
u_pipe|g_fft[12].u_fft|u_core|g_lane[0].u_path|g_group[3].u_stage
u_pipe|g_fft[13].u_fft|u_core|g_lane[0].u_path|g_group[3].u_stage
u_pipe|g_fft[14].u_fft|u_core|g_lane[0].u_path|g_group[3].u_stage
u_pipe|g_fft[15].u_fft|u_core|g_lane[0].u_path|g_group[3].u_stage



+-------------------------------------------------------------------------------------------------------------------+
; Parameter Settings for User Entity fft_bf2 Instance: u_pipe|g_fft[15].u_fft|u_core|g_lane[0].u_path|g_tail.u_tail ;
+----------------+----------------------------------+---------------------------------------------------------------+
; Parameter Name ; Value                            ; Type                                                          ;
+----------------+----------------------------------+---------------------------------------------------------------+
; DELAY          ; 00000000000000000000000000000001 ; Unsigned Binary                                               ;
; IDX_W          ; 00000000000000000000000000001001 ; Unsigned Binary                                               ;
; IS_BF2II       ; 00000000000000000000000000000000 ; Unsigned Binary                                               ;
; MEM_STYLE      ; MLAB                             ; String                                                        ;
; SHIFT          ; 00000000000000000000000000000001 ; Unsigned Binary                                               ;
+----------------+----------------------------------+---------------------------------------------------------------+
All Instances:
u_pipe|g_fft[0].u_fft|u_core|g_lane[1].u_path|g_tail.u_tail
u_pipe|g_fft[1].u_fft|u_core|g_lane[1].u_path|g_tail.u_tail
u_pipe|g_fft[2].u_fft|u_core|g_lane[1].u_path|g_tail.u_tail
u_pipe|g_fft[3].u_fft|u_core|g_lane[1].u_path|g_tail.u_tail
u_pipe|g_fft[4].u_fft|u_core|g_lane[1].u_path|g_tail.u_tail
u_pipe|g_fft[5].u_fft|u_core|g_lane[1].u_path|g_tail.u_tail
u_pipe|g_fft[6].u_fft|u_core|g_lane[1].u_path|g_tail.u_tail
u_pipe|g_fft[7].u_fft|u_core|g_lane[1].u_path|g_tail.u_tail
u_pipe|g_fft[8].u_fft|u_core|g_lane[1].u_path|g_tail.u_tail
u_pipe|g_fft[9].u_fft|u_core|g_lane[1].u_path|g_tail.u_tail
u_pipe|g_fft[10].u_fft|u_core|g_lane[1].u_path|g_tail.u_tail
u_pipe|g_fft[11].u_fft|u_core|g_lane[1].u_path|g_tail.u_tail
u_pipe|g_fft[12].u_fft|u_core|g_lane[1].u_path|g_tail.u_tail
u_pipe|g_fft[13].u_fft|u_core|g_lane[1].u_path|g_tail.u_tail
u_pipe|g_fft[14].u_fft|u_core|g_lane[1].u_path|g_tail.u_tail
u_pipe|g_fft[15].u_fft|u_core|g_lane[1].u_path|g_tail.u_tail
u_pipe|g_fft[0].u_fft|u_core|g_lane[0].u_path|g_tail.u_tail
u_pipe|g_fft[1].u_fft|u_core|g_lane[0].u_path|g_tail.u_tail
u_pipe|g_fft[2].u_fft|u_core|g_lane[0].u_path|g_tail.u_tail
u_pipe|g_fft[3].u_fft|u_core|g_lane[0].u_path|g_tail.u_tail
u_pipe|g_fft[4].u_fft|u_core|g_lane[0].u_path|g_tail.u_tail
u_pipe|g_fft[5].u_fft|u_core|g_lane[0].u_path|g_tail.u_tail
u_pipe|g_fft[6].u_fft|u_core|g_lane[0].u_path|g_tail.u_tail
u_pipe|g_fft[7].u_fft|u_core|g_lane[0].u_path|g_tail.u_tail
u_pipe|g_fft[8].u_fft|u_core|g_lane[0].u_path|g_tail.u_tail
u_pipe|g_fft[9].u_fft|u_core|g_lane[0].u_path|g_tail.u_tail
u_pipe|g_fft[10].u_fft|u_core|g_lane[0].u_path|g_tail.u_tail
u_pipe|g_fft[11].u_fft|u_core|g_lane[0].u_path|g_tail.u_tail
u_pipe|g_fft[12].u_fft|u_core|g_lane[0].u_path|g_tail.u_tail
u_pipe|g_fft[13].u_fft|u_core|g_lane[0].u_path|g_tail.u_tail
u_pipe|g_fft[14].u_fft|u_core|g_lane[0].u_path|g_tail.u_tail
u_pipe|g_fft[15].u_fft|u_core|g_lane[0].u_path|g_tail.u_tail



+------------------------------------------------------------------------------------------------------------------+
; Parameter Settings for User Entity fft_twiddle_rom Instance: u_pipe|g_fft[15].u_fft|u_core|g_merge.u_merge|u_rom ;
+----------------+----------------------------------+--------------------------------------------------------------+
; Parameter Name ; Value                            ; Type                                                         ;
+----------------+----------------------------------+--------------------------------------------------------------+
; ADDR_W         ; 00000000000000000000000000001001 ; Unsigned Binary                                              ;
; KIND           ; DIT                              ; String                                                       ;
; L2L            ; 00000000000000000000000000000101 ; Unsigned Binary                                              ;
; LEVEL          ; 00000000000000000000000000000000 ; Unsigned Binary                                              ;
; N_LANE         ; 00000000000000000000000000001001 ; Unsigned Binary                                              ;
; OUT_REG        ; 00000000000000000000000000000001 ; Unsigned Binary                                              ;
; STYLE          ; AUTO                             ; String                                                       ;
+----------------+----------------------------------+--------------------------------------------------------------+
All Instances:
u_pipe|g_fft[0].u_fft|u_core|g_merge.u_merge|u_rom
u_pipe|g_fft[1].u_fft|u_core|g_merge.u_merge|u_rom
u_pipe|g_fft[2].u_fft|u_core|g_merge.u_merge|u_rom
u_pipe|g_fft[3].u_fft|u_core|g_merge.u_merge|u_rom
u_pipe|g_fft[4].u_fft|u_core|g_merge.u_merge|u_rom
u_pipe|g_fft[5].u_fft|u_core|g_merge.u_merge|u_rom
u_pipe|g_fft[6].u_fft|u_core|g_merge.u_merge|u_rom
u_pipe|g_fft[7].u_fft|u_core|g_merge.u_merge|u_rom
u_pipe|g_fft[8].u_fft|u_core|g_merge.u_merge|u_rom
u_pipe|g_fft[9].u_fft|u_core|g_merge.u_merge|u_rom
u_pipe|g_fft[10].u_fft|u_core|g_merge.u_merge|u_rom
u_pipe|g_fft[11].u_fft|u_core|g_merge.u_merge|u_rom
u_pipe|g_fft[12].u_fft|u_core|g_merge.u_merge|u_rom
u_pipe|g_fft[13].u_fft|u_core|g_merge.u_merge|u_rom
u_pipe|g_fft[14].u_fft|u_core|g_merge.u_merge|u_rom
u_pipe|g_fft[15].u_fft|u_core|g_merge.u_merge|u_rom



+---------------------------------------------------------------------------------------------------------------------------------------------------+
; Parameter Settings for User Entity complex_multiplier Instance: u_pipe|g_fft[15].u_fft|u_core|g_lane[0].u_path|g_group[3].u_stage|g_twiddle.u_mul ;
+----------------+----------------------------------+-----------------------------------------------------------------------------------------------+
; Parameter Name ; Value                            ; Type                                                                                          ;
+----------------+----------------------------------+-----------------------------------------------------------------------------------------------+
; PIPE_STAGES    ; 00000000000000000000000000000100 ; Unsigned Binary                                                                               ;
; ROUND_OUT      ; 00000000000000000000000000000001 ; Unsigned Binary                                                                               ;
; VARIANT        ; MULT4                            ; String                                                                                        ;
+----------------+----------------------------------+-----------------------------------------------------------------------------------------------+
All Instances:
u_pipe|g_fft[0].u_fft|u_core|g_merge.u_merge|u_mul
u_pipe|g_fft[1].u_fft|u_core|g_merge.u_merge|u_mul
u_pipe|g_fft[2].u_fft|u_core|g_merge.u_merge|u_mul
u_pipe|g_fft[3].u_fft|u_core|g_merge.u_merge|u_mul
u_pipe|g_fft[4].u_fft|u_core|g_merge.u_merge|u_mul
u_pipe|g_fft[5].u_fft|u_core|g_merge.u_merge|u_mul
u_pipe|g_fft[6].u_fft|u_core|g_merge.u_merge|u_mul
u_pipe|g_fft[7].u_fft|u_core|g_merge.u_merge|u_mul
u_pipe|g_fft[8].u_fft|u_core|g_merge.u_merge|u_mul
u_pipe|g_fft[9].u_fft|u_core|g_merge.u_merge|u_mul
u_pipe|g_fft[10].u_fft|u_core|g_merge.u_merge|u_mul
u_pipe|g_fft[11].u_fft|u_core|g_merge.u_merge|u_mul
u_pipe|g_fft[12].u_fft|u_core|g_merge.u_merge|u_mul
u_pipe|g_fft[13].u_fft|u_core|g_merge.u_merge|u_mul
u_pipe|g_fft[14].u_fft|u_core|g_merge.u_merge|u_mul
u_pipe|g_fft[15].u_fft|u_core|g_merge.u_merge|u_mul
u_pipe|g_fft[0].u_fft|u_core|g_lane[1].u_path|g_group[0].u_stage|g_twiddle.u_mul
u_pipe|g_fft[1].u_fft|u_core|g_lane[1].u_path|g_group[0].u_stage|g_twiddle.u_mul
u_pipe|g_fft[2].u_fft|u_core|g_lane[1].u_path|g_group[0].u_stage|g_twiddle.u_mul
u_pipe|g_fft[3].u_fft|u_core|g_lane[1].u_path|g_group[0].u_stage|g_twiddle.u_mul
u_pipe|g_fft[4].u_fft|u_core|g_lane[1].u_path|g_group[0].u_stage|g_twiddle.u_mul
u_pipe|g_fft[5].u_fft|u_core|g_lane[1].u_path|g_group[0].u_stage|g_twiddle.u_mul
u_pipe|g_fft[6].u_fft|u_core|g_lane[1].u_path|g_group[0].u_stage|g_twiddle.u_mul
u_pipe|g_fft[7].u_fft|u_core|g_lane[1].u_path|g_group[0].u_stage|g_twiddle.u_mul
u_pipe|g_fft[8].u_fft|u_core|g_lane[1].u_path|g_group[0].u_stage|g_twiddle.u_mul
u_pipe|g_fft[9].u_fft|u_core|g_lane[1].u_path|g_group[0].u_stage|g_twiddle.u_mul
u_pipe|g_fft[10].u_fft|u_core|g_lane[1].u_path|g_group[0].u_stage|g_twiddle.u_mul
u_pipe|g_fft[11].u_fft|u_core|g_lane[1].u_path|g_group[0].u_stage|g_twiddle.u_mul
u_pipe|g_fft[12].u_fft|u_core|g_lane[1].u_path|g_group[0].u_stage|g_twiddle.u_mul
u_pipe|g_fft[13].u_fft|u_core|g_lane[1].u_path|g_group[0].u_stage|g_twiddle.u_mul
u_pipe|g_fft[14].u_fft|u_core|g_lane[1].u_path|g_group[0].u_stage|g_twiddle.u_mul
u_pipe|g_fft[15].u_fft|u_core|g_lane[1].u_path|g_group[0].u_stage|g_twiddle.u_mul
u_pipe|g_fft[0].u_fft|u_core|g_lane[0].u_path|g_group[0].u_stage|g_twiddle.u_mul
u_pipe|g_fft[1].u_fft|u_core|g_lane[0].u_path|g_group[0].u_stage|g_twiddle.u_mul
u_pipe|g_fft[2].u_fft|u_core|g_lane[0].u_path|g_group[0].u_stage|g_twiddle.u_mul
u_pipe|g_fft[3].u_fft|u_core|g_lane[0].u_path|g_group[0].u_stage|g_twiddle.u_mul
u_pipe|g_fft[4].u_fft|u_core|g_lane[0].u_path|g_group[0].u_stage|g_twiddle.u_mul
u_pipe|g_fft[5].u_fft|u_core|g_lane[0].u_path|g_group[0].u_stage|g_twiddle.u_mul
u_pipe|g_fft[6].u_fft|u_core|g_lane[0].u_path|g_group[0].u_stage|g_twiddle.u_mul
u_pipe|g_fft[7].u_fft|u_core|g_lane[0].u_path|g_group[0].u_stage|g_twiddle.u_mul
u_pipe|g_fft[8].u_fft|u_core|g_lane[0].u_path|g_group[0].u_stage|g_twiddle.u_mul
u_pipe|g_fft[9].u_fft|u_core|g_lane[0].u_path|g_group[0].u_stage|g_twiddle.u_mul
u_pipe|g_fft[10].u_fft|u_core|g_lane[0].u_path|g_group[0].u_stage|g_twiddle.u_mul
u_pipe|g_fft[11].u_fft|u_core|g_lane[0].u_path|g_group[0].u_stage|g_twiddle.u_mul
u_pipe|g_fft[12].u_fft|u_core|g_lane[0].u_path|g_group[0].u_stage|g_twiddle.u_mul
u_pipe|g_fft[13].u_fft|u_core|g_lane[0].u_path|g_group[0].u_stage|g_twiddle.u_mul
u_pipe|g_fft[14].u_fft|u_core|g_lane[0].u_path|g_group[0].u_stage|g_twiddle.u_mul
u_pipe|g_fft[15].u_fft|u_core|g_lane[0].u_path|g_group[0].u_stage|g_twiddle.u_mul
u_pipe|g_fft[0].u_fft|u_core|g_lane[1].u_path|g_group[1].u_stage|g_twiddle.u_mul
u_pipe|g_fft[1].u_fft|u_core|g_lane[1].u_path|g_group[1].u_stage|g_twiddle.u_mul
u_pipe|g_fft[2].u_fft|u_core|g_lane[1].u_path|g_group[1].u_stage|g_twiddle.u_mul
u_pipe|g_fft[3].u_fft|u_core|g_lane[1].u_path|g_group[1].u_stage|g_twiddle.u_mul
u_pipe|g_fft[4].u_fft|u_core|g_lane[1].u_path|g_group[1].u_stage|g_twiddle.u_mul
u_pipe|g_fft[5].u_fft|u_core|g_lane[1].u_path|g_group[1].u_stage|g_twiddle.u_mul
u_pipe|g_fft[6].u_fft|u_core|g_lane[1].u_path|g_group[1].u_stage|g_twiddle.u_mul
u_pipe|g_fft[7].u_fft|u_core|g_lane[1].u_path|g_group[1].u_stage|g_twiddle.u_mul
u_pipe|g_fft[8].u_fft|u_core|g_lane[1].u_path|g_group[1].u_stage|g_twiddle.u_mul
u_pipe|g_fft[9].u_fft|u_core|g_lane[1].u_path|g_group[1].u_stage|g_twiddle.u_mul
u_pipe|g_fft[10].u_fft|u_core|g_lane[1].u_path|g_group[1].u_stage|g_twiddle.u_mul
u_pipe|g_fft[11].u_fft|u_core|g_lane[1].u_path|g_group[1].u_stage|g_twiddle.u_mul
u_pipe|g_fft[12].u_fft|u_core|g_lane[1].u_path|g_group[1].u_stage|g_twiddle.u_mul
u_pipe|g_fft[13].u_fft|u_core|g_lane[1].u_path|g_group[1].u_stage|g_twiddle.u_mul
u_pipe|g_fft[14].u_fft|u_core|g_lane[1].u_path|g_group[1].u_stage|g_twiddle.u_mul
u_pipe|g_fft[15].u_fft|u_core|g_lane[1].u_path|g_group[1].u_stage|g_twiddle.u_mul
u_pipe|g_fft[0].u_fft|u_core|g_lane[0].u_path|g_group[1].u_stage|g_twiddle.u_mul
u_pipe|g_fft[1].u_fft|u_core|g_lane[0].u_path|g_group[1].u_stage|g_twiddle.u_mul
u_pipe|g_fft[2].u_fft|u_core|g_lane[0].u_path|g_group[1].u_stage|g_twiddle.u_mul
u_pipe|g_fft[3].u_fft|u_core|g_lane[0].u_path|g_group[1].u_stage|g_twiddle.u_mul
u_pipe|g_fft[4].u_fft|u_core|g_lane[0].u_path|g_group[1].u_stage|g_twiddle.u_mul
u_pipe|g_fft[5].u_fft|u_core|g_lane[0].u_path|g_group[1].u_stage|g_twiddle.u_mul
u_pipe|g_fft[6].u_fft|u_core|g_lane[0].u_path|g_group[1].u_stage|g_twiddle.u_mul
u_pipe|g_fft[7].u_fft|u_core|g_lane[0].u_path|g_group[1].u_stage|g_twiddle.u_mul
u_pipe|g_fft[8].u_fft|u_core|g_lane[0].u_path|g_group[1].u_stage|g_twiddle.u_mul
u_pipe|g_fft[9].u_fft|u_core|g_lane[0].u_path|g_group[1].u_stage|g_twiddle.u_mul
u_pipe|g_fft[10].u_fft|u_core|g_lane[0].u_path|g_group[1].u_stage|g_twiddle.u_mul
u_pipe|g_fft[11].u_fft|u_core|g_lane[0].u_path|g_group[1].u_stage|g_twiddle.u_mul
u_pipe|g_fft[12].u_fft|u_core|g_lane[0].u_path|g_group[1].u_stage|g_twiddle.u_mul
u_pipe|g_fft[13].u_fft|u_core|g_lane[0].u_path|g_group[1].u_stage|g_twiddle.u_mul
u_pipe|g_fft[14].u_fft|u_core|g_lane[0].u_path|g_group[1].u_stage|g_twiddle.u_mul
u_pipe|g_fft[15].u_fft|u_core|g_lane[0].u_path|g_group[1].u_stage|g_twiddle.u_mul
u_pipe|g_fft[0].u_fft|u_core|g_lane[1].u_path|g_group[2].u_stage|g_twiddle.u_mul
u_pipe|g_fft[1].u_fft|u_core|g_lane[1].u_path|g_group[2].u_stage|g_twiddle.u_mul
u_pipe|g_fft[2].u_fft|u_core|g_lane[1].u_path|g_group[2].u_stage|g_twiddle.u_mul
u_pipe|g_fft[3].u_fft|u_core|g_lane[1].u_path|g_group[2].u_stage|g_twiddle.u_mul
u_pipe|g_fft[4].u_fft|u_core|g_lane[1].u_path|g_group[2].u_stage|g_twiddle.u_mul
u_pipe|g_fft[5].u_fft|u_core|g_lane[1].u_path|g_group[2].u_stage|g_twiddle.u_mul
u_pipe|g_fft[6].u_fft|u_core|g_lane[1].u_path|g_group[2].u_stage|g_twiddle.u_mul
u_pipe|g_fft[7].u_fft|u_core|g_lane[1].u_path|g_group[2].u_stage|g_twiddle.u_mul
u_pipe|g_fft[8].u_fft|u_core|g_lane[1].u_path|g_group[2].u_stage|g_twiddle.u_mul
u_pipe|g_fft[9].u_fft|u_core|g_lane[1].u_path|g_group[2].u_stage|g_twiddle.u_mul
u_pipe|g_fft[10].u_fft|u_core|g_lane[1].u_path|g_group[2].u_stage|g_twiddle.u_mul
u_pipe|g_fft[11].u_fft|u_core|g_lane[1].u_path|g_group[2].u_stage|g_twiddle.u_mul
u_pipe|g_fft[12].u_fft|u_core|g_lane[1].u_path|g_group[2].u_stage|g_twiddle.u_mul
u_pipe|g_fft[13].u_fft|u_core|g_lane[1].u_path|g_group[2].u_stage|g_twiddle.u_mul
u_pipe|g_fft[14].u_fft|u_core|g_lane[1].u_path|g_group[2].u_stage|g_twiddle.u_mul
u_pipe|g_fft[15].u_fft|u_core|g_lane[1].u_path|g_group[2].u_stage|g_twiddle.u_mul
u_pipe|g_fft[0].u_fft|u_core|g_lane[0].u_path|g_group[2].u_stage|g_twiddle.u_mul
u_pipe|g_fft[1].u_fft|u_core|g_lane[0].u_path|g_group[2].u_stage|g_twiddle.u_mul
u_pipe|g_fft[2].u_fft|u_core|g_lane[0].u_path|g_group[2].u_stage|g_twiddle.u_mul
u_pipe|g_fft[3].u_fft|u_core|g_lane[0].u_path|g_group[2].u_stage|g_twiddle.u_mul
u_pipe|g_fft[4].u_fft|u_core|g_lane[0].u_path|g_group[2].u_stage|g_twiddle.u_mul
u_pipe|g_fft[5].u_fft|u_core|g_lane[0].u_path|g_group[2].u_stage|g_twiddle.u_mul
u_pipe|g_fft[6].u_fft|u_core|g_lane[0].u_path|g_group[2].u_stage|g_twiddle.u_mul
u_pipe|g_fft[7].u_fft|u_core|g_lane[0].u_path|g_group[2].u_stage|g_twiddle.u_mul
u_pipe|g_fft[8].u_fft|u_core|g_lane[0].u_path|g_group[2].u_stage|g_twiddle.u_mul
u_pipe|g_fft[9].u_fft|u_core|g_lane[0].u_path|g_group[2].u_stage|g_twiddle.u_mul
u_pipe|g_fft[10].u_fft|u_core|g_lane[0].u_path|g_group[2].u_stage|g_twiddle.u_mul
u_pipe|g_fft[11].u_fft|u_core|g_lane[0].u_path|g_group[2].u_stage|g_twiddle.u_mul
u_pipe|g_fft[12].u_fft|u_core|g_lane[0].u_path|g_group[2].u_stage|g_twiddle.u_mul
u_pipe|g_fft[13].u_fft|u_core|g_lane[0].u_path|g_group[2].u_stage|g_twiddle.u_mul
u_pipe|g_fft[14].u_fft|u_core|g_lane[0].u_path|g_group[2].u_stage|g_twiddle.u_mul
u_pipe|g_fft[15].u_fft|u_core|g_lane[0].u_path|g_group[2].u_stage|g_twiddle.u_mul
u_pipe|g_fft[0].u_fft|u_core|g_lane[1].u_path|g_group[3].u_stage|g_twiddle.u_mul
u_pipe|g_fft[1].u_fft|u_core|g_lane[1].u_path|g_group[3].u_stage|g_twiddle.u_mul
u_pipe|g_fft[2].u_fft|u_core|g_lane[1].u_path|g_group[3].u_stage|g_twiddle.u_mul
u_pipe|g_fft[3].u_fft|u_core|g_lane[1].u_path|g_group[3].u_stage|g_twiddle.u_mul
u_pipe|g_fft[4].u_fft|u_core|g_lane[1].u_path|g_group[3].u_stage|g_twiddle.u_mul
u_pipe|g_fft[5].u_fft|u_core|g_lane[1].u_path|g_group[3].u_stage|g_twiddle.u_mul
u_pipe|g_fft[6].u_fft|u_core|g_lane[1].u_path|g_group[3].u_stage|g_twiddle.u_mul
u_pipe|g_fft[7].u_fft|u_core|g_lane[1].u_path|g_group[3].u_stage|g_twiddle.u_mul
u_pipe|g_fft[8].u_fft|u_core|g_lane[1].u_path|g_group[3].u_stage|g_twiddle.u_mul
u_pipe|g_fft[9].u_fft|u_core|g_lane[1].u_path|g_group[3].u_stage|g_twiddle.u_mul
u_pipe|g_fft[10].u_fft|u_core|g_lane[1].u_path|g_group[3].u_stage|g_twiddle.u_mul
u_pipe|g_fft[11].u_fft|u_core|g_lane[1].u_path|g_group[3].u_stage|g_twiddle.u_mul
u_pipe|g_fft[12].u_fft|u_core|g_lane[1].u_path|g_group[3].u_stage|g_twiddle.u_mul
u_pipe|g_fft[13].u_fft|u_core|g_lane[1].u_path|g_group[3].u_stage|g_twiddle.u_mul
u_pipe|g_fft[14].u_fft|u_core|g_lane[1].u_path|g_group[3].u_stage|g_twiddle.u_mul
u_pipe|g_fft[15].u_fft|u_core|g_lane[1].u_path|g_group[3].u_stage|g_twiddle.u_mul
u_pipe|g_fft[0].u_fft|u_core|g_lane[0].u_path|g_group[3].u_stage|g_twiddle.u_mul
u_pipe|g_fft[1].u_fft|u_core|g_lane[0].u_path|g_group[3].u_stage|g_twiddle.u_mul
u_pipe|g_fft[2].u_fft|u_core|g_lane[0].u_path|g_group[3].u_stage|g_twiddle.u_mul
u_pipe|g_fft[3].u_fft|u_core|g_lane[0].u_path|g_group[3].u_stage|g_twiddle.u_mul
u_pipe|g_fft[4].u_fft|u_core|g_lane[0].u_path|g_group[3].u_stage|g_twiddle.u_mul
u_pipe|g_fft[5].u_fft|u_core|g_lane[0].u_path|g_group[3].u_stage|g_twiddle.u_mul
u_pipe|g_fft[6].u_fft|u_core|g_lane[0].u_path|g_group[3].u_stage|g_twiddle.u_mul
u_pipe|g_fft[7].u_fft|u_core|g_lane[0].u_path|g_group[3].u_stage|g_twiddle.u_mul
u_pipe|g_fft[8].u_fft|u_core|g_lane[0].u_path|g_group[3].u_stage|g_twiddle.u_mul
u_pipe|g_fft[9].u_fft|u_core|g_lane[0].u_path|g_group[3].u_stage|g_twiddle.u_mul
u_pipe|g_fft[10].u_fft|u_core|g_lane[0].u_path|g_group[3].u_stage|g_twiddle.u_mul
u_pipe|g_fft[11].u_fft|u_core|g_lane[0].u_path|g_group[3].u_stage|g_twiddle.u_mul
u_pipe|g_fft[12].u_fft|u_core|g_lane[0].u_path|g_group[3].u_stage|g_twiddle.u_mul
u_pipe|g_fft[13].u_fft|u_core|g_lane[0].u_path|g_group[3].u_stage|g_twiddle.u_mul
u_pipe|g_fft[14].u_fft|u_core|g_lane[0].u_path|g_group[3].u_stage|g_twiddle.u_mul
u_pipe|g_fft[15].u_fft|u_core|g_lane[0].u_path|g_group[3].u_stage|g_twiddle.u_mul



+---------------------------------------------------------------------------------------------------+
; Parameter Settings for User Entity cdc_handshake Instance: u_pipe|u_bf|u_weights|u_store|u_wr_cdc ;
+--------------------+----------------------------------+-------------------------------------------+
; Parameter Name     ; Value                            ; Type                                      ;
+--------------------+----------------------------------+-------------------------------------------+
; ACK_TIMEOUT_CYCLES ; 00000000000000000001000000000000 ; Unsigned Binary                           ;
; SYNC_STAGES        ; 00000000000000000000000000000010 ; Unsigned Binary                           ;
; WIDTH              ; 00000000000000000000000000101001 ; Unsigned Binary                           ;
+--------------------+----------------------------------+-------------------------------------------+
All Instances:
u_pipe|u_bf|u_weights|u_store|u_wr_cdc



+-------------------------------------------------------------------------------------------------------------------------------+
; Parameter Settings for User Entity fft_bf2 Instance: u_pipe|g_fft[15].u_fft|u_core|g_lane[0].u_path|g_group[0].u_stage|u_bf2i ;
+----------------+----------------------------------+---------------------------------------------------------------------------+
; Parameter Name ; Value                            ; Type                                                                      ;
+----------------+----------------------------------+---------------------------------------------------------------------------+
; DELAY          ; 00000000000000000000000100000000 ; Unsigned Binary                                                           ;
; IDX_W          ; 00000000000000000000000000001001 ; Unsigned Binary                                                           ;
; IS_BF2II       ; 00000000000000000000000000000000 ; Unsigned Binary                                                           ;
; MEM_STYLE      ; AUTO                             ; String                                                                    ;
; SHIFT          ; 00000000000000000000000000000001 ; Unsigned Binary                                                           ;
+----------------+----------------------------------+---------------------------------------------------------------------------+
All Instances:
u_pipe|g_fft[0].u_fft|u_core|g_lane[1].u_path|g_group[0].u_stage|u_bf2i
u_pipe|g_fft[1].u_fft|u_core|g_lane[1].u_path|g_group[0].u_stage|u_bf2i
u_pipe|g_fft[2].u_fft|u_core|g_lane[1].u_path|g_group[0].u_stage|u_bf2i
u_pipe|g_fft[3].u_fft|u_core|g_lane[1].u_path|g_group[0].u_stage|u_bf2i
u_pipe|g_fft[4].u_fft|u_core|g_lane[1].u_path|g_group[0].u_stage|u_bf2i
u_pipe|g_fft[5].u_fft|u_core|g_lane[1].u_path|g_group[0].u_stage|u_bf2i
u_pipe|g_fft[6].u_fft|u_core|g_lane[1].u_path|g_group[0].u_stage|u_bf2i
u_pipe|g_fft[7].u_fft|u_core|g_lane[1].u_path|g_group[0].u_stage|u_bf2i
u_pipe|g_fft[8].u_fft|u_core|g_lane[1].u_path|g_group[0].u_stage|u_bf2i
u_pipe|g_fft[9].u_fft|u_core|g_lane[1].u_path|g_group[0].u_stage|u_bf2i
u_pipe|g_fft[10].u_fft|u_core|g_lane[1].u_path|g_group[0].u_stage|u_bf2i
u_pipe|g_fft[11].u_fft|u_core|g_lane[1].u_path|g_group[0].u_stage|u_bf2i
u_pipe|g_fft[12].u_fft|u_core|g_lane[1].u_path|g_group[0].u_stage|u_bf2i
u_pipe|g_fft[13].u_fft|u_core|g_lane[1].u_path|g_group[0].u_stage|u_bf2i
u_pipe|g_fft[14].u_fft|u_core|g_lane[1].u_path|g_group[0].u_stage|u_bf2i
u_pipe|g_fft[15].u_fft|u_core|g_lane[1].u_path|g_group[0].u_stage|u_bf2i
u_pipe|g_fft[0].u_fft|u_core|g_lane[0].u_path|g_group[0].u_stage|u_bf2i
u_pipe|g_fft[1].u_fft|u_core|g_lane[0].u_path|g_group[0].u_stage|u_bf2i
u_pipe|g_fft[2].u_fft|u_core|g_lane[0].u_path|g_group[0].u_stage|u_bf2i
u_pipe|g_fft[3].u_fft|u_core|g_lane[0].u_path|g_group[0].u_stage|u_bf2i
u_pipe|g_fft[4].u_fft|u_core|g_lane[0].u_path|g_group[0].u_stage|u_bf2i
u_pipe|g_fft[5].u_fft|u_core|g_lane[0].u_path|g_group[0].u_stage|u_bf2i
u_pipe|g_fft[6].u_fft|u_core|g_lane[0].u_path|g_group[0].u_stage|u_bf2i
u_pipe|g_fft[7].u_fft|u_core|g_lane[0].u_path|g_group[0].u_stage|u_bf2i
u_pipe|g_fft[8].u_fft|u_core|g_lane[0].u_path|g_group[0].u_stage|u_bf2i
u_pipe|g_fft[9].u_fft|u_core|g_lane[0].u_path|g_group[0].u_stage|u_bf2i
u_pipe|g_fft[10].u_fft|u_core|g_lane[0].u_path|g_group[0].u_stage|u_bf2i
u_pipe|g_fft[11].u_fft|u_core|g_lane[0].u_path|g_group[0].u_stage|u_bf2i
u_pipe|g_fft[12].u_fft|u_core|g_lane[0].u_path|g_group[0].u_stage|u_bf2i
u_pipe|g_fft[13].u_fft|u_core|g_lane[0].u_path|g_group[0].u_stage|u_bf2i
u_pipe|g_fft[14].u_fft|u_core|g_lane[0].u_path|g_group[0].u_stage|u_bf2i
u_pipe|g_fft[15].u_fft|u_core|g_lane[0].u_path|g_group[0].u_stage|u_bf2i



+--------------------------------------------------------------------------------------------------------------------------------+
; Parameter Settings for User Entity fft_bf2 Instance: u_pipe|g_fft[15].u_fft|u_core|g_lane[0].u_path|g_group[0].u_stage|u_bf2ii ;
+----------------+----------------------------------+----------------------------------------------------------------------------+
; Parameter Name ; Value                            ; Type                                                                       ;
+----------------+----------------------------------+----------------------------------------------------------------------------+
; DELAY          ; 00000000000000000000000010000000 ; Unsigned Binary                                                            ;
; IDX_W          ; 00000000000000000000000000001001 ; Unsigned Binary                                                            ;
; IS_BF2II       ; 00000000000000000000000000000001 ; Unsigned Binary                                                            ;
; MEM_STYLE      ; AUTO                             ; String                                                                     ;
; SHIFT          ; 00000000000000000000000000000001 ; Unsigned Binary                                                            ;
+----------------+----------------------------------+----------------------------------------------------------------------------+
All Instances:
u_pipe|g_fft[0].u_fft|u_core|g_lane[1].u_path|g_group[0].u_stage|u_bf2ii
u_pipe|g_fft[1].u_fft|u_core|g_lane[1].u_path|g_group[0].u_stage|u_bf2ii
u_pipe|g_fft[2].u_fft|u_core|g_lane[1].u_path|g_group[0].u_stage|u_bf2ii
u_pipe|g_fft[3].u_fft|u_core|g_lane[1].u_path|g_group[0].u_stage|u_bf2ii
u_pipe|g_fft[4].u_fft|u_core|g_lane[1].u_path|g_group[0].u_stage|u_bf2ii
u_pipe|g_fft[5].u_fft|u_core|g_lane[1].u_path|g_group[0].u_stage|u_bf2ii
u_pipe|g_fft[6].u_fft|u_core|g_lane[1].u_path|g_group[0].u_stage|u_bf2ii
u_pipe|g_fft[7].u_fft|u_core|g_lane[1].u_path|g_group[0].u_stage|u_bf2ii
u_pipe|g_fft[8].u_fft|u_core|g_lane[1].u_path|g_group[0].u_stage|u_bf2ii
u_pipe|g_fft[9].u_fft|u_core|g_lane[1].u_path|g_group[0].u_stage|u_bf2ii
u_pipe|g_fft[10].u_fft|u_core|g_lane[1].u_path|g_group[0].u_stage|u_bf2ii
u_pipe|g_fft[11].u_fft|u_core|g_lane[1].u_path|g_group[0].u_stage|u_bf2ii
u_pipe|g_fft[12].u_fft|u_core|g_lane[1].u_path|g_group[0].u_stage|u_bf2ii
u_pipe|g_fft[13].u_fft|u_core|g_lane[1].u_path|g_group[0].u_stage|u_bf2ii
u_pipe|g_fft[14].u_fft|u_core|g_lane[1].u_path|g_group[0].u_stage|u_bf2ii
u_pipe|g_fft[15].u_fft|u_core|g_lane[1].u_path|g_group[0].u_stage|u_bf2ii
u_pipe|g_fft[0].u_fft|u_core|g_lane[0].u_path|g_group[0].u_stage|u_bf2ii
u_pipe|g_fft[1].u_fft|u_core|g_lane[0].u_path|g_group[0].u_stage|u_bf2ii
u_pipe|g_fft[2].u_fft|u_core|g_lane[0].u_path|g_group[0].u_stage|u_bf2ii
u_pipe|g_fft[3].u_fft|u_core|g_lane[0].u_path|g_group[0].u_stage|u_bf2ii
u_pipe|g_fft[4].u_fft|u_core|g_lane[0].u_path|g_group[0].u_stage|u_bf2ii
u_pipe|g_fft[5].u_fft|u_core|g_lane[0].u_path|g_group[0].u_stage|u_bf2ii
u_pipe|g_fft[6].u_fft|u_core|g_lane[0].u_path|g_group[0].u_stage|u_bf2ii
u_pipe|g_fft[7].u_fft|u_core|g_lane[0].u_path|g_group[0].u_stage|u_bf2ii
u_pipe|g_fft[8].u_fft|u_core|g_lane[0].u_path|g_group[0].u_stage|u_bf2ii
u_pipe|g_fft[9].u_fft|u_core|g_lane[0].u_path|g_group[0].u_stage|u_bf2ii
u_pipe|g_fft[10].u_fft|u_core|g_lane[0].u_path|g_group[0].u_stage|u_bf2ii
u_pipe|g_fft[11].u_fft|u_core|g_lane[0].u_path|g_group[0].u_stage|u_bf2ii
u_pipe|g_fft[12].u_fft|u_core|g_lane[0].u_path|g_group[0].u_stage|u_bf2ii
u_pipe|g_fft[13].u_fft|u_core|g_lane[0].u_path|g_group[0].u_stage|u_bf2ii
u_pipe|g_fft[14].u_fft|u_core|g_lane[0].u_path|g_group[0].u_stage|u_bf2ii
u_pipe|g_fft[15].u_fft|u_core|g_lane[0].u_path|g_group[0].u_stage|u_bf2ii



+------------------------------------------------------------------------------------------------------------------------------------------------+
; Parameter Settings for User Entity fft_twiddle_rom Instance: u_pipe|g_fft[15].u_fft|u_core|g_lane[0].u_path|g_group[0].u_stage|g_twiddle.u_rom ;
+----------------+----------------------------------+--------------------------------------------------------------------------------------------+
; Parameter Name ; Value                            ; Type                                                                                       ;
+----------------+----------------------------------+--------------------------------------------------------------------------------------------+
; ADDR_W         ; 00000000000000000000000000001001 ; Unsigned Binary                                                                            ;
; KIND           ; R22                              ; String                                                                                     ;
; L2L            ; 00000000000000000000000000001001 ; Unsigned Binary                                                                            ;
; LEVEL          ; 00000000000000000000000000000000 ; Unsigned Binary                                                                            ;
; N_LANE         ; 00000000000000000000000000000101 ; Unsigned Binary                                                                            ;
; OUT_REG        ; 00000000000000000000000000000001 ; Unsigned Binary                                                                            ;
; STYLE          ; AUTO                             ; String                                                                                     ;
+----------------+----------------------------------+--------------------------------------------------------------------------------------------+
All Instances:
u_pipe|g_fft[0].u_fft|u_core|g_lane[1].u_path|g_group[0].u_stage|g_twiddle.u_rom
u_pipe|g_fft[1].u_fft|u_core|g_lane[1].u_path|g_group[0].u_stage|g_twiddle.u_rom
u_pipe|g_fft[2].u_fft|u_core|g_lane[1].u_path|g_group[0].u_stage|g_twiddle.u_rom
u_pipe|g_fft[3].u_fft|u_core|g_lane[1].u_path|g_group[0].u_stage|g_twiddle.u_rom
u_pipe|g_fft[4].u_fft|u_core|g_lane[1].u_path|g_group[0].u_stage|g_twiddle.u_rom
u_pipe|g_fft[5].u_fft|u_core|g_lane[1].u_path|g_group[0].u_stage|g_twiddle.u_rom
u_pipe|g_fft[6].u_fft|u_core|g_lane[1].u_path|g_group[0].u_stage|g_twiddle.u_rom
u_pipe|g_fft[7].u_fft|u_core|g_lane[1].u_path|g_group[0].u_stage|g_twiddle.u_rom
u_pipe|g_fft[8].u_fft|u_core|g_lane[1].u_path|g_group[0].u_stage|g_twiddle.u_rom
u_pipe|g_fft[9].u_fft|u_core|g_lane[1].u_path|g_group[0].u_stage|g_twiddle.u_rom
u_pipe|g_fft[10].u_fft|u_core|g_lane[1].u_path|g_group[0].u_stage|g_twiddle.u_rom
u_pipe|g_fft[11].u_fft|u_core|g_lane[1].u_path|g_group[0].u_stage|g_twiddle.u_rom
u_pipe|g_fft[12].u_fft|u_core|g_lane[1].u_path|g_group[0].u_stage|g_twiddle.u_rom
u_pipe|g_fft[13].u_fft|u_core|g_lane[1].u_path|g_group[0].u_stage|g_twiddle.u_rom
u_pipe|g_fft[14].u_fft|u_core|g_lane[1].u_path|g_group[0].u_stage|g_twiddle.u_rom
u_pipe|g_fft[15].u_fft|u_core|g_lane[1].u_path|g_group[0].u_stage|g_twiddle.u_rom
u_pipe|g_fft[0].u_fft|u_core|g_lane[0].u_path|g_group[0].u_stage|g_twiddle.u_rom
u_pipe|g_fft[1].u_fft|u_core|g_lane[0].u_path|g_group[0].u_stage|g_twiddle.u_rom
u_pipe|g_fft[2].u_fft|u_core|g_lane[0].u_path|g_group[0].u_stage|g_twiddle.u_rom
u_pipe|g_fft[3].u_fft|u_core|g_lane[0].u_path|g_group[0].u_stage|g_twiddle.u_rom
u_pipe|g_fft[4].u_fft|u_core|g_lane[0].u_path|g_group[0].u_stage|g_twiddle.u_rom
u_pipe|g_fft[5].u_fft|u_core|g_lane[0].u_path|g_group[0].u_stage|g_twiddle.u_rom
u_pipe|g_fft[6].u_fft|u_core|g_lane[0].u_path|g_group[0].u_stage|g_twiddle.u_rom
u_pipe|g_fft[7].u_fft|u_core|g_lane[0].u_path|g_group[0].u_stage|g_twiddle.u_rom
u_pipe|g_fft[8].u_fft|u_core|g_lane[0].u_path|g_group[0].u_stage|g_twiddle.u_rom
u_pipe|g_fft[9].u_fft|u_core|g_lane[0].u_path|g_group[0].u_stage|g_twiddle.u_rom
u_pipe|g_fft[10].u_fft|u_core|g_lane[0].u_path|g_group[0].u_stage|g_twiddle.u_rom
u_pipe|g_fft[11].u_fft|u_core|g_lane[0].u_path|g_group[0].u_stage|g_twiddle.u_rom
u_pipe|g_fft[12].u_fft|u_core|g_lane[0].u_path|g_group[0].u_stage|g_twiddle.u_rom
u_pipe|g_fft[13].u_fft|u_core|g_lane[0].u_path|g_group[0].u_stage|g_twiddle.u_rom
u_pipe|g_fft[14].u_fft|u_core|g_lane[0].u_path|g_group[0].u_stage|g_twiddle.u_rom
u_pipe|g_fft[15].u_fft|u_core|g_lane[0].u_path|g_group[0].u_stage|g_twiddle.u_rom



+-------------------------------------------------------------------------------------------------------------------------------+
; Parameter Settings for User Entity fft_bf2 Instance: u_pipe|g_fft[15].u_fft|u_core|g_lane[0].u_path|g_group[1].u_stage|u_bf2i ;
+----------------+----------------------------------+---------------------------------------------------------------------------+
; Parameter Name ; Value                            ; Type                                                                      ;
+----------------+----------------------------------+---------------------------------------------------------------------------+
; DELAY          ; 00000000000000000000000001000000 ; Unsigned Binary                                                           ;
; IDX_W          ; 00000000000000000000000000001001 ; Unsigned Binary                                                           ;
; IS_BF2II       ; 00000000000000000000000000000000 ; Unsigned Binary                                                           ;
; MEM_STYLE      ; MLAB                             ; String                                                                    ;
; SHIFT          ; 00000000000000000000000000000001 ; Unsigned Binary                                                           ;
+----------------+----------------------------------+---------------------------------------------------------------------------+
All Instances:
u_pipe|g_fft[0].u_fft|u_core|g_lane[1].u_path|g_group[1].u_stage|u_bf2i
u_pipe|g_fft[1].u_fft|u_core|g_lane[1].u_path|g_group[1].u_stage|u_bf2i
u_pipe|g_fft[2].u_fft|u_core|g_lane[1].u_path|g_group[1].u_stage|u_bf2i
u_pipe|g_fft[3].u_fft|u_core|g_lane[1].u_path|g_group[1].u_stage|u_bf2i
u_pipe|g_fft[4].u_fft|u_core|g_lane[1].u_path|g_group[1].u_stage|u_bf2i
u_pipe|g_fft[5].u_fft|u_core|g_lane[1].u_path|g_group[1].u_stage|u_bf2i
u_pipe|g_fft[6].u_fft|u_core|g_lane[1].u_path|g_group[1].u_stage|u_bf2i
u_pipe|g_fft[7].u_fft|u_core|g_lane[1].u_path|g_group[1].u_stage|u_bf2i
u_pipe|g_fft[8].u_fft|u_core|g_lane[1].u_path|g_group[1].u_stage|u_bf2i
u_pipe|g_fft[9].u_fft|u_core|g_lane[1].u_path|g_group[1].u_stage|u_bf2i
u_pipe|g_fft[10].u_fft|u_core|g_lane[1].u_path|g_group[1].u_stage|u_bf2i
u_pipe|g_fft[11].u_fft|u_core|g_lane[1].u_path|g_group[1].u_stage|u_bf2i
u_pipe|g_fft[12].u_fft|u_core|g_lane[1].u_path|g_group[1].u_stage|u_bf2i
u_pipe|g_fft[13].u_fft|u_core|g_lane[1].u_path|g_group[1].u_stage|u_bf2i
u_pipe|g_fft[14].u_fft|u_core|g_lane[1].u_path|g_group[1].u_stage|u_bf2i
u_pipe|g_fft[15].u_fft|u_core|g_lane[1].u_path|g_group[1].u_stage|u_bf2i
u_pipe|g_fft[0].u_fft|u_core|g_lane[0].u_path|g_group[1].u_stage|u_bf2i
u_pipe|g_fft[1].u_fft|u_core|g_lane[0].u_path|g_group[1].u_stage|u_bf2i
u_pipe|g_fft[2].u_fft|u_core|g_lane[0].u_path|g_group[1].u_stage|u_bf2i
u_pipe|g_fft[3].u_fft|u_core|g_lane[0].u_path|g_group[1].u_stage|u_bf2i
u_pipe|g_fft[4].u_fft|u_core|g_lane[0].u_path|g_group[1].u_stage|u_bf2i
u_pipe|g_fft[5].u_fft|u_core|g_lane[0].u_path|g_group[1].u_stage|u_bf2i
u_pipe|g_fft[6].u_fft|u_core|g_lane[0].u_path|g_group[1].u_stage|u_bf2i
u_pipe|g_fft[7].u_fft|u_core|g_lane[0].u_path|g_group[1].u_stage|u_bf2i
u_pipe|g_fft[8].u_fft|u_core|g_lane[0].u_path|g_group[1].u_stage|u_bf2i
u_pipe|g_fft[9].u_fft|u_core|g_lane[0].u_path|g_group[1].u_stage|u_bf2i
u_pipe|g_fft[10].u_fft|u_core|g_lane[0].u_path|g_group[1].u_stage|u_bf2i
u_pipe|g_fft[11].u_fft|u_core|g_lane[0].u_path|g_group[1].u_stage|u_bf2i
u_pipe|g_fft[12].u_fft|u_core|g_lane[0].u_path|g_group[1].u_stage|u_bf2i
u_pipe|g_fft[13].u_fft|u_core|g_lane[0].u_path|g_group[1].u_stage|u_bf2i
u_pipe|g_fft[14].u_fft|u_core|g_lane[0].u_path|g_group[1].u_stage|u_bf2i
u_pipe|g_fft[15].u_fft|u_core|g_lane[0].u_path|g_group[1].u_stage|u_bf2i



+--------------------------------------------------------------------------------------------------------------------------------+
; Parameter Settings for User Entity fft_bf2 Instance: u_pipe|g_fft[15].u_fft|u_core|g_lane[0].u_path|g_group[1].u_stage|u_bf2ii ;
+----------------+----------------------------------+----------------------------------------------------------------------------+
; Parameter Name ; Value                            ; Type                                                                       ;
+----------------+----------------------------------+----------------------------------------------------------------------------+
; DELAY          ; 00000000000000000000000000100000 ; Unsigned Binary                                                            ;
; IDX_W          ; 00000000000000000000000000001001 ; Unsigned Binary                                                            ;
; IS_BF2II       ; 00000000000000000000000000000001 ; Unsigned Binary                                                            ;
; MEM_STYLE      ; MLAB                             ; String                                                                     ;
; SHIFT          ; 00000000000000000000000000000001 ; Unsigned Binary                                                            ;
+----------------+----------------------------------+----------------------------------------------------------------------------+
All Instances:
u_pipe|g_fft[0].u_fft|u_core|g_lane[1].u_path|g_group[1].u_stage|u_bf2ii
u_pipe|g_fft[1].u_fft|u_core|g_lane[1].u_path|g_group[1].u_stage|u_bf2ii
u_pipe|g_fft[2].u_fft|u_core|g_lane[1].u_path|g_group[1].u_stage|u_bf2ii
u_pipe|g_fft[3].u_fft|u_core|g_lane[1].u_path|g_group[1].u_stage|u_bf2ii
u_pipe|g_fft[4].u_fft|u_core|g_lane[1].u_path|g_group[1].u_stage|u_bf2ii
u_pipe|g_fft[5].u_fft|u_core|g_lane[1].u_path|g_group[1].u_stage|u_bf2ii
u_pipe|g_fft[6].u_fft|u_core|g_lane[1].u_path|g_group[1].u_stage|u_bf2ii
u_pipe|g_fft[7].u_fft|u_core|g_lane[1].u_path|g_group[1].u_stage|u_bf2ii
u_pipe|g_fft[8].u_fft|u_core|g_lane[1].u_path|g_group[1].u_stage|u_bf2ii
u_pipe|g_fft[9].u_fft|u_core|g_lane[1].u_path|g_group[1].u_stage|u_bf2ii
u_pipe|g_fft[10].u_fft|u_core|g_lane[1].u_path|g_group[1].u_stage|u_bf2ii
u_pipe|g_fft[11].u_fft|u_core|g_lane[1].u_path|g_group[1].u_stage|u_bf2ii
u_pipe|g_fft[12].u_fft|u_core|g_lane[1].u_path|g_group[1].u_stage|u_bf2ii
u_pipe|g_fft[13].u_fft|u_core|g_lane[1].u_path|g_group[1].u_stage|u_bf2ii
u_pipe|g_fft[14].u_fft|u_core|g_lane[1].u_path|g_group[1].u_stage|u_bf2ii
u_pipe|g_fft[15].u_fft|u_core|g_lane[1].u_path|g_group[1].u_stage|u_bf2ii
u_pipe|g_fft[0].u_fft|u_core|g_lane[0].u_path|g_group[1].u_stage|u_bf2ii
u_pipe|g_fft[1].u_fft|u_core|g_lane[0].u_path|g_group[1].u_stage|u_bf2ii
u_pipe|g_fft[2].u_fft|u_core|g_lane[0].u_path|g_group[1].u_stage|u_bf2ii
u_pipe|g_fft[3].u_fft|u_core|g_lane[0].u_path|g_group[1].u_stage|u_bf2ii
u_pipe|g_fft[4].u_fft|u_core|g_lane[0].u_path|g_group[1].u_stage|u_bf2ii
u_pipe|g_fft[5].u_fft|u_core|g_lane[0].u_path|g_group[1].u_stage|u_bf2ii
u_pipe|g_fft[6].u_fft|u_core|g_lane[0].u_path|g_group[1].u_stage|u_bf2ii
u_pipe|g_fft[7].u_fft|u_core|g_lane[0].u_path|g_group[1].u_stage|u_bf2ii
u_pipe|g_fft[8].u_fft|u_core|g_lane[0].u_path|g_group[1].u_stage|u_bf2ii
u_pipe|g_fft[9].u_fft|u_core|g_lane[0].u_path|g_group[1].u_stage|u_bf2ii
u_pipe|g_fft[10].u_fft|u_core|g_lane[0].u_path|g_group[1].u_stage|u_bf2ii
u_pipe|g_fft[11].u_fft|u_core|g_lane[0].u_path|g_group[1].u_stage|u_bf2ii
u_pipe|g_fft[12].u_fft|u_core|g_lane[0].u_path|g_group[1].u_stage|u_bf2ii
u_pipe|g_fft[13].u_fft|u_core|g_lane[0].u_path|g_group[1].u_stage|u_bf2ii
u_pipe|g_fft[14].u_fft|u_core|g_lane[0].u_path|g_group[1].u_stage|u_bf2ii
u_pipe|g_fft[15].u_fft|u_core|g_lane[0].u_path|g_group[1].u_stage|u_bf2ii



+------------------------------------------------------------------------------------------------------------------------------------------------+
; Parameter Settings for User Entity fft_twiddle_rom Instance: u_pipe|g_fft[15].u_fft|u_core|g_lane[0].u_path|g_group[1].u_stage|g_twiddle.u_rom ;
+----------------+----------------------------------+--------------------------------------------------------------------------------------------+
; Parameter Name ; Value                            ; Type                                                                                       ;
+----------------+----------------------------------+--------------------------------------------------------------------------------------------+
; ADDR_W         ; 00000000000000000000000000000111 ; Unsigned Binary                                                                            ;
; KIND           ; R22                              ; String                                                                                     ;
; L2L            ; 00000000000000000000000000000111 ; Unsigned Binary                                                                            ;
; LEVEL          ; 00000000000000000000000000000000 ; Unsigned Binary                                                                            ;
; N_LANE         ; 00000000000000000000000000000101 ; Unsigned Binary                                                                            ;
; OUT_REG        ; 00000000000000000000000000000001 ; Unsigned Binary                                                                            ;
; STYLE          ; AUTO                             ; String                                                                                     ;
+----------------+----------------------------------+--------------------------------------------------------------------------------------------+
All Instances:
u_pipe|g_fft[0].u_fft|u_core|g_lane[1].u_path|g_group[1].u_stage|g_twiddle.u_rom
u_pipe|g_fft[1].u_fft|u_core|g_lane[1].u_path|g_group[1].u_stage|g_twiddle.u_rom
u_pipe|g_fft[2].u_fft|u_core|g_lane[1].u_path|g_group[1].u_stage|g_twiddle.u_rom
u_pipe|g_fft[3].u_fft|u_core|g_lane[1].u_path|g_group[1].u_stage|g_twiddle.u_rom
u_pipe|g_fft[4].u_fft|u_core|g_lane[1].u_path|g_group[1].u_stage|g_twiddle.u_rom
u_pipe|g_fft[5].u_fft|u_core|g_lane[1].u_path|g_group[1].u_stage|g_twiddle.u_rom
u_pipe|g_fft[6].u_fft|u_core|g_lane[1].u_path|g_group[1].u_stage|g_twiddle.u_rom
u_pipe|g_fft[7].u_fft|u_core|g_lane[1].u_path|g_group[1].u_stage|g_twiddle.u_rom
u_pipe|g_fft[8].u_fft|u_core|g_lane[1].u_path|g_group[1].u_stage|g_twiddle.u_rom
u_pipe|g_fft[9].u_fft|u_core|g_lane[1].u_path|g_group[1].u_stage|g_twiddle.u_rom
u_pipe|g_fft[10].u_fft|u_core|g_lane[1].u_path|g_group[1].u_stage|g_twiddle.u_rom
u_pipe|g_fft[11].u_fft|u_core|g_lane[1].u_path|g_group[1].u_stage|g_twiddle.u_rom
u_pipe|g_fft[12].u_fft|u_core|g_lane[1].u_path|g_group[1].u_stage|g_twiddle.u_rom
u_pipe|g_fft[13].u_fft|u_core|g_lane[1].u_path|g_group[1].u_stage|g_twiddle.u_rom
u_pipe|g_fft[14].u_fft|u_core|g_lane[1].u_path|g_group[1].u_stage|g_twiddle.u_rom
u_pipe|g_fft[15].u_fft|u_core|g_lane[1].u_path|g_group[1].u_stage|g_twiddle.u_rom
u_pipe|g_fft[0].u_fft|u_core|g_lane[0].u_path|g_group[1].u_stage|g_twiddle.u_rom
u_pipe|g_fft[1].u_fft|u_core|g_lane[0].u_path|g_group[1].u_stage|g_twiddle.u_rom
u_pipe|g_fft[2].u_fft|u_core|g_lane[0].u_path|g_group[1].u_stage|g_twiddle.u_rom
u_pipe|g_fft[3].u_fft|u_core|g_lane[0].u_path|g_group[1].u_stage|g_twiddle.u_rom
u_pipe|g_fft[4].u_fft|u_core|g_lane[0].u_path|g_group[1].u_stage|g_twiddle.u_rom
u_pipe|g_fft[5].u_fft|u_core|g_lane[0].u_path|g_group[1].u_stage|g_twiddle.u_rom
u_pipe|g_fft[6].u_fft|u_core|g_lane[0].u_path|g_group[1].u_stage|g_twiddle.u_rom
u_pipe|g_fft[7].u_fft|u_core|g_lane[0].u_path|g_group[1].u_stage|g_twiddle.u_rom
u_pipe|g_fft[8].u_fft|u_core|g_lane[0].u_path|g_group[1].u_stage|g_twiddle.u_rom
u_pipe|g_fft[9].u_fft|u_core|g_lane[0].u_path|g_group[1].u_stage|g_twiddle.u_rom
u_pipe|g_fft[10].u_fft|u_core|g_lane[0].u_path|g_group[1].u_stage|g_twiddle.u_rom
u_pipe|g_fft[11].u_fft|u_core|g_lane[0].u_path|g_group[1].u_stage|g_twiddle.u_rom
u_pipe|g_fft[12].u_fft|u_core|g_lane[0].u_path|g_group[1].u_stage|g_twiddle.u_rom
u_pipe|g_fft[13].u_fft|u_core|g_lane[0].u_path|g_group[1].u_stage|g_twiddle.u_rom
u_pipe|g_fft[14].u_fft|u_core|g_lane[0].u_path|g_group[1].u_stage|g_twiddle.u_rom
u_pipe|g_fft[15].u_fft|u_core|g_lane[0].u_path|g_group[1].u_stage|g_twiddle.u_rom



+-------------------------------------------------------------------------------------------------------------------------------+
; Parameter Settings for User Entity fft_bf2 Instance: u_pipe|g_fft[15].u_fft|u_core|g_lane[0].u_path|g_group[2].u_stage|u_bf2i ;
+----------------+----------------------------------+---------------------------------------------------------------------------+
; Parameter Name ; Value                            ; Type                                                                      ;
+----------------+----------------------------------+---------------------------------------------------------------------------+
; DELAY          ; 00000000000000000000000000010000 ; Unsigned Binary                                                           ;
; IDX_W          ; 00000000000000000000000000001001 ; Unsigned Binary                                                           ;
; IS_BF2II       ; 00000000000000000000000000000000 ; Unsigned Binary                                                           ;
; MEM_STYLE      ; MLAB                             ; String                                                                    ;
; SHIFT          ; 00000000000000000000000000000001 ; Unsigned Binary                                                           ;
+----------------+----------------------------------+---------------------------------------------------------------------------+
All Instances:
u_pipe|g_fft[0].u_fft|u_core|g_lane[1].u_path|g_group[2].u_stage|u_bf2i
u_pipe|g_fft[1].u_fft|u_core|g_lane[1].u_path|g_group[2].u_stage|u_bf2i
u_pipe|g_fft[2].u_fft|u_core|g_lane[1].u_path|g_group[2].u_stage|u_bf2i
u_pipe|g_fft[3].u_fft|u_core|g_lane[1].u_path|g_group[2].u_stage|u_bf2i
u_pipe|g_fft[4].u_fft|u_core|g_lane[1].u_path|g_group[2].u_stage|u_bf2i
u_pipe|g_fft[5].u_fft|u_core|g_lane[1].u_path|g_group[2].u_stage|u_bf2i
u_pipe|g_fft[6].u_fft|u_core|g_lane[1].u_path|g_group[2].u_stage|u_bf2i
u_pipe|g_fft[7].u_fft|u_core|g_lane[1].u_path|g_group[2].u_stage|u_bf2i
u_pipe|g_fft[8].u_fft|u_core|g_lane[1].u_path|g_group[2].u_stage|u_bf2i
u_pipe|g_fft[9].u_fft|u_core|g_lane[1].u_path|g_group[2].u_stage|u_bf2i
u_pipe|g_fft[10].u_fft|u_core|g_lane[1].u_path|g_group[2].u_stage|u_bf2i
u_pipe|g_fft[11].u_fft|u_core|g_lane[1].u_path|g_group[2].u_stage|u_bf2i
u_pipe|g_fft[12].u_fft|u_core|g_lane[1].u_path|g_group[2].u_stage|u_bf2i
u_pipe|g_fft[13].u_fft|u_core|g_lane[1].u_path|g_group[2].u_stage|u_bf2i
u_pipe|g_fft[14].u_fft|u_core|g_lane[1].u_path|g_group[2].u_stage|u_bf2i
u_pipe|g_fft[15].u_fft|u_core|g_lane[1].u_path|g_group[2].u_stage|u_bf2i
u_pipe|g_fft[0].u_fft|u_core|g_lane[0].u_path|g_group[2].u_stage|u_bf2i
u_pipe|g_fft[1].u_fft|u_core|g_lane[0].u_path|g_group[2].u_stage|u_bf2i
u_pipe|g_fft[2].u_fft|u_core|g_lane[0].u_path|g_group[2].u_stage|u_bf2i
u_pipe|g_fft[3].u_fft|u_core|g_lane[0].u_path|g_group[2].u_stage|u_bf2i
u_pipe|g_fft[4].u_fft|u_core|g_lane[0].u_path|g_group[2].u_stage|u_bf2i
u_pipe|g_fft[5].u_fft|u_core|g_lane[0].u_path|g_group[2].u_stage|u_bf2i
u_pipe|g_fft[6].u_fft|u_core|g_lane[0].u_path|g_group[2].u_stage|u_bf2i
u_pipe|g_fft[7].u_fft|u_core|g_lane[0].u_path|g_group[2].u_stage|u_bf2i
u_pipe|g_fft[8].u_fft|u_core|g_lane[0].u_path|g_group[2].u_stage|u_bf2i
u_pipe|g_fft[9].u_fft|u_core|g_lane[0].u_path|g_group[2].u_stage|u_bf2i
u_pipe|g_fft[10].u_fft|u_core|g_lane[0].u_path|g_group[2].u_stage|u_bf2i
u_pipe|g_fft[11].u_fft|u_core|g_lane[0].u_path|g_group[2].u_stage|u_bf2i
u_pipe|g_fft[12].u_fft|u_core|g_lane[0].u_path|g_group[2].u_stage|u_bf2i
u_pipe|g_fft[13].u_fft|u_core|g_lane[0].u_path|g_group[2].u_stage|u_bf2i
u_pipe|g_fft[14].u_fft|u_core|g_lane[0].u_path|g_group[2].u_stage|u_bf2i
u_pipe|g_fft[15].u_fft|u_core|g_lane[0].u_path|g_group[2].u_stage|u_bf2i



+--------------------------------------------------------------------------------------------------------------------------------+
; Parameter Settings for User Entity fft_bf2 Instance: u_pipe|g_fft[15].u_fft|u_core|g_lane[0].u_path|g_group[2].u_stage|u_bf2ii ;
+----------------+----------------------------------+----------------------------------------------------------------------------+
; Parameter Name ; Value                            ; Type                                                                       ;
+----------------+----------------------------------+----------------------------------------------------------------------------+
; DELAY          ; 00000000000000000000000000001000 ; Unsigned Binary                                                            ;
; IDX_W          ; 00000000000000000000000000001001 ; Unsigned Binary                                                            ;
; IS_BF2II       ; 00000000000000000000000000000001 ; Unsigned Binary                                                            ;
; MEM_STYLE      ; MLAB                             ; String                                                                     ;
; SHIFT          ; 00000000000000000000000000000001 ; Unsigned Binary                                                            ;
+----------------+----------------------------------+----------------------------------------------------------------------------+
All Instances:
u_pipe|g_fft[0].u_fft|u_core|g_lane[1].u_path|g_group[2].u_stage|u_bf2ii
u_pipe|g_fft[1].u_fft|u_core|g_lane[1].u_path|g_group[2].u_stage|u_bf2ii
u_pipe|g_fft[2].u_fft|u_core|g_lane[1].u_path|g_group[2].u_stage|u_bf2ii
u_pipe|g_fft[3].u_fft|u_core|g_lane[1].u_path|g_group[2].u_stage|u_bf2ii
u_pipe|g_fft[4].u_fft|u_core|g_lane[1].u_path|g_group[2].u_stage|u_bf2ii
u_pipe|g_fft[5].u_fft|u_core|g_lane[1].u_path|g_group[2].u_stage|u_bf2ii
u_pipe|g_fft[6].u_fft|u_core|g_lane[1].u_path|g_group[2].u_stage|u_bf2ii
u_pipe|g_fft[7].u_fft|u_core|g_lane[1].u_path|g_group[2].u_stage|u_bf2ii
u_pipe|g_fft[8].u_fft|u_core|g_lane[1].u_path|g_group[2].u_stage|u_bf2ii
u_pipe|g_fft[9].u_fft|u_core|g_lane[1].u_path|g_group[2].u_stage|u_bf2ii
u_pipe|g_fft[10].u_fft|u_core|g_lane[1].u_path|g_group[2].u_stage|u_bf2ii
u_pipe|g_fft[11].u_fft|u_core|g_lane[1].u_path|g_group[2].u_stage|u_bf2ii
u_pipe|g_fft[12].u_fft|u_core|g_lane[1].u_path|g_group[2].u_stage|u_bf2ii
u_pipe|g_fft[13].u_fft|u_core|g_lane[1].u_path|g_group[2].u_stage|u_bf2ii
u_pipe|g_fft[14].u_fft|u_core|g_lane[1].u_path|g_group[2].u_stage|u_bf2ii
u_pipe|g_fft[15].u_fft|u_core|g_lane[1].u_path|g_group[2].u_stage|u_bf2ii
u_pipe|g_fft[0].u_fft|u_core|g_lane[0].u_path|g_group[2].u_stage|u_bf2ii
u_pipe|g_fft[1].u_fft|u_core|g_lane[0].u_path|g_group[2].u_stage|u_bf2ii
u_pipe|g_fft[2].u_fft|u_core|g_lane[0].u_path|g_group[2].u_stage|u_bf2ii
u_pipe|g_fft[3].u_fft|u_core|g_lane[0].u_path|g_group[2].u_stage|u_bf2ii
u_pipe|g_fft[4].u_fft|u_core|g_lane[0].u_path|g_group[2].u_stage|u_bf2ii
u_pipe|g_fft[5].u_fft|u_core|g_lane[0].u_path|g_group[2].u_stage|u_bf2ii
u_pipe|g_fft[6].u_fft|u_core|g_lane[0].u_path|g_group[2].u_stage|u_bf2ii
u_pipe|g_fft[7].u_fft|u_core|g_lane[0].u_path|g_group[2].u_stage|u_bf2ii
u_pipe|g_fft[8].u_fft|u_core|g_lane[0].u_path|g_group[2].u_stage|u_bf2ii
u_pipe|g_fft[9].u_fft|u_core|g_lane[0].u_path|g_group[2].u_stage|u_bf2ii
u_pipe|g_fft[10].u_fft|u_core|g_lane[0].u_path|g_group[2].u_stage|u_bf2ii
u_pipe|g_fft[11].u_fft|u_core|g_lane[0].u_path|g_group[2].u_stage|u_bf2ii
u_pipe|g_fft[12].u_fft|u_core|g_lane[0].u_path|g_group[2].u_stage|u_bf2ii
u_pipe|g_fft[13].u_fft|u_core|g_lane[0].u_path|g_group[2].u_stage|u_bf2ii
u_pipe|g_fft[14].u_fft|u_core|g_lane[0].u_path|g_group[2].u_stage|u_bf2ii
u_pipe|g_fft[15].u_fft|u_core|g_lane[0].u_path|g_group[2].u_stage|u_bf2ii



+------------------------------------------------------------------------------------------------------------------------------------------------+
; Parameter Settings for User Entity fft_twiddle_rom Instance: u_pipe|g_fft[15].u_fft|u_core|g_lane[0].u_path|g_group[2].u_stage|g_twiddle.u_rom ;
+----------------+----------------------------------+--------------------------------------------------------------------------------------------+
; Parameter Name ; Value                            ; Type                                                                                       ;
+----------------+----------------------------------+--------------------------------------------------------------------------------------------+
; ADDR_W         ; 00000000000000000000000000000101 ; Unsigned Binary                                                                            ;
; KIND           ; R22                              ; String                                                                                     ;
; L2L            ; 00000000000000000000000000000101 ; Unsigned Binary                                                                            ;
; LEVEL          ; 00000000000000000000000000000000 ; Unsigned Binary                                                                            ;
; N_LANE         ; 00000000000000000000000000000101 ; Unsigned Binary                                                                            ;
; OUT_REG        ; 00000000000000000000000000000001 ; Unsigned Binary                                                                            ;
; STYLE          ; AUTO                             ; String                                                                                     ;
+----------------+----------------------------------+--------------------------------------------------------------------------------------------+
All Instances:
u_pipe|g_fft[0].u_fft|u_core|g_lane[1].u_path|g_group[2].u_stage|g_twiddle.u_rom
u_pipe|g_fft[1].u_fft|u_core|g_lane[1].u_path|g_group[2].u_stage|g_twiddle.u_rom
u_pipe|g_fft[2].u_fft|u_core|g_lane[1].u_path|g_group[2].u_stage|g_twiddle.u_rom
u_pipe|g_fft[3].u_fft|u_core|g_lane[1].u_path|g_group[2].u_stage|g_twiddle.u_rom
u_pipe|g_fft[4].u_fft|u_core|g_lane[1].u_path|g_group[2].u_stage|g_twiddle.u_rom
u_pipe|g_fft[5].u_fft|u_core|g_lane[1].u_path|g_group[2].u_stage|g_twiddle.u_rom
u_pipe|g_fft[6].u_fft|u_core|g_lane[1].u_path|g_group[2].u_stage|g_twiddle.u_rom
u_pipe|g_fft[7].u_fft|u_core|g_lane[1].u_path|g_group[2].u_stage|g_twiddle.u_rom
u_pipe|g_fft[8].u_fft|u_core|g_lane[1].u_path|g_group[2].u_stage|g_twiddle.u_rom
u_pipe|g_fft[9].u_fft|u_core|g_lane[1].u_path|g_group[2].u_stage|g_twiddle.u_rom
u_pipe|g_fft[10].u_fft|u_core|g_lane[1].u_path|g_group[2].u_stage|g_twiddle.u_rom
u_pipe|g_fft[11].u_fft|u_core|g_lane[1].u_path|g_group[2].u_stage|g_twiddle.u_rom
u_pipe|g_fft[12].u_fft|u_core|g_lane[1].u_path|g_group[2].u_stage|g_twiddle.u_rom
u_pipe|g_fft[13].u_fft|u_core|g_lane[1].u_path|g_group[2].u_stage|g_twiddle.u_rom
u_pipe|g_fft[14].u_fft|u_core|g_lane[1].u_path|g_group[2].u_stage|g_twiddle.u_rom
u_pipe|g_fft[15].u_fft|u_core|g_lane[1].u_path|g_group[2].u_stage|g_twiddle.u_rom
u_pipe|g_fft[0].u_fft|u_core|g_lane[0].u_path|g_group[2].u_stage|g_twiddle.u_rom
u_pipe|g_fft[1].u_fft|u_core|g_lane[0].u_path|g_group[2].u_stage|g_twiddle.u_rom
u_pipe|g_fft[2].u_fft|u_core|g_lane[0].u_path|g_group[2].u_stage|g_twiddle.u_rom
u_pipe|g_fft[3].u_fft|u_core|g_lane[0].u_path|g_group[2].u_stage|g_twiddle.u_rom
u_pipe|g_fft[4].u_fft|u_core|g_lane[0].u_path|g_group[2].u_stage|g_twiddle.u_rom
u_pipe|g_fft[5].u_fft|u_core|g_lane[0].u_path|g_group[2].u_stage|g_twiddle.u_rom
u_pipe|g_fft[6].u_fft|u_core|g_lane[0].u_path|g_group[2].u_stage|g_twiddle.u_rom
u_pipe|g_fft[7].u_fft|u_core|g_lane[0].u_path|g_group[2].u_stage|g_twiddle.u_rom
u_pipe|g_fft[8].u_fft|u_core|g_lane[0].u_path|g_group[2].u_stage|g_twiddle.u_rom
u_pipe|g_fft[9].u_fft|u_core|g_lane[0].u_path|g_group[2].u_stage|g_twiddle.u_rom
u_pipe|g_fft[10].u_fft|u_core|g_lane[0].u_path|g_group[2].u_stage|g_twiddle.u_rom
u_pipe|g_fft[11].u_fft|u_core|g_lane[0].u_path|g_group[2].u_stage|g_twiddle.u_rom
u_pipe|g_fft[12].u_fft|u_core|g_lane[0].u_path|g_group[2].u_stage|g_twiddle.u_rom
u_pipe|g_fft[13].u_fft|u_core|g_lane[0].u_path|g_group[2].u_stage|g_twiddle.u_rom
u_pipe|g_fft[14].u_fft|u_core|g_lane[0].u_path|g_group[2].u_stage|g_twiddle.u_rom
u_pipe|g_fft[15].u_fft|u_core|g_lane[0].u_path|g_group[2].u_stage|g_twiddle.u_rom



+-------------------------------------------------------------------------------------------------------------------------------+
; Parameter Settings for User Entity fft_bf2 Instance: u_pipe|g_fft[15].u_fft|u_core|g_lane[0].u_path|g_group[3].u_stage|u_bf2i ;
+----------------+----------------------------------+---------------------------------------------------------------------------+
; Parameter Name ; Value                            ; Type                                                                      ;
+----------------+----------------------------------+---------------------------------------------------------------------------+
; DELAY          ; 00000000000000000000000000000100 ; Unsigned Binary                                                           ;
; IDX_W          ; 00000000000000000000000000001001 ; Unsigned Binary                                                           ;
; IS_BF2II       ; 00000000000000000000000000000000 ; Unsigned Binary                                                           ;
; MEM_STYLE      ; MLAB                             ; String                                                                    ;
; SHIFT          ; 00000000000000000000000000000001 ; Unsigned Binary                                                           ;
+----------------+----------------------------------+---------------------------------------------------------------------------+
All Instances:
u_pipe|g_fft[0].u_fft|u_core|g_lane[1].u_path|g_group[3].u_stage|u_bf2i
u_pipe|g_fft[1].u_fft|u_core|g_lane[1].u_path|g_group[3].u_stage|u_bf2i
u_pipe|g_fft[2].u_fft|u_core|g_lane[1].u_path|g_group[3].u_stage|u_bf2i
u_pipe|g_fft[3].u_fft|u_core|g_lane[1].u_path|g_group[3].u_stage|u_bf2i
u_pipe|g_fft[4].u_fft|u_core|g_lane[1].u_path|g_group[3].u_stage|u_bf2i
u_pipe|g_fft[5].u_fft|u_core|g_lane[1].u_path|g_group[3].u_stage|u_bf2i
u_pipe|g_fft[6].u_fft|u_core|g_lane[1].u_path|g_group[3].u_stage|u_bf2i
u_pipe|g_fft[7].u_fft|u_core|g_lane[1].u_path|g_group[3].u_stage|u_bf2i
u_pipe|g_fft[8].u_fft|u_core|g_lane[1].u_path|g_group[3].u_stage|u_bf2i
u_pipe|g_fft[9].u_fft|u_core|g_lane[1].u_path|g_group[3].u_stage|u_bf2i
u_pipe|g_fft[10].u_fft|u_core|g_lane[1].u_path|g_group[3].u_stage|u_bf2i
u_pipe|g_fft[11].u_fft|u_core|g_lane[1].u_path|g_group[3].u_stage|u_bf2i
u_pipe|g_fft[12].u_fft|u_core|g_lane[1].u_path|g_group[3].u_stage|u_bf2i
u_pipe|g_fft[13].u_fft|u_core|g_lane[1].u_path|g_group[3].u_stage|u_bf2i
u_pipe|g_fft[14].u_fft|u_core|g_lane[1].u_path|g_group[3].u_stage|u_bf2i
u_pipe|g_fft[15].u_fft|u_core|g_lane[1].u_path|g_group[3].u_stage|u_bf2i
u_pipe|g_fft[0].u_fft|u_core|g_lane[0].u_path|g_group[3].u_stage|u_bf2i
u_pipe|g_fft[1].u_fft|u_core|g_lane[0].u_path|g_group[3].u_stage|u_bf2i
u_pipe|g_fft[2].u_fft|u_core|g_lane[0].u_path|g_group[3].u_stage|u_bf2i
u_pipe|g_fft[3].u_fft|u_core|g_lane[0].u_path|g_group[3].u_stage|u_bf2i
u_pipe|g_fft[4].u_fft|u_core|g_lane[0].u_path|g_group[3].u_stage|u_bf2i
u_pipe|g_fft[5].u_fft|u_core|g_lane[0].u_path|g_group[3].u_stage|u_bf2i
u_pipe|g_fft[6].u_fft|u_core|g_lane[0].u_path|g_group[3].u_stage|u_bf2i
u_pipe|g_fft[7].u_fft|u_core|g_lane[0].u_path|g_group[3].u_stage|u_bf2i
u_pipe|g_fft[8].u_fft|u_core|g_lane[0].u_path|g_group[3].u_stage|u_bf2i
u_pipe|g_fft[9].u_fft|u_core|g_lane[0].u_path|g_group[3].u_stage|u_bf2i
u_pipe|g_fft[10].u_fft|u_core|g_lane[0].u_path|g_group[3].u_stage|u_bf2i
u_pipe|g_fft[11].u_fft|u_core|g_lane[0].u_path|g_group[3].u_stage|u_bf2i
u_pipe|g_fft[12].u_fft|u_core|g_lane[0].u_path|g_group[3].u_stage|u_bf2i
u_pipe|g_fft[13].u_fft|u_core|g_lane[0].u_path|g_group[3].u_stage|u_bf2i
u_pipe|g_fft[14].u_fft|u_core|g_lane[0].u_path|g_group[3].u_stage|u_bf2i
u_pipe|g_fft[15].u_fft|u_core|g_lane[0].u_path|g_group[3].u_stage|u_bf2i



+--------------------------------------------------------------------------------------------------------------------------------+
; Parameter Settings for User Entity fft_bf2 Instance: u_pipe|g_fft[15].u_fft|u_core|g_lane[0].u_path|g_group[3].u_stage|u_bf2ii ;
+----------------+----------------------------------+----------------------------------------------------------------------------+
; Parameter Name ; Value                            ; Type                                                                       ;
+----------------+----------------------------------+----------------------------------------------------------------------------+
; DELAY          ; 00000000000000000000000000000010 ; Unsigned Binary                                                            ;
; IDX_W          ; 00000000000000000000000000001001 ; Unsigned Binary                                                            ;
; IS_BF2II       ; 00000000000000000000000000000001 ; Unsigned Binary                                                            ;
; MEM_STYLE      ; MLAB                             ; String                                                                     ;
; SHIFT          ; 00000000000000000000000000000001 ; Unsigned Binary                                                            ;
+----------------+----------------------------------+----------------------------------------------------------------------------+
All Instances:
u_pipe|g_fft[0].u_fft|u_core|g_lane[1].u_path|g_group[3].u_stage|u_bf2ii
u_pipe|g_fft[1].u_fft|u_core|g_lane[1].u_path|g_group[3].u_stage|u_bf2ii
u_pipe|g_fft[2].u_fft|u_core|g_lane[1].u_path|g_group[3].u_stage|u_bf2ii
u_pipe|g_fft[3].u_fft|u_core|g_lane[1].u_path|g_group[3].u_stage|u_bf2ii
u_pipe|g_fft[4].u_fft|u_core|g_lane[1].u_path|g_group[3].u_stage|u_bf2ii
u_pipe|g_fft[5].u_fft|u_core|g_lane[1].u_path|g_group[3].u_stage|u_bf2ii
u_pipe|g_fft[6].u_fft|u_core|g_lane[1].u_path|g_group[3].u_stage|u_bf2ii
u_pipe|g_fft[7].u_fft|u_core|g_lane[1].u_path|g_group[3].u_stage|u_bf2ii
u_pipe|g_fft[8].u_fft|u_core|g_lane[1].u_path|g_group[3].u_stage|u_bf2ii
u_pipe|g_fft[9].u_fft|u_core|g_lane[1].u_path|g_group[3].u_stage|u_bf2ii
u_pipe|g_fft[10].u_fft|u_core|g_lane[1].u_path|g_group[3].u_stage|u_bf2ii
u_pipe|g_fft[11].u_fft|u_core|g_lane[1].u_path|g_group[3].u_stage|u_bf2ii
u_pipe|g_fft[12].u_fft|u_core|g_lane[1].u_path|g_group[3].u_stage|u_bf2ii
u_pipe|g_fft[13].u_fft|u_core|g_lane[1].u_path|g_group[3].u_stage|u_bf2ii
u_pipe|g_fft[14].u_fft|u_core|g_lane[1].u_path|g_group[3].u_stage|u_bf2ii
u_pipe|g_fft[15].u_fft|u_core|g_lane[1].u_path|g_group[3].u_stage|u_bf2ii
u_pipe|g_fft[0].u_fft|u_core|g_lane[0].u_path|g_group[3].u_stage|u_bf2ii
u_pipe|g_fft[1].u_fft|u_core|g_lane[0].u_path|g_group[3].u_stage|u_bf2ii
u_pipe|g_fft[2].u_fft|u_core|g_lane[0].u_path|g_group[3].u_stage|u_bf2ii
u_pipe|g_fft[3].u_fft|u_core|g_lane[0].u_path|g_group[3].u_stage|u_bf2ii
u_pipe|g_fft[4].u_fft|u_core|g_lane[0].u_path|g_group[3].u_stage|u_bf2ii
u_pipe|g_fft[5].u_fft|u_core|g_lane[0].u_path|g_group[3].u_stage|u_bf2ii
u_pipe|g_fft[6].u_fft|u_core|g_lane[0].u_path|g_group[3].u_stage|u_bf2ii
u_pipe|g_fft[7].u_fft|u_core|g_lane[0].u_path|g_group[3].u_stage|u_bf2ii
u_pipe|g_fft[8].u_fft|u_core|g_lane[0].u_path|g_group[3].u_stage|u_bf2ii
u_pipe|g_fft[9].u_fft|u_core|g_lane[0].u_path|g_group[3].u_stage|u_bf2ii
u_pipe|g_fft[10].u_fft|u_core|g_lane[0].u_path|g_group[3].u_stage|u_bf2ii
u_pipe|g_fft[11].u_fft|u_core|g_lane[0].u_path|g_group[3].u_stage|u_bf2ii
u_pipe|g_fft[12].u_fft|u_core|g_lane[0].u_path|g_group[3].u_stage|u_bf2ii
u_pipe|g_fft[13].u_fft|u_core|g_lane[0].u_path|g_group[3].u_stage|u_bf2ii
u_pipe|g_fft[14].u_fft|u_core|g_lane[0].u_path|g_group[3].u_stage|u_bf2ii
u_pipe|g_fft[15].u_fft|u_core|g_lane[0].u_path|g_group[3].u_stage|u_bf2ii



+------------------------------------------------------------------------------------------------------------------------------------------------+
; Parameter Settings for User Entity fft_twiddle_rom Instance: u_pipe|g_fft[15].u_fft|u_core|g_lane[0].u_path|g_group[3].u_stage|g_twiddle.u_rom ;
+----------------+----------------------------------+--------------------------------------------------------------------------------------------+
; Parameter Name ; Value                            ; Type                                                                                       ;
+----------------+----------------------------------+--------------------------------------------------------------------------------------------+
; ADDR_W         ; 00000000000000000000000000000011 ; Unsigned Binary                                                                            ;
; KIND           ; R22                              ; String                                                                                     ;
; L2L            ; 00000000000000000000000000000011 ; Unsigned Binary                                                                            ;
; LEVEL          ; 00000000000000000000000000000000 ; Unsigned Binary                                                                            ;
; N_LANE         ; 00000000000000000000000000000101 ; Unsigned Binary                                                                            ;
; OUT_REG        ; 00000000000000000000000000000001 ; Unsigned Binary                                                                            ;
; STYLE          ; AUTO                             ; String                                                                                     ;
+----------------+----------------------------------+--------------------------------------------------------------------------------------------+
All Instances:
u_pipe|g_fft[0].u_fft|u_core|g_lane[1].u_path|g_group[3].u_stage|g_twiddle.u_rom
u_pipe|g_fft[1].u_fft|u_core|g_lane[1].u_path|g_group[3].u_stage|g_twiddle.u_rom
u_pipe|g_fft[2].u_fft|u_core|g_lane[1].u_path|g_group[3].u_stage|g_twiddle.u_rom
u_pipe|g_fft[3].u_fft|u_core|g_lane[1].u_path|g_group[3].u_stage|g_twiddle.u_rom
u_pipe|g_fft[4].u_fft|u_core|g_lane[1].u_path|g_group[3].u_stage|g_twiddle.u_rom
u_pipe|g_fft[5].u_fft|u_core|g_lane[1].u_path|g_group[3].u_stage|g_twiddle.u_rom
u_pipe|g_fft[6].u_fft|u_core|g_lane[1].u_path|g_group[3].u_stage|g_twiddle.u_rom
u_pipe|g_fft[7].u_fft|u_core|g_lane[1].u_path|g_group[3].u_stage|g_twiddle.u_rom
u_pipe|g_fft[8].u_fft|u_core|g_lane[1].u_path|g_group[3].u_stage|g_twiddle.u_rom
u_pipe|g_fft[9].u_fft|u_core|g_lane[1].u_path|g_group[3].u_stage|g_twiddle.u_rom
u_pipe|g_fft[10].u_fft|u_core|g_lane[1].u_path|g_group[3].u_stage|g_twiddle.u_rom
u_pipe|g_fft[11].u_fft|u_core|g_lane[1].u_path|g_group[3].u_stage|g_twiddle.u_rom
u_pipe|g_fft[12].u_fft|u_core|g_lane[1].u_path|g_group[3].u_stage|g_twiddle.u_rom
u_pipe|g_fft[13].u_fft|u_core|g_lane[1].u_path|g_group[3].u_stage|g_twiddle.u_rom
u_pipe|g_fft[14].u_fft|u_core|g_lane[1].u_path|g_group[3].u_stage|g_twiddle.u_rom
u_pipe|g_fft[15].u_fft|u_core|g_lane[1].u_path|g_group[3].u_stage|g_twiddle.u_rom
u_pipe|g_fft[0].u_fft|u_core|g_lane[0].u_path|g_group[3].u_stage|g_twiddle.u_rom
u_pipe|g_fft[1].u_fft|u_core|g_lane[0].u_path|g_group[3].u_stage|g_twiddle.u_rom
u_pipe|g_fft[2].u_fft|u_core|g_lane[0].u_path|g_group[3].u_stage|g_twiddle.u_rom
u_pipe|g_fft[3].u_fft|u_core|g_lane[0].u_path|g_group[3].u_stage|g_twiddle.u_rom
u_pipe|g_fft[4].u_fft|u_core|g_lane[0].u_path|g_group[3].u_stage|g_twiddle.u_rom
u_pipe|g_fft[5].u_fft|u_core|g_lane[0].u_path|g_group[3].u_stage|g_twiddle.u_rom
u_pipe|g_fft[6].u_fft|u_core|g_lane[0].u_path|g_group[3].u_stage|g_twiddle.u_rom
u_pipe|g_fft[7].u_fft|u_core|g_lane[0].u_path|g_group[3].u_stage|g_twiddle.u_rom
u_pipe|g_fft[8].u_fft|u_core|g_lane[0].u_path|g_group[3].u_stage|g_twiddle.u_rom
u_pipe|g_fft[9].u_fft|u_core|g_lane[0].u_path|g_group[3].u_stage|g_twiddle.u_rom
u_pipe|g_fft[10].u_fft|u_core|g_lane[0].u_path|g_group[3].u_stage|g_twiddle.u_rom
u_pipe|g_fft[11].u_fft|u_core|g_lane[0].u_path|g_group[3].u_stage|g_twiddle.u_rom
u_pipe|g_fft[12].u_fft|u_core|g_lane[0].u_path|g_group[3].u_stage|g_twiddle.u_rom
u_pipe|g_fft[13].u_fft|u_core|g_lane[0].u_path|g_group[3].u_stage|g_twiddle.u_rom
u_pipe|g_fft[14].u_fft|u_core|g_lane[0].u_path|g_group[3].u_stage|g_twiddle.u_rom
u_pipe|g_fft[15].u_fft|u_core|g_lane[0].u_path|g_group[3].u_stage|g_twiddle.u_rom



+--------------------------------------------------------------------------------------------------------------------------------+
; Parameter Settings for User Entity fft_delay_line Instance: u_pipe|g_fft[15].u_fft|u_core|g_lane[0].u_path|g_tail.u_tail|u_dly ;
+----------------+----------------------------------+----------------------------------------------------------------------------+
; Parameter Name ; Value                            ; Type                                                                       ;
+----------------+----------------------------------+----------------------------------------------------------------------------+
; DEPTH          ; 00000000000000000000000000000001 ; Unsigned Binary                                                            ;
; STYLE          ; MLAB                             ; String                                                                     ;
; WIDTH          ; 00000000000000000000000000100000 ; Unsigned Binary                                                            ;
+----------------+----------------------------------+----------------------------------------------------------------------------+
All Instances:
u_pipe|g_fft[0].u_fft|u_core|g_lane[1].u_path|g_tail.u_tail|u_dly
u_pipe|g_fft[1].u_fft|u_core|g_lane[1].u_path|g_tail.u_tail|u_dly
u_pipe|g_fft[2].u_fft|u_core|g_lane[1].u_path|g_tail.u_tail|u_dly
u_pipe|g_fft[3].u_fft|u_core|g_lane[1].u_path|g_tail.u_tail|u_dly
u_pipe|g_fft[4].u_fft|u_core|g_lane[1].u_path|g_tail.u_tail|u_dly
u_pipe|g_fft[5].u_fft|u_core|g_lane[1].u_path|g_tail.u_tail|u_dly
u_pipe|g_fft[6].u_fft|u_core|g_lane[1].u_path|g_tail.u_tail|u_dly
u_pipe|g_fft[7].u_fft|u_core|g_lane[1].u_path|g_tail.u_tail|u_dly
u_pipe|g_fft[8].u_fft|u_core|g_lane[1].u_path|g_tail.u_tail|u_dly
u_pipe|g_fft[9].u_fft|u_core|g_lane[1].u_path|g_tail.u_tail|u_dly
u_pipe|g_fft[10].u_fft|u_core|g_lane[1].u_path|g_tail.u_tail|u_dly
u_pipe|g_fft[11].u_fft|u_core|g_lane[1].u_path|g_tail.u_tail|u_dly
u_pipe|g_fft[12].u_fft|u_core|g_lane[1].u_path|g_tail.u_tail|u_dly
u_pipe|g_fft[13].u_fft|u_core|g_lane[1].u_path|g_tail.u_tail|u_dly
u_pipe|g_fft[14].u_fft|u_core|g_lane[1].u_path|g_tail.u_tail|u_dly
u_pipe|g_fft[15].u_fft|u_core|g_lane[1].u_path|g_tail.u_tail|u_dly
u_pipe|g_fft[0].u_fft|u_core|g_lane[0].u_path|g_tail.u_tail|u_dly
u_pipe|g_fft[1].u_fft|u_core|g_lane[0].u_path|g_tail.u_tail|u_dly
u_pipe|g_fft[2].u_fft|u_core|g_lane[0].u_path|g_tail.u_tail|u_dly
u_pipe|g_fft[3].u_fft|u_core|g_lane[0].u_path|g_tail.u_tail|u_dly
u_pipe|g_fft[4].u_fft|u_core|g_lane[0].u_path|g_tail.u_tail|u_dly
u_pipe|g_fft[5].u_fft|u_core|g_lane[0].u_path|g_tail.u_tail|u_dly
u_pipe|g_fft[6].u_fft|u_core|g_lane[0].u_path|g_tail.u_tail|u_dly
u_pipe|g_fft[7].u_fft|u_core|g_lane[0].u_path|g_tail.u_tail|u_dly
u_pipe|g_fft[8].u_fft|u_core|g_lane[0].u_path|g_tail.u_tail|u_dly
u_pipe|g_fft[9].u_fft|u_core|g_lane[0].u_path|g_tail.u_tail|u_dly
u_pipe|g_fft[10].u_fft|u_core|g_lane[0].u_path|g_tail.u_tail|u_dly
u_pipe|g_fft[11].u_fft|u_core|g_lane[0].u_path|g_tail.u_tail|u_dly
u_pipe|g_fft[12].u_fft|u_core|g_lane[0].u_path|g_tail.u_tail|u_dly
u_pipe|g_fft[13].u_fft|u_core|g_lane[0].u_path|g_tail.u_tail|u_dly
u_pipe|g_fft[14].u_fft|u_core|g_lane[0].u_path|g_tail.u_tail|u_dly
u_pipe|g_fft[15].u_fft|u_core|g_lane[0].u_path|g_tail.u_tail|u_dly



+--------------------------------------------------------------------------------------------------------------------------------------------+
; Parameter Settings for User Entity fft_delay_line Instance: u_pipe|g_fft[15].u_fft|u_core|g_lane[0].u_path|g_group[0].u_stage|u_bf2i|u_dly ;
+----------------+----------------------------------+----------------------------------------------------------------------------------------+
; Parameter Name ; Value                            ; Type                                                                                   ;
+----------------+----------------------------------+----------------------------------------------------------------------------------------+
; DEPTH          ; 00000000000000000000000100000000 ; Unsigned Binary                                                                        ;
; STYLE          ; AUTO                             ; String                                                                                 ;
; WIDTH          ; 00000000000000000000000000100000 ; Unsigned Binary                                                                        ;
+----------------+----------------------------------+----------------------------------------------------------------------------------------+
All Instances:
u_pipe|g_fft[0].u_fft|u_core|g_lane[1].u_path|g_group[0].u_stage|u_bf2i|u_dly
u_pipe|g_fft[1].u_fft|u_core|g_lane[1].u_path|g_group[0].u_stage|u_bf2i|u_dly
u_pipe|g_fft[2].u_fft|u_core|g_lane[1].u_path|g_group[0].u_stage|u_bf2i|u_dly
u_pipe|g_fft[3].u_fft|u_core|g_lane[1].u_path|g_group[0].u_stage|u_bf2i|u_dly
u_pipe|g_fft[4].u_fft|u_core|g_lane[1].u_path|g_group[0].u_stage|u_bf2i|u_dly
u_pipe|g_fft[5].u_fft|u_core|g_lane[1].u_path|g_group[0].u_stage|u_bf2i|u_dly
u_pipe|g_fft[6].u_fft|u_core|g_lane[1].u_path|g_group[0].u_stage|u_bf2i|u_dly
u_pipe|g_fft[7].u_fft|u_core|g_lane[1].u_path|g_group[0].u_stage|u_bf2i|u_dly
u_pipe|g_fft[8].u_fft|u_core|g_lane[1].u_path|g_group[0].u_stage|u_bf2i|u_dly
u_pipe|g_fft[9].u_fft|u_core|g_lane[1].u_path|g_group[0].u_stage|u_bf2i|u_dly
u_pipe|g_fft[10].u_fft|u_core|g_lane[1].u_path|g_group[0].u_stage|u_bf2i|u_dly
u_pipe|g_fft[11].u_fft|u_core|g_lane[1].u_path|g_group[0].u_stage|u_bf2i|u_dly
u_pipe|g_fft[12].u_fft|u_core|g_lane[1].u_path|g_group[0].u_stage|u_bf2i|u_dly
u_pipe|g_fft[13].u_fft|u_core|g_lane[1].u_path|g_group[0].u_stage|u_bf2i|u_dly
u_pipe|g_fft[14].u_fft|u_core|g_lane[1].u_path|g_group[0].u_stage|u_bf2i|u_dly
u_pipe|g_fft[15].u_fft|u_core|g_lane[1].u_path|g_group[0].u_stage|u_bf2i|u_dly
u_pipe|g_fft[0].u_fft|u_core|g_lane[0].u_path|g_group[0].u_stage|u_bf2i|u_dly
u_pipe|g_fft[1].u_fft|u_core|g_lane[0].u_path|g_group[0].u_stage|u_bf2i|u_dly
u_pipe|g_fft[2].u_fft|u_core|g_lane[0].u_path|g_group[0].u_stage|u_bf2i|u_dly
u_pipe|g_fft[3].u_fft|u_core|g_lane[0].u_path|g_group[0].u_stage|u_bf2i|u_dly
u_pipe|g_fft[4].u_fft|u_core|g_lane[0].u_path|g_group[0].u_stage|u_bf2i|u_dly
u_pipe|g_fft[5].u_fft|u_core|g_lane[0].u_path|g_group[0].u_stage|u_bf2i|u_dly
u_pipe|g_fft[6].u_fft|u_core|g_lane[0].u_path|g_group[0].u_stage|u_bf2i|u_dly
u_pipe|g_fft[7].u_fft|u_core|g_lane[0].u_path|g_group[0].u_stage|u_bf2i|u_dly
u_pipe|g_fft[8].u_fft|u_core|g_lane[0].u_path|g_group[0].u_stage|u_bf2i|u_dly
u_pipe|g_fft[9].u_fft|u_core|g_lane[0].u_path|g_group[0].u_stage|u_bf2i|u_dly
u_pipe|g_fft[10].u_fft|u_core|g_lane[0].u_path|g_group[0].u_stage|u_bf2i|u_dly
u_pipe|g_fft[11].u_fft|u_core|g_lane[0].u_path|g_group[0].u_stage|u_bf2i|u_dly
u_pipe|g_fft[12].u_fft|u_core|g_lane[0].u_path|g_group[0].u_stage|u_bf2i|u_dly
u_pipe|g_fft[13].u_fft|u_core|g_lane[0].u_path|g_group[0].u_stage|u_bf2i|u_dly
u_pipe|g_fft[14].u_fft|u_core|g_lane[0].u_path|g_group[0].u_stage|u_bf2i|u_dly
u_pipe|g_fft[15].u_fft|u_core|g_lane[0].u_path|g_group[0].u_stage|u_bf2i|u_dly



+---------------------------------------------------------------------------------------------------------------------------------------------+
; Parameter Settings for User Entity fft_delay_line Instance: u_pipe|g_fft[15].u_fft|u_core|g_lane[0].u_path|g_group[0].u_stage|u_bf2ii|u_dly ;
+----------------+----------------------------------+-----------------------------------------------------------------------------------------+
; Parameter Name ; Value                            ; Type                                                                                    ;
+----------------+----------------------------------+-----------------------------------------------------------------------------------------+
; DEPTH          ; 00000000000000000000000010000000 ; Unsigned Binary                                                                         ;
; STYLE          ; AUTO                             ; String                                                                                  ;
; WIDTH          ; 00000000000000000000000000100000 ; Unsigned Binary                                                                         ;
+----------------+----------------------------------+-----------------------------------------------------------------------------------------+
All Instances:
u_pipe|g_fft[0].u_fft|u_core|g_lane[1].u_path|g_group[0].u_stage|u_bf2ii|u_dly
u_pipe|g_fft[1].u_fft|u_core|g_lane[1].u_path|g_group[0].u_stage|u_bf2ii|u_dly
u_pipe|g_fft[2].u_fft|u_core|g_lane[1].u_path|g_group[0].u_stage|u_bf2ii|u_dly
u_pipe|g_fft[3].u_fft|u_core|g_lane[1].u_path|g_group[0].u_stage|u_bf2ii|u_dly
u_pipe|g_fft[4].u_fft|u_core|g_lane[1].u_path|g_group[0].u_stage|u_bf2ii|u_dly
u_pipe|g_fft[5].u_fft|u_core|g_lane[1].u_path|g_group[0].u_stage|u_bf2ii|u_dly
u_pipe|g_fft[6].u_fft|u_core|g_lane[1].u_path|g_group[0].u_stage|u_bf2ii|u_dly
u_pipe|g_fft[7].u_fft|u_core|g_lane[1].u_path|g_group[0].u_stage|u_bf2ii|u_dly
u_pipe|g_fft[8].u_fft|u_core|g_lane[1].u_path|g_group[0].u_stage|u_bf2ii|u_dly
u_pipe|g_fft[9].u_fft|u_core|g_lane[1].u_path|g_group[0].u_stage|u_bf2ii|u_dly
u_pipe|g_fft[10].u_fft|u_core|g_lane[1].u_path|g_group[0].u_stage|u_bf2ii|u_dly
u_pipe|g_fft[11].u_fft|u_core|g_lane[1].u_path|g_group[0].u_stage|u_bf2ii|u_dly
u_pipe|g_fft[12].u_fft|u_core|g_lane[1].u_path|g_group[0].u_stage|u_bf2ii|u_dly
u_pipe|g_fft[13].u_fft|u_core|g_lane[1].u_path|g_group[0].u_stage|u_bf2ii|u_dly
u_pipe|g_fft[14].u_fft|u_core|g_lane[1].u_path|g_group[0].u_stage|u_bf2ii|u_dly
u_pipe|g_fft[15].u_fft|u_core|g_lane[1].u_path|g_group[0].u_stage|u_bf2ii|u_dly
u_pipe|g_fft[0].u_fft|u_core|g_lane[0].u_path|g_group[0].u_stage|u_bf2ii|u_dly
u_pipe|g_fft[1].u_fft|u_core|g_lane[0].u_path|g_group[0].u_stage|u_bf2ii|u_dly
u_pipe|g_fft[2].u_fft|u_core|g_lane[0].u_path|g_group[0].u_stage|u_bf2ii|u_dly
u_pipe|g_fft[3].u_fft|u_core|g_lane[0].u_path|g_group[0].u_stage|u_bf2ii|u_dly
u_pipe|g_fft[4].u_fft|u_core|g_lane[0].u_path|g_group[0].u_stage|u_bf2ii|u_dly
u_pipe|g_fft[5].u_fft|u_core|g_lane[0].u_path|g_group[0].u_stage|u_bf2ii|u_dly
u_pipe|g_fft[6].u_fft|u_core|g_lane[0].u_path|g_group[0].u_stage|u_bf2ii|u_dly
u_pipe|g_fft[7].u_fft|u_core|g_lane[0].u_path|g_group[0].u_stage|u_bf2ii|u_dly
u_pipe|g_fft[8].u_fft|u_core|g_lane[0].u_path|g_group[0].u_stage|u_bf2ii|u_dly
u_pipe|g_fft[9].u_fft|u_core|g_lane[0].u_path|g_group[0].u_stage|u_bf2ii|u_dly
u_pipe|g_fft[10].u_fft|u_core|g_lane[0].u_path|g_group[0].u_stage|u_bf2ii|u_dly
u_pipe|g_fft[11].u_fft|u_core|g_lane[0].u_path|g_group[0].u_stage|u_bf2ii|u_dly
u_pipe|g_fft[12].u_fft|u_core|g_lane[0].u_path|g_group[0].u_stage|u_bf2ii|u_dly
u_pipe|g_fft[13].u_fft|u_core|g_lane[0].u_path|g_group[0].u_stage|u_bf2ii|u_dly
u_pipe|g_fft[14].u_fft|u_core|g_lane[0].u_path|g_group[0].u_stage|u_bf2ii|u_dly
u_pipe|g_fft[15].u_fft|u_core|g_lane[0].u_path|g_group[0].u_stage|u_bf2ii|u_dly



+--------------------------------------------------------------------------------------------------------------------------------------------+
; Parameter Settings for User Entity fft_delay_line Instance: u_pipe|g_fft[15].u_fft|u_core|g_lane[0].u_path|g_group[1].u_stage|u_bf2i|u_dly ;
+----------------+----------------------------------+----------------------------------------------------------------------------------------+
; Parameter Name ; Value                            ; Type                                                                                   ;
+----------------+----------------------------------+----------------------------------------------------------------------------------------+
; DEPTH          ; 00000000000000000000000001000000 ; Unsigned Binary                                                                        ;
; STYLE          ; MLAB                             ; String                                                                                 ;
; WIDTH          ; 00000000000000000000000000100000 ; Unsigned Binary                                                                        ;
+----------------+----------------------------------+----------------------------------------------------------------------------------------+
All Instances:
u_pipe|g_fft[0].u_fft|u_core|g_lane[1].u_path|g_group[1].u_stage|u_bf2i|u_dly
u_pipe|g_fft[1].u_fft|u_core|g_lane[1].u_path|g_group[1].u_stage|u_bf2i|u_dly
u_pipe|g_fft[2].u_fft|u_core|g_lane[1].u_path|g_group[1].u_stage|u_bf2i|u_dly
u_pipe|g_fft[3].u_fft|u_core|g_lane[1].u_path|g_group[1].u_stage|u_bf2i|u_dly
u_pipe|g_fft[4].u_fft|u_core|g_lane[1].u_path|g_group[1].u_stage|u_bf2i|u_dly
u_pipe|g_fft[5].u_fft|u_core|g_lane[1].u_path|g_group[1].u_stage|u_bf2i|u_dly
u_pipe|g_fft[6].u_fft|u_core|g_lane[1].u_path|g_group[1].u_stage|u_bf2i|u_dly
u_pipe|g_fft[7].u_fft|u_core|g_lane[1].u_path|g_group[1].u_stage|u_bf2i|u_dly
u_pipe|g_fft[8].u_fft|u_core|g_lane[1].u_path|g_group[1].u_stage|u_bf2i|u_dly
u_pipe|g_fft[9].u_fft|u_core|g_lane[1].u_path|g_group[1].u_stage|u_bf2i|u_dly
u_pipe|g_fft[10].u_fft|u_core|g_lane[1].u_path|g_group[1].u_stage|u_bf2i|u_dly
u_pipe|g_fft[11].u_fft|u_core|g_lane[1].u_path|g_group[1].u_stage|u_bf2i|u_dly
u_pipe|g_fft[12].u_fft|u_core|g_lane[1].u_path|g_group[1].u_stage|u_bf2i|u_dly
u_pipe|g_fft[13].u_fft|u_core|g_lane[1].u_path|g_group[1].u_stage|u_bf2i|u_dly
u_pipe|g_fft[14].u_fft|u_core|g_lane[1].u_path|g_group[1].u_stage|u_bf2i|u_dly
u_pipe|g_fft[15].u_fft|u_core|g_lane[1].u_path|g_group[1].u_stage|u_bf2i|u_dly
u_pipe|g_fft[0].u_fft|u_core|g_lane[0].u_path|g_group[1].u_stage|u_bf2i|u_dly
u_pipe|g_fft[1].u_fft|u_core|g_lane[0].u_path|g_group[1].u_stage|u_bf2i|u_dly
u_pipe|g_fft[2].u_fft|u_core|g_lane[0].u_path|g_group[1].u_stage|u_bf2i|u_dly
u_pipe|g_fft[3].u_fft|u_core|g_lane[0].u_path|g_group[1].u_stage|u_bf2i|u_dly
u_pipe|g_fft[4].u_fft|u_core|g_lane[0].u_path|g_group[1].u_stage|u_bf2i|u_dly
u_pipe|g_fft[5].u_fft|u_core|g_lane[0].u_path|g_group[1].u_stage|u_bf2i|u_dly
u_pipe|g_fft[6].u_fft|u_core|g_lane[0].u_path|g_group[1].u_stage|u_bf2i|u_dly
u_pipe|g_fft[7].u_fft|u_core|g_lane[0].u_path|g_group[1].u_stage|u_bf2i|u_dly
u_pipe|g_fft[8].u_fft|u_core|g_lane[0].u_path|g_group[1].u_stage|u_bf2i|u_dly
u_pipe|g_fft[9].u_fft|u_core|g_lane[0].u_path|g_group[1].u_stage|u_bf2i|u_dly
u_pipe|g_fft[10].u_fft|u_core|g_lane[0].u_path|g_group[1].u_stage|u_bf2i|u_dly
u_pipe|g_fft[11].u_fft|u_core|g_lane[0].u_path|g_group[1].u_stage|u_bf2i|u_dly
u_pipe|g_fft[12].u_fft|u_core|g_lane[0].u_path|g_group[1].u_stage|u_bf2i|u_dly
u_pipe|g_fft[13].u_fft|u_core|g_lane[0].u_path|g_group[1].u_stage|u_bf2i|u_dly
u_pipe|g_fft[14].u_fft|u_core|g_lane[0].u_path|g_group[1].u_stage|u_bf2i|u_dly
u_pipe|g_fft[15].u_fft|u_core|g_lane[0].u_path|g_group[1].u_stage|u_bf2i|u_dly



+---------------------------------------------------------------------------------------------------------------------------------------------+
; Parameter Settings for User Entity fft_delay_line Instance: u_pipe|g_fft[15].u_fft|u_core|g_lane[0].u_path|g_group[1].u_stage|u_bf2ii|u_dly ;
+----------------+----------------------------------+-----------------------------------------------------------------------------------------+
; Parameter Name ; Value                            ; Type                                                                                    ;
+----------------+----------------------------------+-----------------------------------------------------------------------------------------+
; DEPTH          ; 00000000000000000000000000100000 ; Unsigned Binary                                                                         ;
; STYLE          ; MLAB                             ; String                                                                                  ;
; WIDTH          ; 00000000000000000000000000100000 ; Unsigned Binary                                                                         ;
+----------------+----------------------------------+-----------------------------------------------------------------------------------------+
All Instances:
u_pipe|g_fft[0].u_fft|u_core|g_lane[1].u_path|g_group[1].u_stage|u_bf2ii|u_dly
u_pipe|g_fft[1].u_fft|u_core|g_lane[1].u_path|g_group[1].u_stage|u_bf2ii|u_dly
u_pipe|g_fft[2].u_fft|u_core|g_lane[1].u_path|g_group[1].u_stage|u_bf2ii|u_dly
u_pipe|g_fft[3].u_fft|u_core|g_lane[1].u_path|g_group[1].u_stage|u_bf2ii|u_dly
u_pipe|g_fft[4].u_fft|u_core|g_lane[1].u_path|g_group[1].u_stage|u_bf2ii|u_dly
u_pipe|g_fft[5].u_fft|u_core|g_lane[1].u_path|g_group[1].u_stage|u_bf2ii|u_dly
u_pipe|g_fft[6].u_fft|u_core|g_lane[1].u_path|g_group[1].u_stage|u_bf2ii|u_dly
u_pipe|g_fft[7].u_fft|u_core|g_lane[1].u_path|g_group[1].u_stage|u_bf2ii|u_dly
u_pipe|g_fft[8].u_fft|u_core|g_lane[1].u_path|g_group[1].u_stage|u_bf2ii|u_dly
u_pipe|g_fft[9].u_fft|u_core|g_lane[1].u_path|g_group[1].u_stage|u_bf2ii|u_dly
u_pipe|g_fft[10].u_fft|u_core|g_lane[1].u_path|g_group[1].u_stage|u_bf2ii|u_dly
u_pipe|g_fft[11].u_fft|u_core|g_lane[1].u_path|g_group[1].u_stage|u_bf2ii|u_dly
u_pipe|g_fft[12].u_fft|u_core|g_lane[1].u_path|g_group[1].u_stage|u_bf2ii|u_dly
u_pipe|g_fft[13].u_fft|u_core|g_lane[1].u_path|g_group[1].u_stage|u_bf2ii|u_dly
u_pipe|g_fft[14].u_fft|u_core|g_lane[1].u_path|g_group[1].u_stage|u_bf2ii|u_dly
u_pipe|g_fft[15].u_fft|u_core|g_lane[1].u_path|g_group[1].u_stage|u_bf2ii|u_dly
u_pipe|g_fft[0].u_fft|u_core|g_lane[0].u_path|g_group[1].u_stage|u_bf2ii|u_dly
u_pipe|g_fft[1].u_fft|u_core|g_lane[0].u_path|g_group[1].u_stage|u_bf2ii|u_dly
u_pipe|g_fft[2].u_fft|u_core|g_lane[0].u_path|g_group[1].u_stage|u_bf2ii|u_dly
u_pipe|g_fft[3].u_fft|u_core|g_lane[0].u_path|g_group[1].u_stage|u_bf2ii|u_dly
u_pipe|g_fft[4].u_fft|u_core|g_lane[0].u_path|g_group[1].u_stage|u_bf2ii|u_dly
u_pipe|g_fft[5].u_fft|u_core|g_lane[0].u_path|g_group[1].u_stage|u_bf2ii|u_dly
u_pipe|g_fft[6].u_fft|u_core|g_lane[0].u_path|g_group[1].u_stage|u_bf2ii|u_dly
u_pipe|g_fft[7].u_fft|u_core|g_lane[0].u_path|g_group[1].u_stage|u_bf2ii|u_dly
u_pipe|g_fft[8].u_fft|u_core|g_lane[0].u_path|g_group[1].u_stage|u_bf2ii|u_dly
u_pipe|g_fft[9].u_fft|u_core|g_lane[0].u_path|g_group[1].u_stage|u_bf2ii|u_dly
u_pipe|g_fft[10].u_fft|u_core|g_lane[0].u_path|g_group[1].u_stage|u_bf2ii|u_dly
u_pipe|g_fft[11].u_fft|u_core|g_lane[0].u_path|g_group[1].u_stage|u_bf2ii|u_dly
u_pipe|g_fft[12].u_fft|u_core|g_lane[0].u_path|g_group[1].u_stage|u_bf2ii|u_dly
u_pipe|g_fft[13].u_fft|u_core|g_lane[0].u_path|g_group[1].u_stage|u_bf2ii|u_dly
u_pipe|g_fft[14].u_fft|u_core|g_lane[0].u_path|g_group[1].u_stage|u_bf2ii|u_dly
u_pipe|g_fft[15].u_fft|u_core|g_lane[0].u_path|g_group[1].u_stage|u_bf2ii|u_dly



+--------------------------------------------------------------------------------------------------------------------------------------------+
; Parameter Settings for User Entity fft_delay_line Instance: u_pipe|g_fft[15].u_fft|u_core|g_lane[0].u_path|g_group[2].u_stage|u_bf2i|u_dly ;
+----------------+----------------------------------+----------------------------------------------------------------------------------------+
; Parameter Name ; Value                            ; Type                                                                                   ;
+----------------+----------------------------------+----------------------------------------------------------------------------------------+
; DEPTH          ; 00000000000000000000000000010000 ; Unsigned Binary                                                                        ;
; STYLE          ; MLAB                             ; String                                                                                 ;
; WIDTH          ; 00000000000000000000000000100000 ; Unsigned Binary                                                                        ;
+----------------+----------------------------------+----------------------------------------------------------------------------------------+
All Instances:
u_pipe|g_fft[0].u_fft|u_core|g_lane[1].u_path|g_group[2].u_stage|u_bf2i|u_dly
u_pipe|g_fft[1].u_fft|u_core|g_lane[1].u_path|g_group[2].u_stage|u_bf2i|u_dly
u_pipe|g_fft[2].u_fft|u_core|g_lane[1].u_path|g_group[2].u_stage|u_bf2i|u_dly
u_pipe|g_fft[3].u_fft|u_core|g_lane[1].u_path|g_group[2].u_stage|u_bf2i|u_dly
u_pipe|g_fft[4].u_fft|u_core|g_lane[1].u_path|g_group[2].u_stage|u_bf2i|u_dly
u_pipe|g_fft[5].u_fft|u_core|g_lane[1].u_path|g_group[2].u_stage|u_bf2i|u_dly
u_pipe|g_fft[6].u_fft|u_core|g_lane[1].u_path|g_group[2].u_stage|u_bf2i|u_dly
u_pipe|g_fft[7].u_fft|u_core|g_lane[1].u_path|g_group[2].u_stage|u_bf2i|u_dly
u_pipe|g_fft[8].u_fft|u_core|g_lane[1].u_path|g_group[2].u_stage|u_bf2i|u_dly
u_pipe|g_fft[9].u_fft|u_core|g_lane[1].u_path|g_group[2].u_stage|u_bf2i|u_dly
u_pipe|g_fft[10].u_fft|u_core|g_lane[1].u_path|g_group[2].u_stage|u_bf2i|u_dly
u_pipe|g_fft[11].u_fft|u_core|g_lane[1].u_path|g_group[2].u_stage|u_bf2i|u_dly
u_pipe|g_fft[12].u_fft|u_core|g_lane[1].u_path|g_group[2].u_stage|u_bf2i|u_dly
u_pipe|g_fft[13].u_fft|u_core|g_lane[1].u_path|g_group[2].u_stage|u_bf2i|u_dly
u_pipe|g_fft[14].u_fft|u_core|g_lane[1].u_path|g_group[2].u_stage|u_bf2i|u_dly
u_pipe|g_fft[15].u_fft|u_core|g_lane[1].u_path|g_group[2].u_stage|u_bf2i|u_dly
u_pipe|g_fft[0].u_fft|u_core|g_lane[0].u_path|g_group[2].u_stage|u_bf2i|u_dly
u_pipe|g_fft[1].u_fft|u_core|g_lane[0].u_path|g_group[2].u_stage|u_bf2i|u_dly
u_pipe|g_fft[2].u_fft|u_core|g_lane[0].u_path|g_group[2].u_stage|u_bf2i|u_dly
u_pipe|g_fft[3].u_fft|u_core|g_lane[0].u_path|g_group[2].u_stage|u_bf2i|u_dly
u_pipe|g_fft[4].u_fft|u_core|g_lane[0].u_path|g_group[2].u_stage|u_bf2i|u_dly
u_pipe|g_fft[5].u_fft|u_core|g_lane[0].u_path|g_group[2].u_stage|u_bf2i|u_dly
u_pipe|g_fft[6].u_fft|u_core|g_lane[0].u_path|g_group[2].u_stage|u_bf2i|u_dly
u_pipe|g_fft[7].u_fft|u_core|g_lane[0].u_path|g_group[2].u_stage|u_bf2i|u_dly
u_pipe|g_fft[8].u_fft|u_core|g_lane[0].u_path|g_group[2].u_stage|u_bf2i|u_dly
u_pipe|g_fft[9].u_fft|u_core|g_lane[0].u_path|g_group[2].u_stage|u_bf2i|u_dly
u_pipe|g_fft[10].u_fft|u_core|g_lane[0].u_path|g_group[2].u_stage|u_bf2i|u_dly
u_pipe|g_fft[11].u_fft|u_core|g_lane[0].u_path|g_group[2].u_stage|u_bf2i|u_dly
u_pipe|g_fft[12].u_fft|u_core|g_lane[0].u_path|g_group[2].u_stage|u_bf2i|u_dly
u_pipe|g_fft[13].u_fft|u_core|g_lane[0].u_path|g_group[2].u_stage|u_bf2i|u_dly
u_pipe|g_fft[14].u_fft|u_core|g_lane[0].u_path|g_group[2].u_stage|u_bf2i|u_dly
u_pipe|g_fft[15].u_fft|u_core|g_lane[0].u_path|g_group[2].u_stage|u_bf2i|u_dly



+---------------------------------------------------------------------------------------------------------------------------------------------+
; Parameter Settings for User Entity fft_delay_line Instance: u_pipe|g_fft[15].u_fft|u_core|g_lane[0].u_path|g_group[2].u_stage|u_bf2ii|u_dly ;
+----------------+----------------------------------+-----------------------------------------------------------------------------------------+
; Parameter Name ; Value                            ; Type                                                                                    ;
+----------------+----------------------------------+-----------------------------------------------------------------------------------------+
; DEPTH          ; 00000000000000000000000000001000 ; Unsigned Binary                                                                         ;
; STYLE          ; MLAB                             ; String                                                                                  ;
; WIDTH          ; 00000000000000000000000000100000 ; Unsigned Binary                                                                         ;
+----------------+----------------------------------+-----------------------------------------------------------------------------------------+
All Instances:
u_pipe|g_fft[0].u_fft|u_core|g_lane[1].u_path|g_group[2].u_stage|u_bf2ii|u_dly
u_pipe|g_fft[1].u_fft|u_core|g_lane[1].u_path|g_group[2].u_stage|u_bf2ii|u_dly
u_pipe|g_fft[2].u_fft|u_core|g_lane[1].u_path|g_group[2].u_stage|u_bf2ii|u_dly
u_pipe|g_fft[3].u_fft|u_core|g_lane[1].u_path|g_group[2].u_stage|u_bf2ii|u_dly
u_pipe|g_fft[4].u_fft|u_core|g_lane[1].u_path|g_group[2].u_stage|u_bf2ii|u_dly
u_pipe|g_fft[5].u_fft|u_core|g_lane[1].u_path|g_group[2].u_stage|u_bf2ii|u_dly
u_pipe|g_fft[6].u_fft|u_core|g_lane[1].u_path|g_group[2].u_stage|u_bf2ii|u_dly
u_pipe|g_fft[7].u_fft|u_core|g_lane[1].u_path|g_group[2].u_stage|u_bf2ii|u_dly
u_pipe|g_fft[8].u_fft|u_core|g_lane[1].u_path|g_group[2].u_stage|u_bf2ii|u_dly
u_pipe|g_fft[9].u_fft|u_core|g_lane[1].u_path|g_group[2].u_stage|u_bf2ii|u_dly
u_pipe|g_fft[10].u_fft|u_core|g_lane[1].u_path|g_group[2].u_stage|u_bf2ii|u_dly
u_pipe|g_fft[11].u_fft|u_core|g_lane[1].u_path|g_group[2].u_stage|u_bf2ii|u_dly
u_pipe|g_fft[12].u_fft|u_core|g_lane[1].u_path|g_group[2].u_stage|u_bf2ii|u_dly
u_pipe|g_fft[13].u_fft|u_core|g_lane[1].u_path|g_group[2].u_stage|u_bf2ii|u_dly
u_pipe|g_fft[14].u_fft|u_core|g_lane[1].u_path|g_group[2].u_stage|u_bf2ii|u_dly
u_pipe|g_fft[15].u_fft|u_core|g_lane[1].u_path|g_group[2].u_stage|u_bf2ii|u_dly
u_pipe|g_fft[0].u_fft|u_core|g_lane[0].u_path|g_group[2].u_stage|u_bf2ii|u_dly
u_pipe|g_fft[1].u_fft|u_core|g_lane[0].u_path|g_group[2].u_stage|u_bf2ii|u_dly
u_pipe|g_fft[2].u_fft|u_core|g_lane[0].u_path|g_group[2].u_stage|u_bf2ii|u_dly
u_pipe|g_fft[3].u_fft|u_core|g_lane[0].u_path|g_group[2].u_stage|u_bf2ii|u_dly
u_pipe|g_fft[4].u_fft|u_core|g_lane[0].u_path|g_group[2].u_stage|u_bf2ii|u_dly
u_pipe|g_fft[5].u_fft|u_core|g_lane[0].u_path|g_group[2].u_stage|u_bf2ii|u_dly
u_pipe|g_fft[6].u_fft|u_core|g_lane[0].u_path|g_group[2].u_stage|u_bf2ii|u_dly
u_pipe|g_fft[7].u_fft|u_core|g_lane[0].u_path|g_group[2].u_stage|u_bf2ii|u_dly
u_pipe|g_fft[8].u_fft|u_core|g_lane[0].u_path|g_group[2].u_stage|u_bf2ii|u_dly
u_pipe|g_fft[9].u_fft|u_core|g_lane[0].u_path|g_group[2].u_stage|u_bf2ii|u_dly
u_pipe|g_fft[10].u_fft|u_core|g_lane[0].u_path|g_group[2].u_stage|u_bf2ii|u_dly
u_pipe|g_fft[11].u_fft|u_core|g_lane[0].u_path|g_group[2].u_stage|u_bf2ii|u_dly
u_pipe|g_fft[12].u_fft|u_core|g_lane[0].u_path|g_group[2].u_stage|u_bf2ii|u_dly
u_pipe|g_fft[13].u_fft|u_core|g_lane[0].u_path|g_group[2].u_stage|u_bf2ii|u_dly
u_pipe|g_fft[14].u_fft|u_core|g_lane[0].u_path|g_group[2].u_stage|u_bf2ii|u_dly
u_pipe|g_fft[15].u_fft|u_core|g_lane[0].u_path|g_group[2].u_stage|u_bf2ii|u_dly



+--------------------------------------------------------------------------------------------------------------------------------------------+
; Parameter Settings for User Entity fft_delay_line Instance: u_pipe|g_fft[15].u_fft|u_core|g_lane[0].u_path|g_group[3].u_stage|u_bf2i|u_dly ;
+----------------+----------------------------------+----------------------------------------------------------------------------------------+
; Parameter Name ; Value                            ; Type                                                                                   ;
+----------------+----------------------------------+----------------------------------------------------------------------------------------+
; DEPTH          ; 00000000000000000000000000000100 ; Unsigned Binary                                                                        ;
; STYLE          ; MLAB                             ; String                                                                                 ;
; WIDTH          ; 00000000000000000000000000100000 ; Unsigned Binary                                                                        ;
+----------------+----------------------------------+----------------------------------------------------------------------------------------+
All Instances:
u_pipe|g_fft[0].u_fft|u_core|g_lane[1].u_path|g_group[3].u_stage|u_bf2i|u_dly
u_pipe|g_fft[1].u_fft|u_core|g_lane[1].u_path|g_group[3].u_stage|u_bf2i|u_dly
u_pipe|g_fft[2].u_fft|u_core|g_lane[1].u_path|g_group[3].u_stage|u_bf2i|u_dly
u_pipe|g_fft[3].u_fft|u_core|g_lane[1].u_path|g_group[3].u_stage|u_bf2i|u_dly
u_pipe|g_fft[4].u_fft|u_core|g_lane[1].u_path|g_group[3].u_stage|u_bf2i|u_dly
u_pipe|g_fft[5].u_fft|u_core|g_lane[1].u_path|g_group[3].u_stage|u_bf2i|u_dly
u_pipe|g_fft[6].u_fft|u_core|g_lane[1].u_path|g_group[3].u_stage|u_bf2i|u_dly
u_pipe|g_fft[7].u_fft|u_core|g_lane[1].u_path|g_group[3].u_stage|u_bf2i|u_dly
u_pipe|g_fft[8].u_fft|u_core|g_lane[1].u_path|g_group[3].u_stage|u_bf2i|u_dly
u_pipe|g_fft[9].u_fft|u_core|g_lane[1].u_path|g_group[3].u_stage|u_bf2i|u_dly
u_pipe|g_fft[10].u_fft|u_core|g_lane[1].u_path|g_group[3].u_stage|u_bf2i|u_dly
u_pipe|g_fft[11].u_fft|u_core|g_lane[1].u_path|g_group[3].u_stage|u_bf2i|u_dly
u_pipe|g_fft[12].u_fft|u_core|g_lane[1].u_path|g_group[3].u_stage|u_bf2i|u_dly
u_pipe|g_fft[13].u_fft|u_core|g_lane[1].u_path|g_group[3].u_stage|u_bf2i|u_dly
u_pipe|g_fft[14].u_fft|u_core|g_lane[1].u_path|g_group[3].u_stage|u_bf2i|u_dly
u_pipe|g_fft[15].u_fft|u_core|g_lane[1].u_path|g_group[3].u_stage|u_bf2i|u_dly
u_pipe|g_fft[0].u_fft|u_core|g_lane[0].u_path|g_group[3].u_stage|u_bf2i|u_dly
u_pipe|g_fft[1].u_fft|u_core|g_lane[0].u_path|g_group[3].u_stage|u_bf2i|u_dly
u_pipe|g_fft[2].u_fft|u_core|g_lane[0].u_path|g_group[3].u_stage|u_bf2i|u_dly
u_pipe|g_fft[3].u_fft|u_core|g_lane[0].u_path|g_group[3].u_stage|u_bf2i|u_dly
u_pipe|g_fft[4].u_fft|u_core|g_lane[0].u_path|g_group[3].u_stage|u_bf2i|u_dly
u_pipe|g_fft[5].u_fft|u_core|g_lane[0].u_path|g_group[3].u_stage|u_bf2i|u_dly
u_pipe|g_fft[6].u_fft|u_core|g_lane[0].u_path|g_group[3].u_stage|u_bf2i|u_dly
u_pipe|g_fft[7].u_fft|u_core|g_lane[0].u_path|g_group[3].u_stage|u_bf2i|u_dly
u_pipe|g_fft[8].u_fft|u_core|g_lane[0].u_path|g_group[3].u_stage|u_bf2i|u_dly
u_pipe|g_fft[9].u_fft|u_core|g_lane[0].u_path|g_group[3].u_stage|u_bf2i|u_dly
u_pipe|g_fft[10].u_fft|u_core|g_lane[0].u_path|g_group[3].u_stage|u_bf2i|u_dly
u_pipe|g_fft[11].u_fft|u_core|g_lane[0].u_path|g_group[3].u_stage|u_bf2i|u_dly
u_pipe|g_fft[12].u_fft|u_core|g_lane[0].u_path|g_group[3].u_stage|u_bf2i|u_dly
u_pipe|g_fft[13].u_fft|u_core|g_lane[0].u_path|g_group[3].u_stage|u_bf2i|u_dly
u_pipe|g_fft[14].u_fft|u_core|g_lane[0].u_path|g_group[3].u_stage|u_bf2i|u_dly
u_pipe|g_fft[15].u_fft|u_core|g_lane[0].u_path|g_group[3].u_stage|u_bf2i|u_dly



+---------------------------------------------------------------------------------------------------------------------------------------------+
; Parameter Settings for User Entity fft_delay_line Instance: u_pipe|g_fft[15].u_fft|u_core|g_lane[0].u_path|g_group[3].u_stage|u_bf2ii|u_dly ;
+----------------+----------------------------------+-----------------------------------------------------------------------------------------+
; Parameter Name ; Value                            ; Type                                                                                    ;
+----------------+----------------------------------+-----------------------------------------------------------------------------------------+
; DEPTH          ; 00000000000000000000000000000010 ; Unsigned Binary                                                                         ;
; STYLE          ; MLAB                             ; String                                                                                  ;
; WIDTH          ; 00000000000000000000000000100000 ; Unsigned Binary                                                                         ;
+----------------+----------------------------------+-----------------------------------------------------------------------------------------+
All Instances:
u_pipe|g_fft[0].u_fft|u_core|g_lane[1].u_path|g_group[3].u_stage|u_bf2ii|u_dly
u_pipe|g_fft[1].u_fft|u_core|g_lane[1].u_path|g_group[3].u_stage|u_bf2ii|u_dly
u_pipe|g_fft[2].u_fft|u_core|g_lane[1].u_path|g_group[3].u_stage|u_bf2ii|u_dly
u_pipe|g_fft[3].u_fft|u_core|g_lane[1].u_path|g_group[3].u_stage|u_bf2ii|u_dly
u_pipe|g_fft[4].u_fft|u_core|g_lane[1].u_path|g_group[3].u_stage|u_bf2ii|u_dly
u_pipe|g_fft[5].u_fft|u_core|g_lane[1].u_path|g_group[3].u_stage|u_bf2ii|u_dly
u_pipe|g_fft[6].u_fft|u_core|g_lane[1].u_path|g_group[3].u_stage|u_bf2ii|u_dly
u_pipe|g_fft[7].u_fft|u_core|g_lane[1].u_path|g_group[3].u_stage|u_bf2ii|u_dly
u_pipe|g_fft[8].u_fft|u_core|g_lane[1].u_path|g_group[3].u_stage|u_bf2ii|u_dly
u_pipe|g_fft[9].u_fft|u_core|g_lane[1].u_path|g_group[3].u_stage|u_bf2ii|u_dly
u_pipe|g_fft[10].u_fft|u_core|g_lane[1].u_path|g_group[3].u_stage|u_bf2ii|u_dly
u_pipe|g_fft[11].u_fft|u_core|g_lane[1].u_path|g_group[3].u_stage|u_bf2ii|u_dly
u_pipe|g_fft[12].u_fft|u_core|g_lane[1].u_path|g_group[3].u_stage|u_bf2ii|u_dly
u_pipe|g_fft[13].u_fft|u_core|g_lane[1].u_path|g_group[3].u_stage|u_bf2ii|u_dly
u_pipe|g_fft[14].u_fft|u_core|g_lane[1].u_path|g_group[3].u_stage|u_bf2ii|u_dly
u_pipe|g_fft[15].u_fft|u_core|g_lane[1].u_path|g_group[3].u_stage|u_bf2ii|u_dly
u_pipe|g_fft[0].u_fft|u_core|g_lane[0].u_path|g_group[3].u_stage|u_bf2ii|u_dly
u_pipe|g_fft[1].u_fft|u_core|g_lane[0].u_path|g_group[3].u_stage|u_bf2ii|u_dly
u_pipe|g_fft[2].u_fft|u_core|g_lane[0].u_path|g_group[3].u_stage|u_bf2ii|u_dly
u_pipe|g_fft[3].u_fft|u_core|g_lane[0].u_path|g_group[3].u_stage|u_bf2ii|u_dly
u_pipe|g_fft[4].u_fft|u_core|g_lane[0].u_path|g_group[3].u_stage|u_bf2ii|u_dly
u_pipe|g_fft[5].u_fft|u_core|g_lane[0].u_path|g_group[3].u_stage|u_bf2ii|u_dly
u_pipe|g_fft[6].u_fft|u_core|g_lane[0].u_path|g_group[3].u_stage|u_bf2ii|u_dly
u_pipe|g_fft[7].u_fft|u_core|g_lane[0].u_path|g_group[3].u_stage|u_bf2ii|u_dly
u_pipe|g_fft[8].u_fft|u_core|g_lane[0].u_path|g_group[3].u_stage|u_bf2ii|u_dly
u_pipe|g_fft[9].u_fft|u_core|g_lane[0].u_path|g_group[3].u_stage|u_bf2ii|u_dly
u_pipe|g_fft[10].u_fft|u_core|g_lane[0].u_path|g_group[3].u_stage|u_bf2ii|u_dly
u_pipe|g_fft[11].u_fft|u_core|g_lane[0].u_path|g_group[3].u_stage|u_bf2ii|u_dly
u_pipe|g_fft[12].u_fft|u_core|g_lane[0].u_path|g_group[3].u_stage|u_bf2ii|u_dly
u_pipe|g_fft[13].u_fft|u_core|g_lane[0].u_path|g_group[3].u_stage|u_bf2ii|u_dly
u_pipe|g_fft[14].u_fft|u_core|g_lane[0].u_path|g_group[3].u_stage|u_bf2ii|u_dly
u_pipe|g_fft[15].u_fft|u_core|g_lane[0].u_path|g_group[3].u_stage|u_bf2ii|u_dly



+--------------------------------------------------------------------------------------------------+
; Verilog Macro Usage                                                                              ;
+------------------------------------------------------------+----------+------+-------+-----------+
; Name                                                       ; Location ; From ; Value ; Arguments ;
+------------------------------------------------------------+----------+------+-------+-----------+
; agilex7_wideband.qsf                                       ;          ;      ;       ;           ;
;     SYNTHESIS                                              ;          ;      ;       ;           ;
;         Define                                             ; 27       ;      ; 1     ;           ;
; D:/agilex-7-radar-test/rtl/align/align_clos.sv             ;          ;      ;       ;           ;
;     SYNTHESIS                                              ;          ;      ;       ;           ;
;         Refer                                              ; 197      ; QSF  ; 1     ;           ;
;         Refer                                              ; 389      ; QSF  ; 1     ;           ;
; D:/agilex-7-radar-test/rtl/align/align_collect.sv          ;          ;      ;       ;           ;
;     SYNTHESIS                                              ;          ;      ;       ;           ;
;         Refer                                              ; 232      ; QSF  ; 1     ;           ;
;         Refer                                              ; 711      ; QSF  ; 1     ;           ;
; D:/agilex-7-radar-test/rtl/align/align_net.sv              ;          ;      ;       ;           ;
;     SYNTHESIS                                              ;          ;      ;       ;           ;
;         Refer                                              ; 281      ; QSF  ; 1     ;           ;
;         Refer                                              ; 674      ; QSF  ; 1     ;           ;
; D:/agilex-7-radar-test/rtl/align/align_switch.sv           ;          ;      ;       ;           ;
;     SYNTHESIS                                              ;          ;      ;       ;           ;
;         Refer                                              ; 74       ; QSF  ; 1     ;           ;
; D:/agilex-7-radar-test/rtl/align/align_xbar.sv             ;          ;      ;       ;           ;
;     SYNTHESIS                                              ;          ;      ;       ;           ;
;         Refer                                              ; 162      ; QSF  ; 1     ;           ;
; D:/agilex-7-radar-test/rtl/beamformer/beamformer.sv        ;          ;      ;       ;           ;
;     SYNTHESIS                                              ;          ;      ;       ;           ;
;         Refer                                              ; 337      ; QSF  ; 1     ;           ;
;         Refer                                              ; 819      ; QSF  ; 1     ;           ;
; D:/agilex-7-radar-test/rtl/beamformer/bf_dot.sv            ;          ;      ;       ;           ;
;     SYNTHESIS                                              ;          ;      ;       ;           ;
;         Refer                                              ; 230      ; QSF  ; 1     ;           ;
;         Refer                                              ; 463      ; QSF  ; 1     ;           ;
; D:/agilex-7-radar-test/rtl/beamformer/weight_bank.sv       ;          ;      ;       ;           ;
;     SYNTHESIS                                              ;          ;      ;       ;           ;
;         Refer                                              ; 175      ; QSF  ; 1     ;           ;
; D:/agilex-7-radar-test/rtl/cdc/async_fifo.sv               ;          ;      ;       ;           ;
;     SYNTHESIS                                              ;          ;      ;       ;           ;
;         Refer                                              ; 87       ; QSF  ; 1     ;           ;
;         Refer                                              ; 171      ; QSF  ; 1     ;           ;
;         Refer                                              ; 443      ; QSF  ; 1     ;           ;
; D:/agilex-7-radar-test/rtl/cdc/cdc_handshake.sv            ;          ;      ;       ;           ;
;     SYNTHESIS                                              ;          ;      ;       ;           ;
;         Refer                                              ; 114      ; QSF  ; 1     ;           ;
;         Refer                                              ; 257      ; QSF  ; 1     ;           ;
; D:/agilex-7-radar-test/rtl/cdc/cdc_pulse.sv                ;          ;      ;       ;           ;
;     SYNTHESIS                                              ;          ;      ;       ;           ;
;         Refer                                              ; 83       ; QSF  ; 1     ;           ;
;         Refer                                              ; 176      ; QSF  ; 1     ;           ;
; D:/agilex-7-radar-test/rtl/cdc/cdc_sync2.sv                ;          ;      ;       ;           ;
;     SYNTHESIS                                              ;          ;      ;       ;           ;
;         Refer                                              ; 109      ; QSF  ; 1     ;           ;
; D:/agilex-7-radar-test/rtl/cdc/stream_cdc.sv               ;          ;      ;       ;           ;
;     SYNTHESIS                                              ;          ;      ;       ;           ;
;         Refer                                              ; 118      ; QSF  ; 1     ;           ;
;         Refer                                              ; 179      ; QSF  ; 1     ;           ;
; D:/agilex-7-radar-test/rtl/cfar/cfar_core.sv               ;          ;      ;       ;           ;
;     SYNTHESIS                                              ;          ;      ;       ;           ;
;         Refer                                              ; 325      ; QSF  ; 1     ;           ;
;         Refer                                              ; 971      ; QSF  ; 1     ;           ;
; D:/agilex-7-radar-test/rtl/cfar/cfar_window.sv             ;          ;      ;       ;           ;
;     SYNTHESIS                                              ;          ;      ;       ;           ;
;         Refer                                              ; 187      ; QSF  ; 1     ;           ;
;         Refer                                              ; 342      ; QSF  ; 1     ;           ;
; D:/agilex-7-radar-test/rtl/common/complex_multiplier.sv    ;          ;      ;       ;           ;
;     SYNTHESIS                                              ;          ;      ;       ;           ;
;         Refer                                              ; 270      ; QSF  ; 1     ;           ;
;         Refer                                              ; 394      ; QSF  ; 1     ;           ;
;         Refer                                              ; 583      ; QSF  ; 1     ;           ;
; D:/agilex-7-radar-test/rtl/common/perf_counter.sv          ;          ;      ;       ;           ;
;     SYNTHESIS                                              ;          ;      ;       ;           ;
;         Refer                                              ; 121      ; QSF  ; 1     ;           ;
;         Refer                                              ; 209      ; QSF  ; 1     ;           ;
; D:/agilex-7-radar-test/rtl/common/seq_checker.sv           ;          ;      ;       ;           ;
;     SYNTHESIS                                              ;          ;      ;       ;           ;
;         Refer                                              ; 166      ; QSF  ; 1     ;           ;
;         Refer                                              ; 344      ; QSF  ; 1     ;           ;
; D:/agilex-7-radar-test/rtl/common/sync_fifo.sv             ;          ;      ;       ;           ;
;     SYNTHESIS                                              ;          ;      ;       ;           ;
;         Refer                                              ; 132      ; QSF  ; 1     ;           ;
;         Refer                                              ; 312      ; QSF  ; 1     ;           ;
; D:/agilex-7-radar-test/rtl/covariance/covar_engine.sv      ;          ;      ;       ;           ;
;     SYNTHESIS                                              ;          ;      ;       ;           ;
;         Refer                                              ; 231      ; QSF  ; 1     ;           ;
;         Refer                                              ; 422      ; QSF  ; 1     ;           ;
; D:/agilex-7-radar-test/rtl/covariance/integrator.sv        ;          ;      ;       ;           ;
;     SYNTHESIS                                              ;          ;      ;       ;           ;
;         Refer                                              ; 242      ; QSF  ; 1     ;           ;
;         Refer                                              ; 439      ; QSF  ; 1     ;           ;
; D:/agilex-7-radar-test/rtl/covariance/power_calc.sv        ;          ;      ;       ;           ;
;     SYNTHESIS                                              ;          ;      ;       ;           ;
;         Refer                                              ; 164      ; QSF  ; 1     ;           ;
;         Refer                                              ; 292      ; QSF  ; 1     ;           ;
; D:/agilex-7-radar-test/rtl/fft/fft_bf2.sv                  ;          ;      ;       ;           ;
;     SYNTHESIS                                              ;          ;      ;       ;           ;
;         Refer                                              ; 143      ; QSF  ; 1     ;           ;
;         Refer                                              ; 312      ; QSF  ; 1     ;           ;
; D:/agilex-7-radar-test/rtl/fft/fft_core.sv                 ;          ;      ;       ;           ;
;     SYNTHESIS                                              ;          ;      ;       ;           ;
;         Refer                                              ; 115      ; QSF  ; 1     ;           ;
;         Refer                                              ; 259      ; QSF  ; 1     ;           ;
; D:/agilex-7-radar-test/rtl/fft/fft_delay_line.sv           ;          ;      ;       ;           ;
;     SYNTHESIS                                              ;          ;      ;       ;           ;
;         Refer                                              ; 77       ; QSF  ; 1     ;           ;
;         Refer                                              ; 169      ; QSF  ; 1     ;           ;
; D:/agilex-7-radar-test/rtl/fft/fft_dit_merge.sv            ;          ;      ;       ;           ;
;     SYNTHESIS                                              ;          ;      ;       ;           ;
;         Refer                                              ; 91       ; QSF  ; 1     ;           ;
;         Refer                                              ; 276      ; QSF  ; 1     ;           ;
; D:/agilex-7-radar-test/rtl/fft/fft_radix22_stage.sv        ;          ;      ;       ;           ;
;     SYNTHESIS                                              ;          ;      ;       ;           ;
;         Refer                                              ; 134      ; QSF  ; 1     ;           ;
;         Refer                                              ; 340      ; QSF  ; 1     ;           ;
; D:/agilex-7-radar-test/rtl/fft/fft_reorder.sv              ;          ;      ;       ;           ;
;     SYNTHESIS                                              ;          ;      ;       ;           ;
;         Refer                                              ; 174      ; QSF  ; 1     ;           ;
; D:/agilex-7-radar-test/rtl/fft/fft_sdf_path.sv             ;          ;      ;       ;           ;
;     SYNTHESIS                                              ;          ;      ;       ;           ;
;         Refer                                              ; 76       ; QSF  ; 1     ;           ;
;         Refer                                              ; 231      ; QSF  ; 1     ;           ;
; D:/agilex-7-radar-test/rtl/fft/fft_twiddle_rom.sv          ;          ;      ;       ;           ;
;     SYNTHESIS                                              ;          ;      ;       ;           ;
;         Refer                                              ; 107      ; QSF  ; 1     ;           ;
; D:/agilex-7-radar-test/rtl/fft/streaming_fft.sv            ;          ;      ;       ;           ;
;     SYNTHESIS                                              ;          ;      ;       ;           ;
;         Refer                                              ; 209      ; QSF  ; 1     ;           ;
;         Refer                                              ; 506      ; QSF  ; 1     ;           ;
; D:/agilex-7-radar-test/rtl/memory/behavioral_mem_model.sv  ;          ;      ;       ;           ;
;     SYNTHESIS                                              ;          ;      ;       ;           ;
;         Refer                                              ; 65       ; QSF  ; 1     ;           ;
; D:/agilex-7-radar-test/rtl/memory/history_bank.sv          ;          ;      ;       ;           ;
;     SYNTHESIS                                              ;          ;      ;       ;           ;
;         Refer                                              ; 172      ; QSF  ; 1     ;           ;
; D:/agilex-7-radar-test/rtl/memory/history_core.sv          ;          ;      ;       ;           ;
;     SYNTHESIS                                              ;          ;      ;       ;           ;
;         Refer                                              ; 398      ; QSF  ; 1     ;           ;
;         Refer                                              ; 1146     ; QSF  ; 1     ;           ;
; D:/agilex-7-radar-test/rtl/memory/mem_arbiter.sv           ;          ;      ;       ;           ;
;     SYNTHESIS                                              ;          ;      ;       ;           ;
;         Refer                                              ; 66       ; QSF  ; 1     ;           ;
; D:/agilex-7-radar-test/rtl/packet/pkt_egress.sv            ;          ;      ;       ;           ;
;     SYNTHESIS                                              ;          ;      ;       ;           ;
;         Refer                                              ; 99       ; QSF  ; 1     ;           ;
;         Refer                                              ; 323      ; QSF  ; 1     ;           ;
; D:/agilex-7-radar-test/rtl/packet/pkt_fabric.sv            ;          ;      ;       ;           ;
;     SYNTHESIS                                              ;          ;      ;       ;           ;
;         Refer                                              ; 150      ; QSF  ; 1     ;           ;
; D:/agilex-7-radar-test/rtl/packet/pkt_ingress.sv           ;          ;      ;       ;           ;
;     SYNTHESIS                                              ;          ;      ;       ;           ;
;         Refer                                              ; 166      ; QSF  ; 1     ;           ;
;         Refer                                              ; 512      ; QSF  ; 1     ;           ;
; D:/agilex-7-radar-test/rtl/packet/pkt_rr_arb.sv            ;          ;      ;       ;           ;
;     SYNTHESIS                                              ;          ;      ;       ;           ;
;         Refer                                              ; 80       ; QSF  ; 1     ;           ;
;         Refer                                              ; 136      ; QSF  ; 1     ;           ;
; D:/agilex-7-radar-test/rtl/packet/pkt_switch_stage.sv      ;          ;      ;       ;           ;
;     SYNTHESIS                                              ;          ;      ;       ;           ;
;         Refer                                              ; 177      ; QSF  ; 1     ;           ;
;         Refer                                              ; 684      ; QSF  ; 1     ;           ;
; D:/agilex-7-radar-test/rtl/pfb/coeff_bank.sv               ;          ;      ;       ;           ;
;     SYNTHESIS                                              ;          ;      ;       ;           ;
;         Refer                                              ; 172      ; QSF  ; 1     ;           ;
;         Refer                                              ; 365      ; QSF  ; 1     ;           ;
; D:/agilex-7-radar-test/rtl/pfb/delay_line.sv               ;          ;      ;       ;           ;
;     SYNTHESIS                                              ;          ;      ;       ;           ;
;         Refer                                              ; 91       ; QSF  ; 1     ;           ;
; D:/agilex-7-radar-test/rtl/pfb/fir_lane.sv                 ;          ;      ;       ;           ;
;     SYNTHESIS                                              ;          ;      ;       ;           ;
;         Refer                                              ; 177      ; QSF  ; 1     ;           ;
;         Refer                                              ; 475      ; QSF  ; 1     ;           ;
; D:/agilex-7-radar-test/rtl/pfb/pfb_bank.sv                 ;          ;      ;       ;           ;
;     SYNTHESIS                                              ;          ;      ;       ;           ;
;         Refer                                              ; 220      ; QSF  ; 1     ;           ;
;         Refer                                              ; 517      ; QSF  ; 1     ;           ;
; D:/agilex-7-radar-test/rtl/stream/stream_elastic_buffer.sv ;          ;      ;       ;           ;
;     SYNTHESIS                                              ;          ;      ;       ;           ;
;         Refer                                              ; 79       ; QSF  ; 1     ;           ;
;         Refer                                              ; 158      ; QSF  ; 1     ;           ;
; D:/agilex-7-radar-test/rtl/stream/stream_pipe.sv           ;          ;      ;       ;           ;
;     SYNTHESIS                                              ;          ;      ;       ;           ;
;         Refer                                              ; 89       ; QSF  ; 1     ;           ;
;         Refer                                              ; 202      ; QSF  ; 1     ;           ;
; D:/agilex-7-radar-test/rtl/stream/stream_skid_buffer.sv    ;          ;      ;       ;           ;
;     SYNTHESIS                                              ;          ;      ;       ;           ;
;         Refer                                              ; 139      ; QSF  ; 1     ;           ;
; D:/agilex-7-radar-test/rtl/top/benchmark_pipeline_ctrl.sv  ;          ;      ;       ;           ;
;     SYNTHESIS                                              ;          ;      ;       ;           ;
;         Refer                                              ; 171      ; QSF  ; 1     ;           ;
; D:/agilex-7-radar-test/rtl/top/benchmark_sim_top.sv        ;          ;      ;       ;           ;
;     SYNTHESIS                                              ;          ;      ;       ;           ;
;         Refer                                              ; 435      ; QSF  ; 1     ;           ;
;         Refer                                              ; 1276     ; QSF  ; 1     ;           ;
;         Refer                                              ; 1725     ; QSF  ; 1     ;           ;
+------------------------------------------------------------+----------+------+-------+-----------+
&lt;same as above&gt; indicates that the value matches the previous occurence of the macro.


+--------------------------------------------------------------------------------------------------------------------------------------------------------------------------------------------+
; Assignments with Invalid Source or Target                                                                                                                                                  ;
+-----------------+-------------------------+----------------------+--------+--------------+----------------+--------------+-----------------------------------------------------------------+
; Assignment Name ; Sample Assignment Value ; Entity               ; Source ; Source Valid ; Target         ; Target Valid ; Location                                                        ;
+-----------------+-------------------------+----------------------+--------+--------------+----------------+--------------+-----------------------------------------------------------------+
; VIRTUAL_PIN     ; ON                      ; benchmark_fabric_top ;        ;              ; dma_mem_req[*] ; No           ; D:/agilex-7-radar-test/quartus/project/agilex7_wideband.qsf:175 ;
; VIRTUAL_PIN     ; ON                      ; benchmark_fabric_top ;        ;              ; dma_mem_rsp[*] ; No           ; D:/agilex-7-radar-test/quartus/project/agilex7_wideband.qsf:182 ;
+-----------------+-------------------------+----------------------+--------+--------------+----------------+--------------+-----------------------------------------------------------------+
Sources or targets that are created in Fitter might appear here, safely ignore those. Refer to Fitter's Ignored Assignments Report for a more accurate list.


Hierarchies have been optimized away during sweep. For more details and filtering options, ensure that you have compiled with the "Enable RTL Analysis Debug Mode " setting turned on under Assignments->Settings->Compiler Settings, then use the " Sweep Hints Viewer " tool in the " RTL Analyzer ".
+--------------------------------------------------------------------------------------------------------------------------+
; Hierarchies Optimized Away During Sweep                                                                                  ;
+------------------+--------------------+------------------------------+---------------------------------------------------+
; Entity Name      ; Number of Instance ; Number of Gates before Sweep ; Sample Hierarchy Name                             ;
+------------------+--------------------+------------------------------+---------------------------------------------------+
; pkt_egress       ; 1                  ; 808                          ; u_pipe|u_dma_fabric|g_egr[1].u_egr                ;
; sync_fifo        ; 4                  ; 605                          ; u_pipe|u_dma_fabric|g_egr[1].u_egr|g_vc[0].u_fifo ;
; perf_counter     ; 79                 ; 270                          ; u_pipe|g_pfb[0].u_pfb|u_sat_cnt                   ;
; fxp_sticky_flags ; 177                ; 144                          ; u_pipe|g_pfb[0].u_pfb|u_sat                       ;
; pkt_rr_arb       ; 1                  ; 35                           ; u_pipe|u_dma_fabric|g_egr[1].u_egr|u_out_arb      ;
; cdc_sync2        ; 51                 ; 4                            ; u_pipe|g_pfb[0].u_pfb|u_coeff|u_sync_active       ;
+------------------+--------------------+------------------------------+---------------------------------------------------+


Top root causes of logic optimization that have been identified during sweep. For more details and filtering options, ensure that you have compiled with the "Enable RTL Analysis Debug Mode " setting turned on under Assignments->Settings->Compiler Settings, then go to the " Root Causes Tab " in the " Sweep Hints Viewer " tool in the " RTL Analyzer ".
+---------------------------------------------------------------------------------------------+
; Top Causes of Logic Optimized Away During Sweep                                             ;
+--------------------------------------+------------------+-------------+---------------------+
; Root Object Path                     ; Root Object Type ; Root Reason ; Swept Objects Count ;
+--------------------------------------+------------------+-------------+---------------------+
; u_pipe|u_dma_fabric|s_valid[1]       ; INPUT_INST_PORT  ; stuck at 0  ; 2837                ;
; u_pipe|u_dma_fabric|s_sof[1]         ; INPUT_INST_PORT  ; stuck at 0  ; 2793                ;
; u_pipe|u_covar|sat_count_max[31]     ; OUTPUT_INST_PORT ; lost_fanout ; 2113                ;
; u_pipe|stat_cfar_sup_count[31]       ; OUTPUT_INST_PORT ; lost_fanout ; 2065                ;
; u_pipe|g_fft[0].u_fft|ovf_events[31] ; OUTPUT_INST_PORT ; lost_fanout ; 1121                ;
; u_pipe|g_fft[1].u_fft|ovf_events[31] ; OUTPUT_INST_PORT ; lost_fanout ; 1121                ;
; u_pipe|g_fft[2].u_fft|ovf_events[31] ; OUTPUT_INST_PORT ; lost_fanout ; 1121                ;
; u_pipe|g_fft[3].u_fft|ovf_events[31] ; OUTPUT_INST_PORT ; lost_fanout ; 1121                ;
; u_pipe|g_fft[4].u_fft|ovf_events[31] ; OUTPUT_INST_PORT ; lost_fanout ; 1121                ;
; u_pipe|g_fft[5].u_fft|ovf_events[31] ; OUTPUT_INST_PORT ; lost_fanout ; 1121                ;
+--------------------------------------+------------------+-------------+---------------------+
Table limited at 10 items. To change the number of top root causes reported, set the "Number of Top Root Causes Reported in Synthesis Report " option under Assignments->Settings->Compiler Settings->Advanced Settings (Synthesis)


+---------------------------------+
; Analysis & Elaboration Messages ;
+---------------------------------+
Info: *******************************************************************
Info: Running Quartus Prime Synthesis
    Info: Version 26.1.0 Build 110 03/26/2026 SC Pro Edition
    Info: Processing started: Tue Jul 28 12:07:07 2026
    Info: System process ID: 9644
Info: Command: quartus_syn --read_settings_files=on --write_settings_files=off agilex7_wideband -c agilex7_wideband --dni
Info: qis_default_flow_script.tcl version: #1
Info: Initializing Synthesis...
Info: Project = "agilex7_wideband"
Info: Revision = "agilex7_wideband"
Info (21958): Initialized Quartus Message Database
Info: Analyzing source files
Critical Warning (20759): Use the Reset Release IP in Agilex 7 designs to ensure a successful configuration. For more information about the Reset Release IP, refer to the Configuration User Guide.
Info: Elaborating from top-level entity "benchmark_fabric_top"
Info (22567): Verilog HDL info at stream_elastic_buffer.sv(91): extracting RAM for identifier 'mem' File: D:/agilex-7-radar-test/rtl/stream/stream_elastic_buffer.sv Line: 91
Info (22567): Verilog HDL info at stream_elastic_buffer.sv(91): extracting RAM for identifier 'mem' File: D:/agilex-7-radar-test/rtl/stream/stream_elastic_buffer.sv Line: 91
Info (22567): Verilog HDL info at sync_fifo.sv(169): extracting RAM for identifier 'mem' File: D:/agilex-7-radar-test/rtl/common/sync_fifo.sv Line: 169
Info (22567): Verilog HDL info at fft_delay_line.sv(147): extracting RAM for identifier 'mem' File: D:/agilex-7-radar-test/rtl/fft/fft_delay_line.sv Line: 147
Info (22567): Verilog HDL info at fft_delay_line.sv(147): extracting RAM for identifier 'mem' File: D:/agilex-7-radar-test/rtl/fft/fft_delay_line.sv Line: 147
Info (22567): Verilog HDL info at fft_twiddle_rom.sv(153): extracting RAM for identifier 'rom' File: D:/agilex-7-radar-test/rtl/fft/fft_twiddle_rom.sv Line: 153
Info (22567): Verilog HDL info at fft_delay_line.sv(131): extracting RAM for identifier 'mem' File: D:/agilex-7-radar-test/rtl/fft/fft_delay_line.sv Line: 131
Info (22567): Verilog HDL info at fft_delay_line.sv(131): extracting RAM for identifier 'mem' File: D:/agilex-7-radar-test/rtl/fft/fft_delay_line.sv Line: 131
Info (22567): Verilog HDL info at fft_twiddle_rom.sv(153): extracting RAM for identifier 'rom' File: D:/agilex-7-radar-test/rtl/fft/fft_twiddle_rom.sv Line: 153
Info (22567): Verilog HDL info at fft_delay_line.sv(131): extracting RAM for identifier 'mem' File: D:/agilex-7-radar-test/rtl/fft/fft_delay_line.sv Line: 131
Info (22567): Verilog HDL info at fft_delay_line.sv(131): extracting RAM for identifier 'mem' File: D:/agilex-7-radar-test/rtl/fft/fft_delay_line.sv Line: 131
Info (22567): Verilog HDL info at fft_twiddle_rom.sv(153): extracting RAM for identifier 'rom' File: D:/agilex-7-radar-test/rtl/fft/fft_twiddle_rom.sv Line: 153
Info (22567): Verilog HDL info at fft_delay_line.sv(131): extracting RAM for identifier 'mem' File: D:/agilex-7-radar-test/rtl/fft/fft_delay_line.sv Line: 131
Info (22567): Verilog HDL info at fft_delay_line.sv(131): extracting RAM for identifier 'mem' File: D:/agilex-7-radar-test/rtl/fft/fft_delay_line.sv Line: 131
Info (22567): Verilog HDL info at fft_twiddle_rom.sv(153): extracting RAM for identifier 'rom' File: D:/agilex-7-radar-test/rtl/fft/fft_twiddle_rom.sv Line: 153
Info (22567): Verilog HDL info at fft_twiddle_rom.sv(153): extracting RAM for identifier 'rom' File: D:/agilex-7-radar-test/rtl/fft/fft_twiddle_rom.sv Line: 153
Info (22567): Verilog HDL info at fft_reorder.sv(129): extracting RAM for identifier 'mem0' File: D:/agilex-7-radar-test/rtl/fft/fft_reorder.sv Line: 129
Info (22567): Verilog HDL info at fft_reorder.sv(130): extracting RAM for identifier 'mem1' File: D:/agilex-7-radar-test/rtl/fft/fft_reorder.sv Line: 130
Info (22567): Verilog HDL info at sync_fifo.sv(169): extracting RAM for identifier 'mem' File: D:/agilex-7-radar-test/rtl/common/sync_fifo.sv Line: 169
Info (22567): Verilog HDL info at history_bank.sv(203): extracting RAM for identifier 'mem' File: D:/agilex-7-radar-test/rtl/memory/history_bank.sv Line: 203
Info (22567): Verilog HDL info at sync_fifo.sv(171): extracting RAM for identifier 'mem' File: D:/agilex-7-radar-test/rtl/common/sync_fifo.sv Line: 171
Info (22567): Verilog HDL info at stream_elastic_buffer.sv(91): extracting RAM for identifier 'mem' File: D:/agilex-7-radar-test/rtl/stream/stream_elastic_buffer.sv Line: 91
Info (22567): Verilog HDL info at async_fifo.sv(263): extracting RAM for identifier 'mem' File: D:/agilex-7-radar-test/rtl/cdc/async_fifo.sv Line: 263
Info (22567): Verilog HDL info at stream_elastic_buffer.sv(91): extracting RAM for identifier 'mem' File: D:/agilex-7-radar-test/rtl/stream/stream_elastic_buffer.sv Line: 91
Info (22567): Verilog HDL info at stream_elastic_buffer.sv(91): extracting RAM for identifier 'mem' File: D:/agilex-7-radar-test/rtl/stream/stream_elastic_buffer.sv Line: 91
Info (22567): Verilog HDL info at stream_elastic_buffer.sv(91): extracting RAM for identifier 'mem' File: D:/agilex-7-radar-test/rtl/stream/stream_elastic_buffer.sv Line: 91
Info (22567): Verilog HDL info at stream_elastic_buffer.sv(91): extracting RAM for identifier 'mem' File: D:/agilex-7-radar-test/rtl/stream/stream_elastic_buffer.sv Line: 91
Warning (13469): Verilog HDL assignment warning at benchmark_sim_top.sv(1859): truncated value with size 7 to match size of target (6) File: D:/agilex-7-radar-test/rtl/top/benchmark_sim_top.sv Line: 1859
Warning (16753): Verilog HDL warning at benchmark_sim_top.sv(1861): right shift count is greater than or equal to the width of the value File: D:/agilex-7-radar-test/rtl/top/benchmark_sim_top.sv Line: 1861
Info (22567): Verilog HDL info at sync_fifo.sv(171): extracting RAM for identifier 'mem' File: D:/agilex-7-radar-test/rtl/common/sync_fifo.sv Line: 171
Info (22567): Verilog HDL info at sync_fifo.sv(171): extracting RAM for identifier 'mem' File: D:/agilex-7-radar-test/rtl/common/sync_fifo.sv Line: 171
Warning (13469): Verilog HDL assignment warning at benchmark_sim_top.sv(2067): truncated value with size 7 to match size of target (6) File: D:/agilex-7-radar-test/rtl/top/benchmark_sim_top.sv Line: 2067
Info (22567): Verilog HDL info at behavioral_mem_model.sv(76): extracting RAM for identifier 'mem_q' File: D:/agilex-7-radar-test/rtl/memory/behavioral_mem_model.sv Line: 76
Warning (13469): Verilog HDL assignment warning at behavioral_mem_model.sv(153): truncated value with size 32 to match size of target (5) File: D:/agilex-7-radar-test/rtl/memory/behavioral_mem_model.sv Line: 153
Warning (13469): Verilog HDL assignment warning at behavioral_mem_model.sv(203): truncated value with size 6 to match size of target (5) File: D:/agilex-7-radar-test/rtl/memory/behavioral_mem_model.sv Line: 203
Info: Found 65 design entities
Info: There are 3025 partitions after elaboration.
Info: DA report generation in native DNI mode
Info (21615): Running Design Assistant Rules for snapshot 'partitioned'
Info: No waiver waived any violations
Info (22360): Design Assistant Results: 8 of 10 enabled rules passed, and 1 rules was disabled, in snapshot 'partitioned'
Warning (21620): Design Assistant Results: 1 of 1 High severity rules issued violations in snapshot 'partitioned'. Please refer to DRC report 'D:/agilex-7-radar-test/quartus/project/output_files/agilex7_wideband.drc.partitioned.rpt' for more information
Info (21621): Design Assistant Results: 0 of 1 Medium severity rules issued violations in snapshot 'partitioned'
Info (21622): Design Assistant Results: 1 of 8 Low severity rules issued violations in snapshot 'partitioned'. Please refer to DRC report 'D:/agilex-7-radar-test/quartus/project/output_files/agilex7_wideband.drc.partitioned.rpt' for more information
Warning (23762): Hierarchies were optimized away during sweep. For details, refer to " Hierarchies Optimized Away During Sweep " report.


