Timing Analyzer report for agilex7_wideband
Tue Jul 28 13:51:29 2026
Quartus Prime Version 26.1.0 Build 110 03/26/2026 SC Pro Edition


---------------------
; Table of Contents ;
---------------------
  1. Legal Notice
  2. Timing Analyzer Summary
  3. Timing Delays: Final Snapshot
  4. Parallel Compilation
  5. SDC File List
  6. Clocks
  7. Design Closure Summary
  8. Fmax Summary
  9. Setup Summary
 10. Hold Summary
 11. Recovery Summary
 12. Removal Summary
 13. Minimum Pulse Width Summary
 14. Metastability Summary Slow vid1 100C Model
 15. Metastability Summary Slow vid1b 100C Model
 16. Metastability Summary Fast vid1 0C Model
 17. Setup Transfers
 18. Hold Transfers
---- Setup Reports ----
     ---- core_clk Reports ----
           19. Command Info
           20. Summary of Paths
           21. Path #1: Setup slack is -22.987 (VIOLATED)
           22. Path #2: Setup slack is -22.986 (VIOLATED)
           23. Path #3: Setup slack is -22.985 (VIOLATED)
           24. Path #4: Setup slack is -22.985 (VIOLATED)
           25. Path #5: Setup slack is -22.984 (VIOLATED)
           26. Path #6: Setup slack is -22.983 (VIOLATED)
           27. Path #7: Setup slack is -22.979 (VIOLATED)
           28. Path #8: Setup slack is -22.979 (VIOLATED)
           29. Path #9: Setup slack is -22.979 (VIOLATED)
           30. Path #10: Setup slack is -22.979 (VIOLATED)
---- Hold Reports ----
     ---- core_clk Reports ----
           31. Command Info
           32. Summary of Paths
           33. Path #1: Hold slack is -7.031 (VIOLATED)
           34. Path #2: Hold slack is -6.985 (VIOLATED)
           35. Path #3: Hold slack is -6.981 (VIOLATED)
           36. Path #4: Hold slack is -6.974 (VIOLATED)
           37. Path #5: Hold slack is -6.969 (VIOLATED)
           38. Path #6: Hold slack is -6.968 (VIOLATED)
           39. Path #7: Hold slack is -6.962 (VIOLATED)
           40. Path #8: Hold slack is -6.958 (VIOLATED)
           41. Path #9: Hold slack is -6.957 (VIOLATED)
           42. Path #10: Hold slack is -6.956 (VIOLATED)
 43. Timing Analyzer Messages
---- Unconstrained Paths Reports ----
      44. Unconstrained Paths Summary
      45. Clock Status Summary
 46. INI Usage
 47. Multicorner Timing Analysis Summary
 48. Design Assistant (Signoff) Results - 7 of 85 Rules Failed
 49. CLK-30026 - Missing Clock Assignment
 50. FLP-10000 - Physical RAM with Utilization Below Threshold
 51. FLP-10501 - Top-Level Ports Without Pin Location Assignment
 52. TMC-20214 - Buses with Incoming Paths Failing Setup Analysis with Multiple Sequential Adder Chains
 53. TMC-20602 - Registers with High Timing Path Endpoint Tension
 54. TMC-20604 - Registers with High Timing Path Endpoint Span
 55. TMC-20603 - Registers with High Immediate Fan-Out Span
 56. CDC-50001 - 1-Bit Asynchronous Transfer Not Synchronized
 57. CDC-50002 - 1-Bit Asynchronous Transfer with Insufficient Constraints
 58. CDC-50003 - CE-Type CDC Transfer with Insufficient Constraints
 59. CDC-50004 - MUX-type CDC Transfer with Insufficient Constraints
 60. CDC-50005 - CDC Bus Constructed with Multi-bit Synchronizer Chains of Different Lengths
 61. CDC-50006 - CDC Bus Constructed with Unsynchronized Registers
 62. CDC-50007 - CDC Bus Constructed with Multi-bit Synchronizer Chains with Insufficient Constraints
 63. CDC-50011 - Combinational Logic Before Synchronizer Chain
 64. CDC-50012 - Multiple Clock Domains Driving a Synchronizer Chain
 65. CLK-30027 - Multiple Clock Assignments Found
 66. CLK-30028 - Invalid Generated Clock
 67. CLK-30029 - Invalid Clock Assignments
 68. CLK-30030 - PLL Setting Violation
 69. CLK-30033 - Invalid Clock Group Assignment
 70. CLK-30034 - Clock Pairs Missing Logically Exclusive Clock Group Assignment
 71. CLK-30035 - Clock Pairs Missing Physically Exclusive Clock Group Assignment
 72. CLK-30042 - Incorrect Clock Group Type
 73. RES-50001 - Asynchronous Reset Is Not Synchronized
 74. RES-50002 - Asynchronous Reset is Insufficiently Synchronized
 75. RES-50003 - Asynchronous Reset with Insufficient Constraints
 76. RES-50004 - Multiple Asynchronous Resets within Reset Synchronizer Chain
 77. TMC-20011 - Missing Input Delay Constraint
 78. TMC-20012 - Missing Output Delay Constraint
 79. TMC-20013 - Partial Input Delay
 80. TMC-20014 - Partial Output Delay
 81. TMC-20015 - Inconsistent Min-Max Delay
 82. TMC-20016 - Invalid Reference Pin
 83. TMC-20017 - Loops Detected
 84. TMC-20019 - Partial Multicycle Assignment
 85. TMC-20022 - I/O Delay Assignment Missing Parameters
 86. TMC-20023 - Invalid Set Net Delay Assignment
 87. TMC-20027 - Collection Filter Matching Multiple Types
 88. TMC-30041 - Constraint with Invalid Clock Reference
 89. CDC-50103 - Unsynchronized Intra-Clock Forced Synchronizer
 90. CLK-30031 - Input Delay Assigned to Clock
 91. CLK-30032 - Improper Clock Targets
 92. LNT-30023 - Reset Nets with Polarity Conflict
 93. RDC-50003 - Multiple Asynchronous Reset Synchronizers in the Same Clock Domain
 94. TMC-20018 - Unsupported Latches Detected
 95. TMC-20021 - Partial Min-Max Delay Assignment
 96. TMC-20024 - Synchronous Data Delay Assignment
 97. TMC-20025 - Ignored or Overridden Constraints
 98. TMC-20026 - Empty Collection Due To Unmatched Filter
 99. TMC-20200 - Paths Failing Setup Analysis with Impossible Requirements
100. TMC-20201 - Paths Failing Setup Analysis with High Clock Skew
101. TMC-20204 - Endpoints of Paths Failing Setup Analysis with Retiming Restrictions
102. TMC-20205 - Endpoints of Paths Failing Setup Analysis with Explicit Power-Up States that Restrict Retiming
103. TMC-20206 - DSP Blocks with Unregistered Outputs that are the Source of Paths Failing Setup Analysis
104. TMC-20207 - DSP Blocks with Unregistered Inputs that are the Destination of Paths Failing Setup Analysis
105. TMC-20208 - RAM Blocks with Unregistered Outputs that are the Source of Paths Failing Setup Analysis
106. TMC-20209 - Paths Failing Setup Analysis with High Routing Delay due to Congestion
107. TMC-20210 - Paths Failing Setup Analysis with High Routing Delay Added for Hold
108. TMC-20212 - Paths Failing Setup Analysis with Global Routing in Data Path
109. TMC-20213 - Paths Failing Setup Analysis with Locally Routed Clock
110. TMC-20215 - Buses with Incoming Paths Failing Setup Analysis with Multipliers Implemented in Logic
111. TMC-20216 - Paths Failing Setup Analysis with Inferred-RAM Shift Register Endpoints
112. TMC-20217 - Paths Failing Setup Analysis with Clock-As-Data
113. TMC-20219 - DSP Blocks with Restricted Fmax below Required Fmax
114. TMC-20220 - RAM Blocks with Restricted Fmax below Required Fmax
115. TMC-20221 - Nodes Failing Minimum Pulse Width Due to Clock Pulse Collapse
116. TMC-20312 - Paths Failing Hold Analysis with Global Routing in Data Path
117. TMC-20313 - Paths Failing Hold Analysis with Locally Routed Clock
118. TMC-20712 - Paths Failing Recovery Analysis with Global Routing in Data Path
119. TMC-20713 - Paths Failing Recovery Analysis with Locally Routed Clock
120. TMC-20812 - Paths Failing Removal Analysis with Global Routing in Data Path
121. TMC-20813 - Paths Failing Removal Analysis with Locally Routed Clock
122. CDC-50008 - CDC Bus Constructed with Multi-bit Synchronizer Chains
123. CDC-50101 - Intra-Clock False Path Synchronizer
124. CDC-50102 - Synchronizer after CDC Topology with Control Signal
125. FLP-40006 - Pipelining Registers That Might Be Recoverable
126. LNT-30010 - Nets Driving both Reset and Clock Enable Signals
127. RES-50010 - Reset Synchronizer Chains with Constant Output
128. RES-50101 - Intra-Clock False Path Reset Synchronizer
129. TMC-20020 - Invalid Multicycle Assignment
130. TMC-20550 - Automatically Selected Duplication Candidate Rejected for Placement Constraint
131. TMC-20551 - Automatically Selected Duplication Candidate Likely Requires More Duplication
132. TMC-20552 - User Selected Duplication Candidate was Rejected
133. TMC-20601 - Registers with High Immediate Fan-Out Tension



----------------
; Legal Notice ;
----------------
Copyright (C) 2026  Altera Corporation. All rights reserved.
Your use of Altera Corporation's design tools, logic functions 
and other software and tools, and any partner logic 
functions, and any output files from any of the foregoing 
(including device programming or simulation files), and any 
associated documentation or information are expressly subject 
to the terms and conditions of the Altera Program License 
Subscription Agreement, the Altera Quartus Prime License Agreement,
the Altera IP License Agreement, or other applicable license
agreement, including, without limitation, that your use is for
the sole purpose of programming logic devices manufactured by
Altera and sold by Altera or its authorized distributors.  Please
refer to the Altera Software License Subscription Agreements 
on the Quartus Prime software download page.



+----------------------------------------------------------------------------+
; Timing Analyzer Summary                                                    ;
+-----------------------+----------------------------------------------------+
; Quartus Prime Version ; Version 26.1.0 Build 110 03/26/2026 SC Pro Edition ;
; Timing Analyzer       ; Timing Analyzer                                    ;
; Revision Name         ; agilex7_wideband                                   ;
; Device Family         ; Agilex 7                                           ;
; Device                ; AGMF039R47B1E1VC                                   ;
; Snapshot              ; final                                              ;
; Timing Models         ; Final                                              ;
; Power Models          ; Final                                              ;
; Device Status         ; Final                                              ;
; Rise/Fall Delays      ; Enabled                                            ;
+-----------------------+----------------------------------------------------+


+---------------------------------------------+
; Timing Delays: Final Snapshot               ;
+----------------------------------+----------+
; Snapshot                         ; final    ;
; Periphery block cell delays      ; Sign-off ;
; Core block cell delays           ; Sign-off ;
; Routing interconnect (IC) delays ; Sign-off ;
+----------------------------------+----------+


+-------------------------------------+
; Parallel Compilation                ;
+----------------------------+--------+
; Processors                 ; Number ;
+----------------------------+--------+
; Number detected on machine ; 16     ;
; Maximum allowed            ; 16     ;
+----------------------------+--------+


+-------------------------------------------------------------------------------------------------------------------------------------------+
; SDC File List                                                                                                                             ;
+-------------------------------+----------+--------+---------+----------+--------+--------------------------+-----------------+------------+
; SDC File Path                 ; Instance ; Entity ; Library ; Promoted ; Status ; Read at                  ; Processing Time ; SDC on RTL ;
+-------------------------------+----------+--------+---------+----------+--------+--------------------------+-----------------+------------+
; ../constraints/clocks.sdc     ;          ;        ;         ; No       ; OK     ; Tue Jul 28 13:50:30 2026 ; 00:00:01        ; No         ;
; ../constraints/io.sdc         ;          ;        ;         ; No       ; OK     ; Tue Jul 28 13:50:30 2026 ; 00:00:00        ; No         ;
; ../constraints/exceptions.sdc ;          ;        ;         ; No       ; OK     ; Tue Jul 28 13:50:30 2026 ; 00:00:00        ; No         ;
+-------------------------------+----------+--------+---------+----------+--------+--------------------------+-----------------+------------+
Note: All paths for non-entity SDC files are reported relative to the project directory (D:/agilex-7-radar-test/quartus/project/).


+--------------------------------------------------------------------------------------------------------------------------------------------------------------------------------------+
; Clocks                                                                                                                                                                               ;
+------------+------+--------+------------+-------+-------+------------+-----------+-------------+-------+--------+-----------+------------+----------+--------+--------+--------------+
; Clock Name ; Type ; Period ; Frequency  ; Rise  ; Fall  ; Duty Cycle ; Divide by ; Multiply by ; Phase ; Offset ; Edge List ; Edge Shift ; Inverted ; Master ; Source ; Targets      ;
+------------+------+--------+------------+-------+-------+------------+-----------+-------------+-------+--------+-----------+------------+----------+--------+--------+--------------+
; core_clk   ; Base ; 2.222  ; 450.05 MHz ; 0.000 ; 1.111 ;            ;           ;             ;       ;        ;           ;            ;          ;        ;        ; { core_clk } ;
+------------+------+--------+------------+-------+-------+------------+-----------+-------------+-------+--------+-----------+------------+----------+--------+--------+--------------+


+-----------------------------------------------------------------------------------+
; Design Closure Summary                                                            ;
+--------------------------------------------------------+--------------------------+
; Panel Name                                             ; Result Flag              ;
+--------------------------------------------------------+--------------------------+
; Design Closure Summary                                 ; Fail                     ;
;   Timing Closure                                       ; Fail                     ;
;     Setup Summary                                      ; Fail                     ;
;     Hold Summary                                       ; Fail                     ;
;     Recovery Summary                                   ; Not Found                ;
;     Removal Summary                                    ; Not Found                ;
;     Setup Data Delay Summary                           ; Not Found                ;
;     Recovery Data Delay Summary                        ; Not Found                ;
;     Minimum Pulse Width Summary                        ; Pass                     ;
;     Max Skew Summary                                   ; Not Found                ;
;     Max Clock Skew Summary                             ; Not Found                ;
;     Net Delay Summary                                  ; Not Found                ;
;     Metastability Summary                              ; Pass                     ;
;     Double Data Rate (DDR) Summary                     ; Not Found                ;
;     Transmitter Channel-to-Channel Skew (TCCS) Summary ; Not Found                ;
;     Receiver Input Skew Margin (RSKM) Summary          ; Not Found                ;
;   Design Assistant Summary                             ; High Severity Violations ;
;   Unconstrained Paths                                  ; Fail                     ;
+--------------------------------------------------------+--------------------------+


+-----------------------------------------------------------------------------------+
; Fmax Summary                                                                      ;
+-----------+-----------------+------------+------+---------------------------------+
; Fmax      ; Restricted Fmax ; Clock Name ; Note ; Worst-Case Operating Conditions ;
+-----------+-----------------+------------+------+---------------------------------+
; 39.67 MHz ; 39.67 MHz       ; core_clk   ;      ; Slow vid1 100C Model            ;
+-----------+-----------------+------------+------+---------------------------------+
This panel reports FMAX for every clock in the design, regardless of the user-specified clock periods.  FMAX is only computed for paths where the source and destination registers or ports are driven by the same clock.  Paths of different clocks, including generated clocks, are ignored.  For paths between a clock and its inversion, FMAX is computed as if the rising and falling edges are scaled along with FMAX, such that the duty cycle (in terms of a percentage) is maintained. Intel recommends that you always use clock constraints and other slack reports for sign-off analysis.
Delay Models:
Slow vid1 100C Model
Slow vid1b 100C Model
1 Slow vidl 100C Model
Fast vid1 0C Model


+-------------------------------------------------------------------------------------------+
; Setup Summary                                                                             ;
+----------+---------+---------------+--------------------+---------------------------------+
; Clock    ; Slack   ; End Point TNS ; Failing End Points ; Worst-Case Operating Conditions ;
+----------+---------+---------------+--------------------+---------------------------------+
; core_clk ; -22.987 ; -1146299.488  ; 432977             ; Slow vid1 100C Model            ;
+----------+---------+---------------+--------------------+---------------------------------+
Delay Models:
Slow vid1 100C Model
Slow vid1b 100C Model
Fast vid1 0C Model


+------------------------------------------------------------------------------------------+
; Hold Summary                                                                             ;
+----------+--------+---------------+--------------------+---------------------------------+
; Clock    ; Slack  ; End Point TNS ; Failing End Points ; Worst-Case Operating Conditions ;
+----------+--------+---------------+--------------------+---------------------------------+
; core_clk ; -7.031 ; -627908.625   ; 135211             ; 1 Slow vidl 100C Model          ;
+----------+--------+---------------+--------------------+---------------------------------+
Delay Models:
Slow vid1 100C Model
Slow vid1b 100C Model
1 Slow vidl 100C Model
Fast vid1 0C Model


--------------------
; Recovery Summary ;
--------------------
No paths to report.


-------------------
; Removal Summary ;
-------------------
No paths to report.


+------------------------------------------------------------------------------------------------------+
; Minimum Pulse Width Summary                                                                          ;
+----------+-------+---------------+--------------------+------------+---------------------------------+
; Clock    ; Slack ; End Point TNS ; Failing End Points ; Type       ; Worst-Case Operating Conditions ;
+----------+-------+---------------+--------------------+------------+---------------------------------+
; core_clk ; 0.230 ; 0.000         ; 0                  ; Min Period ; Slow vid1b 100C Model           ;
+----------+-------+---------------+--------------------+------------+---------------------------------+
Delay Models:
Slow vid1 100C Model
Slow vid1b 100C Model
Fast vid1 0C Model


----------------------------------------------
; Metastability Summary Slow vid1 100C Model ;
----------------------------------------------
No synchronizer chains to report.


-----------------------------------------------
; Metastability Summary Slow vid1b 100C Model ;
-----------------------------------------------
No synchronizer chains to report.


--------------------------------------------
; Metastability Summary Fast vid1 0C Model ;
--------------------------------------------
No synchronizer chains to report.


+----------------------------------------------------------------------------------------------------------------------------------------------------+
; Setup Transfers                                                                                                                                    ;
+------------+----------+----------+----------+----------+----------+---------------------------+------------------+---------------------------------+
; From Clock ; To Clock ; RR Paths ; FR Paths ; RF Paths ; FF Paths ; Clock Pair Classification ; Worst-Case Slack ; Worst-Case Operating Conditions ;
+------------+----------+----------+----------+----------+----------+---------------------------+------------------+---------------------------------+
; core_clk   ; core_clk ; 4294555  ; 0        ; 0        ; 0        ; Intra-Clock (Timed Safe)  ; -22.987          ; Slow vid1 100C Model            ;
+------------+----------+----------+----------+----------+----------+---------------------------+------------------+---------------------------------+
An "Asynchronous (Timed Unsafe)" transfer occurs when the From & To clocks are asynchronous and no timing constraints exist. Entries labeled "false path" only account for clock-to-clock false paths. Path-based false path counts are shown in rows with "Ignored (Not Timed)" classifications


+----------------------------------------------------------------------------------------------------------------------------------------------------+
; Hold Transfers                                                                                                                                     ;
+------------+----------+----------+----------+----------+----------+---------------------------+------------------+---------------------------------+
; From Clock ; To Clock ; RR Paths ; FR Paths ; RF Paths ; FF Paths ; Clock Pair Classification ; Worst-Case Slack ; Worst-Case Operating Conditions ;
+------------+----------+----------+----------+----------+----------+---------------------------+------------------+---------------------------------+
; core_clk   ; core_clk ; 4376398  ; 0        ; 0        ; 0        ; Intra-Clock (Timed Safe)  ; -7.031           ; Slow vidl 100C Model            ;
+------------+----------+----------+----------+----------+----------+---------------------------+------------------+---------------------------------+
An "Asynchronous (Timed Unsafe)" transfer occurs when the From & To clocks are asynchronous and no timing constraints exist. Entries labeled "false path" only account for clock-to-clock false paths. Path-based false path counts are shown in rows with "Ignored (Not Timed)" classifications


----------------
; Command Info ;
----------------
Report Timing: Found 10 setup paths (10 violated).  Worst case slack is -22.987 

Tcl Command:
    report_timing -setup -panel_name {Worst-Case Timing Paths||Setup||core_clk} -to_clock [get_clocks {core_clk}] -npaths 10 -detail full_path

Options:
    -to_clock [get_clocks {core_clk}] 
    -setup 
    -npaths 10 
    -detail full_path 
    -panel_name {core_clk} 

Snapshot:
    final

Delay Models:
    Slow vid1 100C Model
    Slow vid1b 100C Model
    Fast vid1 0C Model


+-------------------------------------------------------------------------------------------------------------------------------------------------------------------------------------------------------------------------------+
; Summary of Paths                                                                                                                                                                                                              ;
+---------+----------------------------------------------------------+--------------------------------------------------+--------------+-------------+--------------+------------+------------+---------------------------------+
; Slack   ; From Node                                                ; To Node                                          ; Launch Clock ; Latch Clock ; Relationship ; Clock Skew ; Data Delay ; Worst-Case Operating Conditions ;
+---------+----------------------------------------------------------+--------------------------------------------------+--------------+-------------+--------------+------------+------------+---------------------------------+
; -22.987 ; u_pipe|g_cfar_per_beam[15].u_cfar|u_window|cell_q[39][2] ; u_pipe|g_cfar_per_beam[15].u_cfar|sum_lag1_q[35] ; core_clk     ; core_clk    ; 2.222        ; -0.078     ; 25.117     ; Slow vid1 100C Model            ;
; -22.986 ; u_pipe|g_cfar_per_beam[15].u_cfar|u_window|cell_q[39][2] ; u_pipe|g_cfar_per_beam[15].u_cfar|sum_lag1_q[35] ; core_clk     ; core_clk    ; 2.222        ; -0.078     ; 25.116     ; Slow vid1 100C Model            ;
; -22.985 ; u_pipe|g_cfar_per_beam[15].u_cfar|u_window|cell_q[39][2] ; u_pipe|g_cfar_per_beam[15].u_cfar|sum_lag1_q[35] ; core_clk     ; core_clk    ; 2.222        ; -0.078     ; 25.115     ; Slow vid1 100C Model            ;
; -22.985 ; u_pipe|g_cfar_per_beam[15].u_cfar|u_window|cell_q[39][2] ; u_pipe|g_cfar_per_beam[15].u_cfar|sum_lag1_q[35] ; core_clk     ; core_clk    ; 2.222        ; -0.078     ; 25.115     ; Slow vid1 100C Model            ;
; -22.984 ; u_pipe|g_cfar_per_beam[15].u_cfar|u_window|cell_q[39][2] ; u_pipe|g_cfar_per_beam[15].u_cfar|sum_lag1_q[35] ; core_clk     ; core_clk    ; 2.222        ; -0.078     ; 25.114     ; Slow vid1 100C Model            ;
; -22.983 ; u_pipe|g_cfar_per_beam[15].u_cfar|u_window|cell_q[39][2] ; u_pipe|g_cfar_per_beam[15].u_cfar|sum_lag1_q[35] ; core_clk     ; core_clk    ; 2.222        ; -0.078     ; 25.113     ; Slow vid1 100C Model            ;
; -22.979 ; u_pipe|g_cfar_per_beam[15].u_cfar|u_window|cell_q[39][2] ; u_pipe|g_cfar_per_beam[15].u_cfar|sum_lag1_q[35] ; core_clk     ; core_clk    ; 2.222        ; -0.078     ; 25.109     ; Slow vid1 100C Model            ;
; -22.979 ; u_pipe|g_cfar_per_beam[15].u_cfar|u_window|cell_q[39][2] ; u_pipe|g_cfar_per_beam[15].u_cfar|sum_lag1_q[35] ; core_clk     ; core_clk    ; 2.222        ; -0.078     ; 25.109     ; Slow vid1 100C Model            ;
; -22.979 ; u_pipe|g_cfar_per_beam[15].u_cfar|u_window|cell_q[39][2] ; u_pipe|g_cfar_per_beam[15].u_cfar|sum_lag1_q[35] ; core_clk     ; core_clk    ; 2.222        ; -0.078     ; 25.109     ; Slow vid1 100C Model            ;
; -22.979 ; u_pipe|g_cfar_per_beam[15].u_cfar|u_window|cell_q[39][2] ; u_pipe|g_cfar_per_beam[15].u_cfar|sum_lag1_q[35] ; core_clk     ; core_clk    ; 2.222        ; -0.078     ; 25.109     ; Slow vid1 100C Model            ;
+---------+----------------------------------------------------------+--------------------------------------------------+--------------+-------------+--------------+------------+------------+---------------------------------+


Path #1: Setup slack is -22.987 (VIOLATED)
===============================================================================
+--------------------------------------------------------------------------------------------+
; Path Summary                                                                               ;
+---------------------------------+----------------------------------------------------------+
; Property                        ; Value                                                    ;
+---------------------------------+----------------------------------------------------------+
; From Node                       ; u_pipe|g_cfar_per_beam[15].u_cfar|u_window|cell_q[39][2] ;
; To Node                         ; u_pipe|g_cfar_per_beam[15].u_cfar|sum_lag1_q[35]         ;
; Launch Clock                    ; core_clk                                                 ;
; Latch Clock                     ; core_clk                                                 ;
; SDC Exception                   ; No SDC Exception on Path                                 ;
; Data Arrival Time               ; 31.089                                                   ;
; Data Required Time              ; 8.102                                                    ;
; Slack                           ; -22.987 (VIOLATED)                                       ;
; Worst-Case Operating Conditions ; Slow vid1 100C Model                                     ;
+---------------------------------+----------------------------------------------------------+

+------------------------------------------------------------------------------------+
; Statistics                                                                         ;
+------------------------+--------+-------+-------------+------------+-------+-------+
; Property               ; Value  ; Count ; Total Delay ; % of Total ; Min   ; Max   ;
+------------------------+--------+-------+-------------+------------+-------+-------+
; Setup Relationship     ; 2.222  ;       ;             ;            ;       ;       ;
; Clock Skew             ; -0.078 ;       ;             ;            ;       ;       ;
; Data Delay             ; 25.117 ;       ;             ;            ;       ;       ;
; Number of Logic Levels ;        ; 68    ;             ;            ;       ;       ;
; Physical Delays        ;        ;       ;             ;            ;       ;       ;
;  Arrival Path          ;        ;       ;             ;            ;       ;       ;
;   Clock                ;        ;       ;             ;            ;       ;       ;
;    IC                  ;        ; 2     ; 4.847       ; 81         ; 0.000 ; 4.847 ;
;    Cell                ;        ; 3     ; 1.125       ; 19         ; 0.000 ; 0.939 ;
;   Data                 ;        ;       ;             ;            ;       ;       ;
;    IC                  ;        ; 71    ; 14.578      ; 58         ; 0.059 ; 0.319 ;
;    Cell                ;        ; 129   ; 10.329      ; 41         ; 0.000 ; 0.225 ;
;    uTco                ;        ; 1     ; 0.210       ; 1          ; 0.210 ; 0.210 ;
;  Required Path         ;        ;       ;             ;            ;       ;       ;
;   Clock                ;        ;       ;             ;            ;       ;       ;
;    IC                  ;        ; 2     ; 4.385       ; 81         ; 0.000 ; 4.385 ;
;    Cell                ;        ; 3     ; 1.006       ; 19         ; 0.000 ; 0.820 ;
+------------------------+--------+-------+-------------+------------+-------+-------+
Note: Negative delays are omitted from totals when calculating percentages

+-------------------------------------------------------------------------------------------------------------------------------------------------------------------------------+
; Data Arrival Path                                                                                                                                                             ;
+----------+---------+----+------+--------+------------------------+--------------------+---------------------------------------------------------------------------------------+
; Total    ; Incr    ; RF ; Type ; Fanout ; Location               ; Element Type       ; Element                                                                               ;
+----------+---------+----+------+--------+------------------------+--------------------+---------------------------------------------------------------------------------------+
; 0.000    ; 0.000   ;    ;      ;        ;                        ;                    ; launch edge time                                                                      ;
; 5.972    ; 5.972   ;    ;      ;        ;                        ;                    ; clock path                                                                            ;
;   0.000  ;   0.000 ;    ;      ;        ;                        ;                    ; source latency                                                                        ;
;   0.000  ;   0.000 ;    ;      ; 1      ; PIN_H19                ; I/O pad            ; core_clk                                                                              ;
;   0.000  ;   0.000 ; RR ; IC   ; 1      ; IOIBUF_X335_Y418_N121  ; I/O input buffer   ; core_clk~input|i                                                                      ;
;   0.186  ;   0.186 ; RR ; CELL ; 1      ; IOIBUF_X335_Y418_N121  ; I/O input buffer   ; core_clk~input|o                                                                      ;
;   1.125  ;   0.939 ; RR ; CELL ; 546664 ; IOIBUF_X335_Y418_N121  ; I/O input buffer   ; core_clk~input~io96/m25_0_30__io12buf2_to_iopll__ioclkin3                             ;
;   5.972  ;   4.847 ; RR ; IC   ; 1      ; FF_X315_Y380_N22       ; ALM Register       ; u_pipe|g_cfar_per_beam[15].u_cfar|u_window|cell_q[39][2]|clk                          ;
;   5.972  ;   0.000 ; RR ; CELL ; 1      ; FF_X315_Y380_N22       ; ALM Register       ; u_pipe|g_cfar_per_beam[15].u_cfar|u_window|cell_q[39][2]                              ;
; 31.089   ; 25.117  ;    ;      ;        ;                        ;                    ; data path                                                                             ;
;   6.182  ;   0.210 ; RR ; uTco ; 3      ; FF_X315_Y380_N22       ; ALM Register       ; u_pipe|g_cfar_per_beam[15].u_cfar|u_window|cell_q[39][2]|q                            ;
;   6.303  ;   0.121 ; RR ; IC   ; 5      ; MLABCELL_X314_Y380_N6  ; Combinational cell ; u_pipe|g_cfar_per_beam[15].u_cfar|u_window|add_226~11|datad                           ;
;   6.436  ;   0.133 ; RR ; CELL ; 1      ; MLABCELL_X314_Y380_N9  ; Combinational cell ; u_pipe|g_cfar_per_beam[15].u_cfar|u_window|add_226~16|cout                            ;
;   6.436  ;   0.000 ; RR ; CELL ; 3      ; MLABCELL_X314_Y380_N12 ; Combinational cell ; u_pipe|g_cfar_per_beam[15].u_cfar|u_window|add_226~21|cin                             ;
;   6.558  ;   0.122 ; RR ; CELL ; 1      ; MLABCELL_X314_Y380_N12 ; Combinational cell ; u_pipe|g_cfar_per_beam[15].u_cfar|u_window|add_226~21|sumout                          ;
;   6.741  ;   0.183 ; RR ; IC   ; 1      ; MLABCELL_X314_Y378_N15 ; Combinational cell ; u_pipe|g_cfar_per_beam[15].u_cfar|u_window|i21256~4|datae                             ;
;   6.758  ;   0.017 ; RF ; CELL ; 2      ; MLABCELL_X314_Y378_N15 ; Combinational cell ; u_pipe|g_cfar_per_beam[15].u_cfar|u_window|i21256~4|combout                           ;
;   6.785  ;   0.027 ; FR ; CELL ; 1      ; MLABCELL_X314_Y378_N15 ; Combinational cell ; u_pipe|g_cfar_per_beam[15].u_cfar|u_window|i21256~4~cw_ml_mlab/lab_lut5outt[2]        ;
;   7.040  ;   0.255 ; RR ; IC   ; 5      ; LABCELL_X313_Y379_N12  ; Combinational cell ; u_pipe|g_cfar_per_beam[15].u_cfar|u_window|add_230~21|datac                           ;
;   7.157  ;   0.117 ; RF ; CELL ; 1      ; LABCELL_X313_Y379_N15  ; Combinational cell ; u_pipe|g_cfar_per_beam[15].u_cfar|u_window|add_230~26|cout                            ;
;   7.157  ;   0.000 ; FF ; CELL ; 3      ; LABCELL_X313_Y379_N18  ; Combinational cell ; u_pipe|g_cfar_per_beam[15].u_cfar|u_window|add_230~31|cin                             ;
;   7.278  ;   0.121 ; FR ; CELL ; 1      ; LABCELL_X313_Y379_N18  ; Combinational cell ; u_pipe|g_cfar_per_beam[15].u_cfar|u_window|add_230~31|sumout                          ;
;   7.474  ;   0.196 ; RR ; IC   ; 1      ; MLABCELL_X314_Y378_N33 ; Combinational cell ; u_pipe|g_cfar_per_beam[15].u_cfar|u_window|i21370~6|datac                             ;
;   7.593  ;   0.119 ; RR ; CELL ; 2      ; MLABCELL_X314_Y378_N33 ; Combinational cell ; u_pipe|g_cfar_per_beam[15].u_cfar|u_window|i21370~6|combout                           ;
;   7.816  ;   0.223 ; RR ; IC   ; 5      ; MLABCELL_X312_Y379_N18 ; Combinational cell ; u_pipe|g_cfar_per_beam[15].u_cfar|u_window|add_234~31|datad                           ;
;   7.993  ;   0.177 ; RR ; CELL ; 1      ; MLABCELL_X312_Y379_N18 ; Combinational cell ; u_pipe|g_cfar_per_beam[15].u_cfar|u_window|add_234~31|sumout                          ;
;   8.221  ;   0.228 ; RR ; IC   ; 1      ; LABCELL_X310_Y380_N27  ; Combinational cell ; u_pipe|g_cfar_per_beam[15].u_cfar|u_window|i21484~6|datae                             ;
;   8.275  ;   0.054 ; RR ; CELL ; 2      ; LABCELL_X310_Y380_N27  ; Combinational cell ; u_pipe|g_cfar_per_beam[15].u_cfar|u_window|i21484~6|combout                           ;
;   8.417  ;   0.142 ; RR ; IC   ; 5      ; LABCELL_X310_Y379_N18  ; Combinational cell ; u_pipe|g_cfar_per_beam[15].u_cfar|u_window|add_238~31|datac                           ;
;   8.591  ;   0.174 ; RF ; CELL ; 1      ; LABCELL_X310_Y379_N18  ; Combinational cell ; u_pipe|g_cfar_per_beam[15].u_cfar|u_window|add_238~31|sumout                          ;
;   8.762  ;   0.171 ; FF ; IC   ; 1      ; LABCELL_X310_Y380_N51  ; Combinational cell ; u_pipe|g_cfar_per_beam[15].u_cfar|u_window|i21598~6|datae                             ;
;   8.781  ;   0.019 ; FR ; CELL ; 2      ; LABCELL_X310_Y380_N51  ; Combinational cell ; u_pipe|g_cfar_per_beam[15].u_cfar|u_window|i21598~6|combout                           ;
;   8.805  ;   0.024 ; RF ; CELL ; 1      ; LABCELL_X310_Y380_N51  ; Combinational cell ; u_pipe|g_cfar_per_beam[15].u_cfar|u_window|i21598~6~cw_la_lab/lab_lut5outb[3]         ;
;   8.981  ;   0.176 ; FF ; IC   ; 5      ; MLABCELL_X309_Y379_N18 ; Combinational cell ; u_pipe|g_cfar_per_beam[15].u_cfar|u_window|add_242~31|datac                           ;
;   9.178  ;   0.197 ; FF ; CELL ; 1      ; MLABCELL_X309_Y379_N18 ; Combinational cell ; u_pipe|g_cfar_per_beam[15].u_cfar|u_window|add_242~31|sumout                          ;
;   9.366  ;   0.188 ; FF ; IC   ; 1      ; LABCELL_X308_Y380_N3   ; Combinational cell ; u_pipe|g_cfar_per_beam[15].u_cfar|u_window|i21712~6|datae                             ;
;   9.411  ;   0.045 ; FF ; CELL ; 2      ; LABCELL_X308_Y380_N3   ; Combinational cell ; u_pipe|g_cfar_per_beam[15].u_cfar|u_window|i21712~6|combout                           ;
;   9.649  ;   0.238 ; FF ; IC   ; 5      ; MLABCELL_X307_Y378_N18 ; Combinational cell ; u_pipe|g_cfar_per_beam[15].u_cfar|u_window|add_246~31|datac                           ;
;   9.845  ;   0.196 ; FF ; CELL ; 1      ; MLABCELL_X307_Y378_N18 ; Combinational cell ; u_pipe|g_cfar_per_beam[15].u_cfar|u_window|add_246~31|sumout                          ;
;   10.054 ;   0.209 ; FF ; IC   ; 1      ; LABCELL_X308_Y380_N57  ; Combinational cell ; u_pipe|g_cfar_per_beam[15].u_cfar|u_window|i21826~6|datad                             ;
;   10.097 ;   0.043 ; FR ; CELL ; 2      ; LABCELL_X308_Y380_N57  ; Combinational cell ; u_pipe|g_cfar_per_beam[15].u_cfar|u_window|i21826~6|combout                           ;
;   10.151 ;   0.054 ; RF ; CELL ; 1      ; LABCELL_X308_Y380_N57  ; Combinational cell ; u_pipe|g_cfar_per_beam[15].u_cfar|u_window|i21826~6~cw_la_lab/laboutb[19]             ;
;   10.374 ;   0.223 ; FF ; IC   ; 5      ; MLABCELL_X307_Y381_N18 ; Combinational cell ; u_pipe|g_cfar_per_beam[15].u_cfar|u_window|add_250~31|datad                           ;
;   10.502 ;   0.128 ; FR ; CELL ; 1      ; MLABCELL_X307_Y381_N21 ; Combinational cell ; u_pipe|g_cfar_per_beam[15].u_cfar|u_window|add_250~36|cout                            ;
;   10.502 ;   0.000 ; RR ; CELL ; 3      ; MLABCELL_X307_Y381_N24 ; Combinational cell ; u_pipe|g_cfar_per_beam[15].u_cfar|u_window|add_250~41|cin                             ;
;   10.627 ;   0.125 ; RR ; CELL ; 1      ; MLABCELL_X307_Y381_N24 ; Combinational cell ; u_pipe|g_cfar_per_beam[15].u_cfar|u_window|add_250~41|sumout                          ;
;   10.736 ;   0.109 ; RR ; IC   ; 1      ; LABCELL_X308_Y381_N6   ; Combinational cell ; u_pipe|g_cfar_per_beam[15].u_cfar|u_window|i21940~8|datad                             ;
;   10.832 ;   0.096 ; RR ; CELL ; 2      ; LABCELL_X308_Y381_N6   ; Combinational cell ; u_pipe|g_cfar_per_beam[15].u_cfar|u_window|i21940~8|combout                           ;
;   11.052 ;   0.220 ; RR ; IC   ; 4      ; MLABCELL_X309_Y383_N24 ; Combinational cell ; u_pipe|g_cfar_per_beam[15].u_cfar|u_window|add_254~41|datac                           ;
;   11.270 ;   0.218 ; RR ; CELL ; 1      ; MLABCELL_X309_Y383_N27 ; Combinational cell ; u_pipe|g_cfar_per_beam[15].u_cfar|u_window|add_254~46|cout                            ;
;   11.270 ;   0.000 ; RR ; CELL ; 3      ; MLABCELL_X309_Y383_N30 ; Combinational cell ; u_pipe|g_cfar_per_beam[15].u_cfar|u_window|add_254~51|cin                             ;
;   11.394 ;   0.124 ; RR ; CELL ; 1      ; MLABCELL_X309_Y383_N30 ; Combinational cell ; u_pipe|g_cfar_per_beam[15].u_cfar|u_window|add_254~51|sumout                          ;
;   11.622 ;   0.228 ; RR ; IC   ; 1      ; LABCELL_X310_Y381_N57  ; Combinational cell ; u_pipe|g_cfar_per_beam[15].u_cfar|u_window|i22054~10|datae                            ;
;   11.649 ;   0.027 ; RF ; CELL ; 2      ; LABCELL_X310_Y381_N57  ; Combinational cell ; u_pipe|g_cfar_per_beam[15].u_cfar|u_window|i22054~10|combout                          ;
;   11.710 ;   0.061 ; FR ; CELL ; 1      ; LABCELL_X310_Y381_N57  ; Combinational cell ; u_pipe|g_cfar_per_beam[15].u_cfar|u_window|i22054~10~cw_la_lab/laboutb[19]            ;
;   11.899 ;   0.189 ; RR ; IC   ; 4      ; LABCELL_X310_Y383_N30  ; Combinational cell ; u_pipe|g_cfar_per_beam[15].u_cfar|u_window|add_258~51|datad                           ;
;   12.005 ;   0.106 ; RF ; CELL ; 1      ; LABCELL_X310_Y383_N33  ; Combinational cell ; u_pipe|g_cfar_per_beam[15].u_cfar|u_window|add_258~56|cout                            ;
;   12.005 ;   0.000 ; FF ; CELL ; 3      ; LABCELL_X310_Y383_N36  ; Combinational cell ; u_pipe|g_cfar_per_beam[15].u_cfar|u_window|add_258~61|cin                             ;
;   12.126 ;   0.121 ; FF ; CELL ; 1      ; LABCELL_X310_Y383_N36  ; Combinational cell ; u_pipe|g_cfar_per_beam[15].u_cfar|u_window|add_258~61|sumout                          ;
;   12.323 ;   0.197 ; FF ; IC   ; 1      ; MLABCELL_X314_Y383_N39 ; Combinational cell ; u_pipe|g_cfar_per_beam[15].u_cfar|u_window|i22168~12|dataf                            ;
;   12.338 ;   0.015 ; FR ; CELL ; 2      ; MLABCELL_X314_Y383_N39 ; Combinational cell ; u_pipe|g_cfar_per_beam[15].u_cfar|u_window|i22168~12|combout                          ;
;   12.394 ;   0.056 ; RF ; CELL ; 1      ; MLABCELL_X314_Y383_N39 ; Combinational cell ; u_pipe|g_cfar_per_beam[15].u_cfar|u_window|i22168~12~cw_ml_mlab/laboutb[5]            ;
;   12.493 ;   0.099 ; FF ; IC   ; 4      ; MLABCELL_X312_Y383_N36 ; Combinational cell ; u_pipe|g_cfar_per_beam[15].u_cfar|u_window|add_262~61|datad                           ;
;   12.621 ;   0.128 ; FR ; CELL ; 1      ; MLABCELL_X312_Y383_N39 ; Combinational cell ; u_pipe|g_cfar_per_beam[15].u_cfar|u_window|add_262~66|cout                            ;
;   12.621 ;   0.000 ; RR ; CELL ; 3      ; MLABCELL_X312_Y383_N42 ; Combinational cell ; u_pipe|g_cfar_per_beam[15].u_cfar|u_window|add_262~71|cin                             ;
;   12.645 ;   0.024 ; RF ; CELL ; 1      ; MLABCELL_X312_Y383_N45 ; Combinational cell ; u_pipe|g_cfar_per_beam[15].u_cfar|u_window|add_262~76|cout                            ;
;   12.645 ;   0.000 ; FF ; CELL ; 3      ; MLABCELL_X312_Y383_N48 ; Combinational cell ; u_pipe|g_cfar_per_beam[15].u_cfar|u_window|add_262~81|cin                             ;
;   12.768 ;   0.123 ; FF ; CELL ; 1      ; MLABCELL_X312_Y383_N48 ; Combinational cell ; u_pipe|g_cfar_per_beam[15].u_cfar|u_window|add_262~81|sumout                          ;
;   12.995 ;   0.227 ; FF ; IC   ; 1      ; MLABCELL_X312_Y387_N33 ; Combinational cell ; u_pipe|g_cfar_per_beam[15].u_cfar|u_window|i22282~16|datac                            ;
;   13.050 ;   0.055 ; FR ; CELL ; 2      ; MLABCELL_X312_Y387_N33 ; Combinational cell ; u_pipe|g_cfar_per_beam[15].u_cfar|u_window|i22282~16|combout                          ;
;   13.113 ;   0.063 ; RF ; CELL ; 1      ; MLABCELL_X312_Y387_N33 ; Combinational cell ; u_pipe|g_cfar_per_beam[15].u_cfar|u_window|i22282~16~cw_ml_mlab/laboutb[2]            ;
;   13.315 ;   0.202 ; FF ; IC   ; 4      ; LABCELL_X310_Y387_N48  ; Combinational cell ; u_pipe|g_cfar_per_beam[15].u_cfar|u_window|add_266~81|datac                           ;
;   13.435 ;   0.120 ; FR ; CELL ; 1      ; LABCELL_X310_Y387_N51  ; Combinational cell ; u_pipe|g_cfar_per_beam[15].u_cfar|u_window|add_266~86|cout                            ;
;   13.435 ;   0.000 ; RR ; CELL ; 2      ; LABCELL_X310_Y387_N54  ; Combinational cell ; u_pipe|g_cfar_per_beam[15].u_cfar|u_window|add_266~91|cin                             ;
;   13.558 ;   0.123 ; RF ; CELL ; 1      ; LABCELL_X310_Y387_N54  ; Combinational cell ; u_pipe|g_cfar_per_beam[15].u_cfar|u_window|add_266~91|sumout                          ;
;   13.820 ;   0.262 ; FF ; IC   ; 1      ; MLABCELL_X314_Y383_N27 ; Combinational cell ; u_pipe|g_cfar_per_beam[15].u_cfar|u_window|i22396~18|datae                            ;
;   13.847 ;   0.027 ; FR ; CELL ; 2      ; MLABCELL_X314_Y383_N27 ; Combinational cell ; u_pipe|g_cfar_per_beam[15].u_cfar|u_window|i22396~18|combout                          ;
;   13.911 ;   0.064 ; RF ; CELL ; 1      ; MLABCELL_X314_Y383_N27 ; Combinational cell ; u_pipe|g_cfar_per_beam[15].u_cfar|u_window|i22396~18~cw_ml_mlab/laboutt[16]           ;
;   14.230 ;   0.319 ; FF ; IC   ; 3      ; LABCELL_X308_Y387_N54  ; Combinational cell ; u_pipe|g_cfar_per_beam[15].u_cfar|u_window|add_270~91|datad                           ;
;   14.389 ;   0.159 ; FF ; CELL ; 1      ; LABCELL_X308_Y387_N54  ; Combinational cell ; u_pipe|g_cfar_per_beam[15].u_cfar|u_window|add_270~91|sumout                          ;
;   14.571 ;   0.182 ; FF ; IC   ; 1      ; MLABCELL_X304_Y387_N45 ; Combinational cell ; u_pipe|g_cfar_per_beam[15].u_cfar|u_window|i22510~18|datad                            ;
;   14.641 ;   0.070 ; FF ; CELL ; 2      ; MLABCELL_X304_Y387_N45 ; Combinational cell ; u_pipe|g_cfar_per_beam[15].u_cfar|u_window|i22510~18|combout                          ;
;   14.924 ;   0.283 ; FF ; IC   ; 3      ; MLABCELL_X309_Y388_N54 ; Combinational cell ; u_pipe|g_cfar_per_beam[15].u_cfar|u_window|add_274~91|datad                           ;
;   15.110 ;   0.186 ; FF ; CELL ; 1      ; MLABCELL_X309_Y388_N54 ; Combinational cell ; u_pipe|g_cfar_per_beam[15].u_cfar|u_window|add_274~91|sumout                          ;
;   15.335 ;   0.225 ; FF ; IC   ; 1      ; LABCELL_X303_Y388_N30  ; Combinational cell ; u_pipe|g_cfar_per_beam[15].u_cfar|u_window|i22624~18|datad                            ;
;   15.391 ;   0.056 ; FF ; CELL ; 2      ; LABCELL_X303_Y388_N30  ; Combinational cell ; u_pipe|g_cfar_per_beam[15].u_cfar|u_window|i22624~18|combout                          ;
;   15.434 ;   0.043 ; FF ; CELL ; 1      ; LABCELL_X303_Y388_N30  ; Combinational cell ; u_pipe|g_cfar_per_beam[15].u_cfar|u_window|i22624~18~cw_la_lab/laboutb[0]             ;
;   15.626 ;   0.192 ; FF ; IC   ; 3      ; MLABCELL_X307_Y388_N54 ; Combinational cell ; u_pipe|g_cfar_per_beam[15].u_cfar|u_window|add_278~91|datac                           ;
;   15.822 ;   0.196 ; FF ; CELL ; 1      ; MLABCELL_X307_Y388_N54 ; Combinational cell ; u_pipe|g_cfar_per_beam[15].u_cfar|u_window|add_278~91|sumout                          ;
;   16.103 ;   0.281 ; FF ; IC   ; 1      ; LABCELL_X303_Y389_N45  ; Combinational cell ; u_pipe|g_cfar_per_beam[15].u_cfar|u_window|i22738~18|datae                            ;
;   16.130 ;   0.027 ; FR ; CELL ; 2      ; LABCELL_X303_Y389_N45  ; Combinational cell ; u_pipe|g_cfar_per_beam[15].u_cfar|u_window|i22738~18|combout                          ;
;   16.147 ;   0.017 ; RF ; CELL ; 1      ; LABCELL_X303_Y389_N45  ; Combinational cell ; u_pipe|g_cfar_per_beam[15].u_cfar|u_window|i22738~18~cw_la_lab/lab_lut6outb[2]        ;
;   16.365 ;   0.218 ; FF ; IC   ; 3      ; LABCELL_X305_Y388_N54  ; Combinational cell ; u_pipe|g_cfar_per_beam[15].u_cfar|u_window|add_282~91|datac                           ;
;   16.530 ;   0.165 ; FF ; CELL ; 1      ; LABCELL_X305_Y388_N54  ; Combinational cell ; u_pipe|g_cfar_per_beam[15].u_cfar|u_window|add_282~91|sumout                          ;
;   16.749 ;   0.219 ; FF ; IC   ; 1      ; LABCELL_X303_Y389_N15  ; Combinational cell ; u_pipe|g_cfar_per_beam[15].u_cfar|u_window|i22852~18|datae                            ;
;   16.768 ;   0.019 ; FR ; CELL ; 2      ; LABCELL_X303_Y389_N15  ; Combinational cell ; u_pipe|g_cfar_per_beam[15].u_cfar|u_window|i22852~18|combout                          ;
;   16.792 ;   0.024 ; RF ; CELL ; 1      ; LABCELL_X303_Y389_N15  ; Combinational cell ; u_pipe|g_cfar_per_beam[15].u_cfar|u_window|i22852~18~cw_la_lab/lab_lut5outt[2]        ;
;   16.921 ;   0.129 ; FF ; IC   ; 3      ; MLABCELL_X304_Y389_N54 ; Combinational cell ; u_pipe|g_cfar_per_beam[15].u_cfar|u_window|add_286~91|datac                           ;
;   17.105 ;   0.184 ; FF ; CELL ; 1      ; MLABCELL_X304_Y389_N54 ; Combinational cell ; u_pipe|g_cfar_per_beam[15].u_cfar|u_window|add_286~91|sumout                          ;
;   17.334 ;   0.229 ; FF ; IC   ; 1      ; LABCELL_X303_Y390_N39  ; Combinational cell ; u_pipe|g_cfar_per_beam[15].u_cfar|u_window|i22966~18|datae                            ;
;   17.353 ;   0.019 ; FR ; CELL ; 2      ; LABCELL_X303_Y390_N39  ; Combinational cell ; u_pipe|g_cfar_per_beam[15].u_cfar|u_window|i22966~18|combout                          ;
;   17.407 ;   0.054 ; RF ; CELL ; 1      ; LABCELL_X303_Y390_N39  ; Combinational cell ; u_pipe|g_cfar_per_beam[15].u_cfar|u_window|i22966~18~cw_la_lab/laboutb[6]             ;
;   17.587 ;   0.180 ; FF ; IC   ; 3      ; LABCELL_X303_Y386_N54  ; Combinational cell ; u_pipe|g_cfar_per_beam[15].u_cfar|u_window|add_290~91|datad                           ;
;   17.747 ;   0.160 ; FF ; CELL ; 1      ; LABCELL_X303_Y386_N54  ; Combinational cell ; u_pipe|g_cfar_per_beam[15].u_cfar|u_window|add_290~91|sumout                          ;
;   17.965 ;   0.218 ; FF ; IC   ; 1      ; LABCELL_X303_Y390_N21  ; Combinational cell ; u_pipe|g_cfar_per_beam[15].u_cfar|u_window|i23080~18|datad                            ;
;   18.008 ;   0.043 ; FR ; CELL ; 2      ; LABCELL_X303_Y390_N21  ; Combinational cell ; u_pipe|g_cfar_per_beam[15].u_cfar|u_window|i23080~18|combout                          ;
;   18.073 ;   0.065 ; RF ; CELL ; 1      ; LABCELL_X303_Y390_N21  ; Combinational cell ; u_pipe|g_cfar_per_beam[15].u_cfar|u_window|i23080~18~cw_la_lab/laboutt[15]            ;
;   18.261 ;   0.188 ; FF ; IC   ; 3      ; MLABCELL_X302_Y386_N54 ; Combinational cell ; u_pipe|g_cfar_per_beam[15].u_cfar|u_window|add_294~91|datac                           ;
;   18.459 ;   0.198 ; FF ; CELL ; 1      ; MLABCELL_X302_Y386_N54 ; Combinational cell ; u_pipe|g_cfar_per_beam[15].u_cfar|u_window|add_294~91|sumout                          ;
;   18.732 ;   0.273 ; FF ; IC   ; 1      ; LABCELL_X299_Y390_N42  ; Combinational cell ; u_pipe|g_cfar_per_beam[15].u_cfar|u_window|i23194~18|datad                            ;
;   18.824 ;   0.092 ; FF ; CELL ; 2      ; LABCELL_X299_Y390_N42  ; Combinational cell ; u_pipe|g_cfar_per_beam[15].u_cfar|u_window|i23194~18|combout                          ;
;   18.981 ;   0.157 ; FF ; IC   ; 3      ; LABCELL_X299_Y386_N54  ; Combinational cell ; u_pipe|g_cfar_per_beam[15].u_cfar|u_window|add_298~91|datad                           ;
;   19.191 ;   0.210 ; FR ; CELL ; 1      ; LABCELL_X299_Y386_N57  ; Combinational cell ; u_pipe|g_cfar_per_beam[15].u_cfar|u_window|add_298~96|cout                            ;
;   19.250 ;   0.059 ; RR ; IC   ; 5      ; LABCELL_X299_Y385_N0   ; Combinational cell ; u_pipe|g_cfar_per_beam[15].u_cfar|u_window|add_298~101|cin                            ;
;   19.387 ;   0.137 ; RF ; CELL ; 1      ; LABCELL_X299_Y385_N0   ; Combinational cell ; u_pipe|g_cfar_per_beam[15].u_cfar|u_window|add_298~101|sumout                         ;
;   19.587 ;   0.200 ; FF ; IC   ; 1      ; MLABCELL_X304_Y385_N21 ; Combinational cell ; u_pipe|g_cfar_per_beam[15].u_cfar|u_window|i23308~20|datac                            ;
;   19.698 ;   0.111 ; FF ; CELL ; 2      ; MLABCELL_X304_Y385_N21 ; Combinational cell ; u_pipe|g_cfar_per_beam[15].u_cfar|u_window|i23308~20|combout                          ;
;   19.991 ;   0.293 ; FF ; IC   ; 5      ; MLABCELL_X298_Y389_N0  ; Combinational cell ; u_pipe|g_cfar_per_beam[15].u_cfar|u_window|add_302~101|datac                          ;
;   20.189 ;   0.198 ; FF ; CELL ; 1      ; MLABCELL_X298_Y389_N0  ; Combinational cell ; u_pipe|g_cfar_per_beam[15].u_cfar|u_window|add_302~101|sumout                         ;
;   20.418 ;   0.229 ; FF ; IC   ; 1      ; MLABCELL_X298_Y386_N21 ; Combinational cell ; u_pipe|g_cfar_per_beam[15].u_cfar|u_window|i23422~20|datac                            ;
;   20.500 ;   0.082 ; FF ; CELL ; 2      ; MLABCELL_X298_Y386_N21 ; Combinational cell ; u_pipe|g_cfar_per_beam[15].u_cfar|u_window|i23422~20|combout                          ;
;   20.692 ;   0.192 ; FF ; IC   ; 5      ; LABCELL_X297_Y387_N0   ; Combinational cell ; u_pipe|g_cfar_per_beam[15].u_cfar|u_window|add_306~101|datad                          ;
;   20.800 ;   0.108 ; FR ; CELL ; 1      ; LABCELL_X297_Y387_N3   ; Combinational cell ; u_pipe|g_cfar_per_beam[15].u_cfar|u_window|add_306~106|cout                           ;
;   20.800 ;   0.000 ; RR ; CELL ; 3      ; LABCELL_X297_Y387_N6   ; Combinational cell ; u_pipe|g_cfar_per_beam[15].u_cfar|u_window|add_306~111|cin                            ;
;   20.824 ;   0.024 ; RF ; CELL ; 1      ; LABCELL_X297_Y387_N9   ; Combinational cell ; u_pipe|g_cfar_per_beam[15].u_cfar|u_window|add_306~116|cout                           ;
;   20.824 ;   0.000 ; FF ; CELL ; 3      ; LABCELL_X297_Y387_N12  ; Combinational cell ; u_pipe|g_cfar_per_beam[15].u_cfar|u_window|add_306~121|cin                            ;
;   20.943 ;   0.119 ; FR ; CELL ; 1      ; LABCELL_X297_Y387_N12  ; Combinational cell ; u_pipe|g_cfar_per_beam[15].u_cfar|u_window|add_306~121|sumout                         ;
;   21.129 ;   0.186 ; RR ; IC   ; 1      ; MLABCELL_X298_Y386_N27 ; Combinational cell ; u_pipe|g_cfar_per_beam[15].u_cfar|u_window|i23536~24|datac                            ;
;   21.213 ;   0.084 ; RR ; CELL ; 2      ; MLABCELL_X298_Y386_N27 ; Combinational cell ; u_pipe|g_cfar_per_beam[15].u_cfar|u_window|i23536~24|combout                          ;
;   21.420 ;   0.207 ; RR ; IC   ; 5      ; MLABCELL_X296_Y387_N12 ; Combinational cell ; u_pipe|g_cfar_per_beam[15].u_cfar|u_window|add_310~121|datad                          ;
;   21.553 ;   0.133 ; RR ; CELL ; 1      ; MLABCELL_X296_Y387_N15 ; Combinational cell ; u_pipe|g_cfar_per_beam[15].u_cfar|u_window|add_310~126|cout                           ;
;   21.553 ;   0.000 ; RR ; CELL ; 3      ; MLABCELL_X296_Y387_N18 ; Combinational cell ; u_pipe|g_cfar_per_beam[15].u_cfar|u_window|add_310~131|cin                            ;
;   21.670 ;   0.117 ; RF ; CELL ; 1      ; MLABCELL_X296_Y387_N18 ; Combinational cell ; u_pipe|g_cfar_per_beam[15].u_cfar|u_window|add_310~131|sumout                         ;
;   21.977 ;   0.307 ; FF ; IC   ; 1      ; MLABCELL_X291_Y386_N33 ; Combinational cell ; u_pipe|g_cfar_per_beam[15].u_cfar|u_window|i23650~26|datae                            ;
;   21.996 ;   0.019 ; FR ; CELL ; 2      ; MLABCELL_X291_Y386_N33 ; Combinational cell ; u_pipe|g_cfar_per_beam[15].u_cfar|u_window|i23650~26|combout                          ;
;   22.059 ;   0.063 ; RF ; CELL ; 1      ; MLABCELL_X291_Y386_N33 ; Combinational cell ; u_pipe|g_cfar_per_beam[15].u_cfar|u_window|i23650~26~cw_ml_mlab/laboutb[2]            ;
;   22.195 ;   0.136 ; FF ; IC   ; 5      ; LABCELL_X294_Y386_N18  ; Combinational cell ; u_pipe|g_cfar_per_beam[15].u_cfar|u_window|add_314~131|datad                          ;
;   22.303 ;   0.108 ; FR ; CELL ; 1      ; LABCELL_X294_Y386_N21  ; Combinational cell ; u_pipe|g_cfar_per_beam[15].u_cfar|u_window|add_314~136|cout                           ;
;   22.303 ;   0.000 ; RR ; CELL ; 2      ; LABCELL_X294_Y386_N24  ; Combinational cell ; u_pipe|g_cfar_per_beam[15].u_cfar|u_window|add_314~141|cin                            ;
;   22.425 ;   0.122 ; RR ; CELL ; 1      ; LABCELL_X294_Y386_N24  ; Combinational cell ; u_pipe|g_cfar_per_beam[15].u_cfar|u_window|add_314~141|sumout                         ;
;   22.647 ;   0.222 ; RR ; IC   ; 1      ; LABCELL_X292_Y385_N48  ; Combinational cell ; u_pipe|g_cfar_per_beam[15].u_cfar|u_window|i23764~28|datac                            ;
;   22.756 ;   0.109 ; RR ; CELL ; 2      ; LABCELL_X292_Y385_N48  ; Combinational cell ; u_pipe|g_cfar_per_beam[15].u_cfar|u_window|i23764~28|combout                          ;
;   22.965 ;   0.209 ; RR ; IC   ; 4      ; LABCELL_X292_Y386_N24  ; Combinational cell ; u_pipe|g_cfar_per_beam[15].u_cfar|u_window|add_318~141|datad                          ;
;   23.130 ;   0.165 ; RF ; CELL ; 1      ; LABCELL_X292_Y386_N24  ; Combinational cell ; u_pipe|g_cfar_per_beam[15].u_cfar|u_window|add_318~141|sumout                         ;
;   23.281 ;   0.151 ; FF ; IC   ; 1      ; LABCELL_X292_Y385_N42  ; Combinational cell ; u_pipe|g_cfar_per_beam[15].u_cfar|u_window|i23878~28|datae                            ;
;   23.314 ;   0.033 ; FF ; CELL ; 2      ; LABCELL_X292_Y385_N42  ; Combinational cell ; u_pipe|g_cfar_per_beam[15].u_cfar|u_window|i23878~28|combout                          ;
;   23.357 ;   0.043 ; FF ; CELL ; 1      ; LABCELL_X292_Y385_N42  ; Combinational cell ; u_pipe|g_cfar_per_beam[15].u_cfar|u_window|i23878~28~cw_la_lab/laboutb[8]             ;
;   23.567 ;   0.210 ; FF ; IC   ; 4      ; MLABCELL_X293_Y386_N24 ; Combinational cell ; u_pipe|g_cfar_per_beam[15].u_cfar|u_window|add_322~141|datad                          ;
;   23.754 ;   0.187 ; FF ; CELL ; 1      ; MLABCELL_X293_Y386_N24 ; Combinational cell ; u_pipe|g_cfar_per_beam[15].u_cfar|u_window|add_322~141|sumout                         ;
;   23.967 ;   0.213 ; FF ; IC   ; 1      ; LABCELL_X292_Y385_N36  ; Combinational cell ; u_pipe|g_cfar_per_beam[15].u_cfar|u_window|i23992~28|datae                            ;
;   24.035 ;   0.068 ; FF ; CELL ; 2      ; LABCELL_X292_Y385_N36  ; Combinational cell ; u_pipe|g_cfar_per_beam[15].u_cfar|u_window|i23992~28|combout                          ;
;   24.312 ;   0.277 ; FF ; IC   ; 4      ; MLABCELL_X293_Y382_N24 ; Combinational cell ; u_pipe|g_cfar_per_beam[15].u_cfar|u_window|add_326~141|datad                          ;
;   24.497 ;   0.185 ; FF ; CELL ; 1      ; MLABCELL_X293_Y382_N24 ; Combinational cell ; u_pipe|g_cfar_per_beam[15].u_cfar|u_window|add_326~141|sumout                         ;
;   24.719 ;   0.222 ; FF ; IC   ; 1      ; LABCELL_X292_Y380_N39  ; Combinational cell ; u_pipe|g_cfar_per_beam[15].u_cfar|u_window|i24106~28|datae                            ;
;   24.738 ;   0.019 ; FR ; CELL ; 2      ; LABCELL_X292_Y380_N39  ; Combinational cell ; u_pipe|g_cfar_per_beam[15].u_cfar|u_window|i24106~28|combout                          ;
;   24.791 ;   0.053 ; RF ; CELL ; 1      ; LABCELL_X292_Y380_N39  ; Combinational cell ; u_pipe|g_cfar_per_beam[15].u_cfar|u_window|i24106~28~cw_la_lab/laboutb[6]             ;
;   24.966 ;   0.175 ; FF ; IC   ; 4      ; LABCELL_X292_Y381_N24  ; Combinational cell ; u_pipe|g_cfar_per_beam[15].u_cfar|u_window|add_330~141|datad                          ;
;   25.118 ;   0.152 ; FR ; CELL ; 1      ; LABCELL_X292_Y381_N24  ; Combinational cell ; u_pipe|g_cfar_per_beam[15].u_cfar|u_window|add_330~141|sumout                         ;
;   25.254 ;   0.136 ; RR ; IC   ; 1      ; LABCELL_X292_Y380_N24  ; Combinational cell ; u_pipe|g_cfar_per_beam[15].u_cfar|u_window|i24220~28|datad                            ;
;   25.352 ;   0.098 ; RR ; CELL ; 2      ; LABCELL_X292_Y380_N24  ; Combinational cell ; u_pipe|g_cfar_per_beam[15].u_cfar|u_window|i24220~28|combout                          ;
;   25.559 ;   0.207 ; RR ; IC   ; 4      ; LABCELL_X294_Y381_N24  ; Combinational cell ; u_pipe|g_cfar_per_beam[15].u_cfar|u_window|add_334~141|datad                          ;
;   25.724 ;   0.165 ; RF ; CELL ; 1      ; LABCELL_X294_Y381_N24  ; Combinational cell ; u_pipe|g_cfar_per_beam[15].u_cfar|u_window|add_334~141|sumout                         ;
;   25.990 ;   0.266 ; FF ; IC   ; 1      ; MLABCELL_X296_Y379_N45 ; Combinational cell ; u_pipe|g_cfar_per_beam[15].u_cfar|u_window|i24334~28|datae                            ;
;   26.035 ;   0.045 ; FF ; CELL ; 2      ; MLABCELL_X296_Y379_N45 ; Combinational cell ; u_pipe|g_cfar_per_beam[15].u_cfar|u_window|i24334~28|combout                          ;
;   26.289 ;   0.254 ; FF ; IC   ; 4      ; MLABCELL_X296_Y381_N24 ; Combinational cell ; u_pipe|g_cfar_per_beam[15].u_cfar|u_window|add_338~141|datad                          ;
;   26.501 ;   0.212 ; FR ; CELL ; 1      ; MLABCELL_X296_Y381_N27 ; Combinational cell ; u_pipe|g_cfar_per_beam[15].u_cfar|u_window|add_338~146|cout                           ;
;   26.501 ;   0.000 ; RR ; CELL ; 3      ; MLABCELL_X296_Y381_N30 ; Combinational cell ; u_pipe|g_cfar_per_beam[15].u_cfar|u_window|add_338~151|cin                            ;
;   26.625 ;   0.124 ; RR ; CELL ; 1      ; MLABCELL_X296_Y381_N30 ; Combinational cell ; u_pipe|g_cfar_per_beam[15].u_cfar|u_window|add_338~151|sumout                         ;
;   26.811 ;   0.186 ; RR ; IC   ; 1      ; MLABCELL_X296_Y379_N27 ; Combinational cell ; u_pipe|g_cfar_per_beam[15].u_cfar|u_window|i24448~30|datac                            ;
;   26.918 ;   0.107 ; RR ; CELL ; 2      ; MLABCELL_X296_Y379_N27 ; Combinational cell ; u_pipe|g_cfar_per_beam[15].u_cfar|u_window|i24448~30|combout                          ;
;   27.164 ;   0.246 ; RR ; IC   ; 4      ; LABCELL_X297_Y381_N30  ; Combinational cell ; u_pipe|g_cfar_per_beam[15].u_cfar|u_window|add_342~151|datac                          ;
;   27.281 ;   0.117 ; RF ; CELL ; 1      ; LABCELL_X297_Y381_N33  ; Combinational cell ; u_pipe|g_cfar_per_beam[15].u_cfar|u_window|add_342~156|cout                           ;
;   27.281 ;   0.000 ; FF ; CELL ; 3      ; LABCELL_X297_Y381_N36  ; Combinational cell ; u_pipe|g_cfar_per_beam[15].u_cfar|u_window|add_342~161|cin                            ;
;   27.403 ;   0.122 ; FR ; CELL ; 1      ; LABCELL_X297_Y381_N36  ; Combinational cell ; u_pipe|g_cfar_per_beam[15].u_cfar|u_window|add_342~161|sumout                         ;
;   27.678 ;   0.275 ; RR ; IC   ; 1      ; MLABCELL_X296_Y378_N21 ; Combinational cell ; u_pipe|g_cfar_per_beam[15].u_cfar|u_window|i24562~32|dataf                            ;
;   27.691 ;   0.013 ; RF ; CELL ; 2      ; MLABCELL_X296_Y378_N21 ; Combinational cell ; u_pipe|g_cfar_per_beam[15].u_cfar|u_window|i24562~32|combout                          ;
;   27.750 ;   0.059 ; FR ; CELL ; 1      ; MLABCELL_X296_Y378_N21 ; Combinational cell ; u_pipe|g_cfar_per_beam[15].u_cfar|u_window|i24562~32~cw_ml_mlab/laboutt[12]           ;
;   27.967 ;   0.217 ; RR ; IC   ; 4      ; MLABCELL_X298_Y382_N36 ; Combinational cell ; u_pipe|g_cfar_per_beam[15].u_cfar|u_window|add_346~161|datad                          ;
;   28.100 ;   0.133 ; RR ; CELL ; 1      ; MLABCELL_X298_Y382_N39 ; Combinational cell ; u_pipe|g_cfar_per_beam[15].u_cfar|u_window|add_346~166|cout                           ;
;   28.100 ;   0.000 ; RR ; CELL ; 3      ; MLABCELL_X298_Y382_N42 ; Combinational cell ; u_pipe|g_cfar_per_beam[15].u_cfar|u_window|add_346~171|cin                            ;
;   28.124 ;   0.024 ; RF ; CELL ; 1      ; MLABCELL_X298_Y382_N45 ; Combinational cell ; u_pipe|g_cfar_per_beam[15].u_cfar|u_window|add_346~176|cout                           ;
;   28.124 ;   0.000 ; FF ; CELL ; 3      ; MLABCELL_X298_Y382_N48 ; Combinational cell ; u_pipe|g_cfar_per_beam[15].u_cfar|u_window|add_346~181|cin                            ;
;   28.248 ;   0.124 ; FR ; CELL ; 1      ; MLABCELL_X298_Y382_N48 ; Combinational cell ; u_pipe|g_cfar_per_beam[15].u_cfar|u_window|add_346~181|sumout                         ;
;   28.465 ;   0.217 ; RR ; IC   ; 1      ; MLABCELL_X296_Y378_N27 ; Combinational cell ; u_pipe|g_cfar_per_beam[15].u_cfar|u_window|i24676~36|datae                            ;
;   28.482 ;   0.017 ; RF ; CELL ; 2      ; MLABCELL_X296_Y378_N27 ; Combinational cell ; u_pipe|g_cfar_per_beam[15].u_cfar|u_window|i24676~36|combout                          ;
;   28.554 ;   0.072 ; FR ; CELL ; 1      ; MLABCELL_X296_Y378_N27 ; Combinational cell ; u_pipe|g_cfar_per_beam[15].u_cfar|u_window|i24676~36~cw_ml_mlab/laboutt[18]           ;
;   28.749 ;   0.195 ; RR ; IC   ; 4      ; MLABCELL_X298_Y379_N48 ; Combinational cell ; u_pipe|g_cfar_per_beam[15].u_cfar|u_window|add_350~181|datac                          ;
;   28.939 ;   0.190 ; RR ; CELL ; 1      ; MLABCELL_X298_Y379_N48 ; Combinational cell ; u_pipe|g_cfar_per_beam[15].u_cfar|u_window|add_350~181|sumout                         ;
;   29.175 ;   0.236 ; RR ; IC   ; 1      ; MLABCELL_X296_Y378_N39 ; Combinational cell ; u_pipe|g_cfar_per_beam[15].u_cfar|u_window|i24790~36|datad                            ;
;   29.218 ;   0.043 ; RF ; CELL ; 2      ; MLABCELL_X296_Y378_N39 ; Combinational cell ; u_pipe|g_cfar_per_beam[15].u_cfar|u_window|i24790~36|combout                          ;
;   29.244 ;   0.026 ; FR ; CELL ; 1      ; MLABCELL_X296_Y378_N39 ; Combinational cell ; u_pipe|g_cfar_per_beam[15].u_cfar|u_window|i24790~36~cw_ml_mlab/lab_lut5outb[1]       ;
;   29.462 ;   0.218 ; RR ; IC   ; 4      ; LABCELL_X299_Y379_N48  ; Combinational cell ; u_pipe|g_cfar_per_beam[15].u_cfar|u_window|add_354~181|datad                          ;
;   29.567 ;   0.105 ; RR ; CELL ; 1      ; LABCELL_X299_Y379_N51  ; Combinational cell ; u_pipe|g_cfar_per_beam[15].u_cfar|u_window|add_354~186|cout                           ;
;   29.567 ;   0.000 ; RR ; CELL ; 2      ; LABCELL_X299_Y379_N54  ; Combinational cell ; u_pipe|g_cfar_per_beam[15].u_cfar|u_window|add_354~191|cin                            ;
;   29.689 ;   0.122 ; RR ; CELL ; 1      ; LABCELL_X299_Y379_N54  ; Combinational cell ; u_pipe|g_cfar_per_beam[15].u_cfar|u_window|add_354~191|sumout                         ;
;   29.872 ;   0.183 ; RR ; IC   ; 1      ; LABCELL_X299_Y381_N3   ; Combinational cell ; u_pipe|g_cfar_per_beam[15].u_cfar|u_window|i24904~19|datad                            ;
;   29.913 ;   0.041 ; RF ; CELL ; 2      ; LABCELL_X299_Y381_N3   ; Combinational cell ; u_pipe|g_cfar_per_beam[15].u_cfar|u_window|i24904~19|combout                          ;
;   29.939 ;   0.026 ; FR ; CELL ; 1      ; LABCELL_X299_Y381_N3   ; Combinational cell ; u_pipe|g_cfar_per_beam[15].u_cfar|u_window|i24904~19~cw_la_lab/lab_lut5outt[0]        ;
;   30.244 ;   0.305 ; RR ; IC   ; 3      ; LABCELL_X297_Y378_N54  ; Combinational cell ; u_pipe|g_cfar_per_beam[15].u_cfar|u_window|add_358~191|datac                          ;
;   30.469 ;   0.225 ; RR ; CELL ; 1      ; LABCELL_X297_Y378_N57  ; Combinational cell ; u_pipe|g_cfar_per_beam[15].u_cfar|u_window|add_358~196|cout                           ;
;   30.528 ;   0.059 ; RR ; IC   ; 3      ; LABCELL_X297_Y377_N0   ; Combinational cell ; u_pipe|g_cfar_per_beam[15].u_cfar|u_window|add_358~201|cin                            ;
;   30.570 ;   0.042 ; RR ; CELL ; 1      ; LABCELL_X297_Y377_N3   ; Combinational cell ; u_pipe|g_cfar_per_beam[15].u_cfar|u_window|add_358~206|cout                           ;
;   30.570 ;   0.000 ; RR ; CELL ; 3      ; LABCELL_X297_Y377_N6   ; Combinational cell ; u_pipe|g_cfar_per_beam[15].u_cfar|u_window|add_358~211|cin                            ;
;   30.594 ;   0.024 ; RF ; CELL ; 1      ; LABCELL_X297_Y377_N9   ; Combinational cell ; u_pipe|g_cfar_per_beam[15].u_cfar|u_window|add_358~216|cout                           ;
;   30.594 ;   0.000 ; FF ; CELL ; 3      ; LABCELL_X297_Y377_N12  ; Combinational cell ; u_pipe|g_cfar_per_beam[15].u_cfar|u_window|add_358~221|cin                            ;
;   30.710 ;   0.116 ; FF ; CELL ; 1      ; LABCELL_X297_Y377_N12  ; Combinational cell ; u_pipe|g_cfar_per_beam[15].u_cfar|u_window|add_358~221|sumout                         ;
;   30.816 ;   0.106 ; FF ; IC   ; 1      ; MLABCELL_X298_Y377_N9  ; Combinational cell ; u_pipe|g_cfar_per_beam[15].u_cfar|u_window|sum_lag_c[0]~44|datad                      ;
;   30.860 ;   0.044 ; FR ; CELL ; 2      ; MLABCELL_X298_Y377_N9  ; Combinational cell ; u_pipe|g_cfar_per_beam[15].u_cfar|u_window|sum_lag_c[0]~44|combout                    ;
;   30.884 ;   0.024 ; RF ; CELL ; 1      ; MLABCELL_X298_Y377_N9  ; Combinational cell ; u_pipe|g_cfar_per_beam[15].u_cfar|u_window|sum_lag_c[0]~44~cw_ml_mlab/lab_lut5outt[1] ;
;   31.089 ;   0.205 ; FF ; IC   ; 1      ; MPDSP_X300_Y377_N0     ; DSP block          ; u_pipe|g_cfar_per_beam[15].u_cfar|mult_1~mac|ax[17]                                   ;
;   31.089 ;   0.000 ; FF ; CELL ; 0      ; MPDSP_X300_Y377_N0     ; DSP block          ; u_pipe|g_cfar_per_beam[15].u_cfar|sum_lag1_q[35]                                      ;
+----------+---------+----+------+--------+------------------------+--------------------+---------------------------------------------------------------------------------------+

+------------------------------------------------------------------------------------------------------------------------------------------------+
; Data Required Path                                                                                                                             ;
+---------+----------+----+------+--------+-----------------------+------------------+-----------------------------------------------------------+
; Total   ; Incr     ; RF ; Type ; Fanout ; Location              ; Element Type     ; Element                                                   ;
+---------+----------+----+------+--------+-----------------------+------------------+-----------------------------------------------------------+
; 2.222   ; 2.222    ;    ;      ;        ;                       ;                  ; latch edge time                                           ;
; 8.116   ; 5.894    ;    ;      ;        ;                       ;                  ; clock path                                                ;
;   2.222 ;   0.000  ;    ;      ;        ;                       ;                  ; source latency                                            ;
;   2.222 ;   0.000  ;    ;      ; 1      ; PIN_H19               ; I/O pad          ; core_clk                                                  ;
;   2.222 ;   0.000  ; RR ; IC   ; 1      ; IOIBUF_X335_Y418_N121 ; I/O input buffer ; core_clk~input|i                                          ;
;   2.408 ;   0.186  ; RR ; CELL ; 1      ; IOIBUF_X335_Y418_N121 ; I/O input buffer ; core_clk~input|o                                          ;
;   3.228 ;   0.820  ; RR ; CELL ; 546664 ; IOIBUF_X335_Y418_N121 ; I/O input buffer ; core_clk~input~io96/m25_0_30__io12buf2_to_iopll__ioclkin3 ;
;   7.613 ;   4.385  ; RR ; IC   ; 19     ; MPDSP_X300_Y377_N0    ; DSP block        ; u_pipe|g_cfar_per_beam[15].u_cfar|mult_1~mac|clk          ;
;   7.613 ;   0.000  ; RR ; CELL ; 0      ; MPDSP_X300_Y377_N0    ; DSP block        ; u_pipe|g_cfar_per_beam[15].u_cfar|sum_lag1_q[35]          ;
;   8.141 ;   0.528  ;    ;      ;        ;                       ;                  ; clock pessimism removed                                   ;
;   8.116 ;   -0.025 ;    ;      ;        ;                       ;                  ; advanced clock effects                                    ;
; 8.086   ; -0.030   ;    ;      ;        ;                       ;                  ; clock uncertainty                                         ;
; 8.102   ; 0.016    ;    ; uTsu ; 0      ; MPDSP_X300_Y377_N0    ; DSP block        ; u_pipe|g_cfar_per_beam[15].u_cfar|sum_lag1_q[35]          ;
+---------+----------+----+------+--------+-----------------------+------------------+-----------------------------------------------------------+



Path #2: Setup slack is -22.986 (VIOLATED)
===============================================================================
+--------------------------------------------------------------------------------------------+
; Path Summary                                                                               ;
+---------------------------------+----------------------------------------------------------+
; Property                        ; Value                                                    ;
+---------------------------------+----------------------------------------------------------+
; From Node                       ; u_pipe|g_cfar_per_beam[15].u_cfar|u_window|cell_q[39][2] ;
; To Node                         ; u_pipe|g_cfar_per_beam[15].u_cfar|sum_lag1_q[35]         ;
; Launch Clock                    ; core_clk                                                 ;
; Latch Clock                     ; core_clk                                                 ;
; SDC Exception                   ; No SDC Exception on Path                                 ;
; Data Arrival Time               ; 31.088                                                   ;
; Data Required Time              ; 8.102                                                    ;
; Slack                           ; -22.986 (VIOLATED)                                       ;
; Worst-Case Operating Conditions ; Slow vid1 100C Model                                     ;
+---------------------------------+----------------------------------------------------------+

+------------------------------------------------------------------------------------+
; Statistics                                                                         ;
+------------------------+--------+-------+-------------+------------+-------+-------+
; Property               ; Value  ; Count ; Total Delay ; % of Total ; Min   ; Max   ;
+------------------------+--------+-------+-------------+------------+-------+-------+
; Setup Relationship     ; 2.222  ;       ;             ;            ;       ;       ;
; Clock Skew             ; -0.078 ;       ;             ;            ;       ;       ;
; Data Delay             ; 25.116 ;       ;             ;            ;       ;       ;
; Number of Logic Levels ;        ; 68    ;             ;            ;       ;       ;
; Physical Delays        ;        ;       ;             ;            ;       ;       ;
;  Arrival Path          ;        ;       ;             ;            ;       ;       ;
;   Clock                ;        ;       ;             ;            ;       ;       ;
;    IC                  ;        ; 2     ; 4.847       ; 81         ; 0.000 ; 4.847 ;
;    Cell                ;        ; 3     ; 1.125       ; 19         ; 0.000 ; 0.939 ;
;   Data                 ;        ;       ;             ;            ;       ;       ;
;    IC                  ;        ; 71    ; 14.744      ; 59         ; 0.059 ; 0.307 ;
;    Cell                ;        ; 129   ; 10.162      ; 40         ; 0.000 ; 0.225 ;
;    uTco                ;        ; 1     ; 0.210       ; 1          ; 0.210 ; 0.210 ;
;  Required Path         ;        ;       ;             ;            ;       ;       ;
;   Clock                ;        ;       ;             ;            ;       ;       ;
;    IC                  ;        ; 2     ; 4.385       ; 81         ; 0.000 ; 4.385 ;
;    Cell                ;        ; 3     ; 1.006       ; 19         ; 0.000 ; 0.820 ;
+------------------------+--------+-------+-------------+------------+-------+-------+
Note: Negative delays are omitted from totals when calculating percentages

+-------------------------------------------------------------------------------------------------------------------------------------------------------------------------------+
; Data Arrival Path                                                                                                                                                             ;
+----------+---------+----+------+--------+------------------------+--------------------+---------------------------------------------------------------------------------------+
; Total    ; Incr    ; RF ; Type ; Fanout ; Location               ; Element Type       ; Element                                                                               ;
+----------+---------+----+------+--------+------------------------+--------------------+---------------------------------------------------------------------------------------+
; 0.000    ; 0.000   ;    ;      ;        ;                        ;                    ; launch edge time                                                                      ;
; 5.972    ; 5.972   ;    ;      ;        ;                        ;                    ; clock path                                                                            ;
;   0.000  ;   0.000 ;    ;      ;        ;                        ;                    ; source latency                                                                        ;
;   0.000  ;   0.000 ;    ;      ; 1      ; PIN_H19                ; I/O pad            ; core_clk                                                                              ;
;   0.000  ;   0.000 ; RR ; IC   ; 1      ; IOIBUF_X335_Y418_N121  ; I/O input buffer   ; core_clk~input|i                                                                      ;
;   0.186  ;   0.186 ; RR ; CELL ; 1      ; IOIBUF_X335_Y418_N121  ; I/O input buffer   ; core_clk~input|o                                                                      ;
;   1.125  ;   0.939 ; RR ; CELL ; 546664 ; IOIBUF_X335_Y418_N121  ; I/O input buffer   ; core_clk~input~io96/m25_0_30__io12buf2_to_iopll__ioclkin3                             ;
;   5.972  ;   4.847 ; RR ; IC   ; 1      ; FF_X315_Y380_N22       ; ALM Register       ; u_pipe|g_cfar_per_beam[15].u_cfar|u_window|cell_q[39][2]|clk                          ;
;   5.972  ;   0.000 ; RR ; CELL ; 1      ; FF_X315_Y380_N22       ; ALM Register       ; u_pipe|g_cfar_per_beam[15].u_cfar|u_window|cell_q[39][2]                              ;
; 31.088   ; 25.116  ;    ;      ;        ;                        ;                    ; data path                                                                             ;
;   6.182  ;   0.210 ; RR ; uTco ; 3      ; FF_X315_Y380_N22       ; ALM Register       ; u_pipe|g_cfar_per_beam[15].u_cfar|u_window|cell_q[39][2]|q                            ;
;   6.303  ;   0.121 ; RR ; IC   ; 5      ; MLABCELL_X314_Y380_N6  ; Combinational cell ; u_pipe|g_cfar_per_beam[15].u_cfar|u_window|add_226~11|datad                           ;
;   6.436  ;   0.133 ; RR ; CELL ; 1      ; MLABCELL_X314_Y380_N9  ; Combinational cell ; u_pipe|g_cfar_per_beam[15].u_cfar|u_window|add_226~16|cout                            ;
;   6.436  ;   0.000 ; RR ; CELL ; 3      ; MLABCELL_X314_Y380_N12 ; Combinational cell ; u_pipe|g_cfar_per_beam[15].u_cfar|u_window|add_226~21|cin                             ;
;   6.558  ;   0.122 ; RR ; CELL ; 1      ; MLABCELL_X314_Y380_N12 ; Combinational cell ; u_pipe|g_cfar_per_beam[15].u_cfar|u_window|add_226~21|sumout                          ;
;   6.741  ;   0.183 ; RR ; IC   ; 1      ; MLABCELL_X314_Y378_N15 ; Combinational cell ; u_pipe|g_cfar_per_beam[15].u_cfar|u_window|i21256~4|datae                             ;
;   6.758  ;   0.017 ; RF ; CELL ; 2      ; MLABCELL_X314_Y378_N15 ; Combinational cell ; u_pipe|g_cfar_per_beam[15].u_cfar|u_window|i21256~4|combout                           ;
;   6.785  ;   0.027 ; FR ; CELL ; 1      ; MLABCELL_X314_Y378_N15 ; Combinational cell ; u_pipe|g_cfar_per_beam[15].u_cfar|u_window|i21256~4~cw_ml_mlab/lab_lut5outt[2]        ;
;   7.040  ;   0.255 ; RR ; IC   ; 5      ; LABCELL_X313_Y379_N12  ; Combinational cell ; u_pipe|g_cfar_per_beam[15].u_cfar|u_window|add_230~21|datac                           ;
;   7.157  ;   0.117 ; RF ; CELL ; 1      ; LABCELL_X313_Y379_N15  ; Combinational cell ; u_pipe|g_cfar_per_beam[15].u_cfar|u_window|add_230~26|cout                            ;
;   7.157  ;   0.000 ; FF ; CELL ; 3      ; LABCELL_X313_Y379_N18  ; Combinational cell ; u_pipe|g_cfar_per_beam[15].u_cfar|u_window|add_230~31|cin                             ;
;   7.278  ;   0.121 ; FR ; CELL ; 1      ; LABCELL_X313_Y379_N18  ; Combinational cell ; u_pipe|g_cfar_per_beam[15].u_cfar|u_window|add_230~31|sumout                          ;
;   7.474  ;   0.196 ; RR ; IC   ; 1      ; MLABCELL_X314_Y378_N33 ; Combinational cell ; u_pipe|g_cfar_per_beam[15].u_cfar|u_window|i21370~6|datac                             ;
;   7.593  ;   0.119 ; RR ; CELL ; 2      ; MLABCELL_X314_Y378_N33 ; Combinational cell ; u_pipe|g_cfar_per_beam[15].u_cfar|u_window|i21370~6|combout                           ;
;   7.816  ;   0.223 ; RR ; IC   ; 5      ; MLABCELL_X312_Y379_N18 ; Combinational cell ; u_pipe|g_cfar_per_beam[15].u_cfar|u_window|add_234~31|datad                           ;
;   7.993  ;   0.177 ; RR ; CELL ; 1      ; MLABCELL_X312_Y379_N18 ; Combinational cell ; u_pipe|g_cfar_per_beam[15].u_cfar|u_window|add_234~31|sumout                          ;
;   8.221  ;   0.228 ; RR ; IC   ; 1      ; LABCELL_X310_Y380_N27  ; Combinational cell ; u_pipe|g_cfar_per_beam[15].u_cfar|u_window|i21484~6|datae                             ;
;   8.275  ;   0.054 ; RR ; CELL ; 2      ; LABCELL_X310_Y380_N27  ; Combinational cell ; u_pipe|g_cfar_per_beam[15].u_cfar|u_window|i21484~6|combout                           ;
;   8.417  ;   0.142 ; RR ; IC   ; 5      ; LABCELL_X310_Y379_N18  ; Combinational cell ; u_pipe|g_cfar_per_beam[15].u_cfar|u_window|add_238~31|datac                           ;
;   8.591  ;   0.174 ; RF ; CELL ; 1      ; LABCELL_X310_Y379_N18  ; Combinational cell ; u_pipe|g_cfar_per_beam[15].u_cfar|u_window|add_238~31|sumout                          ;
;   8.762  ;   0.171 ; FF ; IC   ; 1      ; LABCELL_X310_Y380_N51  ; Combinational cell ; u_pipe|g_cfar_per_beam[15].u_cfar|u_window|i21598~6|datae                             ;
;   8.781  ;   0.019 ; FR ; CELL ; 2      ; LABCELL_X310_Y380_N51  ; Combinational cell ; u_pipe|g_cfar_per_beam[15].u_cfar|u_window|i21598~6|combout                           ;
;   8.805  ;   0.024 ; RF ; CELL ; 1      ; LABCELL_X310_Y380_N51  ; Combinational cell ; u_pipe|g_cfar_per_beam[15].u_cfar|u_window|i21598~6~cw_la_lab/lab_lut5outb[3]         ;
;   8.981  ;   0.176 ; FF ; IC   ; 5      ; MLABCELL_X309_Y379_N18 ; Combinational cell ; u_pipe|g_cfar_per_beam[15].u_cfar|u_window|add_242~31|datac                           ;
;   9.178  ;   0.197 ; FF ; CELL ; 1      ; MLABCELL_X309_Y379_N18 ; Combinational cell ; u_pipe|g_cfar_per_beam[15].u_cfar|u_window|add_242~31|sumout                          ;
;   9.366  ;   0.188 ; FF ; IC   ; 1      ; LABCELL_X308_Y380_N3   ; Combinational cell ; u_pipe|g_cfar_per_beam[15].u_cfar|u_window|i21712~6|datae                             ;
;   9.411  ;   0.045 ; FF ; CELL ; 2      ; LABCELL_X308_Y380_N3   ; Combinational cell ; u_pipe|g_cfar_per_beam[15].u_cfar|u_window|i21712~6|combout                           ;
;   9.649  ;   0.238 ; FF ; IC   ; 5      ; MLABCELL_X307_Y378_N18 ; Combinational cell ; u_pipe|g_cfar_per_beam[15].u_cfar|u_window|add_246~31|datac                           ;
;   9.845  ;   0.196 ; FF ; CELL ; 1      ; MLABCELL_X307_Y378_N18 ; Combinational cell ; u_pipe|g_cfar_per_beam[15].u_cfar|u_window|add_246~31|sumout                          ;
;   10.054 ;   0.209 ; FF ; IC   ; 1      ; LABCELL_X308_Y380_N57  ; Combinational cell ; u_pipe|g_cfar_per_beam[15].u_cfar|u_window|i21826~6|datad                             ;
;   10.097 ;   0.043 ; FR ; CELL ; 2      ; LABCELL_X308_Y380_N57  ; Combinational cell ; u_pipe|g_cfar_per_beam[15].u_cfar|u_window|i21826~6|combout                           ;
;   10.151 ;   0.054 ; RF ; CELL ; 1      ; LABCELL_X308_Y380_N57  ; Combinational cell ; u_pipe|g_cfar_per_beam[15].u_cfar|u_window|i21826~6~cw_la_lab/laboutb[19]             ;
;   10.374 ;   0.223 ; FF ; IC   ; 5      ; MLABCELL_X307_Y381_N18 ; Combinational cell ; u_pipe|g_cfar_per_beam[15].u_cfar|u_window|add_250~31|datad                           ;
;   10.560 ;   0.186 ; FF ; CELL ; 1      ; MLABCELL_X307_Y381_N18 ; Combinational cell ; u_pipe|g_cfar_per_beam[15].u_cfar|u_window|add_250~31|sumout                          ;
;   10.770 ;   0.210 ; FF ; IC   ; 1      ; MLABCELL_X309_Y380_N27 ; Combinational cell ; u_pipe|g_cfar_per_beam[15].u_cfar|u_window|i21940~6|datae                             ;
;   10.797 ;   0.027 ; FR ; CELL ; 2      ; MLABCELL_X309_Y380_N27 ; Combinational cell ; u_pipe|g_cfar_per_beam[15].u_cfar|u_window|i21940~6|combout                           ;
;   10.815 ;   0.018 ; RF ; CELL ; 1      ; MLABCELL_X309_Y380_N27 ; Combinational cell ; u_pipe|g_cfar_per_beam[15].u_cfar|u_window|i21940~6~cw_ml_mlab/lab_lut6outt[4]        ;
;   11.017 ;   0.202 ; FF ; IC   ; 5      ; MLABCELL_X309_Y383_N18 ; Combinational cell ; u_pipe|g_cfar_per_beam[15].u_cfar|u_window|add_254~31|datad                           ;
;   11.190 ;   0.173 ; FR ; CELL ; 1      ; MLABCELL_X309_Y383_N18 ; Combinational cell ; u_pipe|g_cfar_per_beam[15].u_cfar|u_window|add_254~31|sumout                          ;
;   11.346 ;   0.156 ; RR ; IC   ; 1      ; MLABCELL_X309_Y384_N3  ; Combinational cell ; u_pipe|g_cfar_per_beam[15].u_cfar|u_window|i22054~6|dataf                             ;
;   11.359 ;   0.013 ; RF ; CELL ; 2      ; MLABCELL_X309_Y384_N3  ; Combinational cell ; u_pipe|g_cfar_per_beam[15].u_cfar|u_window|i22054~6|combout                           ;
;   11.420 ;   0.061 ; FR ; CELL ; 1      ; MLABCELL_X309_Y384_N3  ; Combinational cell ; u_pipe|g_cfar_per_beam[15].u_cfar|u_window|i22054~6~cw_ml_mlab/laboutt[2]             ;
;   11.608 ;   0.188 ; RR ; IC   ; 5      ; LABCELL_X310_Y383_N18  ; Combinational cell ; u_pipe|g_cfar_per_beam[15].u_cfar|u_window|add_258~31|datac                           ;
;   11.781 ;   0.173 ; RF ; CELL ; 1      ; LABCELL_X310_Y383_N18  ; Combinational cell ; u_pipe|g_cfar_per_beam[15].u_cfar|u_window|add_258~31|sumout                          ;
;   12.011 ;   0.230 ; FF ; IC   ; 1      ; LABCELL_X308_Y384_N9   ; Combinational cell ; u_pipe|g_cfar_per_beam[15].u_cfar|u_window|i22168~6|dataf                             ;
;   12.025 ;   0.014 ; FR ; CELL ; 2      ; LABCELL_X308_Y384_N9   ; Combinational cell ; u_pipe|g_cfar_per_beam[15].u_cfar|u_window|i22168~6|combout                           ;
;   12.081 ;   0.056 ; RF ; CELL ; 1      ; LABCELL_X308_Y384_N9   ; Combinational cell ; u_pipe|g_cfar_per_beam[15].u_cfar|u_window|i22168~6~cw_la_lab/laboutt[7]              ;
;   12.309 ;   0.228 ; FF ; IC   ; 5      ; MLABCELL_X312_Y383_N18 ; Combinational cell ; u_pipe|g_cfar_per_beam[15].u_cfar|u_window|add_262~31|datad                           ;
;   12.494 ;   0.185 ; FF ; CELL ; 1      ; MLABCELL_X312_Y383_N18 ; Combinational cell ; u_pipe|g_cfar_per_beam[15].u_cfar|u_window|add_262~31|sumout                          ;
;   12.721 ;   0.227 ; FF ; IC   ; 1      ; LABCELL_X308_Y384_N15  ; Combinational cell ; u_pipe|g_cfar_per_beam[15].u_cfar|u_window|i22282~6|datad                             ;
;   12.771 ;   0.050 ; FR ; CELL ; 2      ; LABCELL_X308_Y384_N15  ; Combinational cell ; u_pipe|g_cfar_per_beam[15].u_cfar|u_window|i22282~6|combout                           ;
;   12.834 ;   0.063 ; RF ; CELL ; 1      ; LABCELL_X308_Y384_N15  ; Combinational cell ; u_pipe|g_cfar_per_beam[15].u_cfar|u_window|i22282~6~cw_la_lab/laboutt[10]             ;
;   13.079 ;   0.245 ; FF ; IC   ; 5      ; LABCELL_X310_Y387_N18  ; Combinational cell ; u_pipe|g_cfar_per_beam[15].u_cfar|u_window|add_266~31|datac                           ;
;   13.295 ;   0.216 ; FR ; CELL ; 1      ; LABCELL_X310_Y387_N27  ; Combinational cell ; u_pipe|g_cfar_per_beam[15].u_cfar|u_window|add_266~46|cout                            ;
;   13.295 ;   0.000 ; RR ; CELL ; 3      ; LABCELL_X310_Y387_N30  ; Combinational cell ; u_pipe|g_cfar_per_beam[15].u_cfar|u_window|add_266~51|cin                             ;
;   13.419 ;   0.124 ; RF ; CELL ; 1      ; LABCELL_X310_Y387_N30  ; Combinational cell ; u_pipe|g_cfar_per_beam[15].u_cfar|u_window|add_266~51|sumout                          ;
;   13.713 ;   0.294 ; FF ; IC   ; 1      ; MLABCELL_X314_Y383_N9  ; Combinational cell ; u_pipe|g_cfar_per_beam[15].u_cfar|u_window|i22396~10|dataf                            ;
;   13.728 ;   0.015 ; FR ; CELL ; 2      ; MLABCELL_X314_Y383_N9  ; Combinational cell ; u_pipe|g_cfar_per_beam[15].u_cfar|u_window|i22396~10|combout                          ;
;   13.783 ;   0.055 ; RF ; CELL ; 1      ; MLABCELL_X314_Y383_N9  ; Combinational cell ; u_pipe|g_cfar_per_beam[15].u_cfar|u_window|i22396~10~cw_ml_mlab/laboutt[4]            ;
;   14.067 ;   0.284 ; FF ; IC   ; 4      ; LABCELL_X308_Y387_N30  ; Combinational cell ; u_pipe|g_cfar_per_beam[15].u_cfar|u_window|add_270~51|datad                           ;
;   14.175 ;   0.108 ; FR ; CELL ; 1      ; LABCELL_X308_Y387_N33  ; Combinational cell ; u_pipe|g_cfar_per_beam[15].u_cfar|u_window|add_270~56|cout                            ;
;   14.175 ;   0.000 ; RR ; CELL ; 3      ; LABCELL_X308_Y387_N36  ; Combinational cell ; u_pipe|g_cfar_per_beam[15].u_cfar|u_window|add_270~61|cin                             ;
;   14.292 ;   0.117 ; RR ; CELL ; 1      ; LABCELL_X308_Y387_N36  ; Combinational cell ; u_pipe|g_cfar_per_beam[15].u_cfar|u_window|add_270~61|sumout                          ;
;   14.529 ;   0.237 ; RR ; IC   ; 1      ; LABCELL_X308_Y384_N51  ; Combinational cell ; u_pipe|g_cfar_per_beam[15].u_cfar|u_window|i22510~12|datae                            ;
;   14.556 ;   0.027 ; RF ; CELL ; 2      ; LABCELL_X308_Y384_N51  ; Combinational cell ; u_pipe|g_cfar_per_beam[15].u_cfar|u_window|i22510~12|combout                          ;
;   14.624 ;   0.068 ; FR ; CELL ; 1      ; LABCELL_X308_Y384_N51  ; Combinational cell ; u_pipe|g_cfar_per_beam[15].u_cfar|u_window|i22510~12~cw_la_lab/laboutb[12]            ;
;   14.806 ;   0.182 ; RR ; IC   ; 4      ; MLABCELL_X309_Y388_N36 ; Combinational cell ; u_pipe|g_cfar_per_beam[15].u_cfar|u_window|add_274~61|datad                           ;
;   14.939 ;   0.133 ; RR ; CELL ; 1      ; MLABCELL_X309_Y388_N39 ; Combinational cell ; u_pipe|g_cfar_per_beam[15].u_cfar|u_window|add_274~66|cout                            ;
;   14.939 ;   0.000 ; RR ; CELL ; 3      ; MLABCELL_X309_Y388_N42 ; Combinational cell ; u_pipe|g_cfar_per_beam[15].u_cfar|u_window|add_274~71|cin                             ;
;   14.963 ;   0.024 ; RF ; CELL ; 1      ; MLABCELL_X309_Y388_N45 ; Combinational cell ; u_pipe|g_cfar_per_beam[15].u_cfar|u_window|add_274~76|cout                            ;
;   14.963 ;   0.000 ; FF ; CELL ; 3      ; MLABCELL_X309_Y388_N48 ; Combinational cell ; u_pipe|g_cfar_per_beam[15].u_cfar|u_window|add_274~81|cin                             ;
;   14.986 ;   0.023 ; FR ; CELL ; 1      ; MLABCELL_X309_Y388_N51 ; Combinational cell ; u_pipe|g_cfar_per_beam[15].u_cfar|u_window|add_274~86|cout                            ;
;   14.986 ;   0.000 ; RR ; CELL ; 2      ; MLABCELL_X309_Y388_N54 ; Combinational cell ; u_pipe|g_cfar_per_beam[15].u_cfar|u_window|add_274~91|cin                             ;
;   15.109 ;   0.123 ; RF ; CELL ; 1      ; MLABCELL_X309_Y388_N54 ; Combinational cell ; u_pipe|g_cfar_per_beam[15].u_cfar|u_window|add_274~91|sumout                          ;
;   15.334 ;   0.225 ; FF ; IC   ; 1      ; LABCELL_X303_Y388_N30  ; Combinational cell ; u_pipe|g_cfar_per_beam[15].u_cfar|u_window|i22624~18|datad                            ;
;   15.390 ;   0.056 ; FF ; CELL ; 2      ; LABCELL_X303_Y388_N30  ; Combinational cell ; u_pipe|g_cfar_per_beam[15].u_cfar|u_window|i22624~18|combout                          ;
;   15.433 ;   0.043 ; FF ; CELL ; 1      ; LABCELL_X303_Y388_N30  ; Combinational cell ; u_pipe|g_cfar_per_beam[15].u_cfar|u_window|i22624~18~cw_la_lab/laboutb[0]             ;
;   15.625 ;   0.192 ; FF ; IC   ; 3      ; MLABCELL_X307_Y388_N54 ; Combinational cell ; u_pipe|g_cfar_per_beam[15].u_cfar|u_window|add_278~91|datac                           ;
;   15.821 ;   0.196 ; FF ; CELL ; 1      ; MLABCELL_X307_Y388_N54 ; Combinational cell ; u_pipe|g_cfar_per_beam[15].u_cfar|u_window|add_278~91|sumout                          ;
;   16.102 ;   0.281 ; FF ; IC   ; 1      ; LABCELL_X303_Y389_N45  ; Combinational cell ; u_pipe|g_cfar_per_beam[15].u_cfar|u_window|i22738~18|datae                            ;
;   16.129 ;   0.027 ; FR ; CELL ; 2      ; LABCELL_X303_Y389_N45  ; Combinational cell ; u_pipe|g_cfar_per_beam[15].u_cfar|u_window|i22738~18|combout                          ;
;   16.146 ;   0.017 ; RF ; CELL ; 1      ; LABCELL_X303_Y389_N45  ; Combinational cell ; u_pipe|g_cfar_per_beam[15].u_cfar|u_window|i22738~18~cw_la_lab/lab_lut6outb[2]        ;
;   16.364 ;   0.218 ; FF ; IC   ; 3      ; LABCELL_X305_Y388_N54  ; Combinational cell ; u_pipe|g_cfar_per_beam[15].u_cfar|u_window|add_282~91|datac                           ;
;   16.529 ;   0.165 ; FF ; CELL ; 1      ; LABCELL_X305_Y388_N54  ; Combinational cell ; u_pipe|g_cfar_per_beam[15].u_cfar|u_window|add_282~91|sumout                          ;
;   16.748 ;   0.219 ; FF ; IC   ; 1      ; LABCELL_X303_Y389_N15  ; Combinational cell ; u_pipe|g_cfar_per_beam[15].u_cfar|u_window|i22852~18|datae                            ;
;   16.767 ;   0.019 ; FR ; CELL ; 2      ; LABCELL_X303_Y389_N15  ; Combinational cell ; u_pipe|g_cfar_per_beam[15].u_cfar|u_window|i22852~18|combout                          ;
;   16.791 ;   0.024 ; RF ; CELL ; 1      ; LABCELL_X303_Y389_N15  ; Combinational cell ; u_pipe|g_cfar_per_beam[15].u_cfar|u_window|i22852~18~cw_la_lab/lab_lut5outt[2]        ;
;   16.920 ;   0.129 ; FF ; IC   ; 3      ; MLABCELL_X304_Y389_N54 ; Combinational cell ; u_pipe|g_cfar_per_beam[15].u_cfar|u_window|add_286~91|datac                           ;
;   17.104 ;   0.184 ; FF ; CELL ; 1      ; MLABCELL_X304_Y389_N54 ; Combinational cell ; u_pipe|g_cfar_per_beam[15].u_cfar|u_window|add_286~91|sumout                          ;
;   17.333 ;   0.229 ; FF ; IC   ; 1      ; LABCELL_X303_Y390_N39  ; Combinational cell ; u_pipe|g_cfar_per_beam[15].u_cfar|u_window|i22966~18|datae                            ;
;   17.352 ;   0.019 ; FR ; CELL ; 2      ; LABCELL_X303_Y390_N39  ; Combinational cell ; u_pipe|g_cfar_per_beam[15].u_cfar|u_window|i22966~18|combout                          ;
;   17.406 ;   0.054 ; RF ; CELL ; 1      ; LABCELL_X303_Y390_N39  ; Combinational cell ; u_pipe|g_cfar_per_beam[15].u_cfar|u_window|i22966~18~cw_la_lab/laboutb[6]             ;
;   17.586 ;   0.180 ; FF ; IC   ; 3      ; LABCELL_X303_Y386_N54  ; Combinational cell ; u_pipe|g_cfar_per_beam[15].u_cfar|u_window|add_290~91|datad                           ;
;   17.746 ;   0.160 ; FF ; CELL ; 1      ; LABCELL_X303_Y386_N54  ; Combinational cell ; u_pipe|g_cfar_per_beam[15].u_cfar|u_window|add_290~91|sumout                          ;
;   17.964 ;   0.218 ; FF ; IC   ; 1      ; LABCELL_X303_Y390_N21  ; Combinational cell ; u_pipe|g_cfar_per_beam[15].u_cfar|u_window|i23080~18|datad                            ;
;   18.007 ;   0.043 ; FR ; CELL ; 2      ; LABCELL_X303_Y390_N21  ; Combinational cell ; u_pipe|g_cfar_per_beam[15].u_cfar|u_window|i23080~18|combout                          ;
;   18.072 ;   0.065 ; RF ; CELL ; 1      ; LABCELL_X303_Y390_N21  ; Combinational cell ; u_pipe|g_cfar_per_beam[15].u_cfar|u_window|i23080~18~cw_la_lab/laboutt[15]            ;
;   18.260 ;   0.188 ; FF ; IC   ; 3      ; MLABCELL_X302_Y386_N54 ; Combinational cell ; u_pipe|g_cfar_per_beam[15].u_cfar|u_window|add_294~91|datac                           ;
;   18.458 ;   0.198 ; FF ; CELL ; 1      ; MLABCELL_X302_Y386_N54 ; Combinational cell ; u_pipe|g_cfar_per_beam[15].u_cfar|u_window|add_294~91|sumout                          ;
;   18.731 ;   0.273 ; FF ; IC   ; 1      ; LABCELL_X299_Y390_N42  ; Combinational cell ; u_pipe|g_cfar_per_beam[15].u_cfar|u_window|i23194~18|datad                            ;
;   18.823 ;   0.092 ; FF ; CELL ; 2      ; LABCELL_X299_Y390_N42  ; Combinational cell ; u_pipe|g_cfar_per_beam[15].u_cfar|u_window|i23194~18|combout                          ;
;   18.980 ;   0.157 ; FF ; IC   ; 3      ; LABCELL_X299_Y386_N54  ; Combinational cell ; u_pipe|g_cfar_per_beam[15].u_cfar|u_window|add_298~91|datad                           ;
;   19.190 ;   0.210 ; FR ; CELL ; 1      ; LABCELL_X299_Y386_N57  ; Combinational cell ; u_pipe|g_cfar_per_beam[15].u_cfar|u_window|add_298~96|cout                            ;
;   19.249 ;   0.059 ; RR ; IC   ; 5      ; LABCELL_X299_Y385_N0   ; Combinational cell ; u_pipe|g_cfar_per_beam[15].u_cfar|u_window|add_298~101|cin                            ;
;   19.386 ;   0.137 ; RF ; CELL ; 1      ; LABCELL_X299_Y385_N0   ; Combinational cell ; u_pipe|g_cfar_per_beam[15].u_cfar|u_window|add_298~101|sumout                         ;
;   19.586 ;   0.200 ; FF ; IC   ; 1      ; MLABCELL_X304_Y385_N21 ; Combinational cell ; u_pipe|g_cfar_per_beam[15].u_cfar|u_window|i23308~20|datac                            ;
;   19.697 ;   0.111 ; FF ; CELL ; 2      ; MLABCELL_X304_Y385_N21 ; Combinational cell ; u_pipe|g_cfar_per_beam[15].u_cfar|u_window|i23308~20|combout                          ;
;   19.990 ;   0.293 ; FF ; IC   ; 5      ; MLABCELL_X298_Y389_N0  ; Combinational cell ; u_pipe|g_cfar_per_beam[15].u_cfar|u_window|add_302~101|datac                          ;
;   20.188 ;   0.198 ; FF ; CELL ; 1      ; MLABCELL_X298_Y389_N0  ; Combinational cell ; u_pipe|g_cfar_per_beam[15].u_cfar|u_window|add_302~101|sumout                         ;
;   20.417 ;   0.229 ; FF ; IC   ; 1      ; MLABCELL_X298_Y386_N21 ; Combinational cell ; u_pipe|g_cfar_per_beam[15].u_cfar|u_window|i23422~20|datac                            ;
;   20.499 ;   0.082 ; FF ; CELL ; 2      ; MLABCELL_X298_Y386_N21 ; Combinational cell ; u_pipe|g_cfar_per_beam[15].u_cfar|u_window|i23422~20|combout                          ;
;   20.691 ;   0.192 ; FF ; IC   ; 5      ; LABCELL_X297_Y387_N0   ; Combinational cell ; u_pipe|g_cfar_per_beam[15].u_cfar|u_window|add_306~101|datad                          ;
;   20.799 ;   0.108 ; FR ; CELL ; 1      ; LABCELL_X297_Y387_N3   ; Combinational cell ; u_pipe|g_cfar_per_beam[15].u_cfar|u_window|add_306~106|cout                           ;
;   20.799 ;   0.000 ; RR ; CELL ; 3      ; LABCELL_X297_Y387_N6   ; Combinational cell ; u_pipe|g_cfar_per_beam[15].u_cfar|u_window|add_306~111|cin                            ;
;   20.823 ;   0.024 ; RF ; CELL ; 1      ; LABCELL_X297_Y387_N9   ; Combinational cell ; u_pipe|g_cfar_per_beam[15].u_cfar|u_window|add_306~116|cout                           ;
;   20.823 ;   0.000 ; FF ; CELL ; 3      ; LABCELL_X297_Y387_N12  ; Combinational cell ; u_pipe|g_cfar_per_beam[15].u_cfar|u_window|add_306~121|cin                            ;
;   20.942 ;   0.119 ; FR ; CELL ; 1      ; LABCELL_X297_Y387_N12  ; Combinational cell ; u_pipe|g_cfar_per_beam[15].u_cfar|u_window|add_306~121|sumout                         ;
;   21.128 ;   0.186 ; RR ; IC   ; 1      ; MLABCELL_X298_Y386_N27 ; Combinational cell ; u_pipe|g_cfar_per_beam[15].u_cfar|u_window|i23536~24|datac                            ;
;   21.212 ;   0.084 ; RR ; CELL ; 2      ; MLABCELL_X298_Y386_N27 ; Combinational cell ; u_pipe|g_cfar_per_beam[15].u_cfar|u_window|i23536~24|combout                          ;
;   21.419 ;   0.207 ; RR ; IC   ; 5      ; MLABCELL_X296_Y387_N12 ; Combinational cell ; u_pipe|g_cfar_per_beam[15].u_cfar|u_window|add_310~121|datad                          ;
;   21.552 ;   0.133 ; RR ; CELL ; 1      ; MLABCELL_X296_Y387_N15 ; Combinational cell ; u_pipe|g_cfar_per_beam[15].u_cfar|u_window|add_310~126|cout                           ;
;   21.552 ;   0.000 ; RR ; CELL ; 3      ; MLABCELL_X296_Y387_N18 ; Combinational cell ; u_pipe|g_cfar_per_beam[15].u_cfar|u_window|add_310~131|cin                            ;
;   21.669 ;   0.117 ; RF ; CELL ; 1      ; MLABCELL_X296_Y387_N18 ; Combinational cell ; u_pipe|g_cfar_per_beam[15].u_cfar|u_window|add_310~131|sumout                         ;
;   21.976 ;   0.307 ; FF ; IC   ; 1      ; MLABCELL_X291_Y386_N33 ; Combinational cell ; u_pipe|g_cfar_per_beam[15].u_cfar|u_window|i23650~26|datae                            ;
;   21.995 ;   0.019 ; FR ; CELL ; 2      ; MLABCELL_X291_Y386_N33 ; Combinational cell ; u_pipe|g_cfar_per_beam[15].u_cfar|u_window|i23650~26|combout                          ;
;   22.058 ;   0.063 ; RF ; CELL ; 1      ; MLABCELL_X291_Y386_N33 ; Combinational cell ; u_pipe|g_cfar_per_beam[15].u_cfar|u_window|i23650~26~cw_ml_mlab/laboutb[2]            ;
;   22.194 ;   0.136 ; FF ; IC   ; 5      ; LABCELL_X294_Y386_N18  ; Combinational cell ; u_pipe|g_cfar_per_beam[15].u_cfar|u_window|add_314~131|datad                          ;
;   22.302 ;   0.108 ; FR ; CELL ; 1      ; LABCELL_X294_Y386_N21  ; Combinational cell ; u_pipe|g_cfar_per_beam[15].u_cfar|u_window|add_314~136|cout                           ;
;   22.302 ;   0.000 ; RR ; CELL ; 2      ; LABCELL_X294_Y386_N24  ; Combinational cell ; u_pipe|g_cfar_per_beam[15].u_cfar|u_window|add_314~141|cin                            ;
;   22.424 ;   0.122 ; RR ; CELL ; 1      ; LABCELL_X294_Y386_N24  ; Combinational cell ; u_pipe|g_cfar_per_beam[15].u_cfar|u_window|add_314~141|sumout                         ;
;   22.646 ;   0.222 ; RR ; IC   ; 1      ; LABCELL_X292_Y385_N48  ; Combinational cell ; u_pipe|g_cfar_per_beam[15].u_cfar|u_window|i23764~28|datac                            ;
;   22.755 ;   0.109 ; RR ; CELL ; 2      ; LABCELL_X292_Y385_N48  ; Combinational cell ; u_pipe|g_cfar_per_beam[15].u_cfar|u_window|i23764~28|combout                          ;
;   22.964 ;   0.209 ; RR ; IC   ; 4      ; LABCELL_X292_Y386_N24  ; Combinational cell ; u_pipe|g_cfar_per_beam[15].u_cfar|u_window|add_318~141|datad                          ;
;   23.129 ;   0.165 ; RF ; CELL ; 1      ; LABCELL_X292_Y386_N24  ; Combinational cell ; u_pipe|g_cfar_per_beam[15].u_cfar|u_window|add_318~141|sumout                         ;
;   23.280 ;   0.151 ; FF ; IC   ; 1      ; LABCELL_X292_Y385_N42  ; Combinational cell ; u_pipe|g_cfar_per_beam[15].u_cfar|u_window|i23878~28|datae                            ;
;   23.313 ;   0.033 ; FF ; CELL ; 2      ; LABCELL_X292_Y385_N42  ; Combinational cell ; u_pipe|g_cfar_per_beam[15].u_cfar|u_window|i23878~28|combout                          ;
;   23.356 ;   0.043 ; FF ; CELL ; 1      ; LABCELL_X292_Y385_N42  ; Combinational cell ; u_pipe|g_cfar_per_beam[15].u_cfar|u_window|i23878~28~cw_la_lab/laboutb[8]             ;
;   23.566 ;   0.210 ; FF ; IC   ; 4      ; MLABCELL_X293_Y386_N24 ; Combinational cell ; u_pipe|g_cfar_per_beam[15].u_cfar|u_window|add_322~141|datad                          ;
;   23.753 ;   0.187 ; FF ; CELL ; 1      ; MLABCELL_X293_Y386_N24 ; Combinational cell ; u_pipe|g_cfar_per_beam[15].u_cfar|u_window|add_322~141|sumout                         ;
;   23.966 ;   0.213 ; FF ; IC   ; 1      ; LABCELL_X292_Y385_N36  ; Combinational cell ; u_pipe|g_cfar_per_beam[15].u_cfar|u_window|i23992~28|datae                            ;
;   24.034 ;   0.068 ; FF ; CELL ; 2      ; LABCELL_X292_Y385_N36  ; Combinational cell ; u_pipe|g_cfar_per_beam[15].u_cfar|u_window|i23992~28|combout                          ;
;   24.311 ;   0.277 ; FF ; IC   ; 4      ; MLABCELL_X293_Y382_N24 ; Combinational cell ; u_pipe|g_cfar_per_beam[15].u_cfar|u_window|add_326~141|datad                          ;
;   24.496 ;   0.185 ; FF ; CELL ; 1      ; MLABCELL_X293_Y382_N24 ; Combinational cell ; u_pipe|g_cfar_per_beam[15].u_cfar|u_window|add_326~141|sumout                         ;
;   24.718 ;   0.222 ; FF ; IC   ; 1      ; LABCELL_X292_Y380_N39  ; Combinational cell ; u_pipe|g_cfar_per_beam[15].u_cfar|u_window|i24106~28|datae                            ;
;   24.737 ;   0.019 ; FR ; CELL ; 2      ; LABCELL_X292_Y380_N39  ; Combinational cell ; u_pipe|g_cfar_per_beam[15].u_cfar|u_window|i24106~28|combout                          ;
;   24.790 ;   0.053 ; RF ; CELL ; 1      ; LABCELL_X292_Y380_N39  ; Combinational cell ; u_pipe|g_cfar_per_beam[15].u_cfar|u_window|i24106~28~cw_la_lab/laboutb[6]             ;
;   24.965 ;   0.175 ; FF ; IC   ; 4      ; LABCELL_X292_Y381_N24  ; Combinational cell ; u_pipe|g_cfar_per_beam[15].u_cfar|u_window|add_330~141|datad                          ;
;   25.117 ;   0.152 ; FR ; CELL ; 1      ; LABCELL_X292_Y381_N24  ; Combinational cell ; u_pipe|g_cfar_per_beam[15].u_cfar|u_window|add_330~141|sumout                         ;
;   25.253 ;   0.136 ; RR ; IC   ; 1      ; LABCELL_X292_Y380_N24  ; Combinational cell ; u_pipe|g_cfar_per_beam[15].u_cfar|u_window|i24220~28|datad                            ;
;   25.351 ;   0.098 ; RR ; CELL ; 2      ; LABCELL_X292_Y380_N24  ; Combinational cell ; u_pipe|g_cfar_per_beam[15].u_cfar|u_window|i24220~28|combout                          ;
;   25.558 ;   0.207 ; RR ; IC   ; 4      ; LABCELL_X294_Y381_N24  ; Combinational cell ; u_pipe|g_cfar_per_beam[15].u_cfar|u_window|add_334~141|datad                          ;
;   25.723 ;   0.165 ; RF ; CELL ; 1      ; LABCELL_X294_Y381_N24  ; Combinational cell ; u_pipe|g_cfar_per_beam[15].u_cfar|u_window|add_334~141|sumout                         ;
;   25.989 ;   0.266 ; FF ; IC   ; 1      ; MLABCELL_X296_Y379_N45 ; Combinational cell ; u_pipe|g_cfar_per_beam[15].u_cfar|u_window|i24334~28|datae                            ;
;   26.034 ;   0.045 ; FF ; CELL ; 2      ; MLABCELL_X296_Y379_N45 ; Combinational cell ; u_pipe|g_cfar_per_beam[15].u_cfar|u_window|i24334~28|combout                          ;
;   26.288 ;   0.254 ; FF ; IC   ; 4      ; MLABCELL_X296_Y381_N24 ; Combinational cell ; u_pipe|g_cfar_per_beam[15].u_cfar|u_window|add_338~141|datad                          ;
;   26.500 ;   0.212 ; FR ; CELL ; 1      ; MLABCELL_X296_Y381_N27 ; Combinational cell ; u_pipe|g_cfar_per_beam[15].u_cfar|u_window|add_338~146|cout                           ;
;   26.500 ;   0.000 ; RR ; CELL ; 3      ; MLABCELL_X296_Y381_N30 ; Combinational cell ; u_pipe|g_cfar_per_beam[15].u_cfar|u_window|add_338~151|cin                            ;
;   26.624 ;   0.124 ; RR ; CELL ; 1      ; MLABCELL_X296_Y381_N30 ; Combinational cell ; u_pipe|g_cfar_per_beam[15].u_cfar|u_window|add_338~151|sumout                         ;
;   26.810 ;   0.186 ; RR ; IC   ; 1      ; MLABCELL_X296_Y379_N27 ; Combinational cell ; u_pipe|g_cfar_per_beam[15].u_cfar|u_window|i24448~30|datac                            ;
;   26.917 ;   0.107 ; RR ; CELL ; 2      ; MLABCELL_X296_Y379_N27 ; Combinational cell ; u_pipe|g_cfar_per_beam[15].u_cfar|u_window|i24448~30|combout                          ;
;   27.163 ;   0.246 ; RR ; IC   ; 4      ; LABCELL_X297_Y381_N30  ; Combinational cell ; u_pipe|g_cfar_per_beam[15].u_cfar|u_window|add_342~151|datac                          ;
;   27.280 ;   0.117 ; RF ; CELL ; 1      ; LABCELL_X297_Y381_N33  ; Combinational cell ; u_pipe|g_cfar_per_beam[15].u_cfar|u_window|add_342~156|cout                           ;
;   27.280 ;   0.000 ; FF ; CELL ; 3      ; LABCELL_X297_Y381_N36  ; Combinational cell ; u_pipe|g_cfar_per_beam[15].u_cfar|u_window|add_342~161|cin                            ;
;   27.402 ;   0.122 ; FR ; CELL ; 1      ; LABCELL_X297_Y381_N36  ; Combinational cell ; u_pipe|g_cfar_per_beam[15].u_cfar|u_window|add_342~161|sumout                         ;
;   27.677 ;   0.275 ; RR ; IC   ; 1      ; MLABCELL_X296_Y378_N21 ; Combinational cell ; u_pipe|g_cfar_per_beam[15].u_cfar|u_window|i24562~32|dataf                            ;
;   27.690 ;   0.013 ; RF ; CELL ; 2      ; MLABCELL_X296_Y378_N21 ; Combinational cell ; u_pipe|g_cfar_per_beam[15].u_cfar|u_window|i24562~32|combout                          ;
;   27.749 ;   0.059 ; FR ; CELL ; 1      ; MLABCELL_X296_Y378_N21 ; Combinational cell ; u_pipe|g_cfar_per_beam[15].u_cfar|u_window|i24562~32~cw_ml_mlab/laboutt[12]           ;
;   27.966 ;   0.217 ; RR ; IC   ; 4      ; MLABCELL_X298_Y382_N36 ; Combinational cell ; u_pipe|g_cfar_per_beam[15].u_cfar|u_window|add_346~161|datad                          ;
;   28.099 ;   0.133 ; RR ; CELL ; 1      ; MLABCELL_X298_Y382_N39 ; Combinational cell ; u_pipe|g_cfar_per_beam[15].u_cfar|u_window|add_346~166|cout                           ;
;   28.099 ;   0.000 ; RR ; CELL ; 3      ; MLABCELL_X298_Y382_N42 ; Combinational cell ; u_pipe|g_cfar_per_beam[15].u_cfar|u_window|add_346~171|cin                            ;
;   28.123 ;   0.024 ; RF ; CELL ; 1      ; MLABCELL_X298_Y382_N45 ; Combinational cell ; u_pipe|g_cfar_per_beam[15].u_cfar|u_window|add_346~176|cout                           ;
;   28.123 ;   0.000 ; FF ; CELL ; 3      ; MLABCELL_X298_Y382_N48 ; Combinational cell ; u_pipe|g_cfar_per_beam[15].u_cfar|u_window|add_346~181|cin                            ;
;   28.247 ;   0.124 ; FR ; CELL ; 1      ; MLABCELL_X298_Y382_N48 ; Combinational cell ; u_pipe|g_cfar_per_beam[15].u_cfar|u_window|add_346~181|sumout                         ;
;   28.464 ;   0.217 ; RR ; IC   ; 1      ; MLABCELL_X296_Y378_N27 ; Combinational cell ; u_pipe|g_cfar_per_beam[15].u_cfar|u_window|i24676~36|datae                            ;
;   28.481 ;   0.017 ; RF ; CELL ; 2      ; MLABCELL_X296_Y378_N27 ; Combinational cell ; u_pipe|g_cfar_per_beam[15].u_cfar|u_window|i24676~36|combout                          ;
;   28.553 ;   0.072 ; FR ; CELL ; 1      ; MLABCELL_X296_Y378_N27 ; Combinational cell ; u_pipe|g_cfar_per_beam[15].u_cfar|u_window|i24676~36~cw_ml_mlab/laboutt[18]           ;
;   28.748 ;   0.195 ; RR ; IC   ; 4      ; MLABCELL_X298_Y379_N48 ; Combinational cell ; u_pipe|g_cfar_per_beam[15].u_cfar|u_window|add_350~181|datac                          ;
;   28.938 ;   0.190 ; RR ; CELL ; 1      ; MLABCELL_X298_Y379_N48 ; Combinational cell ; u_pipe|g_cfar_per_beam[15].u_cfar|u_window|add_350~181|sumout                         ;
;   29.174 ;   0.236 ; RR ; IC   ; 1      ; MLABCELL_X296_Y378_N39 ; Combinational cell ; u_pipe|g_cfar_per_beam[15].u_cfar|u_window|i24790~36|datad                            ;
;   29.217 ;   0.043 ; RF ; CELL ; 2      ; MLABCELL_X296_Y378_N39 ; Combinational cell ; u_pipe|g_cfar_per_beam[15].u_cfar|u_window|i24790~36|combout                          ;
;   29.243 ;   0.026 ; FR ; CELL ; 1      ; MLABCELL_X296_Y378_N39 ; Combinational cell ; u_pipe|g_cfar_per_beam[15].u_cfar|u_window|i24790~36~cw_ml_mlab/lab_lut5outb[1]       ;
;   29.461 ;   0.218 ; RR ; IC   ; 4      ; LABCELL_X299_Y379_N48  ; Combinational cell ; u_pipe|g_cfar_per_beam[15].u_cfar|u_window|add_354~181|datad                          ;
;   29.566 ;   0.105 ; RR ; CELL ; 1      ; LABCELL_X299_Y379_N51  ; Combinational cell ; u_pipe|g_cfar_per_beam[15].u_cfar|u_window|add_354~186|cout                           ;
;   29.566 ;   0.000 ; RR ; CELL ; 2      ; LABCELL_X299_Y379_N54  ; Combinational cell ; u_pipe|g_cfar_per_beam[15].u_cfar|u_window|add_354~191|cin                            ;
;   29.688 ;   0.122 ; RR ; CELL ; 1      ; LABCELL_X299_Y379_N54  ; Combinational cell ; u_pipe|g_cfar_per_beam[15].u_cfar|u_window|add_354~191|sumout                         ;
;   29.871 ;   0.183 ; RR ; IC   ; 1      ; LABCELL_X299_Y381_N3   ; Combinational cell ; u_pipe|g_cfar_per_beam[15].u_cfar|u_window|i24904~19|datad                            ;
;   29.912 ;   0.041 ; RF ; CELL ; 2      ; LABCELL_X299_Y381_N3   ; Combinational cell ; u_pipe|g_cfar_per_beam[15].u_cfar|u_window|i24904~19|combout                          ;
;   29.938 ;   0.026 ; FR ; CELL ; 1      ; LABCELL_X299_Y381_N3   ; Combinational cell ; u_pipe|g_cfar_per_beam[15].u_cfar|u_window|i24904~19~cw_la_lab/lab_lut5outt[0]        ;
;   30.243 ;   0.305 ; RR ; IC   ; 3      ; LABCELL_X297_Y378_N54  ; Combinational cell ; u_pipe|g_cfar_per_beam[15].u_cfar|u_window|add_358~191|datac                          ;
;   30.468 ;   0.225 ; RR ; CELL ; 1      ; LABCELL_X297_Y378_N57  ; Combinational cell ; u_pipe|g_cfar_per_beam[15].u_cfar|u_window|add_358~196|cout                           ;
;   30.527 ;   0.059 ; RR ; IC   ; 3      ; LABCELL_X297_Y377_N0   ; Combinational cell ; u_pipe|g_cfar_per_beam[15].u_cfar|u_window|add_358~201|cin                            ;
;   30.569 ;   0.042 ; RR ; CELL ; 1      ; LABCELL_X297_Y377_N3   ; Combinational cell ; u_pipe|g_cfar_per_beam[15].u_cfar|u_window|add_358~206|cout                           ;
;   30.569 ;   0.000 ; RR ; CELL ; 3      ; LABCELL_X297_Y377_N6   ; Combinational cell ; u_pipe|g_cfar_per_beam[15].u_cfar|u_window|add_358~211|cin                            ;
;   30.593 ;   0.024 ; RF ; CELL ; 1      ; LABCELL_X297_Y377_N9   ; Combinational cell ; u_pipe|g_cfar_per_beam[15].u_cfar|u_window|add_358~216|cout                           ;
;   30.593 ;   0.000 ; FF ; CELL ; 3      ; LABCELL_X297_Y377_N12  ; Combinational cell ; u_pipe|g_cfar_per_beam[15].u_cfar|u_window|add_358~221|cin                            ;
;   30.709 ;   0.116 ; FF ; CELL ; 1      ; LABCELL_X297_Y377_N12  ; Combinational cell ; u_pipe|g_cfar_per_beam[15].u_cfar|u_window|add_358~221|sumout                         ;
;   30.815 ;   0.106 ; FF ; IC   ; 1      ; MLABCELL_X298_Y377_N9  ; Combinational cell ; u_pipe|g_cfar_per_beam[15].u_cfar|u_window|sum_lag_c[0]~44|datad                      ;
;   30.859 ;   0.044 ; FR ; CELL ; 2      ; MLABCELL_X298_Y377_N9  ; Combinational cell ; u_pipe|g_cfar_per_beam[15].u_cfar|u_window|sum_lag_c[0]~44|combout                    ;
;   30.883 ;   0.024 ; RF ; CELL ; 1      ; MLABCELL_X298_Y377_N9  ; Combinational cell ; u_pipe|g_cfar_per_beam[15].u_cfar|u_window|sum_lag_c[0]~44~cw_ml_mlab/lab_lut5outt[1] ;
;   31.088 ;   0.205 ; FF ; IC   ; 1      ; MPDSP_X300_Y377_N0     ; DSP block          ; u_pipe|g_cfar_per_beam[15].u_cfar|mult_1~mac|ax[17]                                   ;
;   31.088 ;   0.000 ; FF ; CELL ; 0      ; MPDSP_X300_Y377_N0     ; DSP block          ; u_pipe|g_cfar_per_beam[15].u_cfar|sum_lag1_q[35]                                      ;
+----------+---------+----+------+--------+------------------------+--------------------+---------------------------------------------------------------------------------------+

+------------------------------------------------------------------------------------------------------------------------------------------------+
; Data Required Path                                                                                                                             ;
+---------+----------+----+------+--------+-----------------------+------------------+-----------------------------------------------------------+
; Total   ; Incr     ; RF ; Type ; Fanout ; Location              ; Element Type     ; Element                                                   ;
+---------+----------+----+------+--------+-----------------------+------------------+-----------------------------------------------------------+
; 2.222   ; 2.222    ;    ;      ;        ;                       ;                  ; latch edge time                                           ;
; 8.116   ; 5.894    ;    ;      ;        ;                       ;                  ; clock path                                                ;
;   2.222 ;   0.000  ;    ;      ;        ;                       ;                  ; source latency                                            ;
;   2.222 ;   0.000  ;    ;      ; 1      ; PIN_H19               ; I/O pad          ; core_clk                                                  ;
;   2.222 ;   0.000  ; RR ; IC   ; 1      ; IOIBUF_X335_Y418_N121 ; I/O input buffer ; core_clk~input|i                                          ;
;   2.408 ;   0.186  ; RR ; CELL ; 1      ; IOIBUF_X335_Y418_N121 ; I/O input buffer ; core_clk~input|o                                          ;
;   3.228 ;   0.820  ; RR ; CELL ; 546664 ; IOIBUF_X335_Y418_N121 ; I/O input buffer ; core_clk~input~io96/m25_0_30__io12buf2_to_iopll__ioclkin3 ;
;   7.613 ;   4.385  ; RR ; IC   ; 19     ; MPDSP_X300_Y377_N0    ; DSP block        ; u_pipe|g_cfar_per_beam[15].u_cfar|mult_1~mac|clk          ;
;   7.613 ;   0.000  ; RR ; CELL ; 0      ; MPDSP_X300_Y377_N0    ; DSP block        ; u_pipe|g_cfar_per_beam[15].u_cfar|sum_lag1_q[35]          ;
;   8.141 ;   0.528  ;    ;      ;        ;                       ;                  ; clock pessimism removed                                   ;
;   8.116 ;   -0.025 ;    ;      ;        ;                       ;                  ; advanced clock effects                                    ;
; 8.086   ; -0.030   ;    ;      ;        ;                       ;                  ; clock uncertainty                                         ;
; 8.102   ; 0.016    ;    ; uTsu ; 0      ; MPDSP_X300_Y377_N0    ; DSP block        ; u_pipe|g_cfar_per_beam[15].u_cfar|sum_lag1_q[35]          ;
+---------+----------+----+------+--------+-----------------------+------------------+-----------------------------------------------------------+



Path #3: Setup slack is -22.985 (VIOLATED)
===============================================================================
+--------------------------------------------------------------------------------------------+
; Path Summary                                                                               ;
+---------------------------------+----------------------------------------------------------+
; Property                        ; Value                                                    ;
+---------------------------------+----------------------------------------------------------+
; From Node                       ; u_pipe|g_cfar_per_beam[15].u_cfar|u_window|cell_q[39][2] ;
; To Node                         ; u_pipe|g_cfar_per_beam[15].u_cfar|sum_lag1_q[35]         ;
; Launch Clock                    ; core_clk                                                 ;
; Latch Clock                     ; core_clk                                                 ;
; SDC Exception                   ; No SDC Exception on Path                                 ;
; Data Arrival Time               ; 31.087                                                   ;
; Data Required Time              ; 8.102                                                    ;
; Slack                           ; -22.985 (VIOLATED)                                       ;
; Worst-Case Operating Conditions ; Slow vid1 100C Model                                     ;
+---------------------------------+----------------------------------------------------------+

+------------------------------------------------------------------------------------+
; Statistics                                                                         ;
+------------------------+--------+-------+-------------+------------+-------+-------+
; Property               ; Value  ; Count ; Total Delay ; % of Total ; Min   ; Max   ;
+------------------------+--------+-------+-------------+------------+-------+-------+
; Setup Relationship     ; 2.222  ;       ;             ;            ;       ;       ;
; Clock Skew             ; -0.078 ;       ;             ;            ;       ;       ;
; Data Delay             ; 25.115 ;       ;             ;            ;       ;       ;
; Number of Logic Levels ;        ; 68    ;             ;            ;       ;       ;
; Physical Delays        ;        ;       ;             ;            ;       ;       ;
;  Arrival Path          ;        ;       ;             ;            ;       ;       ;
;   Clock                ;        ;       ;             ;            ;       ;       ;
;    IC                  ;        ; 2     ; 4.847       ; 81         ; 0.000 ; 4.847 ;
;    Cell                ;        ; 3     ; 1.125       ; 19         ; 0.000 ; 0.939 ;
;   Data                 ;        ;       ;             ;            ;       ;       ;
;    IC                  ;        ; 71    ; 14.653      ; 58         ; 0.059 ; 0.319 ;
;    Cell                ;        ; 129   ; 10.252      ; 41         ; 0.000 ; 0.225 ;
;    uTco                ;        ; 1     ; 0.210       ; 1          ; 0.210 ; 0.210 ;
;  Required Path         ;        ;       ;             ;            ;       ;       ;
;   Clock                ;        ;       ;             ;            ;       ;       ;
;    IC                  ;        ; 2     ; 4.385       ; 81         ; 0.000 ; 4.385 ;
;    Cell                ;        ; 3     ; 1.006       ; 19         ; 0.000 ; 0.820 ;
+------------------------+--------+-------+-------------+------------+-------+-------+
Note: Negative delays are omitted from totals when calculating percentages

+-------------------------------------------------------------------------------------------------------------------------------------------------------------------------------+
; Data Arrival Path                                                                                                                                                             ;
+----------+---------+----+------+--------+------------------------+--------------------+---------------------------------------------------------------------------------------+
; Total    ; Incr    ; RF ; Type ; Fanout ; Location               ; Element Type       ; Element                                                                               ;
+----------+---------+----+------+--------+------------------------+--------------------+---------------------------------------------------------------------------------------+
; 0.000    ; 0.000   ;    ;      ;        ;                        ;                    ; launch edge time                                                                      ;
; 5.972    ; 5.972   ;    ;      ;        ;                        ;                    ; clock path                                                                            ;
;   0.000  ;   0.000 ;    ;      ;        ;                        ;                    ; source latency                                                                        ;
;   0.000  ;   0.000 ;    ;      ; 1      ; PIN_H19                ; I/O pad            ; core_clk                                                                              ;
;   0.000  ;   0.000 ; RR ; IC   ; 1      ; IOIBUF_X335_Y418_N121  ; I/O input buffer   ; core_clk~input|i                                                                      ;
;   0.186  ;   0.186 ; RR ; CELL ; 1      ; IOIBUF_X335_Y418_N121  ; I/O input buffer   ; core_clk~input|o                                                                      ;
;   1.125  ;   0.939 ; RR ; CELL ; 546664 ; IOIBUF_X335_Y418_N121  ; I/O input buffer   ; core_clk~input~io96/m25_0_30__io12buf2_to_iopll__ioclkin3                             ;
;   5.972  ;   4.847 ; RR ; IC   ; 1      ; FF_X315_Y380_N22       ; ALM Register       ; u_pipe|g_cfar_per_beam[15].u_cfar|u_window|cell_q[39][2]|clk                          ;
;   5.972  ;   0.000 ; RR ; CELL ; 1      ; FF_X315_Y380_N22       ; ALM Register       ; u_pipe|g_cfar_per_beam[15].u_cfar|u_window|cell_q[39][2]                              ;
; 31.087   ; 25.115  ;    ;      ;        ;                        ;                    ; data path                                                                             ;
;   6.182  ;   0.210 ; RR ; uTco ; 3      ; FF_X315_Y380_N22       ; ALM Register       ; u_pipe|g_cfar_per_beam[15].u_cfar|u_window|cell_q[39][2]|q                            ;
;   6.303  ;   0.121 ; RR ; IC   ; 5      ; MLABCELL_X314_Y380_N6  ; Combinational cell ; u_pipe|g_cfar_per_beam[15].u_cfar|u_window|add_226~11|datad                           ;
;   6.436  ;   0.133 ; RR ; CELL ; 1      ; MLABCELL_X314_Y380_N9  ; Combinational cell ; u_pipe|g_cfar_per_beam[15].u_cfar|u_window|add_226~16|cout                            ;
;   6.436  ;   0.000 ; RR ; CELL ; 3      ; MLABCELL_X314_Y380_N12 ; Combinational cell ; u_pipe|g_cfar_per_beam[15].u_cfar|u_window|add_226~21|cin                             ;
;   6.558  ;   0.122 ; RR ; CELL ; 1      ; MLABCELL_X314_Y380_N12 ; Combinational cell ; u_pipe|g_cfar_per_beam[15].u_cfar|u_window|add_226~21|sumout                          ;
;   6.741  ;   0.183 ; RR ; IC   ; 1      ; MLABCELL_X314_Y378_N15 ; Combinational cell ; u_pipe|g_cfar_per_beam[15].u_cfar|u_window|i21256~4|datae                             ;
;   6.758  ;   0.017 ; RF ; CELL ; 2      ; MLABCELL_X314_Y378_N15 ; Combinational cell ; u_pipe|g_cfar_per_beam[15].u_cfar|u_window|i21256~4|combout                           ;
;   6.785  ;   0.027 ; FR ; CELL ; 1      ; MLABCELL_X314_Y378_N15 ; Combinational cell ; u_pipe|g_cfar_per_beam[15].u_cfar|u_window|i21256~4~cw_ml_mlab/lab_lut5outt[2]        ;
;   7.040  ;   0.255 ; RR ; IC   ; 5      ; LABCELL_X313_Y379_N12  ; Combinational cell ; u_pipe|g_cfar_per_beam[15].u_cfar|u_window|add_230~21|datac                           ;
;   7.157  ;   0.117 ; RF ; CELL ; 1      ; LABCELL_X313_Y379_N15  ; Combinational cell ; u_pipe|g_cfar_per_beam[15].u_cfar|u_window|add_230~26|cout                            ;
;   7.157  ;   0.000 ; FF ; CELL ; 3      ; LABCELL_X313_Y379_N18  ; Combinational cell ; u_pipe|g_cfar_per_beam[15].u_cfar|u_window|add_230~31|cin                             ;
;   7.278  ;   0.121 ; FR ; CELL ; 1      ; LABCELL_X313_Y379_N18  ; Combinational cell ; u_pipe|g_cfar_per_beam[15].u_cfar|u_window|add_230~31|sumout                          ;
;   7.474  ;   0.196 ; RR ; IC   ; 1      ; MLABCELL_X314_Y378_N33 ; Combinational cell ; u_pipe|g_cfar_per_beam[15].u_cfar|u_window|i21370~6|datac                             ;
;   7.593  ;   0.119 ; RR ; CELL ; 2      ; MLABCELL_X314_Y378_N33 ; Combinational cell ; u_pipe|g_cfar_per_beam[15].u_cfar|u_window|i21370~6|combout                           ;
;   7.816  ;   0.223 ; RR ; IC   ; 5      ; MLABCELL_X312_Y379_N18 ; Combinational cell ; u_pipe|g_cfar_per_beam[15].u_cfar|u_window|add_234~31|datad                           ;
;   7.993  ;   0.177 ; RR ; CELL ; 1      ; MLABCELL_X312_Y379_N18 ; Combinational cell ; u_pipe|g_cfar_per_beam[15].u_cfar|u_window|add_234~31|sumout                          ;
;   8.221  ;   0.228 ; RR ; IC   ; 1      ; LABCELL_X310_Y380_N27  ; Combinational cell ; u_pipe|g_cfar_per_beam[15].u_cfar|u_window|i21484~6|datae                             ;
;   8.275  ;   0.054 ; RR ; CELL ; 2      ; LABCELL_X310_Y380_N27  ; Combinational cell ; u_pipe|g_cfar_per_beam[15].u_cfar|u_window|i21484~6|combout                           ;
;   8.417  ;   0.142 ; RR ; IC   ; 5      ; LABCELL_X310_Y379_N18  ; Combinational cell ; u_pipe|g_cfar_per_beam[15].u_cfar|u_window|add_238~31|datac                           ;
;   8.591  ;   0.174 ; RF ; CELL ; 1      ; LABCELL_X310_Y379_N18  ; Combinational cell ; u_pipe|g_cfar_per_beam[15].u_cfar|u_window|add_238~31|sumout                          ;
;   8.762  ;   0.171 ; FF ; IC   ; 1      ; LABCELL_X310_Y380_N51  ; Combinational cell ; u_pipe|g_cfar_per_beam[15].u_cfar|u_window|i21598~6|datae                             ;
;   8.781  ;   0.019 ; FR ; CELL ; 2      ; LABCELL_X310_Y380_N51  ; Combinational cell ; u_pipe|g_cfar_per_beam[15].u_cfar|u_window|i21598~6|combout                           ;
;   8.805  ;   0.024 ; RF ; CELL ; 1      ; LABCELL_X310_Y380_N51  ; Combinational cell ; u_pipe|g_cfar_per_beam[15].u_cfar|u_window|i21598~6~cw_la_lab/lab_lut5outb[3]         ;
;   8.981  ;   0.176 ; FF ; IC   ; 5      ; MLABCELL_X309_Y379_N18 ; Combinational cell ; u_pipe|g_cfar_per_beam[15].u_cfar|u_window|add_242~31|datac                           ;
;   9.178  ;   0.197 ; FF ; CELL ; 1      ; MLABCELL_X309_Y379_N18 ; Combinational cell ; u_pipe|g_cfar_per_beam[15].u_cfar|u_window|add_242~31|sumout                          ;
;   9.366  ;   0.188 ; FF ; IC   ; 1      ; LABCELL_X308_Y380_N3   ; Combinational cell ; u_pipe|g_cfar_per_beam[15].u_cfar|u_window|i21712~6|datae                             ;
;   9.411  ;   0.045 ; FF ; CELL ; 2      ; LABCELL_X308_Y380_N3   ; Combinational cell ; u_pipe|g_cfar_per_beam[15].u_cfar|u_window|i21712~6|combout                           ;
;   9.649  ;   0.238 ; FF ; IC   ; 5      ; MLABCELL_X307_Y378_N18 ; Combinational cell ; u_pipe|g_cfar_per_beam[15].u_cfar|u_window|add_246~31|datac                           ;
;   9.845  ;   0.196 ; FF ; CELL ; 1      ; MLABCELL_X307_Y378_N18 ; Combinational cell ; u_pipe|g_cfar_per_beam[15].u_cfar|u_window|add_246~31|sumout                          ;
;   10.054 ;   0.209 ; FF ; IC   ; 1      ; LABCELL_X308_Y380_N57  ; Combinational cell ; u_pipe|g_cfar_per_beam[15].u_cfar|u_window|i21826~6|datad                             ;
;   10.097 ;   0.043 ; FR ; CELL ; 2      ; LABCELL_X308_Y380_N57  ; Combinational cell ; u_pipe|g_cfar_per_beam[15].u_cfar|u_window|i21826~6|combout                           ;
;   10.151 ;   0.054 ; RF ; CELL ; 1      ; LABCELL_X308_Y380_N57  ; Combinational cell ; u_pipe|g_cfar_per_beam[15].u_cfar|u_window|i21826~6~cw_la_lab/laboutb[19]             ;
;   10.374 ;   0.223 ; FF ; IC   ; 5      ; MLABCELL_X307_Y381_N18 ; Combinational cell ; u_pipe|g_cfar_per_beam[15].u_cfar|u_window|add_250~31|datad                           ;
;   10.502 ;   0.128 ; FR ; CELL ; 1      ; MLABCELL_X307_Y381_N21 ; Combinational cell ; u_pipe|g_cfar_per_beam[15].u_cfar|u_window|add_250~36|cout                            ;
;   10.502 ;   0.000 ; RR ; CELL ; 3      ; MLABCELL_X307_Y381_N24 ; Combinational cell ; u_pipe|g_cfar_per_beam[15].u_cfar|u_window|add_250~41|cin                             ;
;   10.627 ;   0.125 ; RR ; CELL ; 1      ; MLABCELL_X307_Y381_N24 ; Combinational cell ; u_pipe|g_cfar_per_beam[15].u_cfar|u_window|add_250~41|sumout                          ;
;   10.736 ;   0.109 ; RR ; IC   ; 1      ; LABCELL_X308_Y381_N6   ; Combinational cell ; u_pipe|g_cfar_per_beam[15].u_cfar|u_window|i21940~8|datad                             ;
;   10.832 ;   0.096 ; RR ; CELL ; 2      ; LABCELL_X308_Y381_N6   ; Combinational cell ; u_pipe|g_cfar_per_beam[15].u_cfar|u_window|i21940~8|combout                           ;
;   11.052 ;   0.220 ; RR ; IC   ; 4      ; MLABCELL_X309_Y383_N24 ; Combinational cell ; u_pipe|g_cfar_per_beam[15].u_cfar|u_window|add_254~41|datac                           ;
;   11.270 ;   0.218 ; RR ; CELL ; 1      ; MLABCELL_X309_Y383_N27 ; Combinational cell ; u_pipe|g_cfar_per_beam[15].u_cfar|u_window|add_254~46|cout                            ;
;   11.270 ;   0.000 ; RR ; CELL ; 3      ; MLABCELL_X309_Y383_N30 ; Combinational cell ; u_pipe|g_cfar_per_beam[15].u_cfar|u_window|add_254~51|cin                             ;
;   11.394 ;   0.124 ; RR ; CELL ; 1      ; MLABCELL_X309_Y383_N30 ; Combinational cell ; u_pipe|g_cfar_per_beam[15].u_cfar|u_window|add_254~51|sumout                          ;
;   11.622 ;   0.228 ; RR ; IC   ; 1      ; LABCELL_X310_Y381_N57  ; Combinational cell ; u_pipe|g_cfar_per_beam[15].u_cfar|u_window|i22054~10|datae                            ;
;   11.649 ;   0.027 ; RF ; CELL ; 2      ; LABCELL_X310_Y381_N57  ; Combinational cell ; u_pipe|g_cfar_per_beam[15].u_cfar|u_window|i22054~10|combout                          ;
;   11.710 ;   0.061 ; FR ; CELL ; 1      ; LABCELL_X310_Y381_N57  ; Combinational cell ; u_pipe|g_cfar_per_beam[15].u_cfar|u_window|i22054~10~cw_la_lab/laboutb[19]            ;
;   11.899 ;   0.189 ; RR ; IC   ; 4      ; LABCELL_X310_Y383_N30  ; Combinational cell ; u_pipe|g_cfar_per_beam[15].u_cfar|u_window|add_258~51|datad                           ;
;   12.064 ;   0.165 ; RF ; CELL ; 1      ; LABCELL_X310_Y383_N30  ; Combinational cell ; u_pipe|g_cfar_per_beam[15].u_cfar|u_window|add_258~51|sumout                          ;
;   12.277 ;   0.213 ; FF ; IC   ; 1      ; MLABCELL_X314_Y383_N51 ; Combinational cell ; u_pipe|g_cfar_per_beam[15].u_cfar|u_window|i22168~10|dataf                            ;
;   12.292 ;   0.015 ; FR ; CELL ; 2      ; MLABCELL_X314_Y383_N51 ; Combinational cell ; u_pipe|g_cfar_per_beam[15].u_cfar|u_window|i22168~10|combout                          ;
;   12.310 ;   0.018 ; RF ; CELL ; 1      ; MLABCELL_X314_Y383_N51 ; Combinational cell ; u_pipe|g_cfar_per_beam[15].u_cfar|u_window|i22168~10~cw_ml_mlab/lab_lut6outb[3]       ;
;   12.468 ;   0.158 ; FF ; IC   ; 4      ; MLABCELL_X312_Y383_N30 ; Combinational cell ; u_pipe|g_cfar_per_beam[15].u_cfar|u_window|add_262~51|datad                           ;
;   12.596 ;   0.128 ; FF ; CELL ; 1      ; MLABCELL_X312_Y383_N33 ; Combinational cell ; u_pipe|g_cfar_per_beam[15].u_cfar|u_window|add_262~56|cout                            ;
;   12.596 ;   0.000 ; FF ; CELL ; 3      ; MLABCELL_X312_Y383_N36 ; Combinational cell ; u_pipe|g_cfar_per_beam[15].u_cfar|u_window|add_262~61|cin                             ;
;   12.619 ;   0.023 ; FR ; CELL ; 1      ; MLABCELL_X312_Y383_N39 ; Combinational cell ; u_pipe|g_cfar_per_beam[15].u_cfar|u_window|add_262~66|cout                            ;
;   12.619 ;   0.000 ; RR ; CELL ; 3      ; MLABCELL_X312_Y383_N42 ; Combinational cell ; u_pipe|g_cfar_per_beam[15].u_cfar|u_window|add_262~71|cin                             ;
;   12.643 ;   0.024 ; RF ; CELL ; 1      ; MLABCELL_X312_Y383_N45 ; Combinational cell ; u_pipe|g_cfar_per_beam[15].u_cfar|u_window|add_262~76|cout                            ;
;   12.643 ;   0.000 ; FF ; CELL ; 3      ; MLABCELL_X312_Y383_N48 ; Combinational cell ; u_pipe|g_cfar_per_beam[15].u_cfar|u_window|add_262~81|cin                             ;
;   12.766 ;   0.123 ; FF ; CELL ; 1      ; MLABCELL_X312_Y383_N48 ; Combinational cell ; u_pipe|g_cfar_per_beam[15].u_cfar|u_window|add_262~81|sumout                          ;
;   12.993 ;   0.227 ; FF ; IC   ; 1      ; MLABCELL_X312_Y387_N33 ; Combinational cell ; u_pipe|g_cfar_per_beam[15].u_cfar|u_window|i22282~16|datac                            ;
;   13.048 ;   0.055 ; FR ; CELL ; 2      ; MLABCELL_X312_Y387_N33 ; Combinational cell ; u_pipe|g_cfar_per_beam[15].u_cfar|u_window|i22282~16|combout                          ;
;   13.111 ;   0.063 ; RF ; CELL ; 1      ; MLABCELL_X312_Y387_N33 ; Combinational cell ; u_pipe|g_cfar_per_beam[15].u_cfar|u_window|i22282~16~cw_ml_mlab/laboutb[2]            ;
;   13.313 ;   0.202 ; FF ; IC   ; 4      ; LABCELL_X310_Y387_N48  ; Combinational cell ; u_pipe|g_cfar_per_beam[15].u_cfar|u_window|add_266~81|datac                           ;
;   13.433 ;   0.120 ; FR ; CELL ; 1      ; LABCELL_X310_Y387_N51  ; Combinational cell ; u_pipe|g_cfar_per_beam[15].u_cfar|u_window|add_266~86|cout                            ;
;   13.433 ;   0.000 ; RR ; CELL ; 2      ; LABCELL_X310_Y387_N54  ; Combinational cell ; u_pipe|g_cfar_per_beam[15].u_cfar|u_window|add_266~91|cin                             ;
;   13.556 ;   0.123 ; RF ; CELL ; 1      ; LABCELL_X310_Y387_N54  ; Combinational cell ; u_pipe|g_cfar_per_beam[15].u_cfar|u_window|add_266~91|sumout                          ;
;   13.818 ;   0.262 ; FF ; IC   ; 1      ; MLABCELL_X314_Y383_N27 ; Combinational cell ; u_pipe|g_cfar_per_beam[15].u_cfar|u_window|i22396~18|datae                            ;
;   13.845 ;   0.027 ; FR ; CELL ; 2      ; MLABCELL_X314_Y383_N27 ; Combinational cell ; u_pipe|g_cfar_per_beam[15].u_cfar|u_window|i22396~18|combout                          ;
;   13.909 ;   0.064 ; RF ; CELL ; 1      ; MLABCELL_X314_Y383_N27 ; Combinational cell ; u_pipe|g_cfar_per_beam[15].u_cfar|u_window|i22396~18~cw_ml_mlab/laboutt[16]           ;
;   14.228 ;   0.319 ; FF ; IC   ; 3      ; LABCELL_X308_Y387_N54  ; Combinational cell ; u_pipe|g_cfar_per_beam[15].u_cfar|u_window|add_270~91|datad                           ;
;   14.387 ;   0.159 ; FF ; CELL ; 1      ; LABCELL_X308_Y387_N54  ; Combinational cell ; u_pipe|g_cfar_per_beam[15].u_cfar|u_window|add_270~91|sumout                          ;
;   14.569 ;   0.182 ; FF ; IC   ; 1      ; MLABCELL_X304_Y387_N45 ; Combinational cell ; u_pipe|g_cfar_per_beam[15].u_cfar|u_window|i22510~18|datad                            ;
;   14.639 ;   0.070 ; FF ; CELL ; 2      ; MLABCELL_X304_Y387_N45 ; Combinational cell ; u_pipe|g_cfar_per_beam[15].u_cfar|u_window|i22510~18|combout                          ;
;   14.922 ;   0.283 ; FF ; IC   ; 3      ; MLABCELL_X309_Y388_N54 ; Combinational cell ; u_pipe|g_cfar_per_beam[15].u_cfar|u_window|add_274~91|datad                           ;
;   15.108 ;   0.186 ; FF ; CELL ; 1      ; MLABCELL_X309_Y388_N54 ; Combinational cell ; u_pipe|g_cfar_per_beam[15].u_cfar|u_window|add_274~91|sumout                          ;
;   15.333 ;   0.225 ; FF ; IC   ; 1      ; LABCELL_X303_Y388_N30  ; Combinational cell ; u_pipe|g_cfar_per_beam[15].u_cfar|u_window|i22624~18|datad                            ;
;   15.389 ;   0.056 ; FF ; CELL ; 2      ; LABCELL_X303_Y388_N30  ; Combinational cell ; u_pipe|g_cfar_per_beam[15].u_cfar|u_window|i22624~18|combout                          ;
;   15.432 ;   0.043 ; FF ; CELL ; 1      ; LABCELL_X303_Y388_N30  ; Combinational cell ; u_pipe|g_cfar_per_beam[15].u_cfar|u_window|i22624~18~cw_la_lab/laboutb[0]             ;
;   15.624 ;   0.192 ; FF ; IC   ; 3      ; MLABCELL_X307_Y388_N54 ; Combinational cell ; u_pipe|g_cfar_per_beam[15].u_cfar|u_window|add_278~91|datac                           ;
;   15.820 ;   0.196 ; FF ; CELL ; 1      ; MLABCELL_X307_Y388_N54 ; Combinational cell ; u_pipe|g_cfar_per_beam[15].u_cfar|u_window|add_278~91|sumout                          ;
;   16.101 ;   0.281 ; FF ; IC   ; 1      ; LABCELL_X303_Y389_N45  ; Combinational cell ; u_pipe|g_cfar_per_beam[15].u_cfar|u_window|i22738~18|datae                            ;
;   16.128 ;   0.027 ; FR ; CELL ; 2      ; LABCELL_X303_Y389_N45  ; Combinational cell ; u_pipe|g_cfar_per_beam[15].u_cfar|u_window|i22738~18|combout                          ;
;   16.145 ;   0.017 ; RF ; CELL ; 1      ; LABCELL_X303_Y389_N45  ; Combinational cell ; u_pipe|g_cfar_per_beam[15].u_cfar|u_window|i22738~18~cw_la_lab/lab_lut6outb[2]        ;
;   16.363 ;   0.218 ; FF ; IC   ; 3      ; LABCELL_X305_Y388_N54  ; Combinational cell ; u_pipe|g_cfar_per_beam[15].u_cfar|u_window|add_282~91|datac                           ;
;   16.528 ;   0.165 ; FF ; CELL ; 1      ; LABCELL_X305_Y388_N54  ; Combinational cell ; u_pipe|g_cfar_per_beam[15].u_cfar|u_window|add_282~91|sumout                          ;
;   16.747 ;   0.219 ; FF ; IC   ; 1      ; LABCELL_X303_Y389_N15  ; Combinational cell ; u_pipe|g_cfar_per_beam[15].u_cfar|u_window|i22852~18|datae                            ;
;   16.766 ;   0.019 ; FR ; CELL ; 2      ; LABCELL_X303_Y389_N15  ; Combinational cell ; u_pipe|g_cfar_per_beam[15].u_cfar|u_window|i22852~18|combout                          ;
;   16.790 ;   0.024 ; RF ; CELL ; 1      ; LABCELL_X303_Y389_N15  ; Combinational cell ; u_pipe|g_cfar_per_beam[15].u_cfar|u_window|i22852~18~cw_la_lab/lab_lut5outt[2]        ;
;   16.919 ;   0.129 ; FF ; IC   ; 3      ; MLABCELL_X304_Y389_N54 ; Combinational cell ; u_pipe|g_cfar_per_beam[15].u_cfar|u_window|add_286~91|datac                           ;
;   17.103 ;   0.184 ; FF ; CELL ; 1      ; MLABCELL_X304_Y389_N54 ; Combinational cell ; u_pipe|g_cfar_per_beam[15].u_cfar|u_window|add_286~91|sumout                          ;
;   17.332 ;   0.229 ; FF ; IC   ; 1      ; LABCELL_X303_Y390_N39  ; Combinational cell ; u_pipe|g_cfar_per_beam[15].u_cfar|u_window|i22966~18|datae                            ;
;   17.351 ;   0.019 ; FR ; CELL ; 2      ; LABCELL_X303_Y390_N39  ; Combinational cell ; u_pipe|g_cfar_per_beam[15].u_cfar|u_window|i22966~18|combout                          ;
;   17.405 ;   0.054 ; RF ; CELL ; 1      ; LABCELL_X303_Y390_N39  ; Combinational cell ; u_pipe|g_cfar_per_beam[15].u_cfar|u_window|i22966~18~cw_la_lab/laboutb[6]             ;
;   17.585 ;   0.180 ; FF ; IC   ; 3      ; LABCELL_X303_Y386_N54  ; Combinational cell ; u_pipe|g_cfar_per_beam[15].u_cfar|u_window|add_290~91|datad                           ;
;   17.745 ;   0.160 ; FF ; CELL ; 1      ; LABCELL_X303_Y386_N54  ; Combinational cell ; u_pipe|g_cfar_per_beam[15].u_cfar|u_window|add_290~91|sumout                          ;
;   17.963 ;   0.218 ; FF ; IC   ; 1      ; LABCELL_X303_Y390_N21  ; Combinational cell ; u_pipe|g_cfar_per_beam[15].u_cfar|u_window|i23080~18|datad                            ;
;   18.006 ;   0.043 ; FR ; CELL ; 2      ; LABCELL_X303_Y390_N21  ; Combinational cell ; u_pipe|g_cfar_per_beam[15].u_cfar|u_window|i23080~18|combout                          ;
;   18.071 ;   0.065 ; RF ; CELL ; 1      ; LABCELL_X303_Y390_N21  ; Combinational cell ; u_pipe|g_cfar_per_beam[15].u_cfar|u_window|i23080~18~cw_la_lab/laboutt[15]            ;
;   18.259 ;   0.188 ; FF ; IC   ; 3      ; MLABCELL_X302_Y386_N54 ; Combinational cell ; u_pipe|g_cfar_per_beam[15].u_cfar|u_window|add_294~91|datac                           ;
;   18.457 ;   0.198 ; FF ; CELL ; 1      ; MLABCELL_X302_Y386_N54 ; Combinational cell ; u_pipe|g_cfar_per_beam[15].u_cfar|u_window|add_294~91|sumout                          ;
;   18.730 ;   0.273 ; FF ; IC   ; 1      ; LABCELL_X299_Y390_N42  ; Combinational cell ; u_pipe|g_cfar_per_beam[15].u_cfar|u_window|i23194~18|datad                            ;
;   18.822 ;   0.092 ; FF ; CELL ; 2      ; LABCELL_X299_Y390_N42  ; Combinational cell ; u_pipe|g_cfar_per_beam[15].u_cfar|u_window|i23194~18|combout                          ;
;   18.979 ;   0.157 ; FF ; IC   ; 3      ; LABCELL_X299_Y386_N54  ; Combinational cell ; u_pipe|g_cfar_per_beam[15].u_cfar|u_window|add_298~91|datad                           ;
;   19.189 ;   0.210 ; FR ; CELL ; 1      ; LABCELL_X299_Y386_N57  ; Combinational cell ; u_pipe|g_cfar_per_beam[15].u_cfar|u_window|add_298~96|cout                            ;
;   19.248 ;   0.059 ; RR ; IC   ; 5      ; LABCELL_X299_Y385_N0   ; Combinational cell ; u_pipe|g_cfar_per_beam[15].u_cfar|u_window|add_298~101|cin                            ;
;   19.385 ;   0.137 ; RF ; CELL ; 1      ; LABCELL_X299_Y385_N0   ; Combinational cell ; u_pipe|g_cfar_per_beam[15].u_cfar|u_window|add_298~101|sumout                         ;
;   19.585 ;   0.200 ; FF ; IC   ; 1      ; MLABCELL_X304_Y385_N21 ; Combinational cell ; u_pipe|g_cfar_per_beam[15].u_cfar|u_window|i23308~20|datac                            ;
;   19.696 ;   0.111 ; FF ; CELL ; 2      ; MLABCELL_X304_Y385_N21 ; Combinational cell ; u_pipe|g_cfar_per_beam[15].u_cfar|u_window|i23308~20|combout                          ;
;   19.989 ;   0.293 ; FF ; IC   ; 5      ; MLABCELL_X298_Y389_N0  ; Combinational cell ; u_pipe|g_cfar_per_beam[15].u_cfar|u_window|add_302~101|datac                          ;
;   20.187 ;   0.198 ; FF ; CELL ; 1      ; MLABCELL_X298_Y389_N0  ; Combinational cell ; u_pipe|g_cfar_per_beam[15].u_cfar|u_window|add_302~101|sumout                         ;
;   20.416 ;   0.229 ; FF ; IC   ; 1      ; MLABCELL_X298_Y386_N21 ; Combinational cell ; u_pipe|g_cfar_per_beam[15].u_cfar|u_window|i23422~20|datac                            ;
;   20.498 ;   0.082 ; FF ; CELL ; 2      ; MLABCELL_X298_Y386_N21 ; Combinational cell ; u_pipe|g_cfar_per_beam[15].u_cfar|u_window|i23422~20|combout                          ;
;   20.690 ;   0.192 ; FF ; IC   ; 5      ; LABCELL_X297_Y387_N0   ; Combinational cell ; u_pipe|g_cfar_per_beam[15].u_cfar|u_window|add_306~101|datad                          ;
;   20.798 ;   0.108 ; FR ; CELL ; 1      ; LABCELL_X297_Y387_N3   ; Combinational cell ; u_pipe|g_cfar_per_beam[15].u_cfar|u_window|add_306~106|cout                           ;
;   20.798 ;   0.000 ; RR ; CELL ; 3      ; LABCELL_X297_Y387_N6   ; Combinational cell ; u_pipe|g_cfar_per_beam[15].u_cfar|u_window|add_306~111|cin                            ;
;   20.822 ;   0.024 ; RF ; CELL ; 1      ; LABCELL_X297_Y387_N9   ; Combinational cell ; u_pipe|g_cfar_per_beam[15].u_cfar|u_window|add_306~116|cout                           ;
;   20.822 ;   0.000 ; FF ; CELL ; 3      ; LABCELL_X297_Y387_N12  ; Combinational cell ; u_pipe|g_cfar_per_beam[15].u_cfar|u_window|add_306~121|cin                            ;
;   20.941 ;   0.119 ; FR ; CELL ; 1      ; LABCELL_X297_Y387_N12  ; Combinational cell ; u_pipe|g_cfar_per_beam[15].u_cfar|u_window|add_306~121|sumout                         ;
;   21.127 ;   0.186 ; RR ; IC   ; 1      ; MLABCELL_X298_Y386_N27 ; Combinational cell ; u_pipe|g_cfar_per_beam[15].u_cfar|u_window|i23536~24|datac                            ;
;   21.211 ;   0.084 ; RR ; CELL ; 2      ; MLABCELL_X298_Y386_N27 ; Combinational cell ; u_pipe|g_cfar_per_beam[15].u_cfar|u_window|i23536~24|combout                          ;
;   21.418 ;   0.207 ; RR ; IC   ; 5      ; MLABCELL_X296_Y387_N12 ; Combinational cell ; u_pipe|g_cfar_per_beam[15].u_cfar|u_window|add_310~121|datad                          ;
;   21.551 ;   0.133 ; RR ; CELL ; 1      ; MLABCELL_X296_Y387_N15 ; Combinational cell ; u_pipe|g_cfar_per_beam[15].u_cfar|u_window|add_310~126|cout                           ;
;   21.551 ;   0.000 ; RR ; CELL ; 3      ; MLABCELL_X296_Y387_N18 ; Combinational cell ; u_pipe|g_cfar_per_beam[15].u_cfar|u_window|add_310~131|cin                            ;
;   21.668 ;   0.117 ; RF ; CELL ; 1      ; MLABCELL_X296_Y387_N18 ; Combinational cell ; u_pipe|g_cfar_per_beam[15].u_cfar|u_window|add_310~131|sumout                         ;
;   21.975 ;   0.307 ; FF ; IC   ; 1      ; MLABCELL_X291_Y386_N33 ; Combinational cell ; u_pipe|g_cfar_per_beam[15].u_cfar|u_window|i23650~26|datae                            ;
;   21.994 ;   0.019 ; FR ; CELL ; 2      ; MLABCELL_X291_Y386_N33 ; Combinational cell ; u_pipe|g_cfar_per_beam[15].u_cfar|u_window|i23650~26|combout                          ;
;   22.057 ;   0.063 ; RF ; CELL ; 1      ; MLABCELL_X291_Y386_N33 ; Combinational cell ; u_pipe|g_cfar_per_beam[15].u_cfar|u_window|i23650~26~cw_ml_mlab/laboutb[2]            ;
;   22.193 ;   0.136 ; FF ; IC   ; 5      ; LABCELL_X294_Y386_N18  ; Combinational cell ; u_pipe|g_cfar_per_beam[15].u_cfar|u_window|add_314~131|datad                          ;
;   22.301 ;   0.108 ; FR ; CELL ; 1      ; LABCELL_X294_Y386_N21  ; Combinational cell ; u_pipe|g_cfar_per_beam[15].u_cfar|u_window|add_314~136|cout                           ;
;   22.301 ;   0.000 ; RR ; CELL ; 2      ; LABCELL_X294_Y386_N24  ; Combinational cell ; u_pipe|g_cfar_per_beam[15].u_cfar|u_window|add_314~141|cin                            ;
;   22.423 ;   0.122 ; RR ; CELL ; 1      ; LABCELL_X294_Y386_N24  ; Combinational cell ; u_pipe|g_cfar_per_beam[15].u_cfar|u_window|add_314~141|sumout                         ;
;   22.645 ;   0.222 ; RR ; IC   ; 1      ; LABCELL_X292_Y385_N48  ; Combinational cell ; u_pipe|g_cfar_per_beam[15].u_cfar|u_window|i23764~28|datac                            ;
;   22.754 ;   0.109 ; RR ; CELL ; 2      ; LABCELL_X292_Y385_N48  ; Combinational cell ; u_pipe|g_cfar_per_beam[15].u_cfar|u_window|i23764~28|combout                          ;
;   22.963 ;   0.209 ; RR ; IC   ; 4      ; LABCELL_X292_Y386_N24  ; Combinational cell ; u_pipe|g_cfar_per_beam[15].u_cfar|u_window|add_318~141|datad                          ;
;   23.128 ;   0.165 ; RF ; CELL ; 1      ; LABCELL_X292_Y386_N24  ; Combinational cell ; u_pipe|g_cfar_per_beam[15].u_cfar|u_window|add_318~141|sumout                         ;
;   23.279 ;   0.151 ; FF ; IC   ; 1      ; LABCELL_X292_Y385_N42  ; Combinational cell ; u_pipe|g_cfar_per_beam[15].u_cfar|u_window|i23878~28|datae                            ;
;   23.312 ;   0.033 ; FF ; CELL ; 2      ; LABCELL_X292_Y385_N42  ; Combinational cell ; u_pipe|g_cfar_per_beam[15].u_cfar|u_window|i23878~28|combout                          ;
;   23.355 ;   0.043 ; FF ; CELL ; 1      ; LABCELL_X292_Y385_N42  ; Combinational cell ; u_pipe|g_cfar_per_beam[15].u_cfar|u_window|i23878~28~cw_la_lab/laboutb[8]             ;
;   23.565 ;   0.210 ; FF ; IC   ; 4      ; MLABCELL_X293_Y386_N24 ; Combinational cell ; u_pipe|g_cfar_per_beam[15].u_cfar|u_window|add_322~141|datad                          ;
;   23.752 ;   0.187 ; FF ; CELL ; 1      ; MLABCELL_X293_Y386_N24 ; Combinational cell ; u_pipe|g_cfar_per_beam[15].u_cfar|u_window|add_322~141|sumout                         ;
;   23.965 ;   0.213 ; FF ; IC   ; 1      ; LABCELL_X292_Y385_N36  ; Combinational cell ; u_pipe|g_cfar_per_beam[15].u_cfar|u_window|i23992~28|datae                            ;
;   24.033 ;   0.068 ; FF ; CELL ; 2      ; LABCELL_X292_Y385_N36  ; Combinational cell ; u_pipe|g_cfar_per_beam[15].u_cfar|u_window|i23992~28|combout                          ;
;   24.310 ;   0.277 ; FF ; IC   ; 4      ; MLABCELL_X293_Y382_N24 ; Combinational cell ; u_pipe|g_cfar_per_beam[15].u_cfar|u_window|add_326~141|datad                          ;
;   24.495 ;   0.185 ; FF ; CELL ; 1      ; MLABCELL_X293_Y382_N24 ; Combinational cell ; u_pipe|g_cfar_per_beam[15].u_cfar|u_window|add_326~141|sumout                         ;
;   24.717 ;   0.222 ; FF ; IC   ; 1      ; LABCELL_X292_Y380_N39  ; Combinational cell ; u_pipe|g_cfar_per_beam[15].u_cfar|u_window|i24106~28|datae                            ;
;   24.736 ;   0.019 ; FR ; CELL ; 2      ; LABCELL_X292_Y380_N39  ; Combinational cell ; u_pipe|g_cfar_per_beam[15].u_cfar|u_window|i24106~28|combout                          ;
;   24.789 ;   0.053 ; RF ; CELL ; 1      ; LABCELL_X292_Y380_N39  ; Combinational cell ; u_pipe|g_cfar_per_beam[15].u_cfar|u_window|i24106~28~cw_la_lab/laboutb[6]             ;
;   24.964 ;   0.175 ; FF ; IC   ; 4      ; LABCELL_X292_Y381_N24  ; Combinational cell ; u_pipe|g_cfar_per_beam[15].u_cfar|u_window|add_330~141|datad                          ;
;   25.116 ;   0.152 ; FR ; CELL ; 1      ; LABCELL_X292_Y381_N24  ; Combinational cell ; u_pipe|g_cfar_per_beam[15].u_cfar|u_window|add_330~141|sumout                         ;
;   25.252 ;   0.136 ; RR ; IC   ; 1      ; LABCELL_X292_Y380_N24  ; Combinational cell ; u_pipe|g_cfar_per_beam[15].u_cfar|u_window|i24220~28|datad                            ;
;   25.350 ;   0.098 ; RR ; CELL ; 2      ; LABCELL_X292_Y380_N24  ; Combinational cell ; u_pipe|g_cfar_per_beam[15].u_cfar|u_window|i24220~28|combout                          ;
;   25.557 ;   0.207 ; RR ; IC   ; 4      ; LABCELL_X294_Y381_N24  ; Combinational cell ; u_pipe|g_cfar_per_beam[15].u_cfar|u_window|add_334~141|datad                          ;
;   25.722 ;   0.165 ; RF ; CELL ; 1      ; LABCELL_X294_Y381_N24  ; Combinational cell ; u_pipe|g_cfar_per_beam[15].u_cfar|u_window|add_334~141|sumout                         ;
;   25.988 ;   0.266 ; FF ; IC   ; 1      ; MLABCELL_X296_Y379_N45 ; Combinational cell ; u_pipe|g_cfar_per_beam[15].u_cfar|u_window|i24334~28|datae                            ;
;   26.033 ;   0.045 ; FF ; CELL ; 2      ; MLABCELL_X296_Y379_N45 ; Combinational cell ; u_pipe|g_cfar_per_beam[15].u_cfar|u_window|i24334~28|combout                          ;
;   26.287 ;   0.254 ; FF ; IC   ; 4      ; MLABCELL_X296_Y381_N24 ; Combinational cell ; u_pipe|g_cfar_per_beam[15].u_cfar|u_window|add_338~141|datad                          ;
;   26.499 ;   0.212 ; FR ; CELL ; 1      ; MLABCELL_X296_Y381_N27 ; Combinational cell ; u_pipe|g_cfar_per_beam[15].u_cfar|u_window|add_338~146|cout                           ;
;   26.499 ;   0.000 ; RR ; CELL ; 3      ; MLABCELL_X296_Y381_N30 ; Combinational cell ; u_pipe|g_cfar_per_beam[15].u_cfar|u_window|add_338~151|cin                            ;
;   26.623 ;   0.124 ; RR ; CELL ; 1      ; MLABCELL_X296_Y381_N30 ; Combinational cell ; u_pipe|g_cfar_per_beam[15].u_cfar|u_window|add_338~151|sumout                         ;
;   26.809 ;   0.186 ; RR ; IC   ; 1      ; MLABCELL_X296_Y379_N27 ; Combinational cell ; u_pipe|g_cfar_per_beam[15].u_cfar|u_window|i24448~30|datac                            ;
;   26.916 ;   0.107 ; RR ; CELL ; 2      ; MLABCELL_X296_Y379_N27 ; Combinational cell ; u_pipe|g_cfar_per_beam[15].u_cfar|u_window|i24448~30|combout                          ;
;   27.162 ;   0.246 ; RR ; IC   ; 4      ; LABCELL_X297_Y381_N30  ; Combinational cell ; u_pipe|g_cfar_per_beam[15].u_cfar|u_window|add_342~151|datac                          ;
;   27.279 ;   0.117 ; RF ; CELL ; 1      ; LABCELL_X297_Y381_N33  ; Combinational cell ; u_pipe|g_cfar_per_beam[15].u_cfar|u_window|add_342~156|cout                           ;
;   27.279 ;   0.000 ; FF ; CELL ; 3      ; LABCELL_X297_Y381_N36  ; Combinational cell ; u_pipe|g_cfar_per_beam[15].u_cfar|u_window|add_342~161|cin                            ;
;   27.401 ;   0.122 ; FR ; CELL ; 1      ; LABCELL_X297_Y381_N36  ; Combinational cell ; u_pipe|g_cfar_per_beam[15].u_cfar|u_window|add_342~161|sumout                         ;
;   27.676 ;   0.275 ; RR ; IC   ; 1      ; MLABCELL_X296_Y378_N21 ; Combinational cell ; u_pipe|g_cfar_per_beam[15].u_cfar|u_window|i24562~32|dataf                            ;
;   27.689 ;   0.013 ; RF ; CELL ; 2      ; MLABCELL_X296_Y378_N21 ; Combinational cell ; u_pipe|g_cfar_per_beam[15].u_cfar|u_window|i24562~32|combout                          ;
;   27.748 ;   0.059 ; FR ; CELL ; 1      ; MLABCELL_X296_Y378_N21 ; Combinational cell ; u_pipe|g_cfar_per_beam[15].u_cfar|u_window|i24562~32~cw_ml_mlab/laboutt[12]           ;
;   27.965 ;   0.217 ; RR ; IC   ; 4      ; MLABCELL_X298_Y382_N36 ; Combinational cell ; u_pipe|g_cfar_per_beam[15].u_cfar|u_window|add_346~161|datad                          ;
;   28.098 ;   0.133 ; RR ; CELL ; 1      ; MLABCELL_X298_Y382_N39 ; Combinational cell ; u_pipe|g_cfar_per_beam[15].u_cfar|u_window|add_346~166|cout                           ;
;   28.098 ;   0.000 ; RR ; CELL ; 3      ; MLABCELL_X298_Y382_N42 ; Combinational cell ; u_pipe|g_cfar_per_beam[15].u_cfar|u_window|add_346~171|cin                            ;
;   28.122 ;   0.024 ; RF ; CELL ; 1      ; MLABCELL_X298_Y382_N45 ; Combinational cell ; u_pipe|g_cfar_per_beam[15].u_cfar|u_window|add_346~176|cout                           ;
;   28.122 ;   0.000 ; FF ; CELL ; 3      ; MLABCELL_X298_Y382_N48 ; Combinational cell ; u_pipe|g_cfar_per_beam[15].u_cfar|u_window|add_346~181|cin                            ;
;   28.246 ;   0.124 ; FR ; CELL ; 1      ; MLABCELL_X298_Y382_N48 ; Combinational cell ; u_pipe|g_cfar_per_beam[15].u_cfar|u_window|add_346~181|sumout                         ;
;   28.463 ;   0.217 ; RR ; IC   ; 1      ; MLABCELL_X296_Y378_N27 ; Combinational cell ; u_pipe|g_cfar_per_beam[15].u_cfar|u_window|i24676~36|datae                            ;
;   28.480 ;   0.017 ; RF ; CELL ; 2      ; MLABCELL_X296_Y378_N27 ; Combinational cell ; u_pipe|g_cfar_per_beam[15].u_cfar|u_window|i24676~36|combout                          ;
;   28.552 ;   0.072 ; FR ; CELL ; 1      ; MLABCELL_X296_Y378_N27 ; Combinational cell ; u_pipe|g_cfar_per_beam[15].u_cfar|u_window|i24676~36~cw_ml_mlab/laboutt[18]           ;
;   28.747 ;   0.195 ; RR ; IC   ; 4      ; MLABCELL_X298_Y379_N48 ; Combinational cell ; u_pipe|g_cfar_per_beam[15].u_cfar|u_window|add_350~181|datac                          ;
;   28.937 ;   0.190 ; RR ; CELL ; 1      ; MLABCELL_X298_Y379_N48 ; Combinational cell ; u_pipe|g_cfar_per_beam[15].u_cfar|u_window|add_350~181|sumout                         ;
;   29.173 ;   0.236 ; RR ; IC   ; 1      ; MLABCELL_X296_Y378_N39 ; Combinational cell ; u_pipe|g_cfar_per_beam[15].u_cfar|u_window|i24790~36|datad                            ;
;   29.216 ;   0.043 ; RF ; CELL ; 2      ; MLABCELL_X296_Y378_N39 ; Combinational cell ; u_pipe|g_cfar_per_beam[15].u_cfar|u_window|i24790~36|combout                          ;
;   29.242 ;   0.026 ; FR ; CELL ; 1      ; MLABCELL_X296_Y378_N39 ; Combinational cell ; u_pipe|g_cfar_per_beam[15].u_cfar|u_window|i24790~36~cw_ml_mlab/lab_lut5outb[1]       ;
;   29.460 ;   0.218 ; RR ; IC   ; 4      ; LABCELL_X299_Y379_N48  ; Combinational cell ; u_pipe|g_cfar_per_beam[15].u_cfar|u_window|add_354~181|datad                          ;
;   29.565 ;   0.105 ; RR ; CELL ; 1      ; LABCELL_X299_Y379_N51  ; Combinational cell ; u_pipe|g_cfar_per_beam[15].u_cfar|u_window|add_354~186|cout                           ;
;   29.565 ;   0.000 ; RR ; CELL ; 2      ; LABCELL_X299_Y379_N54  ; Combinational cell ; u_pipe|g_cfar_per_beam[15].u_cfar|u_window|add_354~191|cin                            ;
;   29.687 ;   0.122 ; RR ; CELL ; 1      ; LABCELL_X299_Y379_N54  ; Combinational cell ; u_pipe|g_cfar_per_beam[15].u_cfar|u_window|add_354~191|sumout                         ;
;   29.870 ;   0.183 ; RR ; IC   ; 1      ; LABCELL_X299_Y381_N3   ; Combinational cell ; u_pipe|g_cfar_per_beam[15].u_cfar|u_window|i24904~19|datad                            ;
;   29.911 ;   0.041 ; RF ; CELL ; 2      ; LABCELL_X299_Y381_N3   ; Combinational cell ; u_pipe|g_cfar_per_beam[15].u_cfar|u_window|i24904~19|combout                          ;
;   29.937 ;   0.026 ; FR ; CELL ; 1      ; LABCELL_X299_Y381_N3   ; Combinational cell ; u_pipe|g_cfar_per_beam[15].u_cfar|u_window|i24904~19~cw_la_lab/lab_lut5outt[0]        ;
;   30.242 ;   0.305 ; RR ; IC   ; 3      ; LABCELL_X297_Y378_N54  ; Combinational cell ; u_pipe|g_cfar_per_beam[15].u_cfar|u_window|add_358~191|datac                          ;
;   30.467 ;   0.225 ; RR ; CELL ; 1      ; LABCELL_X297_Y378_N57  ; Combinational cell ; u_pipe|g_cfar_per_beam[15].u_cfar|u_window|add_358~196|cout                           ;
;   30.526 ;   0.059 ; RR ; IC   ; 3      ; LABCELL_X297_Y377_N0   ; Combinational cell ; u_pipe|g_cfar_per_beam[15].u_cfar|u_window|add_358~201|cin                            ;
;   30.568 ;   0.042 ; RR ; CELL ; 1      ; LABCELL_X297_Y377_N3   ; Combinational cell ; u_pipe|g_cfar_per_beam[15].u_cfar|u_window|add_358~206|cout                           ;
;   30.568 ;   0.000 ; RR ; CELL ; 3      ; LABCELL_X297_Y377_N6   ; Combinational cell ; u_pipe|g_cfar_per_beam[15].u_cfar|u_window|add_358~211|cin                            ;
;   30.592 ;   0.024 ; RF ; CELL ; 1      ; LABCELL_X297_Y377_N9   ; Combinational cell ; u_pipe|g_cfar_per_beam[15].u_cfar|u_window|add_358~216|cout                           ;
;   30.592 ;   0.000 ; FF ; CELL ; 3      ; LABCELL_X297_Y377_N12  ; Combinational cell ; u_pipe|g_cfar_per_beam[15].u_cfar|u_window|add_358~221|cin                            ;
;   30.708 ;   0.116 ; FF ; CELL ; 1      ; LABCELL_X297_Y377_N12  ; Combinational cell ; u_pipe|g_cfar_per_beam[15].u_cfar|u_window|add_358~221|sumout                         ;
;   30.814 ;   0.106 ; FF ; IC   ; 1      ; MLABCELL_X298_Y377_N9  ; Combinational cell ; u_pipe|g_cfar_per_beam[15].u_cfar|u_window|sum_lag_c[0]~44|datad                      ;
;   30.858 ;   0.044 ; FR ; CELL ; 2      ; MLABCELL_X298_Y377_N9  ; Combinational cell ; u_pipe|g_cfar_per_beam[15].u_cfar|u_window|sum_lag_c[0]~44|combout                    ;
;   30.882 ;   0.024 ; RF ; CELL ; 1      ; MLABCELL_X298_Y377_N9  ; Combinational cell ; u_pipe|g_cfar_per_beam[15].u_cfar|u_window|sum_lag_c[0]~44~cw_ml_mlab/lab_lut5outt[1] ;
;   31.087 ;   0.205 ; FF ; IC   ; 1      ; MPDSP_X300_Y377_N0     ; DSP block          ; u_pipe|g_cfar_per_beam[15].u_cfar|mult_1~mac|ax[17]                                   ;
;   31.087 ;   0.000 ; FF ; CELL ; 0      ; MPDSP_X300_Y377_N0     ; DSP block          ; u_pipe|g_cfar_per_beam[15].u_cfar|sum_lag1_q[35]                                      ;
+----------+---------+----+------+--------+------------------------+--------------------+---------------------------------------------------------------------------------------+

+------------------------------------------------------------------------------------------------------------------------------------------------+
; Data Required Path                                                                                                                             ;
+---------+----------+----+------+--------+-----------------------+------------------+-----------------------------------------------------------+
; Total   ; Incr     ; RF ; Type ; Fanout ; Location              ; Element Type     ; Element                                                   ;
+---------+----------+----+------+--------+-----------------------+------------------+-----------------------------------------------------------+
; 2.222   ; 2.222    ;    ;      ;        ;                       ;                  ; latch edge time                                           ;
; 8.116   ; 5.894    ;    ;      ;        ;                       ;                  ; clock path                                                ;
;   2.222 ;   0.000  ;    ;      ;        ;                       ;                  ; source latency                                            ;
;   2.222 ;   0.000  ;    ;      ; 1      ; PIN_H19               ; I/O pad          ; core_clk                                                  ;
;   2.222 ;   0.000  ; RR ; IC   ; 1      ; IOIBUF_X335_Y418_N121 ; I/O input buffer ; core_clk~input|i                                          ;
;   2.408 ;   0.186  ; RR ; CELL ; 1      ; IOIBUF_X335_Y418_N121 ; I/O input buffer ; core_clk~input|o                                          ;
;   3.228 ;   0.820  ; RR ; CELL ; 546664 ; IOIBUF_X335_Y418_N121 ; I/O input buffer ; core_clk~input~io96/m25_0_30__io12buf2_to_iopll__ioclkin3 ;
;   7.613 ;   4.385  ; RR ; IC   ; 19     ; MPDSP_X300_Y377_N0    ; DSP block        ; u_pipe|g_cfar_per_beam[15].u_cfar|mult_1~mac|clk          ;
;   7.613 ;   0.000  ; RR ; CELL ; 0      ; MPDSP_X300_Y377_N0    ; DSP block        ; u_pipe|g_cfar_per_beam[15].u_cfar|sum_lag1_q[35]          ;
;   8.141 ;   0.528  ;    ;      ;        ;                       ;                  ; clock pessimism removed                                   ;
;   8.116 ;   -0.025 ;    ;      ;        ;                       ;                  ; advanced clock effects                                    ;
; 8.086   ; -0.030   ;    ;      ;        ;                       ;                  ; clock uncertainty                                         ;
; 8.102   ; 0.016    ;    ; uTsu ; 0      ; MPDSP_X300_Y377_N0    ; DSP block        ; u_pipe|g_cfar_per_beam[15].u_cfar|sum_lag1_q[35]          ;
+---------+----------+----+------+--------+-----------------------+------------------+-----------------------------------------------------------+



Path #4: Setup slack is -22.985 (VIOLATED)
===============================================================================
+--------------------------------------------------------------------------------------------+
; Path Summary                                                                               ;
+---------------------------------+----------------------------------------------------------+
; Property                        ; Value                                                    ;
+---------------------------------+----------------------------------------------------------+
; From Node                       ; u_pipe|g_cfar_per_beam[15].u_cfar|u_window|cell_q[39][2] ;
; To Node                         ; u_pipe|g_cfar_per_beam[15].u_cfar|sum_lag1_q[35]         ;
; Launch Clock                    ; core_clk                                                 ;
; Latch Clock                     ; core_clk                                                 ;
; SDC Exception                   ; No SDC Exception on Path                                 ;
; Data Arrival Time               ; 31.087                                                   ;
; Data Required Time              ; 8.102                                                    ;
; Slack                           ; -22.985 (VIOLATED)                                       ;
; Worst-Case Operating Conditions ; Slow vid1 100C Model                                     ;
+---------------------------------+----------------------------------------------------------+

+------------------------------------------------------------------------------------+
; Statistics                                                                         ;
+------------------------+--------+-------+-------------+------------+-------+-------+
; Property               ; Value  ; Count ; Total Delay ; % of Total ; Min   ; Max   ;
+------------------------+--------+-------+-------------+------------+-------+-------+
; Setup Relationship     ; 2.222  ;       ;             ;            ;       ;       ;
; Clock Skew             ; -0.078 ;       ;             ;            ;       ;       ;
; Data Delay             ; 25.115 ;       ;             ;            ;       ;       ;
; Number of Logic Levels ;        ; 68    ;             ;            ;       ;       ;
; Physical Delays        ;        ;       ;             ;            ;       ;       ;
;  Arrival Path          ;        ;       ;             ;            ;       ;       ;
;   Clock                ;        ;       ;             ;            ;       ;       ;
;    IC                  ;        ; 2     ; 4.847       ; 81         ; 0.000 ; 4.847 ;
;    Cell                ;        ; 3     ; 1.125       ; 19         ; 0.000 ; 0.939 ;
;   Data                 ;        ;       ;             ;            ;       ;       ;
;    IC                  ;        ; 71    ; 14.578      ; 58         ; 0.059 ; 0.319 ;
;    Cell                ;        ; 129   ; 10.327      ; 41         ; 0.000 ; 0.225 ;
;    uTco                ;        ; 1     ; 0.210       ; 1          ; 0.210 ; 0.210 ;
;  Required Path         ;        ;       ;             ;            ;       ;       ;
;   Clock                ;        ;       ;             ;            ;       ;       ;
;    IC                  ;        ; 2     ; 4.385       ; 81         ; 0.000 ; 4.385 ;
;    Cell                ;        ; 3     ; 1.006       ; 19         ; 0.000 ; 0.820 ;
+------------------------+--------+-------+-------------+------------+-------+-------+
Note: Negative delays are omitted from totals when calculating percentages

+-------------------------------------------------------------------------------------------------------------------------------------------------------------------------------+
; Data Arrival Path                                                                                                                                                             ;
+----------+---------+----+------+--------+------------------------+--------------------+---------------------------------------------------------------------------------------+
; Total    ; Incr    ; RF ; Type ; Fanout ; Location               ; Element Type       ; Element                                                                               ;
+----------+---------+----+------+--------+------------------------+--------------------+---------------------------------------------------------------------------------------+
; 0.000    ; 0.000   ;    ;      ;        ;                        ;                    ; launch edge time                                                                      ;
; 5.972    ; 5.972   ;    ;      ;        ;                        ;                    ; clock path                                                                            ;
;   0.000  ;   0.000 ;    ;      ;        ;                        ;                    ; source latency                                                                        ;
;   0.000  ;   0.000 ;    ;      ; 1      ; PIN_H19                ; I/O pad            ; core_clk                                                                              ;
;   0.000  ;   0.000 ; RR ; IC   ; 1      ; IOIBUF_X335_Y418_N121  ; I/O input buffer   ; core_clk~input|i                                                                      ;
;   0.186  ;   0.186 ; RR ; CELL ; 1      ; IOIBUF_X335_Y418_N121  ; I/O input buffer   ; core_clk~input|o                                                                      ;
;   1.125  ;   0.939 ; RR ; CELL ; 546664 ; IOIBUF_X335_Y418_N121  ; I/O input buffer   ; core_clk~input~io96/m25_0_30__io12buf2_to_iopll__ioclkin3                             ;
;   5.972  ;   4.847 ; RR ; IC   ; 1      ; FF_X315_Y380_N22       ; ALM Register       ; u_pipe|g_cfar_per_beam[15].u_cfar|u_window|cell_q[39][2]|clk                          ;
;   5.972  ;   0.000 ; RR ; CELL ; 1      ; FF_X315_Y380_N22       ; ALM Register       ; u_pipe|g_cfar_per_beam[15].u_cfar|u_window|cell_q[39][2]                              ;
; 31.087   ; 25.115  ;    ;      ;        ;                        ;                    ; data path                                                                             ;
;   6.182  ;   0.210 ; RR ; uTco ; 3      ; FF_X315_Y380_N22       ; ALM Register       ; u_pipe|g_cfar_per_beam[15].u_cfar|u_window|cell_q[39][2]|q                            ;
;   6.303  ;   0.121 ; RR ; IC   ; 5      ; MLABCELL_X314_Y380_N6  ; Combinational cell ; u_pipe|g_cfar_per_beam[15].u_cfar|u_window|add_226~11|datad                           ;
;   6.436  ;   0.133 ; RR ; CELL ; 1      ; MLABCELL_X314_Y380_N9  ; Combinational cell ; u_pipe|g_cfar_per_beam[15].u_cfar|u_window|add_226~16|cout                            ;
;   6.436  ;   0.000 ; RR ; CELL ; 3      ; MLABCELL_X314_Y380_N12 ; Combinational cell ; u_pipe|g_cfar_per_beam[15].u_cfar|u_window|add_226~21|cin                             ;
;   6.558  ;   0.122 ; RR ; CELL ; 1      ; MLABCELL_X314_Y380_N12 ; Combinational cell ; u_pipe|g_cfar_per_beam[15].u_cfar|u_window|add_226~21|sumout                          ;
;   6.741  ;   0.183 ; RR ; IC   ; 1      ; MLABCELL_X314_Y378_N15 ; Combinational cell ; u_pipe|g_cfar_per_beam[15].u_cfar|u_window|i21256~4|datae                             ;
;   6.758  ;   0.017 ; RF ; CELL ; 2      ; MLABCELL_X314_Y378_N15 ; Combinational cell ; u_pipe|g_cfar_per_beam[15].u_cfar|u_window|i21256~4|combout                           ;
;   6.785  ;   0.027 ; FR ; CELL ; 1      ; MLABCELL_X314_Y378_N15 ; Combinational cell ; u_pipe|g_cfar_per_beam[15].u_cfar|u_window|i21256~4~cw_ml_mlab/lab_lut5outt[2]        ;
;   7.040  ;   0.255 ; RR ; IC   ; 5      ; LABCELL_X313_Y379_N12  ; Combinational cell ; u_pipe|g_cfar_per_beam[15].u_cfar|u_window|add_230~21|datac                           ;
;   7.157  ;   0.117 ; RF ; CELL ; 1      ; LABCELL_X313_Y379_N15  ; Combinational cell ; u_pipe|g_cfar_per_beam[15].u_cfar|u_window|add_230~26|cout                            ;
;   7.157  ;   0.000 ; FF ; CELL ; 3      ; LABCELL_X313_Y379_N18  ; Combinational cell ; u_pipe|g_cfar_per_beam[15].u_cfar|u_window|add_230~31|cin                             ;
;   7.278  ;   0.121 ; FR ; CELL ; 1      ; LABCELL_X313_Y379_N18  ; Combinational cell ; u_pipe|g_cfar_per_beam[15].u_cfar|u_window|add_230~31|sumout                          ;
;   7.474  ;   0.196 ; RR ; IC   ; 1      ; MLABCELL_X314_Y378_N33 ; Combinational cell ; u_pipe|g_cfar_per_beam[15].u_cfar|u_window|i21370~6|datac                             ;
;   7.593  ;   0.119 ; RR ; CELL ; 2      ; MLABCELL_X314_Y378_N33 ; Combinational cell ; u_pipe|g_cfar_per_beam[15].u_cfar|u_window|i21370~6|combout                           ;
;   7.816  ;   0.223 ; RR ; IC   ; 5      ; MLABCELL_X312_Y379_N18 ; Combinational cell ; u_pipe|g_cfar_per_beam[15].u_cfar|u_window|add_234~31|datad                           ;
;   7.993  ;   0.177 ; RR ; CELL ; 1      ; MLABCELL_X312_Y379_N18 ; Combinational cell ; u_pipe|g_cfar_per_beam[15].u_cfar|u_window|add_234~31|sumout                          ;
;   8.221  ;   0.228 ; RR ; IC   ; 1      ; LABCELL_X310_Y380_N27  ; Combinational cell ; u_pipe|g_cfar_per_beam[15].u_cfar|u_window|i21484~6|datae                             ;
;   8.275  ;   0.054 ; RR ; CELL ; 2      ; LABCELL_X310_Y380_N27  ; Combinational cell ; u_pipe|g_cfar_per_beam[15].u_cfar|u_window|i21484~6|combout                           ;
;   8.417  ;   0.142 ; RR ; IC   ; 5      ; LABCELL_X310_Y379_N18  ; Combinational cell ; u_pipe|g_cfar_per_beam[15].u_cfar|u_window|add_238~31|datac                           ;
;   8.591  ;   0.174 ; RF ; CELL ; 1      ; LABCELL_X310_Y379_N18  ; Combinational cell ; u_pipe|g_cfar_per_beam[15].u_cfar|u_window|add_238~31|sumout                          ;
;   8.762  ;   0.171 ; FF ; IC   ; 1      ; LABCELL_X310_Y380_N51  ; Combinational cell ; u_pipe|g_cfar_per_beam[15].u_cfar|u_window|i21598~6|datae                             ;
;   8.781  ;   0.019 ; FR ; CELL ; 2      ; LABCELL_X310_Y380_N51  ; Combinational cell ; u_pipe|g_cfar_per_beam[15].u_cfar|u_window|i21598~6|combout                           ;
;   8.805  ;   0.024 ; RF ; CELL ; 1      ; LABCELL_X310_Y380_N51  ; Combinational cell ; u_pipe|g_cfar_per_beam[15].u_cfar|u_window|i21598~6~cw_la_lab/lab_lut5outb[3]         ;
;   8.981  ;   0.176 ; FF ; IC   ; 5      ; MLABCELL_X309_Y379_N18 ; Combinational cell ; u_pipe|g_cfar_per_beam[15].u_cfar|u_window|add_242~31|datac                           ;
;   9.178  ;   0.197 ; FF ; CELL ; 1      ; MLABCELL_X309_Y379_N18 ; Combinational cell ; u_pipe|g_cfar_per_beam[15].u_cfar|u_window|add_242~31|sumout                          ;
;   9.366  ;   0.188 ; FF ; IC   ; 1      ; LABCELL_X308_Y380_N3   ; Combinational cell ; u_pipe|g_cfar_per_beam[15].u_cfar|u_window|i21712~6|datae                             ;
;   9.411  ;   0.045 ; FF ; CELL ; 2      ; LABCELL_X308_Y380_N3   ; Combinational cell ; u_pipe|g_cfar_per_beam[15].u_cfar|u_window|i21712~6|combout                           ;
;   9.649  ;   0.238 ; FF ; IC   ; 5      ; MLABCELL_X307_Y378_N18 ; Combinational cell ; u_pipe|g_cfar_per_beam[15].u_cfar|u_window|add_246~31|datac                           ;
;   9.845  ;   0.196 ; FF ; CELL ; 1      ; MLABCELL_X307_Y378_N18 ; Combinational cell ; u_pipe|g_cfar_per_beam[15].u_cfar|u_window|add_246~31|sumout                          ;
;   10.054 ;   0.209 ; FF ; IC   ; 1      ; LABCELL_X308_Y380_N57  ; Combinational cell ; u_pipe|g_cfar_per_beam[15].u_cfar|u_window|i21826~6|datad                             ;
;   10.097 ;   0.043 ; FR ; CELL ; 2      ; LABCELL_X308_Y380_N57  ; Combinational cell ; u_pipe|g_cfar_per_beam[15].u_cfar|u_window|i21826~6|combout                           ;
;   10.151 ;   0.054 ; RF ; CELL ; 1      ; LABCELL_X308_Y380_N57  ; Combinational cell ; u_pipe|g_cfar_per_beam[15].u_cfar|u_window|i21826~6~cw_la_lab/laboutb[19]             ;
;   10.374 ;   0.223 ; FF ; IC   ; 5      ; MLABCELL_X307_Y381_N18 ; Combinational cell ; u_pipe|g_cfar_per_beam[15].u_cfar|u_window|add_250~31|datad                           ;
;   10.502 ;   0.128 ; FR ; CELL ; 1      ; MLABCELL_X307_Y381_N21 ; Combinational cell ; u_pipe|g_cfar_per_beam[15].u_cfar|u_window|add_250~36|cout                            ;
;   10.502 ;   0.000 ; RR ; CELL ; 3      ; MLABCELL_X307_Y381_N24 ; Combinational cell ; u_pipe|g_cfar_per_beam[15].u_cfar|u_window|add_250~41|cin                             ;
;   10.627 ;   0.125 ; RR ; CELL ; 1      ; MLABCELL_X307_Y381_N24 ; Combinational cell ; u_pipe|g_cfar_per_beam[15].u_cfar|u_window|add_250~41|sumout                          ;
;   10.736 ;   0.109 ; RR ; IC   ; 1      ; LABCELL_X308_Y381_N6   ; Combinational cell ; u_pipe|g_cfar_per_beam[15].u_cfar|u_window|i21940~8|datad                             ;
;   10.832 ;   0.096 ; RR ; CELL ; 2      ; LABCELL_X308_Y381_N6   ; Combinational cell ; u_pipe|g_cfar_per_beam[15].u_cfar|u_window|i21940~8|combout                           ;
;   11.052 ;   0.220 ; RR ; IC   ; 4      ; MLABCELL_X309_Y383_N24 ; Combinational cell ; u_pipe|g_cfar_per_beam[15].u_cfar|u_window|add_254~41|datac                           ;
;   11.270 ;   0.218 ; RR ; CELL ; 1      ; MLABCELL_X309_Y383_N27 ; Combinational cell ; u_pipe|g_cfar_per_beam[15].u_cfar|u_window|add_254~46|cout                            ;
;   11.270 ;   0.000 ; RR ; CELL ; 3      ; MLABCELL_X309_Y383_N30 ; Combinational cell ; u_pipe|g_cfar_per_beam[15].u_cfar|u_window|add_254~51|cin                             ;
;   11.394 ;   0.124 ; RR ; CELL ; 1      ; MLABCELL_X309_Y383_N30 ; Combinational cell ; u_pipe|g_cfar_per_beam[15].u_cfar|u_window|add_254~51|sumout                          ;
;   11.622 ;   0.228 ; RR ; IC   ; 1      ; LABCELL_X310_Y381_N57  ; Combinational cell ; u_pipe|g_cfar_per_beam[15].u_cfar|u_window|i22054~10|datae                            ;
;   11.649 ;   0.027 ; RF ; CELL ; 2      ; LABCELL_X310_Y381_N57  ; Combinational cell ; u_pipe|g_cfar_per_beam[15].u_cfar|u_window|i22054~10|combout                          ;
;   11.710 ;   0.061 ; FR ; CELL ; 1      ; LABCELL_X310_Y381_N57  ; Combinational cell ; u_pipe|g_cfar_per_beam[15].u_cfar|u_window|i22054~10~cw_la_lab/laboutb[19]            ;
;   11.899 ;   0.189 ; RR ; IC   ; 4      ; LABCELL_X310_Y383_N30  ; Combinational cell ; u_pipe|g_cfar_per_beam[15].u_cfar|u_window|add_258~51|datad                           ;
;   12.005 ;   0.106 ; RF ; CELL ; 1      ; LABCELL_X310_Y383_N33  ; Combinational cell ; u_pipe|g_cfar_per_beam[15].u_cfar|u_window|add_258~56|cout                            ;
;   12.005 ;   0.000 ; FF ; CELL ; 3      ; LABCELL_X310_Y383_N36  ; Combinational cell ; u_pipe|g_cfar_per_beam[15].u_cfar|u_window|add_258~61|cin                             ;
;   12.126 ;   0.121 ; FF ; CELL ; 1      ; LABCELL_X310_Y383_N36  ; Combinational cell ; u_pipe|g_cfar_per_beam[15].u_cfar|u_window|add_258~61|sumout                          ;
;   12.323 ;   0.197 ; FF ; IC   ; 1      ; MLABCELL_X314_Y383_N39 ; Combinational cell ; u_pipe|g_cfar_per_beam[15].u_cfar|u_window|i22168~12|dataf                            ;
;   12.338 ;   0.015 ; FR ; CELL ; 2      ; MLABCELL_X314_Y383_N39 ; Combinational cell ; u_pipe|g_cfar_per_beam[15].u_cfar|u_window|i22168~12|combout                          ;
;   12.394 ;   0.056 ; RF ; CELL ; 1      ; MLABCELL_X314_Y383_N39 ; Combinational cell ; u_pipe|g_cfar_per_beam[15].u_cfar|u_window|i22168~12~cw_ml_mlab/laboutb[5]            ;
;   12.493 ;   0.099 ; FF ; IC   ; 4      ; MLABCELL_X312_Y383_N36 ; Combinational cell ; u_pipe|g_cfar_per_beam[15].u_cfar|u_window|add_262~61|datad                           ;
;   12.621 ;   0.128 ; FR ; CELL ; 1      ; MLABCELL_X312_Y383_N39 ; Combinational cell ; u_pipe|g_cfar_per_beam[15].u_cfar|u_window|add_262~66|cout                            ;
;   12.621 ;   0.000 ; RR ; CELL ; 3      ; MLABCELL_X312_Y383_N42 ; Combinational cell ; u_pipe|g_cfar_per_beam[15].u_cfar|u_window|add_262~71|cin                             ;
;   12.645 ;   0.024 ; RF ; CELL ; 1      ; MLABCELL_X312_Y383_N45 ; Combinational cell ; u_pipe|g_cfar_per_beam[15].u_cfar|u_window|add_262~76|cout                            ;
;   12.645 ;   0.000 ; FF ; CELL ; 3      ; MLABCELL_X312_Y383_N48 ; Combinational cell ; u_pipe|g_cfar_per_beam[15].u_cfar|u_window|add_262~81|cin                             ;
;   12.768 ;   0.123 ; FF ; CELL ; 1      ; MLABCELL_X312_Y383_N48 ; Combinational cell ; u_pipe|g_cfar_per_beam[15].u_cfar|u_window|add_262~81|sumout                          ;
;   12.995 ;   0.227 ; FF ; IC   ; 1      ; MLABCELL_X312_Y387_N33 ; Combinational cell ; u_pipe|g_cfar_per_beam[15].u_cfar|u_window|i22282~16|datac                            ;
;   13.050 ;   0.055 ; FR ; CELL ; 2      ; MLABCELL_X312_Y387_N33 ; Combinational cell ; u_pipe|g_cfar_per_beam[15].u_cfar|u_window|i22282~16|combout                          ;
;   13.113 ;   0.063 ; RF ; CELL ; 1      ; MLABCELL_X312_Y387_N33 ; Combinational cell ; u_pipe|g_cfar_per_beam[15].u_cfar|u_window|i22282~16~cw_ml_mlab/laboutb[2]            ;
;   13.315 ;   0.202 ; FF ; IC   ; 4      ; LABCELL_X310_Y387_N48  ; Combinational cell ; u_pipe|g_cfar_per_beam[15].u_cfar|u_window|add_266~81|datac                           ;
;   13.435 ;   0.120 ; FR ; CELL ; 1      ; LABCELL_X310_Y387_N51  ; Combinational cell ; u_pipe|g_cfar_per_beam[15].u_cfar|u_window|add_266~86|cout                            ;
;   13.435 ;   0.000 ; RR ; CELL ; 2      ; LABCELL_X310_Y387_N54  ; Combinational cell ; u_pipe|g_cfar_per_beam[15].u_cfar|u_window|add_266~91|cin                             ;
;   13.558 ;   0.123 ; RF ; CELL ; 1      ; LABCELL_X310_Y387_N54  ; Combinational cell ; u_pipe|g_cfar_per_beam[15].u_cfar|u_window|add_266~91|sumout                          ;
;   13.820 ;   0.262 ; FF ; IC   ; 1      ; MLABCELL_X314_Y383_N27 ; Combinational cell ; u_pipe|g_cfar_per_beam[15].u_cfar|u_window|i22396~18|datae                            ;
;   13.847 ;   0.027 ; FR ; CELL ; 2      ; MLABCELL_X314_Y383_N27 ; Combinational cell ; u_pipe|g_cfar_per_beam[15].u_cfar|u_window|i22396~18|combout                          ;
;   13.911 ;   0.064 ; RF ; CELL ; 1      ; MLABCELL_X314_Y383_N27 ; Combinational cell ; u_pipe|g_cfar_per_beam[15].u_cfar|u_window|i22396~18~cw_ml_mlab/laboutt[16]           ;
;   14.230 ;   0.319 ; FF ; IC   ; 3      ; LABCELL_X308_Y387_N54  ; Combinational cell ; u_pipe|g_cfar_per_beam[15].u_cfar|u_window|add_270~91|datad                           ;
;   14.389 ;   0.159 ; FF ; CELL ; 1      ; LABCELL_X308_Y387_N54  ; Combinational cell ; u_pipe|g_cfar_per_beam[15].u_cfar|u_window|add_270~91|sumout                          ;
;   14.571 ;   0.182 ; FF ; IC   ; 1      ; MLABCELL_X304_Y387_N45 ; Combinational cell ; u_pipe|g_cfar_per_beam[15].u_cfar|u_window|i22510~18|datad                            ;
;   14.641 ;   0.070 ; FF ; CELL ; 2      ; MLABCELL_X304_Y387_N45 ; Combinational cell ; u_pipe|g_cfar_per_beam[15].u_cfar|u_window|i22510~18|combout                          ;
;   14.924 ;   0.283 ; FF ; IC   ; 3      ; MLABCELL_X309_Y388_N54 ; Combinational cell ; u_pipe|g_cfar_per_beam[15].u_cfar|u_window|add_274~91|datad                           ;
;   15.110 ;   0.186 ; FF ; CELL ; 1      ; MLABCELL_X309_Y388_N54 ; Combinational cell ; u_pipe|g_cfar_per_beam[15].u_cfar|u_window|add_274~91|sumout                          ;
;   15.335 ;   0.225 ; FF ; IC   ; 1      ; LABCELL_X303_Y388_N30  ; Combinational cell ; u_pipe|g_cfar_per_beam[15].u_cfar|u_window|i22624~18|datad                            ;
;   15.391 ;   0.056 ; FF ; CELL ; 2      ; LABCELL_X303_Y388_N30  ; Combinational cell ; u_pipe|g_cfar_per_beam[15].u_cfar|u_window|i22624~18|combout                          ;
;   15.434 ;   0.043 ; FF ; CELL ; 1      ; LABCELL_X303_Y388_N30  ; Combinational cell ; u_pipe|g_cfar_per_beam[15].u_cfar|u_window|i22624~18~cw_la_lab/laboutb[0]             ;
;   15.626 ;   0.192 ; FF ; IC   ; 3      ; MLABCELL_X307_Y388_N54 ; Combinational cell ; u_pipe|g_cfar_per_beam[15].u_cfar|u_window|add_278~91|datac                           ;
;   15.822 ;   0.196 ; FF ; CELL ; 1      ; MLABCELL_X307_Y388_N54 ; Combinational cell ; u_pipe|g_cfar_per_beam[15].u_cfar|u_window|add_278~91|sumout                          ;
;   16.103 ;   0.281 ; FF ; IC   ; 1      ; LABCELL_X303_Y389_N45  ; Combinational cell ; u_pipe|g_cfar_per_beam[15].u_cfar|u_window|i22738~18|datae                            ;
;   16.130 ;   0.027 ; FR ; CELL ; 2      ; LABCELL_X303_Y389_N45  ; Combinational cell ; u_pipe|g_cfar_per_beam[15].u_cfar|u_window|i22738~18|combout                          ;
;   16.147 ;   0.017 ; RF ; CELL ; 1      ; LABCELL_X303_Y389_N45  ; Combinational cell ; u_pipe|g_cfar_per_beam[15].u_cfar|u_window|i22738~18~cw_la_lab/lab_lut6outb[2]        ;
;   16.365 ;   0.218 ; FF ; IC   ; 3      ; LABCELL_X305_Y388_N54  ; Combinational cell ; u_pipe|g_cfar_per_beam[15].u_cfar|u_window|add_282~91|datac                           ;
;   16.530 ;   0.165 ; FF ; CELL ; 1      ; LABCELL_X305_Y388_N54  ; Combinational cell ; u_pipe|g_cfar_per_beam[15].u_cfar|u_window|add_282~91|sumout                          ;
;   16.749 ;   0.219 ; FF ; IC   ; 1      ; LABCELL_X303_Y389_N15  ; Combinational cell ; u_pipe|g_cfar_per_beam[15].u_cfar|u_window|i22852~18|datae                            ;
;   16.768 ;   0.019 ; FR ; CELL ; 2      ; LABCELL_X303_Y389_N15  ; Combinational cell ; u_pipe|g_cfar_per_beam[15].u_cfar|u_window|i22852~18|combout                          ;
;   16.792 ;   0.024 ; RF ; CELL ; 1      ; LABCELL_X303_Y389_N15  ; Combinational cell ; u_pipe|g_cfar_per_beam[15].u_cfar|u_window|i22852~18~cw_la_lab/lab_lut5outt[2]        ;
;   16.921 ;   0.129 ; FF ; IC   ; 3      ; MLABCELL_X304_Y389_N54 ; Combinational cell ; u_pipe|g_cfar_per_beam[15].u_cfar|u_window|add_286~91|datac                           ;
;   17.105 ;   0.184 ; FF ; CELL ; 1      ; MLABCELL_X304_Y389_N54 ; Combinational cell ; u_pipe|g_cfar_per_beam[15].u_cfar|u_window|add_286~91|sumout                          ;
;   17.334 ;   0.229 ; FF ; IC   ; 1      ; LABCELL_X303_Y390_N39  ; Combinational cell ; u_pipe|g_cfar_per_beam[15].u_cfar|u_window|i22966~18|datae                            ;
;   17.353 ;   0.019 ; FR ; CELL ; 2      ; LABCELL_X303_Y390_N39  ; Combinational cell ; u_pipe|g_cfar_per_beam[15].u_cfar|u_window|i22966~18|combout                          ;
;   17.407 ;   0.054 ; RF ; CELL ; 1      ; LABCELL_X303_Y390_N39  ; Combinational cell ; u_pipe|g_cfar_per_beam[15].u_cfar|u_window|i22966~18~cw_la_lab/laboutb[6]             ;
;   17.587 ;   0.180 ; FF ; IC   ; 3      ; LABCELL_X303_Y386_N54  ; Combinational cell ; u_pipe|g_cfar_per_beam[15].u_cfar|u_window|add_290~91|datad                           ;
;   17.747 ;   0.160 ; FF ; CELL ; 1      ; LABCELL_X303_Y386_N54  ; Combinational cell ; u_pipe|g_cfar_per_beam[15].u_cfar|u_window|add_290~91|sumout                          ;
;   17.965 ;   0.218 ; FF ; IC   ; 1      ; LABCELL_X303_Y390_N21  ; Combinational cell ; u_pipe|g_cfar_per_beam[15].u_cfar|u_window|i23080~18|datad                            ;
;   18.008 ;   0.043 ; FR ; CELL ; 2      ; LABCELL_X303_Y390_N21  ; Combinational cell ; u_pipe|g_cfar_per_beam[15].u_cfar|u_window|i23080~18|combout                          ;
;   18.073 ;   0.065 ; RF ; CELL ; 1      ; LABCELL_X303_Y390_N21  ; Combinational cell ; u_pipe|g_cfar_per_beam[15].u_cfar|u_window|i23080~18~cw_la_lab/laboutt[15]            ;
;   18.261 ;   0.188 ; FF ; IC   ; 3      ; MLABCELL_X302_Y386_N54 ; Combinational cell ; u_pipe|g_cfar_per_beam[15].u_cfar|u_window|add_294~91|datac                           ;
;   18.459 ;   0.198 ; FF ; CELL ; 1      ; MLABCELL_X302_Y386_N54 ; Combinational cell ; u_pipe|g_cfar_per_beam[15].u_cfar|u_window|add_294~91|sumout                          ;
;   18.732 ;   0.273 ; FF ; IC   ; 1      ; LABCELL_X299_Y390_N42  ; Combinational cell ; u_pipe|g_cfar_per_beam[15].u_cfar|u_window|i23194~18|datad                            ;
;   18.824 ;   0.092 ; FF ; CELL ; 2      ; LABCELL_X299_Y390_N42  ; Combinational cell ; u_pipe|g_cfar_per_beam[15].u_cfar|u_window|i23194~18|combout                          ;
;   18.981 ;   0.157 ; FF ; IC   ; 3      ; LABCELL_X299_Y386_N54  ; Combinational cell ; u_pipe|g_cfar_per_beam[15].u_cfar|u_window|add_298~91|datad                           ;
;   19.191 ;   0.210 ; FR ; CELL ; 1      ; LABCELL_X299_Y386_N57  ; Combinational cell ; u_pipe|g_cfar_per_beam[15].u_cfar|u_window|add_298~96|cout                            ;
;   19.250 ;   0.059 ; RR ; IC   ; 5      ; LABCELL_X299_Y385_N0   ; Combinational cell ; u_pipe|g_cfar_per_beam[15].u_cfar|u_window|add_298~101|cin                            ;
;   19.387 ;   0.137 ; RF ; CELL ; 1      ; LABCELL_X299_Y385_N0   ; Combinational cell ; u_pipe|g_cfar_per_beam[15].u_cfar|u_window|add_298~101|sumout                         ;
;   19.587 ;   0.200 ; FF ; IC   ; 1      ; MLABCELL_X304_Y385_N21 ; Combinational cell ; u_pipe|g_cfar_per_beam[15].u_cfar|u_window|i23308~20|datac                            ;
;   19.698 ;   0.111 ; FF ; CELL ; 2      ; MLABCELL_X304_Y385_N21 ; Combinational cell ; u_pipe|g_cfar_per_beam[15].u_cfar|u_window|i23308~20|combout                          ;
;   19.991 ;   0.293 ; FF ; IC   ; 5      ; MLABCELL_X298_Y389_N0  ; Combinational cell ; u_pipe|g_cfar_per_beam[15].u_cfar|u_window|add_302~101|datac                          ;
;   20.189 ;   0.198 ; FF ; CELL ; 1      ; MLABCELL_X298_Y389_N0  ; Combinational cell ; u_pipe|g_cfar_per_beam[15].u_cfar|u_window|add_302~101|sumout                         ;
;   20.418 ;   0.229 ; FF ; IC   ; 1      ; MLABCELL_X298_Y386_N21 ; Combinational cell ; u_pipe|g_cfar_per_beam[15].u_cfar|u_window|i23422~20|datac                            ;
;   20.500 ;   0.082 ; FF ; CELL ; 2      ; MLABCELL_X298_Y386_N21 ; Combinational cell ; u_pipe|g_cfar_per_beam[15].u_cfar|u_window|i23422~20|combout                          ;
;   20.692 ;   0.192 ; FF ; IC   ; 5      ; LABCELL_X297_Y387_N0   ; Combinational cell ; u_pipe|g_cfar_per_beam[15].u_cfar|u_window|add_306~101|datad                          ;
;   20.800 ;   0.108 ; FR ; CELL ; 1      ; LABCELL_X297_Y387_N3   ; Combinational cell ; u_pipe|g_cfar_per_beam[15].u_cfar|u_window|add_306~106|cout                           ;
;   20.800 ;   0.000 ; RR ; CELL ; 3      ; LABCELL_X297_Y387_N6   ; Combinational cell ; u_pipe|g_cfar_per_beam[15].u_cfar|u_window|add_306~111|cin                            ;
;   20.824 ;   0.024 ; RF ; CELL ; 1      ; LABCELL_X297_Y387_N9   ; Combinational cell ; u_pipe|g_cfar_per_beam[15].u_cfar|u_window|add_306~116|cout                           ;
;   20.824 ;   0.000 ; FF ; CELL ; 3      ; LABCELL_X297_Y387_N12  ; Combinational cell ; u_pipe|g_cfar_per_beam[15].u_cfar|u_window|add_306~121|cin                            ;
;   20.943 ;   0.119 ; FR ; CELL ; 1      ; LABCELL_X297_Y387_N12  ; Combinational cell ; u_pipe|g_cfar_per_beam[15].u_cfar|u_window|add_306~121|sumout                         ;
;   21.129 ;   0.186 ; RR ; IC   ; 1      ; MLABCELL_X298_Y386_N27 ; Combinational cell ; u_pipe|g_cfar_per_beam[15].u_cfar|u_window|i23536~24|datac                            ;
;   21.213 ;   0.084 ; RR ; CELL ; 2      ; MLABCELL_X298_Y386_N27 ; Combinational cell ; u_pipe|g_cfar_per_beam[15].u_cfar|u_window|i23536~24|combout                          ;
;   21.420 ;   0.207 ; RR ; IC   ; 5      ; MLABCELL_X296_Y387_N12 ; Combinational cell ; u_pipe|g_cfar_per_beam[15].u_cfar|u_window|add_310~121|datad                          ;
;   21.553 ;   0.133 ; RR ; CELL ; 1      ; MLABCELL_X296_Y387_N15 ; Combinational cell ; u_pipe|g_cfar_per_beam[15].u_cfar|u_window|add_310~126|cout                           ;
;   21.553 ;   0.000 ; RR ; CELL ; 3      ; MLABCELL_X296_Y387_N18 ; Combinational cell ; u_pipe|g_cfar_per_beam[15].u_cfar|u_window|add_310~131|cin                            ;
;   21.670 ;   0.117 ; RF ; CELL ; 1      ; MLABCELL_X296_Y387_N18 ; Combinational cell ; u_pipe|g_cfar_per_beam[15].u_cfar|u_window|add_310~131|sumout                         ;
;   21.977 ;   0.307 ; FF ; IC   ; 1      ; MLABCELL_X291_Y386_N33 ; Combinational cell ; u_pipe|g_cfar_per_beam[15].u_cfar|u_window|i23650~26|datae                            ;
;   21.996 ;   0.019 ; FR ; CELL ; 2      ; MLABCELL_X291_Y386_N33 ; Combinational cell ; u_pipe|g_cfar_per_beam[15].u_cfar|u_window|i23650~26|combout                          ;
;   22.059 ;   0.063 ; RF ; CELL ; 1      ; MLABCELL_X291_Y386_N33 ; Combinational cell ; u_pipe|g_cfar_per_beam[15].u_cfar|u_window|i23650~26~cw_ml_mlab/laboutb[2]            ;
;   22.195 ;   0.136 ; FF ; IC   ; 5      ; LABCELL_X294_Y386_N18  ; Combinational cell ; u_pipe|g_cfar_per_beam[15].u_cfar|u_window|add_314~131|datad                          ;
;   22.303 ;   0.108 ; FR ; CELL ; 1      ; LABCELL_X294_Y386_N21  ; Combinational cell ; u_pipe|g_cfar_per_beam[15].u_cfar|u_window|add_314~136|cout                           ;
;   22.303 ;   0.000 ; RR ; CELL ; 2      ; LABCELL_X294_Y386_N24  ; Combinational cell ; u_pipe|g_cfar_per_beam[15].u_cfar|u_window|add_314~141|cin                            ;
;   22.425 ;   0.122 ; RR ; CELL ; 1      ; LABCELL_X294_Y386_N24  ; Combinational cell ; u_pipe|g_cfar_per_beam[15].u_cfar|u_window|add_314~141|sumout                         ;
;   22.647 ;   0.222 ; RR ; IC   ; 1      ; LABCELL_X292_Y385_N48  ; Combinational cell ; u_pipe|g_cfar_per_beam[15].u_cfar|u_window|i23764~28|datac                            ;
;   22.756 ;   0.109 ; RR ; CELL ; 2      ; LABCELL_X292_Y385_N48  ; Combinational cell ; u_pipe|g_cfar_per_beam[15].u_cfar|u_window|i23764~28|combout                          ;
;   22.965 ;   0.209 ; RR ; IC   ; 4      ; LABCELL_X292_Y386_N24  ; Combinational cell ; u_pipe|g_cfar_per_beam[15].u_cfar|u_window|add_318~141|datad                          ;
;   23.130 ;   0.165 ; RF ; CELL ; 1      ; LABCELL_X292_Y386_N24  ; Combinational cell ; u_pipe|g_cfar_per_beam[15].u_cfar|u_window|add_318~141|sumout                         ;
;   23.281 ;   0.151 ; FF ; IC   ; 1      ; LABCELL_X292_Y385_N42  ; Combinational cell ; u_pipe|g_cfar_per_beam[15].u_cfar|u_window|i23878~28|datae                            ;
;   23.314 ;   0.033 ; FF ; CELL ; 2      ; LABCELL_X292_Y385_N42  ; Combinational cell ; u_pipe|g_cfar_per_beam[15].u_cfar|u_window|i23878~28|combout                          ;
;   23.357 ;   0.043 ; FF ; CELL ; 1      ; LABCELL_X292_Y385_N42  ; Combinational cell ; u_pipe|g_cfar_per_beam[15].u_cfar|u_window|i23878~28~cw_la_lab/laboutb[8]             ;
;   23.567 ;   0.210 ; FF ; IC   ; 4      ; MLABCELL_X293_Y386_N24 ; Combinational cell ; u_pipe|g_cfar_per_beam[15].u_cfar|u_window|add_322~141|datad                          ;
;   23.754 ;   0.187 ; FF ; CELL ; 1      ; MLABCELL_X293_Y386_N24 ; Combinational cell ; u_pipe|g_cfar_per_beam[15].u_cfar|u_window|add_322~141|sumout                         ;
;   23.967 ;   0.213 ; FF ; IC   ; 1      ; LABCELL_X292_Y385_N36  ; Combinational cell ; u_pipe|g_cfar_per_beam[15].u_cfar|u_window|i23992~28|datae                            ;
;   24.035 ;   0.068 ; FF ; CELL ; 2      ; LABCELL_X292_Y385_N36  ; Combinational cell ; u_pipe|g_cfar_per_beam[15].u_cfar|u_window|i23992~28|combout                          ;
;   24.312 ;   0.277 ; FF ; IC   ; 4      ; MLABCELL_X293_Y382_N24 ; Combinational cell ; u_pipe|g_cfar_per_beam[15].u_cfar|u_window|add_326~141|datad                          ;
;   24.497 ;   0.185 ; FF ; CELL ; 1      ; MLABCELL_X293_Y382_N24 ; Combinational cell ; u_pipe|g_cfar_per_beam[15].u_cfar|u_window|add_326~141|sumout                         ;
;   24.719 ;   0.222 ; FF ; IC   ; 1      ; LABCELL_X292_Y380_N39  ; Combinational cell ; u_pipe|g_cfar_per_beam[15].u_cfar|u_window|i24106~28|datae                            ;
;   24.738 ;   0.019 ; FR ; CELL ; 2      ; LABCELL_X292_Y380_N39  ; Combinational cell ; u_pipe|g_cfar_per_beam[15].u_cfar|u_window|i24106~28|combout                          ;
;   24.791 ;   0.053 ; RF ; CELL ; 1      ; LABCELL_X292_Y380_N39  ; Combinational cell ; u_pipe|g_cfar_per_beam[15].u_cfar|u_window|i24106~28~cw_la_lab/laboutb[6]             ;
;   24.966 ;   0.175 ; FF ; IC   ; 4      ; LABCELL_X292_Y381_N24  ; Combinational cell ; u_pipe|g_cfar_per_beam[15].u_cfar|u_window|add_330~141|datad                          ;
;   25.118 ;   0.152 ; FR ; CELL ; 1      ; LABCELL_X292_Y381_N24  ; Combinational cell ; u_pipe|g_cfar_per_beam[15].u_cfar|u_window|add_330~141|sumout                         ;
;   25.254 ;   0.136 ; RR ; IC   ; 1      ; LABCELL_X292_Y380_N24  ; Combinational cell ; u_pipe|g_cfar_per_beam[15].u_cfar|u_window|i24220~28|datad                            ;
;   25.352 ;   0.098 ; RR ; CELL ; 2      ; LABCELL_X292_Y380_N24  ; Combinational cell ; u_pipe|g_cfar_per_beam[15].u_cfar|u_window|i24220~28|combout                          ;
;   25.559 ;   0.207 ; RR ; IC   ; 4      ; LABCELL_X294_Y381_N24  ; Combinational cell ; u_pipe|g_cfar_per_beam[15].u_cfar|u_window|add_334~141|datad                          ;
;   25.724 ;   0.165 ; RF ; CELL ; 1      ; LABCELL_X294_Y381_N24  ; Combinational cell ; u_pipe|g_cfar_per_beam[15].u_cfar|u_window|add_334~141|sumout                         ;
;   25.990 ;   0.266 ; FF ; IC   ; 1      ; MLABCELL_X296_Y379_N45 ; Combinational cell ; u_pipe|g_cfar_per_beam[15].u_cfar|u_window|i24334~28|datae                            ;
;   26.035 ;   0.045 ; FF ; CELL ; 2      ; MLABCELL_X296_Y379_N45 ; Combinational cell ; u_pipe|g_cfar_per_beam[15].u_cfar|u_window|i24334~28|combout                          ;
;   26.289 ;   0.254 ; FF ; IC   ; 4      ; MLABCELL_X296_Y381_N24 ; Combinational cell ; u_pipe|g_cfar_per_beam[15].u_cfar|u_window|add_338~141|datad                          ;
;   26.501 ;   0.212 ; FR ; CELL ; 1      ; MLABCELL_X296_Y381_N27 ; Combinational cell ; u_pipe|g_cfar_per_beam[15].u_cfar|u_window|add_338~146|cout                           ;
;   26.501 ;   0.000 ; RR ; CELL ; 3      ; MLABCELL_X296_Y381_N30 ; Combinational cell ; u_pipe|g_cfar_per_beam[15].u_cfar|u_window|add_338~151|cin                            ;
;   26.625 ;   0.124 ; RR ; CELL ; 1      ; MLABCELL_X296_Y381_N30 ; Combinational cell ; u_pipe|g_cfar_per_beam[15].u_cfar|u_window|add_338~151|sumout                         ;
;   26.811 ;   0.186 ; RR ; IC   ; 1      ; MLABCELL_X296_Y379_N27 ; Combinational cell ; u_pipe|g_cfar_per_beam[15].u_cfar|u_window|i24448~30|datac                            ;
;   26.918 ;   0.107 ; RR ; CELL ; 2      ; MLABCELL_X296_Y379_N27 ; Combinational cell ; u_pipe|g_cfar_per_beam[15].u_cfar|u_window|i24448~30|combout                          ;
;   27.164 ;   0.246 ; RR ; IC   ; 4      ; LABCELL_X297_Y381_N30  ; Combinational cell ; u_pipe|g_cfar_per_beam[15].u_cfar|u_window|add_342~151|datac                          ;
;   27.281 ;   0.117 ; RF ; CELL ; 1      ; LABCELL_X297_Y381_N33  ; Combinational cell ; u_pipe|g_cfar_per_beam[15].u_cfar|u_window|add_342~156|cout                           ;
;   27.281 ;   0.000 ; FF ; CELL ; 3      ; LABCELL_X297_Y381_N36  ; Combinational cell ; u_pipe|g_cfar_per_beam[15].u_cfar|u_window|add_342~161|cin                            ;
;   27.304 ;   0.023 ; FR ; CELL ; 1      ; LABCELL_X297_Y381_N39  ; Combinational cell ; u_pipe|g_cfar_per_beam[15].u_cfar|u_window|add_342~166|cout                           ;
;   27.304 ;   0.000 ; RR ; CELL ; 3      ; LABCELL_X297_Y381_N42  ; Combinational cell ; u_pipe|g_cfar_per_beam[15].u_cfar|u_window|add_342~171|cin                            ;
;   27.328 ;   0.024 ; RF ; CELL ; 1      ; LABCELL_X297_Y381_N45  ; Combinational cell ; u_pipe|g_cfar_per_beam[15].u_cfar|u_window|add_342~176|cout                           ;
;   27.328 ;   0.000 ; FF ; CELL ; 3      ; LABCELL_X297_Y381_N48  ; Combinational cell ; u_pipe|g_cfar_per_beam[15].u_cfar|u_window|add_342~181|cin                            ;
;   27.449 ;   0.121 ; FR ; CELL ; 1      ; LABCELL_X297_Y381_N48  ; Combinational cell ; u_pipe|g_cfar_per_beam[15].u_cfar|u_window|add_342~181|sumout                         ;
;   27.737 ;   0.288 ; RR ; IC   ; 1      ; MLABCELL_X296_Y378_N3  ; Combinational cell ; u_pipe|g_cfar_per_beam[15].u_cfar|u_window|i24562~36|datac                            ;
;   27.790 ;   0.053 ; RF ; CELL ; 2      ; MLABCELL_X296_Y378_N3  ; Combinational cell ; u_pipe|g_cfar_per_beam[15].u_cfar|u_window|i24562~36|combout                          ;
;   27.854 ;   0.064 ; FR ; CELL ; 1      ; MLABCELL_X296_Y378_N3  ; Combinational cell ; u_pipe|g_cfar_per_beam[15].u_cfar|u_window|i24562~36~cw_ml_mlab/laboutt[3]            ;
;   28.062 ;   0.208 ; RR ; IC   ; 4      ; MLABCELL_X298_Y382_N48 ; Combinational cell ; u_pipe|g_cfar_per_beam[15].u_cfar|u_window|add_346~181|datad                          ;
;   28.247 ;   0.185 ; RF ; CELL ; 1      ; MLABCELL_X298_Y382_N48 ; Combinational cell ; u_pipe|g_cfar_per_beam[15].u_cfar|u_window|add_346~181|sumout                         ;
;   28.468 ;   0.221 ; FF ; IC   ; 1      ; MLABCELL_X296_Y378_N27 ; Combinational cell ; u_pipe|g_cfar_per_beam[15].u_cfar|u_window|i24676~36|datae                            ;
;   28.487 ;   0.019 ; FR ; CELL ; 2      ; MLABCELL_X296_Y378_N27 ; Combinational cell ; u_pipe|g_cfar_per_beam[15].u_cfar|u_window|i24676~36|combout                          ;
;   28.550 ;   0.063 ; RF ; CELL ; 1      ; MLABCELL_X296_Y378_N27 ; Combinational cell ; u_pipe|g_cfar_per_beam[15].u_cfar|u_window|i24676~36~cw_ml_mlab/laboutt[18]           ;
;   28.741 ;   0.191 ; FF ; IC   ; 4      ; MLABCELL_X298_Y379_N48 ; Combinational cell ; u_pipe|g_cfar_per_beam[15].u_cfar|u_window|add_350~181|datac                          ;
;   28.939 ;   0.198 ; FF ; CELL ; 1      ; MLABCELL_X298_Y379_N48 ; Combinational cell ; u_pipe|g_cfar_per_beam[15].u_cfar|u_window|add_350~181|sumout                         ;
;   29.174 ;   0.235 ; FF ; IC   ; 1      ; MLABCELL_X296_Y378_N39 ; Combinational cell ; u_pipe|g_cfar_per_beam[15].u_cfar|u_window|i24790~36|datad                            ;
;   29.218 ;   0.044 ; FR ; CELL ; 2      ; MLABCELL_X296_Y378_N39 ; Combinational cell ; u_pipe|g_cfar_per_beam[15].u_cfar|u_window|i24790~36|combout                          ;
;   29.242 ;   0.024 ; RF ; CELL ; 1      ; MLABCELL_X296_Y378_N39 ; Combinational cell ; u_pipe|g_cfar_per_beam[15].u_cfar|u_window|i24790~36~cw_ml_mlab/lab_lut5outb[1]       ;
;   29.457 ;   0.215 ; FF ; IC   ; 4      ; LABCELL_X299_Y379_N48  ; Combinational cell ; u_pipe|g_cfar_per_beam[15].u_cfar|u_window|add_354~181|datad                          ;
;   29.565 ;   0.108 ; FR ; CELL ; 1      ; LABCELL_X299_Y379_N51  ; Combinational cell ; u_pipe|g_cfar_per_beam[15].u_cfar|u_window|add_354~186|cout                           ;
;   29.565 ;   0.000 ; RR ; CELL ; 2      ; LABCELL_X299_Y379_N54  ; Combinational cell ; u_pipe|g_cfar_per_beam[15].u_cfar|u_window|add_354~191|cin                            ;
;   29.687 ;   0.122 ; RR ; CELL ; 1      ; LABCELL_X299_Y379_N54  ; Combinational cell ; u_pipe|g_cfar_per_beam[15].u_cfar|u_window|add_354~191|sumout                         ;
;   29.870 ;   0.183 ; RR ; IC   ; 1      ; LABCELL_X299_Y381_N3   ; Combinational cell ; u_pipe|g_cfar_per_beam[15].u_cfar|u_window|i24904~19|datad                            ;
;   29.911 ;   0.041 ; RF ; CELL ; 2      ; LABCELL_X299_Y381_N3   ; Combinational cell ; u_pipe|g_cfar_per_beam[15].u_cfar|u_window|i24904~19|combout                          ;
;   29.937 ;   0.026 ; FR ; CELL ; 1      ; LABCELL_X299_Y381_N3   ; Combinational cell ; u_pipe|g_cfar_per_beam[15].u_cfar|u_window|i24904~19~cw_la_lab/lab_lut5outt[0]        ;
;   30.242 ;   0.305 ; RR ; IC   ; 3      ; LABCELL_X297_Y378_N54  ; Combinational cell ; u_pipe|g_cfar_per_beam[15].u_cfar|u_window|add_358~191|datac                          ;
;   30.467 ;   0.225 ; RR ; CELL ; 1      ; LABCELL_X297_Y378_N57  ; Combinational cell ; u_pipe|g_cfar_per_beam[15].u_cfar|u_window|add_358~196|cout                           ;
;   30.526 ;   0.059 ; RR ; IC   ; 3      ; LABCELL_X297_Y377_N0   ; Combinational cell ; u_pipe|g_cfar_per_beam[15].u_cfar|u_window|add_358~201|cin                            ;
;   30.568 ;   0.042 ; RR ; CELL ; 1      ; LABCELL_X297_Y377_N3   ; Combinational cell ; u_pipe|g_cfar_per_beam[15].u_cfar|u_window|add_358~206|cout                           ;
;   30.568 ;   0.000 ; RR ; CELL ; 3      ; LABCELL_X297_Y377_N6   ; Combinational cell ; u_pipe|g_cfar_per_beam[15].u_cfar|u_window|add_358~211|cin                            ;
;   30.592 ;   0.024 ; RF ; CELL ; 1      ; LABCELL_X297_Y377_N9   ; Combinational cell ; u_pipe|g_cfar_per_beam[15].u_cfar|u_window|add_358~216|cout                           ;
;   30.592 ;   0.000 ; FF ; CELL ; 3      ; LABCELL_X297_Y377_N12  ; Combinational cell ; u_pipe|g_cfar_per_beam[15].u_cfar|u_window|add_358~221|cin                            ;
;   30.708 ;   0.116 ; FF ; CELL ; 1      ; LABCELL_X297_Y377_N12  ; Combinational cell ; u_pipe|g_cfar_per_beam[15].u_cfar|u_window|add_358~221|sumout                         ;
;   30.814 ;   0.106 ; FF ; IC   ; 1      ; MLABCELL_X298_Y377_N9  ; Combinational cell ; u_pipe|g_cfar_per_beam[15].u_cfar|u_window|sum_lag_c[0]~44|datad                      ;
;   30.858 ;   0.044 ; FR ; CELL ; 2      ; MLABCELL_X298_Y377_N9  ; Combinational cell ; u_pipe|g_cfar_per_beam[15].u_cfar|u_window|sum_lag_c[0]~44|combout                    ;
;   30.882 ;   0.024 ; RF ; CELL ; 1      ; MLABCELL_X298_Y377_N9  ; Combinational cell ; u_pipe|g_cfar_per_beam[15].u_cfar|u_window|sum_lag_c[0]~44~cw_ml_mlab/lab_lut5outt[1] ;
;   31.087 ;   0.205 ; FF ; IC   ; 1      ; MPDSP_X300_Y377_N0     ; DSP block          ; u_pipe|g_cfar_per_beam[15].u_cfar|mult_1~mac|ax[17]                                   ;
;   31.087 ;   0.000 ; FF ; CELL ; 0      ; MPDSP_X300_Y377_N0     ; DSP block          ; u_pipe|g_cfar_per_beam[15].u_cfar|sum_lag1_q[35]                                      ;
+----------+---------+----+------+--------+------------------------+--------------------+---------------------------------------------------------------------------------------+

+------------------------------------------------------------------------------------------------------------------------------------------------+
; Data Required Path                                                                                                                             ;
+---------+----------+----+------+--------+-----------------------+------------------+-----------------------------------------------------------+
; Total   ; Incr     ; RF ; Type ; Fanout ; Location              ; Element Type     ; Element                                                   ;
+---------+----------+----+------+--------+-----------------------+------------------+-----------------------------------------------------------+
; 2.222   ; 2.222    ;    ;      ;        ;                       ;                  ; latch edge time                                           ;
; 8.116   ; 5.894    ;    ;      ;        ;                       ;                  ; clock path                                                ;
;   2.222 ;   0.000  ;    ;      ;        ;                       ;                  ; source latency                                            ;
;   2.222 ;   0.000  ;    ;      ; 1      ; PIN_H19               ; I/O pad          ; core_clk                                                  ;
;   2.222 ;   0.000  ; RR ; IC   ; 1      ; IOIBUF_X335_Y418_N121 ; I/O input buffer ; core_clk~input|i                                          ;
;   2.408 ;   0.186  ; RR ; CELL ; 1      ; IOIBUF_X335_Y418_N121 ; I/O input buffer ; core_clk~input|o                                          ;
;   3.228 ;   0.820  ; RR ; CELL ; 546664 ; IOIBUF_X335_Y418_N121 ; I/O input buffer ; core_clk~input~io96/m25_0_30__io12buf2_to_iopll__ioclkin3 ;
;   7.613 ;   4.385  ; RR ; IC   ; 19     ; MPDSP_X300_Y377_N0    ; DSP block        ; u_pipe|g_cfar_per_beam[15].u_cfar|mult_1~mac|clk          ;
;   7.613 ;   0.000  ; RR ; CELL ; 0      ; MPDSP_X300_Y377_N0    ; DSP block        ; u_pipe|g_cfar_per_beam[15].u_cfar|sum_lag1_q[35]          ;
;   8.141 ;   0.528  ;    ;      ;        ;                       ;                  ; clock pessimism removed                                   ;
;   8.116 ;   -0.025 ;    ;      ;        ;                       ;                  ; advanced clock effects                                    ;
; 8.086   ; -0.030   ;    ;      ;        ;                       ;                  ; clock uncertainty                                         ;
; 8.102   ; 0.016    ;    ; uTsu ; 0      ; MPDSP_X300_Y377_N0    ; DSP block        ; u_pipe|g_cfar_per_beam[15].u_cfar|sum_lag1_q[35]          ;
+---------+----------+----+------+--------+-----------------------+------------------+-----------------------------------------------------------+



Path #5: Setup slack is -22.984 (VIOLATED)
===============================================================================
+--------------------------------------------------------------------------------------------+
; Path Summary                                                                               ;
+---------------------------------+----------------------------------------------------------+
; Property                        ; Value                                                    ;
+---------------------------------+----------------------------------------------------------+
; From Node                       ; u_pipe|g_cfar_per_beam[15].u_cfar|u_window|cell_q[39][2] ;
; To Node                         ; u_pipe|g_cfar_per_beam[15].u_cfar|sum_lag1_q[35]         ;
; Launch Clock                    ; core_clk                                                 ;
; Latch Clock                     ; core_clk                                                 ;
; SDC Exception                   ; No SDC Exception on Path                                 ;
; Data Arrival Time               ; 31.086                                                   ;
; Data Required Time              ; 8.102                                                    ;
; Slack                           ; -22.984 (VIOLATED)                                       ;
; Worst-Case Operating Conditions ; Slow vid1 100C Model                                     ;
+---------------------------------+----------------------------------------------------------+

+------------------------------------------------------------------------------------+
; Statistics                                                                         ;
+------------------------+--------+-------+-------------+------------+-------+-------+
; Property               ; Value  ; Count ; Total Delay ; % of Total ; Min   ; Max   ;
+------------------------+--------+-------+-------------+------------+-------+-------+
; Setup Relationship     ; 2.222  ;       ;             ;            ;       ;       ;
; Clock Skew             ; -0.078 ;       ;             ;            ;       ;       ;
; Data Delay             ; 25.114 ;       ;             ;            ;       ;       ;
; Number of Logic Levels ;        ; 68    ;             ;            ;       ;       ;
; Physical Delays        ;        ;       ;             ;            ;       ;       ;
;  Arrival Path          ;        ;       ;             ;            ;       ;       ;
;   Clock                ;        ;       ;             ;            ;       ;       ;
;    IC                  ;        ; 2     ; 4.847       ; 81         ; 0.000 ; 4.847 ;
;    Cell                ;        ; 3     ; 1.125       ; 19         ; 0.000 ; 0.939 ;
;   Data                 ;        ;       ;             ;            ;       ;       ;
;    IC                  ;        ; 71    ; 14.744      ; 59         ; 0.059 ; 0.307 ;
;    Cell                ;        ; 129   ; 10.160      ; 40         ; 0.000 ; 0.225 ;
;    uTco                ;        ; 1     ; 0.210       ; 1          ; 0.210 ; 0.210 ;
;  Required Path         ;        ;       ;             ;            ;       ;       ;
;   Clock                ;        ;       ;             ;            ;       ;       ;
;    IC                  ;        ; 2     ; 4.385       ; 81         ; 0.000 ; 4.385 ;
;    Cell                ;        ; 3     ; 1.006       ; 19         ; 0.000 ; 0.820 ;
+------------------------+--------+-------+-------------+------------+-------+-------+
Note: Negative delays are omitted from totals when calculating percentages

+-------------------------------------------------------------------------------------------------------------------------------------------------------------------------------+
; Data Arrival Path                                                                                                                                                             ;
+----------+---------+----+------+--------+------------------------+--------------------+---------------------------------------------------------------------------------------+
; Total    ; Incr    ; RF ; Type ; Fanout ; Location               ; Element Type       ; Element                                                                               ;
+----------+---------+----+------+--------+------------------------+--------------------+---------------------------------------------------------------------------------------+
; 0.000    ; 0.000   ;    ;      ;        ;                        ;                    ; launch edge time                                                                      ;
; 5.972    ; 5.972   ;    ;      ;        ;                        ;                    ; clock path                                                                            ;
;   0.000  ;   0.000 ;    ;      ;        ;                        ;                    ; source latency                                                                        ;
;   0.000  ;   0.000 ;    ;      ; 1      ; PIN_H19                ; I/O pad            ; core_clk                                                                              ;
;   0.000  ;   0.000 ; RR ; IC   ; 1      ; IOIBUF_X335_Y418_N121  ; I/O input buffer   ; core_clk~input|i                                                                      ;
;   0.186  ;   0.186 ; RR ; CELL ; 1      ; IOIBUF_X335_Y418_N121  ; I/O input buffer   ; core_clk~input|o                                                                      ;
;   1.125  ;   0.939 ; RR ; CELL ; 546664 ; IOIBUF_X335_Y418_N121  ; I/O input buffer   ; core_clk~input~io96/m25_0_30__io12buf2_to_iopll__ioclkin3                             ;
;   5.972  ;   4.847 ; RR ; IC   ; 1      ; FF_X315_Y380_N22       ; ALM Register       ; u_pipe|g_cfar_per_beam[15].u_cfar|u_window|cell_q[39][2]|clk                          ;
;   5.972  ;   0.000 ; RR ; CELL ; 1      ; FF_X315_Y380_N22       ; ALM Register       ; u_pipe|g_cfar_per_beam[15].u_cfar|u_window|cell_q[39][2]                              ;
; 31.086   ; 25.114  ;    ;      ;        ;                        ;                    ; data path                                                                             ;
;   6.182  ;   0.210 ; RR ; uTco ; 3      ; FF_X315_Y380_N22       ; ALM Register       ; u_pipe|g_cfar_per_beam[15].u_cfar|u_window|cell_q[39][2]|q                            ;
;   6.303  ;   0.121 ; RR ; IC   ; 5      ; MLABCELL_X314_Y380_N6  ; Combinational cell ; u_pipe|g_cfar_per_beam[15].u_cfar|u_window|add_226~11|datad                           ;
;   6.436  ;   0.133 ; RR ; CELL ; 1      ; MLABCELL_X314_Y380_N9  ; Combinational cell ; u_pipe|g_cfar_per_beam[15].u_cfar|u_window|add_226~16|cout                            ;
;   6.436  ;   0.000 ; RR ; CELL ; 3      ; MLABCELL_X314_Y380_N12 ; Combinational cell ; u_pipe|g_cfar_per_beam[15].u_cfar|u_window|add_226~21|cin                             ;
;   6.558  ;   0.122 ; RR ; CELL ; 1      ; MLABCELL_X314_Y380_N12 ; Combinational cell ; u_pipe|g_cfar_per_beam[15].u_cfar|u_window|add_226~21|sumout                          ;
;   6.741  ;   0.183 ; RR ; IC   ; 1      ; MLABCELL_X314_Y378_N15 ; Combinational cell ; u_pipe|g_cfar_per_beam[15].u_cfar|u_window|i21256~4|datae                             ;
;   6.758  ;   0.017 ; RF ; CELL ; 2      ; MLABCELL_X314_Y378_N15 ; Combinational cell ; u_pipe|g_cfar_per_beam[15].u_cfar|u_window|i21256~4|combout                           ;
;   6.785  ;   0.027 ; FR ; CELL ; 1      ; MLABCELL_X314_Y378_N15 ; Combinational cell ; u_pipe|g_cfar_per_beam[15].u_cfar|u_window|i21256~4~cw_ml_mlab/lab_lut5outt[2]        ;
;   7.040  ;   0.255 ; RR ; IC   ; 5      ; LABCELL_X313_Y379_N12  ; Combinational cell ; u_pipe|g_cfar_per_beam[15].u_cfar|u_window|add_230~21|datac                           ;
;   7.157  ;   0.117 ; RF ; CELL ; 1      ; LABCELL_X313_Y379_N15  ; Combinational cell ; u_pipe|g_cfar_per_beam[15].u_cfar|u_window|add_230~26|cout                            ;
;   7.157  ;   0.000 ; FF ; CELL ; 3      ; LABCELL_X313_Y379_N18  ; Combinational cell ; u_pipe|g_cfar_per_beam[15].u_cfar|u_window|add_230~31|cin                             ;
;   7.278  ;   0.121 ; FR ; CELL ; 1      ; LABCELL_X313_Y379_N18  ; Combinational cell ; u_pipe|g_cfar_per_beam[15].u_cfar|u_window|add_230~31|sumout                          ;
;   7.474  ;   0.196 ; RR ; IC   ; 1      ; MLABCELL_X314_Y378_N33 ; Combinational cell ; u_pipe|g_cfar_per_beam[15].u_cfar|u_window|i21370~6|datac                             ;
;   7.593  ;   0.119 ; RR ; CELL ; 2      ; MLABCELL_X314_Y378_N33 ; Combinational cell ; u_pipe|g_cfar_per_beam[15].u_cfar|u_window|i21370~6|combout                           ;
;   7.816  ;   0.223 ; RR ; IC   ; 5      ; MLABCELL_X312_Y379_N18 ; Combinational cell ; u_pipe|g_cfar_per_beam[15].u_cfar|u_window|add_234~31|datad                           ;
;   7.993  ;   0.177 ; RR ; CELL ; 1      ; MLABCELL_X312_Y379_N18 ; Combinational cell ; u_pipe|g_cfar_per_beam[15].u_cfar|u_window|add_234~31|sumout                          ;
;   8.221  ;   0.228 ; RR ; IC   ; 1      ; LABCELL_X310_Y380_N27  ; Combinational cell ; u_pipe|g_cfar_per_beam[15].u_cfar|u_window|i21484~6|datae                             ;
;   8.275  ;   0.054 ; RR ; CELL ; 2      ; LABCELL_X310_Y380_N27  ; Combinational cell ; u_pipe|g_cfar_per_beam[15].u_cfar|u_window|i21484~6|combout                           ;
;   8.417  ;   0.142 ; RR ; IC   ; 5      ; LABCELL_X310_Y379_N18  ; Combinational cell ; u_pipe|g_cfar_per_beam[15].u_cfar|u_window|add_238~31|datac                           ;
;   8.591  ;   0.174 ; RF ; CELL ; 1      ; LABCELL_X310_Y379_N18  ; Combinational cell ; u_pipe|g_cfar_per_beam[15].u_cfar|u_window|add_238~31|sumout                          ;
;   8.762  ;   0.171 ; FF ; IC   ; 1      ; LABCELL_X310_Y380_N51  ; Combinational cell ; u_pipe|g_cfar_per_beam[15].u_cfar|u_window|i21598~6|datae                             ;
;   8.781  ;   0.019 ; FR ; CELL ; 2      ; LABCELL_X310_Y380_N51  ; Combinational cell ; u_pipe|g_cfar_per_beam[15].u_cfar|u_window|i21598~6|combout                           ;
;   8.805  ;   0.024 ; RF ; CELL ; 1      ; LABCELL_X310_Y380_N51  ; Combinational cell ; u_pipe|g_cfar_per_beam[15].u_cfar|u_window|i21598~6~cw_la_lab/lab_lut5outb[3]         ;
;   8.981  ;   0.176 ; FF ; IC   ; 5      ; MLABCELL_X309_Y379_N18 ; Combinational cell ; u_pipe|g_cfar_per_beam[15].u_cfar|u_window|add_242~31|datac                           ;
;   9.178  ;   0.197 ; FF ; CELL ; 1      ; MLABCELL_X309_Y379_N18 ; Combinational cell ; u_pipe|g_cfar_per_beam[15].u_cfar|u_window|add_242~31|sumout                          ;
;   9.366  ;   0.188 ; FF ; IC   ; 1      ; LABCELL_X308_Y380_N3   ; Combinational cell ; u_pipe|g_cfar_per_beam[15].u_cfar|u_window|i21712~6|datae                             ;
;   9.411  ;   0.045 ; FF ; CELL ; 2      ; LABCELL_X308_Y380_N3   ; Combinational cell ; u_pipe|g_cfar_per_beam[15].u_cfar|u_window|i21712~6|combout                           ;
;   9.649  ;   0.238 ; FF ; IC   ; 5      ; MLABCELL_X307_Y378_N18 ; Combinational cell ; u_pipe|g_cfar_per_beam[15].u_cfar|u_window|add_246~31|datac                           ;
;   9.845  ;   0.196 ; FF ; CELL ; 1      ; MLABCELL_X307_Y378_N18 ; Combinational cell ; u_pipe|g_cfar_per_beam[15].u_cfar|u_window|add_246~31|sumout                          ;
;   10.054 ;   0.209 ; FF ; IC   ; 1      ; LABCELL_X308_Y380_N57  ; Combinational cell ; u_pipe|g_cfar_per_beam[15].u_cfar|u_window|i21826~6|datad                             ;
;   10.097 ;   0.043 ; FR ; CELL ; 2      ; LABCELL_X308_Y380_N57  ; Combinational cell ; u_pipe|g_cfar_per_beam[15].u_cfar|u_window|i21826~6|combout                           ;
;   10.151 ;   0.054 ; RF ; CELL ; 1      ; LABCELL_X308_Y380_N57  ; Combinational cell ; u_pipe|g_cfar_per_beam[15].u_cfar|u_window|i21826~6~cw_la_lab/laboutb[19]             ;
;   10.374 ;   0.223 ; FF ; IC   ; 5      ; MLABCELL_X307_Y381_N18 ; Combinational cell ; u_pipe|g_cfar_per_beam[15].u_cfar|u_window|add_250~31|datad                           ;
;   10.560 ;   0.186 ; FF ; CELL ; 1      ; MLABCELL_X307_Y381_N18 ; Combinational cell ; u_pipe|g_cfar_per_beam[15].u_cfar|u_window|add_250~31|sumout                          ;
;   10.770 ;   0.210 ; FF ; IC   ; 1      ; MLABCELL_X309_Y380_N27 ; Combinational cell ; u_pipe|g_cfar_per_beam[15].u_cfar|u_window|i21940~6|datae                             ;
;   10.797 ;   0.027 ; FR ; CELL ; 2      ; MLABCELL_X309_Y380_N27 ; Combinational cell ; u_pipe|g_cfar_per_beam[15].u_cfar|u_window|i21940~6|combout                           ;
;   10.815 ;   0.018 ; RF ; CELL ; 1      ; MLABCELL_X309_Y380_N27 ; Combinational cell ; u_pipe|g_cfar_per_beam[15].u_cfar|u_window|i21940~6~cw_ml_mlab/lab_lut6outt[4]        ;
;   11.017 ;   0.202 ; FF ; IC   ; 5      ; MLABCELL_X309_Y383_N18 ; Combinational cell ; u_pipe|g_cfar_per_beam[15].u_cfar|u_window|add_254~31|datad                           ;
;   11.190 ;   0.173 ; FR ; CELL ; 1      ; MLABCELL_X309_Y383_N18 ; Combinational cell ; u_pipe|g_cfar_per_beam[15].u_cfar|u_window|add_254~31|sumout                          ;
;   11.346 ;   0.156 ; RR ; IC   ; 1      ; MLABCELL_X309_Y384_N3  ; Combinational cell ; u_pipe|g_cfar_per_beam[15].u_cfar|u_window|i22054~6|dataf                             ;
;   11.359 ;   0.013 ; RF ; CELL ; 2      ; MLABCELL_X309_Y384_N3  ; Combinational cell ; u_pipe|g_cfar_per_beam[15].u_cfar|u_window|i22054~6|combout                           ;
;   11.420 ;   0.061 ; FR ; CELL ; 1      ; MLABCELL_X309_Y384_N3  ; Combinational cell ; u_pipe|g_cfar_per_beam[15].u_cfar|u_window|i22054~6~cw_ml_mlab/laboutt[2]             ;
;   11.608 ;   0.188 ; RR ; IC   ; 5      ; LABCELL_X310_Y383_N18  ; Combinational cell ; u_pipe|g_cfar_per_beam[15].u_cfar|u_window|add_258~31|datac                           ;
;   11.781 ;   0.173 ; RF ; CELL ; 1      ; LABCELL_X310_Y383_N18  ; Combinational cell ; u_pipe|g_cfar_per_beam[15].u_cfar|u_window|add_258~31|sumout                          ;
;   12.011 ;   0.230 ; FF ; IC   ; 1      ; LABCELL_X308_Y384_N9   ; Combinational cell ; u_pipe|g_cfar_per_beam[15].u_cfar|u_window|i22168~6|dataf                             ;
;   12.025 ;   0.014 ; FR ; CELL ; 2      ; LABCELL_X308_Y384_N9   ; Combinational cell ; u_pipe|g_cfar_per_beam[15].u_cfar|u_window|i22168~6|combout                           ;
;   12.081 ;   0.056 ; RF ; CELL ; 1      ; LABCELL_X308_Y384_N9   ; Combinational cell ; u_pipe|g_cfar_per_beam[15].u_cfar|u_window|i22168~6~cw_la_lab/laboutt[7]              ;
;   12.309 ;   0.228 ; FF ; IC   ; 5      ; MLABCELL_X312_Y383_N18 ; Combinational cell ; u_pipe|g_cfar_per_beam[15].u_cfar|u_window|add_262~31|datad                           ;
;   12.494 ;   0.185 ; FF ; CELL ; 1      ; MLABCELL_X312_Y383_N18 ; Combinational cell ; u_pipe|g_cfar_per_beam[15].u_cfar|u_window|add_262~31|sumout                          ;
;   12.721 ;   0.227 ; FF ; IC   ; 1      ; LABCELL_X308_Y384_N15  ; Combinational cell ; u_pipe|g_cfar_per_beam[15].u_cfar|u_window|i22282~6|datad                             ;
;   12.771 ;   0.050 ; FR ; CELL ; 2      ; LABCELL_X308_Y384_N15  ; Combinational cell ; u_pipe|g_cfar_per_beam[15].u_cfar|u_window|i22282~6|combout                           ;
;   12.834 ;   0.063 ; RF ; CELL ; 1      ; LABCELL_X308_Y384_N15  ; Combinational cell ; u_pipe|g_cfar_per_beam[15].u_cfar|u_window|i22282~6~cw_la_lab/laboutt[10]             ;
;   13.079 ;   0.245 ; FF ; IC   ; 5      ; LABCELL_X310_Y387_N18  ; Combinational cell ; u_pipe|g_cfar_per_beam[15].u_cfar|u_window|add_266~31|datac                           ;
;   13.295 ;   0.216 ; FR ; CELL ; 1      ; LABCELL_X310_Y387_N27  ; Combinational cell ; u_pipe|g_cfar_per_beam[15].u_cfar|u_window|add_266~46|cout                            ;
;   13.295 ;   0.000 ; RR ; CELL ; 3      ; LABCELL_X310_Y387_N30  ; Combinational cell ; u_pipe|g_cfar_per_beam[15].u_cfar|u_window|add_266~51|cin                             ;
;   13.419 ;   0.124 ; RF ; CELL ; 1      ; LABCELL_X310_Y387_N30  ; Combinational cell ; u_pipe|g_cfar_per_beam[15].u_cfar|u_window|add_266~51|sumout                          ;
;   13.713 ;   0.294 ; FF ; IC   ; 1      ; MLABCELL_X314_Y383_N9  ; Combinational cell ; u_pipe|g_cfar_per_beam[15].u_cfar|u_window|i22396~10|dataf                            ;
;   13.728 ;   0.015 ; FR ; CELL ; 2      ; MLABCELL_X314_Y383_N9  ; Combinational cell ; u_pipe|g_cfar_per_beam[15].u_cfar|u_window|i22396~10|combout                          ;
;   13.783 ;   0.055 ; RF ; CELL ; 1      ; MLABCELL_X314_Y383_N9  ; Combinational cell ; u_pipe|g_cfar_per_beam[15].u_cfar|u_window|i22396~10~cw_ml_mlab/laboutt[4]            ;
;   14.067 ;   0.284 ; FF ; IC   ; 4      ; LABCELL_X308_Y387_N30  ; Combinational cell ; u_pipe|g_cfar_per_beam[15].u_cfar|u_window|add_270~51|datad                           ;
;   14.175 ;   0.108 ; FR ; CELL ; 1      ; LABCELL_X308_Y387_N33  ; Combinational cell ; u_pipe|g_cfar_per_beam[15].u_cfar|u_window|add_270~56|cout                            ;
;   14.175 ;   0.000 ; RR ; CELL ; 3      ; LABCELL_X308_Y387_N36  ; Combinational cell ; u_pipe|g_cfar_per_beam[15].u_cfar|u_window|add_270~61|cin                             ;
;   14.292 ;   0.117 ; RR ; CELL ; 1      ; LABCELL_X308_Y387_N36  ; Combinational cell ; u_pipe|g_cfar_per_beam[15].u_cfar|u_window|add_270~61|sumout                          ;
;   14.529 ;   0.237 ; RR ; IC   ; 1      ; LABCELL_X308_Y384_N51  ; Combinational cell ; u_pipe|g_cfar_per_beam[15].u_cfar|u_window|i22510~12|datae                            ;
;   14.556 ;   0.027 ; RF ; CELL ; 2      ; LABCELL_X308_Y384_N51  ; Combinational cell ; u_pipe|g_cfar_per_beam[15].u_cfar|u_window|i22510~12|combout                          ;
;   14.624 ;   0.068 ; FR ; CELL ; 1      ; LABCELL_X308_Y384_N51  ; Combinational cell ; u_pipe|g_cfar_per_beam[15].u_cfar|u_window|i22510~12~cw_la_lab/laboutb[12]            ;
;   14.806 ;   0.182 ; RR ; IC   ; 4      ; MLABCELL_X309_Y388_N36 ; Combinational cell ; u_pipe|g_cfar_per_beam[15].u_cfar|u_window|add_274~61|datad                           ;
;   14.939 ;   0.133 ; RR ; CELL ; 1      ; MLABCELL_X309_Y388_N39 ; Combinational cell ; u_pipe|g_cfar_per_beam[15].u_cfar|u_window|add_274~66|cout                            ;
;   14.939 ;   0.000 ; RR ; CELL ; 3      ; MLABCELL_X309_Y388_N42 ; Combinational cell ; u_pipe|g_cfar_per_beam[15].u_cfar|u_window|add_274~71|cin                             ;
;   14.963 ;   0.024 ; RF ; CELL ; 1      ; MLABCELL_X309_Y388_N45 ; Combinational cell ; u_pipe|g_cfar_per_beam[15].u_cfar|u_window|add_274~76|cout                            ;
;   14.963 ;   0.000 ; FF ; CELL ; 3      ; MLABCELL_X309_Y388_N48 ; Combinational cell ; u_pipe|g_cfar_per_beam[15].u_cfar|u_window|add_274~81|cin                             ;
;   14.986 ;   0.023 ; FR ; CELL ; 1      ; MLABCELL_X309_Y388_N51 ; Combinational cell ; u_pipe|g_cfar_per_beam[15].u_cfar|u_window|add_274~86|cout                            ;
;   14.986 ;   0.000 ; RR ; CELL ; 2      ; MLABCELL_X309_Y388_N54 ; Combinational cell ; u_pipe|g_cfar_per_beam[15].u_cfar|u_window|add_274~91|cin                             ;
;   15.109 ;   0.123 ; RF ; CELL ; 1      ; MLABCELL_X309_Y388_N54 ; Combinational cell ; u_pipe|g_cfar_per_beam[15].u_cfar|u_window|add_274~91|sumout                          ;
;   15.334 ;   0.225 ; FF ; IC   ; 1      ; LABCELL_X303_Y388_N30  ; Combinational cell ; u_pipe|g_cfar_per_beam[15].u_cfar|u_window|i22624~18|datad                            ;
;   15.390 ;   0.056 ; FF ; CELL ; 2      ; LABCELL_X303_Y388_N30  ; Combinational cell ; u_pipe|g_cfar_per_beam[15].u_cfar|u_window|i22624~18|combout                          ;
;   15.433 ;   0.043 ; FF ; CELL ; 1      ; LABCELL_X303_Y388_N30  ; Combinational cell ; u_pipe|g_cfar_per_beam[15].u_cfar|u_window|i22624~18~cw_la_lab/laboutb[0]             ;
;   15.625 ;   0.192 ; FF ; IC   ; 3      ; MLABCELL_X307_Y388_N54 ; Combinational cell ; u_pipe|g_cfar_per_beam[15].u_cfar|u_window|add_278~91|datac                           ;
;   15.821 ;   0.196 ; FF ; CELL ; 1      ; MLABCELL_X307_Y388_N54 ; Combinational cell ; u_pipe|g_cfar_per_beam[15].u_cfar|u_window|add_278~91|sumout                          ;
;   16.102 ;   0.281 ; FF ; IC   ; 1      ; LABCELL_X303_Y389_N45  ; Combinational cell ; u_pipe|g_cfar_per_beam[15].u_cfar|u_window|i22738~18|datae                            ;
;   16.129 ;   0.027 ; FR ; CELL ; 2      ; LABCELL_X303_Y389_N45  ; Combinational cell ; u_pipe|g_cfar_per_beam[15].u_cfar|u_window|i22738~18|combout                          ;
;   16.146 ;   0.017 ; RF ; CELL ; 1      ; LABCELL_X303_Y389_N45  ; Combinational cell ; u_pipe|g_cfar_per_beam[15].u_cfar|u_window|i22738~18~cw_la_lab/lab_lut6outb[2]        ;
;   16.364 ;   0.218 ; FF ; IC   ; 3      ; LABCELL_X305_Y388_N54  ; Combinational cell ; u_pipe|g_cfar_per_beam[15].u_cfar|u_window|add_282~91|datac                           ;
;   16.529 ;   0.165 ; FF ; CELL ; 1      ; LABCELL_X305_Y388_N54  ; Combinational cell ; u_pipe|g_cfar_per_beam[15].u_cfar|u_window|add_282~91|sumout                          ;
;   16.748 ;   0.219 ; FF ; IC   ; 1      ; LABCELL_X303_Y389_N15  ; Combinational cell ; u_pipe|g_cfar_per_beam[15].u_cfar|u_window|i22852~18|datae                            ;
;   16.767 ;   0.019 ; FR ; CELL ; 2      ; LABCELL_X303_Y389_N15  ; Combinational cell ; u_pipe|g_cfar_per_beam[15].u_cfar|u_window|i22852~18|combout                          ;
;   16.791 ;   0.024 ; RF ; CELL ; 1      ; LABCELL_X303_Y389_N15  ; Combinational cell ; u_pipe|g_cfar_per_beam[15].u_cfar|u_window|i22852~18~cw_la_lab/lab_lut5outt[2]        ;
;   16.920 ;   0.129 ; FF ; IC   ; 3      ; MLABCELL_X304_Y389_N54 ; Combinational cell ; u_pipe|g_cfar_per_beam[15].u_cfar|u_window|add_286~91|datac                           ;
;   17.104 ;   0.184 ; FF ; CELL ; 1      ; MLABCELL_X304_Y389_N54 ; Combinational cell ; u_pipe|g_cfar_per_beam[15].u_cfar|u_window|add_286~91|sumout                          ;
;   17.333 ;   0.229 ; FF ; IC   ; 1      ; LABCELL_X303_Y390_N39  ; Combinational cell ; u_pipe|g_cfar_per_beam[15].u_cfar|u_window|i22966~18|datae                            ;
;   17.352 ;   0.019 ; FR ; CELL ; 2      ; LABCELL_X303_Y390_N39  ; Combinational cell ; u_pipe|g_cfar_per_beam[15].u_cfar|u_window|i22966~18|combout                          ;
;   17.406 ;   0.054 ; RF ; CELL ; 1      ; LABCELL_X303_Y390_N39  ; Combinational cell ; u_pipe|g_cfar_per_beam[15].u_cfar|u_window|i22966~18~cw_la_lab/laboutb[6]             ;
;   17.586 ;   0.180 ; FF ; IC   ; 3      ; LABCELL_X303_Y386_N54  ; Combinational cell ; u_pipe|g_cfar_per_beam[15].u_cfar|u_window|add_290~91|datad                           ;
;   17.746 ;   0.160 ; FF ; CELL ; 1      ; LABCELL_X303_Y386_N54  ; Combinational cell ; u_pipe|g_cfar_per_beam[15].u_cfar|u_window|add_290~91|sumout                          ;
;   17.964 ;   0.218 ; FF ; IC   ; 1      ; LABCELL_X303_Y390_N21  ; Combinational cell ; u_pipe|g_cfar_per_beam[15].u_cfar|u_window|i23080~18|datad                            ;
;   18.007 ;   0.043 ; FR ; CELL ; 2      ; LABCELL_X303_Y390_N21  ; Combinational cell ; u_pipe|g_cfar_per_beam[15].u_cfar|u_window|i23080~18|combout                          ;
;   18.072 ;   0.065 ; RF ; CELL ; 1      ; LABCELL_X303_Y390_N21  ; Combinational cell ; u_pipe|g_cfar_per_beam[15].u_cfar|u_window|i23080~18~cw_la_lab/laboutt[15]            ;
;   18.260 ;   0.188 ; FF ; IC   ; 3      ; MLABCELL_X302_Y386_N54 ; Combinational cell ; u_pipe|g_cfar_per_beam[15].u_cfar|u_window|add_294~91|datac                           ;
;   18.458 ;   0.198 ; FF ; CELL ; 1      ; MLABCELL_X302_Y386_N54 ; Combinational cell ; u_pipe|g_cfar_per_beam[15].u_cfar|u_window|add_294~91|sumout                          ;
;   18.731 ;   0.273 ; FF ; IC   ; 1      ; LABCELL_X299_Y390_N42  ; Combinational cell ; u_pipe|g_cfar_per_beam[15].u_cfar|u_window|i23194~18|datad                            ;
;   18.823 ;   0.092 ; FF ; CELL ; 2      ; LABCELL_X299_Y390_N42  ; Combinational cell ; u_pipe|g_cfar_per_beam[15].u_cfar|u_window|i23194~18|combout                          ;
;   18.980 ;   0.157 ; FF ; IC   ; 3      ; LABCELL_X299_Y386_N54  ; Combinational cell ; u_pipe|g_cfar_per_beam[15].u_cfar|u_window|add_298~91|datad                           ;
;   19.190 ;   0.210 ; FR ; CELL ; 1      ; LABCELL_X299_Y386_N57  ; Combinational cell ; u_pipe|g_cfar_per_beam[15].u_cfar|u_window|add_298~96|cout                            ;
;   19.249 ;   0.059 ; RR ; IC   ; 5      ; LABCELL_X299_Y385_N0   ; Combinational cell ; u_pipe|g_cfar_per_beam[15].u_cfar|u_window|add_298~101|cin                            ;
;   19.386 ;   0.137 ; RF ; CELL ; 1      ; LABCELL_X299_Y385_N0   ; Combinational cell ; u_pipe|g_cfar_per_beam[15].u_cfar|u_window|add_298~101|sumout                         ;
;   19.586 ;   0.200 ; FF ; IC   ; 1      ; MLABCELL_X304_Y385_N21 ; Combinational cell ; u_pipe|g_cfar_per_beam[15].u_cfar|u_window|i23308~20|datac                            ;
;   19.697 ;   0.111 ; FF ; CELL ; 2      ; MLABCELL_X304_Y385_N21 ; Combinational cell ; u_pipe|g_cfar_per_beam[15].u_cfar|u_window|i23308~20|combout                          ;
;   19.990 ;   0.293 ; FF ; IC   ; 5      ; MLABCELL_X298_Y389_N0  ; Combinational cell ; u_pipe|g_cfar_per_beam[15].u_cfar|u_window|add_302~101|datac                          ;
;   20.188 ;   0.198 ; FF ; CELL ; 1      ; MLABCELL_X298_Y389_N0  ; Combinational cell ; u_pipe|g_cfar_per_beam[15].u_cfar|u_window|add_302~101|sumout                         ;
;   20.417 ;   0.229 ; FF ; IC   ; 1      ; MLABCELL_X298_Y386_N21 ; Combinational cell ; u_pipe|g_cfar_per_beam[15].u_cfar|u_window|i23422~20|datac                            ;
;   20.499 ;   0.082 ; FF ; CELL ; 2      ; MLABCELL_X298_Y386_N21 ; Combinational cell ; u_pipe|g_cfar_per_beam[15].u_cfar|u_window|i23422~20|combout                          ;
;   20.691 ;   0.192 ; FF ; IC   ; 5      ; LABCELL_X297_Y387_N0   ; Combinational cell ; u_pipe|g_cfar_per_beam[15].u_cfar|u_window|add_306~101|datad                          ;
;   20.799 ;   0.108 ; FR ; CELL ; 1      ; LABCELL_X297_Y387_N3   ; Combinational cell ; u_pipe|g_cfar_per_beam[15].u_cfar|u_window|add_306~106|cout                           ;
;   20.799 ;   0.000 ; RR ; CELL ; 3      ; LABCELL_X297_Y387_N6   ; Combinational cell ; u_pipe|g_cfar_per_beam[15].u_cfar|u_window|add_306~111|cin                            ;
;   20.823 ;   0.024 ; RF ; CELL ; 1      ; LABCELL_X297_Y387_N9   ; Combinational cell ; u_pipe|g_cfar_per_beam[15].u_cfar|u_window|add_306~116|cout                           ;
;   20.823 ;   0.000 ; FF ; CELL ; 3      ; LABCELL_X297_Y387_N12  ; Combinational cell ; u_pipe|g_cfar_per_beam[15].u_cfar|u_window|add_306~121|cin                            ;
;   20.942 ;   0.119 ; FR ; CELL ; 1      ; LABCELL_X297_Y387_N12  ; Combinational cell ; u_pipe|g_cfar_per_beam[15].u_cfar|u_window|add_306~121|sumout                         ;
;   21.128 ;   0.186 ; RR ; IC   ; 1      ; MLABCELL_X298_Y386_N27 ; Combinational cell ; u_pipe|g_cfar_per_beam[15].u_cfar|u_window|i23536~24|datac                            ;
;   21.212 ;   0.084 ; RR ; CELL ; 2      ; MLABCELL_X298_Y386_N27 ; Combinational cell ; u_pipe|g_cfar_per_beam[15].u_cfar|u_window|i23536~24|combout                          ;
;   21.419 ;   0.207 ; RR ; IC   ; 5      ; MLABCELL_X296_Y387_N12 ; Combinational cell ; u_pipe|g_cfar_per_beam[15].u_cfar|u_window|add_310~121|datad                          ;
;   21.552 ;   0.133 ; RR ; CELL ; 1      ; MLABCELL_X296_Y387_N15 ; Combinational cell ; u_pipe|g_cfar_per_beam[15].u_cfar|u_window|add_310~126|cout                           ;
;   21.552 ;   0.000 ; RR ; CELL ; 3      ; MLABCELL_X296_Y387_N18 ; Combinational cell ; u_pipe|g_cfar_per_beam[15].u_cfar|u_window|add_310~131|cin                            ;
;   21.669 ;   0.117 ; RF ; CELL ; 1      ; MLABCELL_X296_Y387_N18 ; Combinational cell ; u_pipe|g_cfar_per_beam[15].u_cfar|u_window|add_310~131|sumout                         ;
;   21.976 ;   0.307 ; FF ; IC   ; 1      ; MLABCELL_X291_Y386_N33 ; Combinational cell ; u_pipe|g_cfar_per_beam[15].u_cfar|u_window|i23650~26|datae                            ;
;   21.995 ;   0.019 ; FR ; CELL ; 2      ; MLABCELL_X291_Y386_N33 ; Combinational cell ; u_pipe|g_cfar_per_beam[15].u_cfar|u_window|i23650~26|combout                          ;
;   22.058 ;   0.063 ; RF ; CELL ; 1      ; MLABCELL_X291_Y386_N33 ; Combinational cell ; u_pipe|g_cfar_per_beam[15].u_cfar|u_window|i23650~26~cw_ml_mlab/laboutb[2]            ;
;   22.194 ;   0.136 ; FF ; IC   ; 5      ; LABCELL_X294_Y386_N18  ; Combinational cell ; u_pipe|g_cfar_per_beam[15].u_cfar|u_window|add_314~131|datad                          ;
;   22.302 ;   0.108 ; FR ; CELL ; 1      ; LABCELL_X294_Y386_N21  ; Combinational cell ; u_pipe|g_cfar_per_beam[15].u_cfar|u_window|add_314~136|cout                           ;
;   22.302 ;   0.000 ; RR ; CELL ; 2      ; LABCELL_X294_Y386_N24  ; Combinational cell ; u_pipe|g_cfar_per_beam[15].u_cfar|u_window|add_314~141|cin                            ;
;   22.424 ;   0.122 ; RR ; CELL ; 1      ; LABCELL_X294_Y386_N24  ; Combinational cell ; u_pipe|g_cfar_per_beam[15].u_cfar|u_window|add_314~141|sumout                         ;
;   22.646 ;   0.222 ; RR ; IC   ; 1      ; LABCELL_X292_Y385_N48  ; Combinational cell ; u_pipe|g_cfar_per_beam[15].u_cfar|u_window|i23764~28|datac                            ;
;   22.755 ;   0.109 ; RR ; CELL ; 2      ; LABCELL_X292_Y385_N48  ; Combinational cell ; u_pipe|g_cfar_per_beam[15].u_cfar|u_window|i23764~28|combout                          ;
;   22.964 ;   0.209 ; RR ; IC   ; 4      ; LABCELL_X292_Y386_N24  ; Combinational cell ; u_pipe|g_cfar_per_beam[15].u_cfar|u_window|add_318~141|datad                          ;
;   23.129 ;   0.165 ; RF ; CELL ; 1      ; LABCELL_X292_Y386_N24  ; Combinational cell ; u_pipe|g_cfar_per_beam[15].u_cfar|u_window|add_318~141|sumout                         ;
;   23.280 ;   0.151 ; FF ; IC   ; 1      ; LABCELL_X292_Y385_N42  ; Combinational cell ; u_pipe|g_cfar_per_beam[15].u_cfar|u_window|i23878~28|datae                            ;
;   23.313 ;   0.033 ; FF ; CELL ; 2      ; LABCELL_X292_Y385_N42  ; Combinational cell ; u_pipe|g_cfar_per_beam[15].u_cfar|u_window|i23878~28|combout                          ;
;   23.356 ;   0.043 ; FF ; CELL ; 1      ; LABCELL_X292_Y385_N42  ; Combinational cell ; u_pipe|g_cfar_per_beam[15].u_cfar|u_window|i23878~28~cw_la_lab/laboutb[8]             ;
;   23.566 ;   0.210 ; FF ; IC   ; 4      ; MLABCELL_X293_Y386_N24 ; Combinational cell ; u_pipe|g_cfar_per_beam[15].u_cfar|u_window|add_322~141|datad                          ;
;   23.753 ;   0.187 ; FF ; CELL ; 1      ; MLABCELL_X293_Y386_N24 ; Combinational cell ; u_pipe|g_cfar_per_beam[15].u_cfar|u_window|add_322~141|sumout                         ;
;   23.966 ;   0.213 ; FF ; IC   ; 1      ; LABCELL_X292_Y385_N36  ; Combinational cell ; u_pipe|g_cfar_per_beam[15].u_cfar|u_window|i23992~28|datae                            ;
;   24.034 ;   0.068 ; FF ; CELL ; 2      ; LABCELL_X292_Y385_N36  ; Combinational cell ; u_pipe|g_cfar_per_beam[15].u_cfar|u_window|i23992~28|combout                          ;
;   24.311 ;   0.277 ; FF ; IC   ; 4      ; MLABCELL_X293_Y382_N24 ; Combinational cell ; u_pipe|g_cfar_per_beam[15].u_cfar|u_window|add_326~141|datad                          ;
;   24.496 ;   0.185 ; FF ; CELL ; 1      ; MLABCELL_X293_Y382_N24 ; Combinational cell ; u_pipe|g_cfar_per_beam[15].u_cfar|u_window|add_326~141|sumout                         ;
;   24.718 ;   0.222 ; FF ; IC   ; 1      ; LABCELL_X292_Y380_N39  ; Combinational cell ; u_pipe|g_cfar_per_beam[15].u_cfar|u_window|i24106~28|datae                            ;
;   24.737 ;   0.019 ; FR ; CELL ; 2      ; LABCELL_X292_Y380_N39  ; Combinational cell ; u_pipe|g_cfar_per_beam[15].u_cfar|u_window|i24106~28|combout                          ;
;   24.790 ;   0.053 ; RF ; CELL ; 1      ; LABCELL_X292_Y380_N39  ; Combinational cell ; u_pipe|g_cfar_per_beam[15].u_cfar|u_window|i24106~28~cw_la_lab/laboutb[6]             ;
;   24.965 ;   0.175 ; FF ; IC   ; 4      ; LABCELL_X292_Y381_N24  ; Combinational cell ; u_pipe|g_cfar_per_beam[15].u_cfar|u_window|add_330~141|datad                          ;
;   25.117 ;   0.152 ; FR ; CELL ; 1      ; LABCELL_X292_Y381_N24  ; Combinational cell ; u_pipe|g_cfar_per_beam[15].u_cfar|u_window|add_330~141|sumout                         ;
;   25.253 ;   0.136 ; RR ; IC   ; 1      ; LABCELL_X292_Y380_N24  ; Combinational cell ; u_pipe|g_cfar_per_beam[15].u_cfar|u_window|i24220~28|datad                            ;
;   25.351 ;   0.098 ; RR ; CELL ; 2      ; LABCELL_X292_Y380_N24  ; Combinational cell ; u_pipe|g_cfar_per_beam[15].u_cfar|u_window|i24220~28|combout                          ;
;   25.558 ;   0.207 ; RR ; IC   ; 4      ; LABCELL_X294_Y381_N24  ; Combinational cell ; u_pipe|g_cfar_per_beam[15].u_cfar|u_window|add_334~141|datad                          ;
;   25.723 ;   0.165 ; RF ; CELL ; 1      ; LABCELL_X294_Y381_N24  ; Combinational cell ; u_pipe|g_cfar_per_beam[15].u_cfar|u_window|add_334~141|sumout                         ;
;   25.989 ;   0.266 ; FF ; IC   ; 1      ; MLABCELL_X296_Y379_N45 ; Combinational cell ; u_pipe|g_cfar_per_beam[15].u_cfar|u_window|i24334~28|datae                            ;
;   26.034 ;   0.045 ; FF ; CELL ; 2      ; MLABCELL_X296_Y379_N45 ; Combinational cell ; u_pipe|g_cfar_per_beam[15].u_cfar|u_window|i24334~28|combout                          ;
;   26.288 ;   0.254 ; FF ; IC   ; 4      ; MLABCELL_X296_Y381_N24 ; Combinational cell ; u_pipe|g_cfar_per_beam[15].u_cfar|u_window|add_338~141|datad                          ;
;   26.500 ;   0.212 ; FR ; CELL ; 1      ; MLABCELL_X296_Y381_N27 ; Combinational cell ; u_pipe|g_cfar_per_beam[15].u_cfar|u_window|add_338~146|cout                           ;
;   26.500 ;   0.000 ; RR ; CELL ; 3      ; MLABCELL_X296_Y381_N30 ; Combinational cell ; u_pipe|g_cfar_per_beam[15].u_cfar|u_window|add_338~151|cin                            ;
;   26.624 ;   0.124 ; RR ; CELL ; 1      ; MLABCELL_X296_Y381_N30 ; Combinational cell ; u_pipe|g_cfar_per_beam[15].u_cfar|u_window|add_338~151|sumout                         ;
;   26.810 ;   0.186 ; RR ; IC   ; 1      ; MLABCELL_X296_Y379_N27 ; Combinational cell ; u_pipe|g_cfar_per_beam[15].u_cfar|u_window|i24448~30|datac                            ;
;   26.917 ;   0.107 ; RR ; CELL ; 2      ; MLABCELL_X296_Y379_N27 ; Combinational cell ; u_pipe|g_cfar_per_beam[15].u_cfar|u_window|i24448~30|combout                          ;
;   27.163 ;   0.246 ; RR ; IC   ; 4      ; LABCELL_X297_Y381_N30  ; Combinational cell ; u_pipe|g_cfar_per_beam[15].u_cfar|u_window|add_342~151|datac                          ;
;   27.280 ;   0.117 ; RF ; CELL ; 1      ; LABCELL_X297_Y381_N33  ; Combinational cell ; u_pipe|g_cfar_per_beam[15].u_cfar|u_window|add_342~156|cout                           ;
;   27.280 ;   0.000 ; FF ; CELL ; 3      ; LABCELL_X297_Y381_N36  ; Combinational cell ; u_pipe|g_cfar_per_beam[15].u_cfar|u_window|add_342~161|cin                            ;
;   27.303 ;   0.023 ; FR ; CELL ; 1      ; LABCELL_X297_Y381_N39  ; Combinational cell ; u_pipe|g_cfar_per_beam[15].u_cfar|u_window|add_342~166|cout                           ;
;   27.303 ;   0.000 ; RR ; CELL ; 3      ; LABCELL_X297_Y381_N42  ; Combinational cell ; u_pipe|g_cfar_per_beam[15].u_cfar|u_window|add_342~171|cin                            ;
;   27.327 ;   0.024 ; RF ; CELL ; 1      ; LABCELL_X297_Y381_N45  ; Combinational cell ; u_pipe|g_cfar_per_beam[15].u_cfar|u_window|add_342~176|cout                           ;
;   27.327 ;   0.000 ; FF ; CELL ; 3      ; LABCELL_X297_Y381_N48  ; Combinational cell ; u_pipe|g_cfar_per_beam[15].u_cfar|u_window|add_342~181|cin                            ;
;   27.448 ;   0.121 ; FR ; CELL ; 1      ; LABCELL_X297_Y381_N48  ; Combinational cell ; u_pipe|g_cfar_per_beam[15].u_cfar|u_window|add_342~181|sumout                         ;
;   27.736 ;   0.288 ; RR ; IC   ; 1      ; MLABCELL_X296_Y378_N3  ; Combinational cell ; u_pipe|g_cfar_per_beam[15].u_cfar|u_window|i24562~36|datac                            ;
;   27.789 ;   0.053 ; RF ; CELL ; 2      ; MLABCELL_X296_Y378_N3  ; Combinational cell ; u_pipe|g_cfar_per_beam[15].u_cfar|u_window|i24562~36|combout                          ;
;   27.853 ;   0.064 ; FR ; CELL ; 1      ; MLABCELL_X296_Y378_N3  ; Combinational cell ; u_pipe|g_cfar_per_beam[15].u_cfar|u_window|i24562~36~cw_ml_mlab/laboutt[3]            ;
;   28.061 ;   0.208 ; RR ; IC   ; 4      ; MLABCELL_X298_Y382_N48 ; Combinational cell ; u_pipe|g_cfar_per_beam[15].u_cfar|u_window|add_346~181|datad                          ;
;   28.246 ;   0.185 ; RF ; CELL ; 1      ; MLABCELL_X298_Y382_N48 ; Combinational cell ; u_pipe|g_cfar_per_beam[15].u_cfar|u_window|add_346~181|sumout                         ;
;   28.467 ;   0.221 ; FF ; IC   ; 1      ; MLABCELL_X296_Y378_N27 ; Combinational cell ; u_pipe|g_cfar_per_beam[15].u_cfar|u_window|i24676~36|datae                            ;
;   28.486 ;   0.019 ; FR ; CELL ; 2      ; MLABCELL_X296_Y378_N27 ; Combinational cell ; u_pipe|g_cfar_per_beam[15].u_cfar|u_window|i24676~36|combout                          ;
;   28.549 ;   0.063 ; RF ; CELL ; 1      ; MLABCELL_X296_Y378_N27 ; Combinational cell ; u_pipe|g_cfar_per_beam[15].u_cfar|u_window|i24676~36~cw_ml_mlab/laboutt[18]           ;
;   28.740 ;   0.191 ; FF ; IC   ; 4      ; MLABCELL_X298_Y379_N48 ; Combinational cell ; u_pipe|g_cfar_per_beam[15].u_cfar|u_window|add_350~181|datac                          ;
;   28.938 ;   0.198 ; FF ; CELL ; 1      ; MLABCELL_X298_Y379_N48 ; Combinational cell ; u_pipe|g_cfar_per_beam[15].u_cfar|u_window|add_350~181|sumout                         ;
;   29.173 ;   0.235 ; FF ; IC   ; 1      ; MLABCELL_X296_Y378_N39 ; Combinational cell ; u_pipe|g_cfar_per_beam[15].u_cfar|u_window|i24790~36|datad                            ;
;   29.217 ;   0.044 ; FR ; CELL ; 2      ; MLABCELL_X296_Y378_N39 ; Combinational cell ; u_pipe|g_cfar_per_beam[15].u_cfar|u_window|i24790~36|combout                          ;
;   29.241 ;   0.024 ; RF ; CELL ; 1      ; MLABCELL_X296_Y378_N39 ; Combinational cell ; u_pipe|g_cfar_per_beam[15].u_cfar|u_window|i24790~36~cw_ml_mlab/lab_lut5outb[1]       ;
;   29.456 ;   0.215 ; FF ; IC   ; 4      ; LABCELL_X299_Y379_N48  ; Combinational cell ; u_pipe|g_cfar_per_beam[15].u_cfar|u_window|add_354~181|datad                          ;
;   29.564 ;   0.108 ; FR ; CELL ; 1      ; LABCELL_X299_Y379_N51  ; Combinational cell ; u_pipe|g_cfar_per_beam[15].u_cfar|u_window|add_354~186|cout                           ;
;   29.564 ;   0.000 ; RR ; CELL ; 2      ; LABCELL_X299_Y379_N54  ; Combinational cell ; u_pipe|g_cfar_per_beam[15].u_cfar|u_window|add_354~191|cin                            ;
;   29.686 ;   0.122 ; RR ; CELL ; 1      ; LABCELL_X299_Y379_N54  ; Combinational cell ; u_pipe|g_cfar_per_beam[15].u_cfar|u_window|add_354~191|sumout                         ;
;   29.869 ;   0.183 ; RR ; IC   ; 1      ; LABCELL_X299_Y381_N3   ; Combinational cell ; u_pipe|g_cfar_per_beam[15].u_cfar|u_window|i24904~19|datad                            ;
;   29.910 ;   0.041 ; RF ; CELL ; 2      ; LABCELL_X299_Y381_N3   ; Combinational cell ; u_pipe|g_cfar_per_beam[15].u_cfar|u_window|i24904~19|combout                          ;
;   29.936 ;   0.026 ; FR ; CELL ; 1      ; LABCELL_X299_Y381_N3   ; Combinational cell ; u_pipe|g_cfar_per_beam[15].u_cfar|u_window|i24904~19~cw_la_lab/lab_lut5outt[0]        ;
;   30.241 ;   0.305 ; RR ; IC   ; 3      ; LABCELL_X297_Y378_N54  ; Combinational cell ; u_pipe|g_cfar_per_beam[15].u_cfar|u_window|add_358~191|datac                          ;
;   30.466 ;   0.225 ; RR ; CELL ; 1      ; LABCELL_X297_Y378_N57  ; Combinational cell ; u_pipe|g_cfar_per_beam[15].u_cfar|u_window|add_358~196|cout                           ;
;   30.525 ;   0.059 ; RR ; IC   ; 3      ; LABCELL_X297_Y377_N0   ; Combinational cell ; u_pipe|g_cfar_per_beam[15].u_cfar|u_window|add_358~201|cin                            ;
;   30.567 ;   0.042 ; RR ; CELL ; 1      ; LABCELL_X297_Y377_N3   ; Combinational cell ; u_pipe|g_cfar_per_beam[15].u_cfar|u_window|add_358~206|cout                           ;
;   30.567 ;   0.000 ; RR ; CELL ; 3      ; LABCELL_X297_Y377_N6   ; Combinational cell ; u_pipe|g_cfar_per_beam[15].u_cfar|u_window|add_358~211|cin                            ;
;   30.591 ;   0.024 ; RF ; CELL ; 1      ; LABCELL_X297_Y377_N9   ; Combinational cell ; u_pipe|g_cfar_per_beam[15].u_cfar|u_window|add_358~216|cout                           ;
;   30.591 ;   0.000 ; FF ; CELL ; 3      ; LABCELL_X297_Y377_N12  ; Combinational cell ; u_pipe|g_cfar_per_beam[15].u_cfar|u_window|add_358~221|cin                            ;
;   30.707 ;   0.116 ; FF ; CELL ; 1      ; LABCELL_X297_Y377_N12  ; Combinational cell ; u_pipe|g_cfar_per_beam[15].u_cfar|u_window|add_358~221|sumout                         ;
;   30.813 ;   0.106 ; FF ; IC   ; 1      ; MLABCELL_X298_Y377_N9  ; Combinational cell ; u_pipe|g_cfar_per_beam[15].u_cfar|u_window|sum_lag_c[0]~44|datad                      ;
;   30.857 ;   0.044 ; FR ; CELL ; 2      ; MLABCELL_X298_Y377_N9  ; Combinational cell ; u_pipe|g_cfar_per_beam[15].u_cfar|u_window|sum_lag_c[0]~44|combout                    ;
;   30.881 ;   0.024 ; RF ; CELL ; 1      ; MLABCELL_X298_Y377_N9  ; Combinational cell ; u_pipe|g_cfar_per_beam[15].u_cfar|u_window|sum_lag_c[0]~44~cw_ml_mlab/lab_lut5outt[1] ;
;   31.086 ;   0.205 ; FF ; IC   ; 1      ; MPDSP_X300_Y377_N0     ; DSP block          ; u_pipe|g_cfar_per_beam[15].u_cfar|mult_1~mac|ax[17]                                   ;
;   31.086 ;   0.000 ; FF ; CELL ; 0      ; MPDSP_X300_Y377_N0     ; DSP block          ; u_pipe|g_cfar_per_beam[15].u_cfar|sum_lag1_q[35]                                      ;
+----------+---------+----+------+--------+------------------------+--------------------+---------------------------------------------------------------------------------------+

+------------------------------------------------------------------------------------------------------------------------------------------------+
; Data Required Path                                                                                                                             ;
+---------+----------+----+------+--------+-----------------------+------------------+-----------------------------------------------------------+
; Total   ; Incr     ; RF ; Type ; Fanout ; Location              ; Element Type     ; Element                                                   ;
+---------+----------+----+------+--------+-----------------------+------------------+-----------------------------------------------------------+
; 2.222   ; 2.222    ;    ;      ;        ;                       ;                  ; latch edge time                                           ;
; 8.116   ; 5.894    ;    ;      ;        ;                       ;                  ; clock path                                                ;
;   2.222 ;   0.000  ;    ;      ;        ;                       ;                  ; source latency                                            ;
;   2.222 ;   0.000  ;    ;      ; 1      ; PIN_H19               ; I/O pad          ; core_clk                                                  ;
;   2.222 ;   0.000  ; RR ; IC   ; 1      ; IOIBUF_X335_Y418_N121 ; I/O input buffer ; core_clk~input|i                                          ;
;   2.408 ;   0.186  ; RR ; CELL ; 1      ; IOIBUF_X335_Y418_N121 ; I/O input buffer ; core_clk~input|o                                          ;
;   3.228 ;   0.820  ; RR ; CELL ; 546664 ; IOIBUF_X335_Y418_N121 ; I/O input buffer ; core_clk~input~io96/m25_0_30__io12buf2_to_iopll__ioclkin3 ;
;   7.613 ;   4.385  ; RR ; IC   ; 19     ; MPDSP_X300_Y377_N0    ; DSP block        ; u_pipe|g_cfar_per_beam[15].u_cfar|mult_1~mac|clk          ;
;   7.613 ;   0.000  ; RR ; CELL ; 0      ; MPDSP_X300_Y377_N0    ; DSP block        ; u_pipe|g_cfar_per_beam[15].u_cfar|sum_lag1_q[35]          ;
;   8.141 ;   0.528  ;    ;      ;        ;                       ;                  ; clock pessimism removed                                   ;
;   8.116 ;   -0.025 ;    ;      ;        ;                       ;                  ; advanced clock effects                                    ;
; 8.086   ; -0.030   ;    ;      ;        ;                       ;                  ; clock uncertainty                                         ;
; 8.102   ; 0.016    ;    ; uTsu ; 0      ; MPDSP_X300_Y377_N0    ; DSP block        ; u_pipe|g_cfar_per_beam[15].u_cfar|sum_lag1_q[35]          ;
+---------+----------+----+------+--------+-----------------------+------------------+-----------------------------------------------------------+



Path #6: Setup slack is -22.983 (VIOLATED)
===============================================================================
+--------------------------------------------------------------------------------------------+
; Path Summary                                                                               ;
+---------------------------------+----------------------------------------------------------+
; Property                        ; Value                                                    ;
+---------------------------------+----------------------------------------------------------+
; From Node                       ; u_pipe|g_cfar_per_beam[15].u_cfar|u_window|cell_q[39][2] ;
; To Node                         ; u_pipe|g_cfar_per_beam[15].u_cfar|sum_lag1_q[35]         ;
; Launch Clock                    ; core_clk                                                 ;
; Latch Clock                     ; core_clk                                                 ;
; SDC Exception                   ; No SDC Exception on Path                                 ;
; Data Arrival Time               ; 31.085                                                   ;
; Data Required Time              ; 8.102                                                    ;
; Slack                           ; -22.983 (VIOLATED)                                       ;
; Worst-Case Operating Conditions ; Slow vid1 100C Model                                     ;
+---------------------------------+----------------------------------------------------------+

+------------------------------------------------------------------------------------+
; Statistics                                                                         ;
+------------------------+--------+-------+-------------+------------+-------+-------+
; Property               ; Value  ; Count ; Total Delay ; % of Total ; Min   ; Max   ;
+------------------------+--------+-------+-------------+------------+-------+-------+
; Setup Relationship     ; 2.222  ;       ;             ;            ;       ;       ;
; Clock Skew             ; -0.078 ;       ;             ;            ;       ;       ;
; Data Delay             ; 25.113 ;       ;             ;            ;       ;       ;
; Number of Logic Levels ;        ; 68    ;             ;            ;       ;       ;
; Physical Delays        ;        ;       ;             ;            ;       ;       ;
;  Arrival Path          ;        ;       ;             ;            ;       ;       ;
;   Clock                ;        ;       ;             ;            ;       ;       ;
;    IC                  ;        ; 2     ; 4.847       ; 81         ; 0.000 ; 4.847 ;
;    Cell                ;        ; 3     ; 1.125       ; 19         ; 0.000 ; 0.939 ;
;   Data                 ;        ;       ;             ;            ;       ;       ;
;    IC                  ;        ; 71    ; 14.653      ; 58         ; 0.059 ; 0.319 ;
;    Cell                ;        ; 129   ; 10.250      ; 41         ; 0.000 ; 0.225 ;
;    uTco                ;        ; 1     ; 0.210       ; 1          ; 0.210 ; 0.210 ;
;  Required Path         ;        ;       ;             ;            ;       ;       ;
;   Clock                ;        ;       ;             ;            ;       ;       ;
;    IC                  ;        ; 2     ; 4.385       ; 81         ; 0.000 ; 4.385 ;
;    Cell                ;        ; 3     ; 1.006       ; 19         ; 0.000 ; 0.820 ;
+------------------------+--------+-------+-------------+------------+-------+-------+
Note: Negative delays are omitted from totals when calculating percentages

+-------------------------------------------------------------------------------------------------------------------------------------------------------------------------------+
; Data Arrival Path                                                                                                                                                             ;
+----------+---------+----+------+--------+------------------------+--------------------+---------------------------------------------------------------------------------------+
; Total    ; Incr    ; RF ; Type ; Fanout ; Location               ; Element Type       ; Element                                                                               ;
+----------+---------+----+------+--------+------------------------+--------------------+---------------------------------------------------------------------------------------+
; 0.000    ; 0.000   ;    ;      ;        ;                        ;                    ; launch edge time                                                                      ;
; 5.972    ; 5.972   ;    ;      ;        ;                        ;                    ; clock path                                                                            ;
;   0.000  ;   0.000 ;    ;      ;        ;                        ;                    ; source latency                                                                        ;
;   0.000  ;   0.000 ;    ;      ; 1      ; PIN_H19                ; I/O pad            ; core_clk                                                                              ;
;   0.000  ;   0.000 ; RR ; IC   ; 1      ; IOIBUF_X335_Y418_N121  ; I/O input buffer   ; core_clk~input|i                                                                      ;
;   0.186  ;   0.186 ; RR ; CELL ; 1      ; IOIBUF_X335_Y418_N121  ; I/O input buffer   ; core_clk~input|o                                                                      ;
;   1.125  ;   0.939 ; RR ; CELL ; 546664 ; IOIBUF_X335_Y418_N121  ; I/O input buffer   ; core_clk~input~io96/m25_0_30__io12buf2_to_iopll__ioclkin3                             ;
;   5.972  ;   4.847 ; RR ; IC   ; 1      ; FF_X315_Y380_N22       ; ALM Register       ; u_pipe|g_cfar_per_beam[15].u_cfar|u_window|cell_q[39][2]|clk                          ;
;   5.972  ;   0.000 ; RR ; CELL ; 1      ; FF_X315_Y380_N22       ; ALM Register       ; u_pipe|g_cfar_per_beam[15].u_cfar|u_window|cell_q[39][2]                              ;
; 31.085   ; 25.113  ;    ;      ;        ;                        ;                    ; data path                                                                             ;
;   6.182  ;   0.210 ; RR ; uTco ; 3      ; FF_X315_Y380_N22       ; ALM Register       ; u_pipe|g_cfar_per_beam[15].u_cfar|u_window|cell_q[39][2]|q                            ;
;   6.303  ;   0.121 ; RR ; IC   ; 5      ; MLABCELL_X314_Y380_N6  ; Combinational cell ; u_pipe|g_cfar_per_beam[15].u_cfar|u_window|add_226~11|datad                           ;
;   6.436  ;   0.133 ; RR ; CELL ; 1      ; MLABCELL_X314_Y380_N9  ; Combinational cell ; u_pipe|g_cfar_per_beam[15].u_cfar|u_window|add_226~16|cout                            ;
;   6.436  ;   0.000 ; RR ; CELL ; 3      ; MLABCELL_X314_Y380_N12 ; Combinational cell ; u_pipe|g_cfar_per_beam[15].u_cfar|u_window|add_226~21|cin                             ;
;   6.558  ;   0.122 ; RR ; CELL ; 1      ; MLABCELL_X314_Y380_N12 ; Combinational cell ; u_pipe|g_cfar_per_beam[15].u_cfar|u_window|add_226~21|sumout                          ;
;   6.741  ;   0.183 ; RR ; IC   ; 1      ; MLABCELL_X314_Y378_N15 ; Combinational cell ; u_pipe|g_cfar_per_beam[15].u_cfar|u_window|i21256~4|datae                             ;
;   6.758  ;   0.017 ; RF ; CELL ; 2      ; MLABCELL_X314_Y378_N15 ; Combinational cell ; u_pipe|g_cfar_per_beam[15].u_cfar|u_window|i21256~4|combout                           ;
;   6.785  ;   0.027 ; FR ; CELL ; 1      ; MLABCELL_X314_Y378_N15 ; Combinational cell ; u_pipe|g_cfar_per_beam[15].u_cfar|u_window|i21256~4~cw_ml_mlab/lab_lut5outt[2]        ;
;   7.040  ;   0.255 ; RR ; IC   ; 5      ; LABCELL_X313_Y379_N12  ; Combinational cell ; u_pipe|g_cfar_per_beam[15].u_cfar|u_window|add_230~21|datac                           ;
;   7.157  ;   0.117 ; RF ; CELL ; 1      ; LABCELL_X313_Y379_N15  ; Combinational cell ; u_pipe|g_cfar_per_beam[15].u_cfar|u_window|add_230~26|cout                            ;
;   7.157  ;   0.000 ; FF ; CELL ; 3      ; LABCELL_X313_Y379_N18  ; Combinational cell ; u_pipe|g_cfar_per_beam[15].u_cfar|u_window|add_230~31|cin                             ;
;   7.278  ;   0.121 ; FR ; CELL ; 1      ; LABCELL_X313_Y379_N18  ; Combinational cell ; u_pipe|g_cfar_per_beam[15].u_cfar|u_window|add_230~31|sumout                          ;
;   7.474  ;   0.196 ; RR ; IC   ; 1      ; MLABCELL_X314_Y378_N33 ; Combinational cell ; u_pipe|g_cfar_per_beam[15].u_cfar|u_window|i21370~6|datac                             ;
;   7.593  ;   0.119 ; RR ; CELL ; 2      ; MLABCELL_X314_Y378_N33 ; Combinational cell ; u_pipe|g_cfar_per_beam[15].u_cfar|u_window|i21370~6|combout                           ;
;   7.816  ;   0.223 ; RR ; IC   ; 5      ; MLABCELL_X312_Y379_N18 ; Combinational cell ; u_pipe|g_cfar_per_beam[15].u_cfar|u_window|add_234~31|datad                           ;
;   7.993  ;   0.177 ; RR ; CELL ; 1      ; MLABCELL_X312_Y379_N18 ; Combinational cell ; u_pipe|g_cfar_per_beam[15].u_cfar|u_window|add_234~31|sumout                          ;
;   8.221  ;   0.228 ; RR ; IC   ; 1      ; LABCELL_X310_Y380_N27  ; Combinational cell ; u_pipe|g_cfar_per_beam[15].u_cfar|u_window|i21484~6|datae                             ;
;   8.275  ;   0.054 ; RR ; CELL ; 2      ; LABCELL_X310_Y380_N27  ; Combinational cell ; u_pipe|g_cfar_per_beam[15].u_cfar|u_window|i21484~6|combout                           ;
;   8.417  ;   0.142 ; RR ; IC   ; 5      ; LABCELL_X310_Y379_N18  ; Combinational cell ; u_pipe|g_cfar_per_beam[15].u_cfar|u_window|add_238~31|datac                           ;
;   8.591  ;   0.174 ; RF ; CELL ; 1      ; LABCELL_X310_Y379_N18  ; Combinational cell ; u_pipe|g_cfar_per_beam[15].u_cfar|u_window|add_238~31|sumout                          ;
;   8.762  ;   0.171 ; FF ; IC   ; 1      ; LABCELL_X310_Y380_N51  ; Combinational cell ; u_pipe|g_cfar_per_beam[15].u_cfar|u_window|i21598~6|datae                             ;
;   8.781  ;   0.019 ; FR ; CELL ; 2      ; LABCELL_X310_Y380_N51  ; Combinational cell ; u_pipe|g_cfar_per_beam[15].u_cfar|u_window|i21598~6|combout                           ;
;   8.805  ;   0.024 ; RF ; CELL ; 1      ; LABCELL_X310_Y380_N51  ; Combinational cell ; u_pipe|g_cfar_per_beam[15].u_cfar|u_window|i21598~6~cw_la_lab/lab_lut5outb[3]         ;
;   8.981  ;   0.176 ; FF ; IC   ; 5      ; MLABCELL_X309_Y379_N18 ; Combinational cell ; u_pipe|g_cfar_per_beam[15].u_cfar|u_window|add_242~31|datac                           ;
;   9.178  ;   0.197 ; FF ; CELL ; 1      ; MLABCELL_X309_Y379_N18 ; Combinational cell ; u_pipe|g_cfar_per_beam[15].u_cfar|u_window|add_242~31|sumout                          ;
;   9.366  ;   0.188 ; FF ; IC   ; 1      ; LABCELL_X308_Y380_N3   ; Combinational cell ; u_pipe|g_cfar_per_beam[15].u_cfar|u_window|i21712~6|datae                             ;
;   9.411  ;   0.045 ; FF ; CELL ; 2      ; LABCELL_X308_Y380_N3   ; Combinational cell ; u_pipe|g_cfar_per_beam[15].u_cfar|u_window|i21712~6|combout                           ;
;   9.649  ;   0.238 ; FF ; IC   ; 5      ; MLABCELL_X307_Y378_N18 ; Combinational cell ; u_pipe|g_cfar_per_beam[15].u_cfar|u_window|add_246~31|datac                           ;
;   9.845  ;   0.196 ; FF ; CELL ; 1      ; MLABCELL_X307_Y378_N18 ; Combinational cell ; u_pipe|g_cfar_per_beam[15].u_cfar|u_window|add_246~31|sumout                          ;
;   10.054 ;   0.209 ; FF ; IC   ; 1      ; LABCELL_X308_Y380_N57  ; Combinational cell ; u_pipe|g_cfar_per_beam[15].u_cfar|u_window|i21826~6|datad                             ;
;   10.097 ;   0.043 ; FR ; CELL ; 2      ; LABCELL_X308_Y380_N57  ; Combinational cell ; u_pipe|g_cfar_per_beam[15].u_cfar|u_window|i21826~6|combout                           ;
;   10.151 ;   0.054 ; RF ; CELL ; 1      ; LABCELL_X308_Y380_N57  ; Combinational cell ; u_pipe|g_cfar_per_beam[15].u_cfar|u_window|i21826~6~cw_la_lab/laboutb[19]             ;
;   10.374 ;   0.223 ; FF ; IC   ; 5      ; MLABCELL_X307_Y381_N18 ; Combinational cell ; u_pipe|g_cfar_per_beam[15].u_cfar|u_window|add_250~31|datad                           ;
;   10.502 ;   0.128 ; FR ; CELL ; 1      ; MLABCELL_X307_Y381_N21 ; Combinational cell ; u_pipe|g_cfar_per_beam[15].u_cfar|u_window|add_250~36|cout                            ;
;   10.502 ;   0.000 ; RR ; CELL ; 3      ; MLABCELL_X307_Y381_N24 ; Combinational cell ; u_pipe|g_cfar_per_beam[15].u_cfar|u_window|add_250~41|cin                             ;
;   10.627 ;   0.125 ; RR ; CELL ; 1      ; MLABCELL_X307_Y381_N24 ; Combinational cell ; u_pipe|g_cfar_per_beam[15].u_cfar|u_window|add_250~41|sumout                          ;
;   10.736 ;   0.109 ; RR ; IC   ; 1      ; LABCELL_X308_Y381_N6   ; Combinational cell ; u_pipe|g_cfar_per_beam[15].u_cfar|u_window|i21940~8|datad                             ;
;   10.832 ;   0.096 ; RR ; CELL ; 2      ; LABCELL_X308_Y381_N6   ; Combinational cell ; u_pipe|g_cfar_per_beam[15].u_cfar|u_window|i21940~8|combout                           ;
;   11.052 ;   0.220 ; RR ; IC   ; 4      ; MLABCELL_X309_Y383_N24 ; Combinational cell ; u_pipe|g_cfar_per_beam[15].u_cfar|u_window|add_254~41|datac                           ;
;   11.270 ;   0.218 ; RR ; CELL ; 1      ; MLABCELL_X309_Y383_N27 ; Combinational cell ; u_pipe|g_cfar_per_beam[15].u_cfar|u_window|add_254~46|cout                            ;
;   11.270 ;   0.000 ; RR ; CELL ; 3      ; MLABCELL_X309_Y383_N30 ; Combinational cell ; u_pipe|g_cfar_per_beam[15].u_cfar|u_window|add_254~51|cin                             ;
;   11.394 ;   0.124 ; RR ; CELL ; 1      ; MLABCELL_X309_Y383_N30 ; Combinational cell ; u_pipe|g_cfar_per_beam[15].u_cfar|u_window|add_254~51|sumout                          ;
;   11.622 ;   0.228 ; RR ; IC   ; 1      ; LABCELL_X310_Y381_N57  ; Combinational cell ; u_pipe|g_cfar_per_beam[15].u_cfar|u_window|i22054~10|datae                            ;
;   11.649 ;   0.027 ; RF ; CELL ; 2      ; LABCELL_X310_Y381_N57  ; Combinational cell ; u_pipe|g_cfar_per_beam[15].u_cfar|u_window|i22054~10|combout                          ;
;   11.710 ;   0.061 ; FR ; CELL ; 1      ; LABCELL_X310_Y381_N57  ; Combinational cell ; u_pipe|g_cfar_per_beam[15].u_cfar|u_window|i22054~10~cw_la_lab/laboutb[19]            ;
;   11.899 ;   0.189 ; RR ; IC   ; 4      ; LABCELL_X310_Y383_N30  ; Combinational cell ; u_pipe|g_cfar_per_beam[15].u_cfar|u_window|add_258~51|datad                           ;
;   12.064 ;   0.165 ; RF ; CELL ; 1      ; LABCELL_X310_Y383_N30  ; Combinational cell ; u_pipe|g_cfar_per_beam[15].u_cfar|u_window|add_258~51|sumout                          ;
;   12.277 ;   0.213 ; FF ; IC   ; 1      ; MLABCELL_X314_Y383_N51 ; Combinational cell ; u_pipe|g_cfar_per_beam[15].u_cfar|u_window|i22168~10|dataf                            ;
;   12.292 ;   0.015 ; FR ; CELL ; 2      ; MLABCELL_X314_Y383_N51 ; Combinational cell ; u_pipe|g_cfar_per_beam[15].u_cfar|u_window|i22168~10|combout                          ;
;   12.310 ;   0.018 ; RF ; CELL ; 1      ; MLABCELL_X314_Y383_N51 ; Combinational cell ; u_pipe|g_cfar_per_beam[15].u_cfar|u_window|i22168~10~cw_ml_mlab/lab_lut6outb[3]       ;
;   12.468 ;   0.158 ; FF ; IC   ; 4      ; MLABCELL_X312_Y383_N30 ; Combinational cell ; u_pipe|g_cfar_per_beam[15].u_cfar|u_window|add_262~51|datad                           ;
;   12.596 ;   0.128 ; FF ; CELL ; 1      ; MLABCELL_X312_Y383_N33 ; Combinational cell ; u_pipe|g_cfar_per_beam[15].u_cfar|u_window|add_262~56|cout                            ;
;   12.596 ;   0.000 ; FF ; CELL ; 3      ; MLABCELL_X312_Y383_N36 ; Combinational cell ; u_pipe|g_cfar_per_beam[15].u_cfar|u_window|add_262~61|cin                             ;
;   12.619 ;   0.023 ; FR ; CELL ; 1      ; MLABCELL_X312_Y383_N39 ; Combinational cell ; u_pipe|g_cfar_per_beam[15].u_cfar|u_window|add_262~66|cout                            ;
;   12.619 ;   0.000 ; RR ; CELL ; 3      ; MLABCELL_X312_Y383_N42 ; Combinational cell ; u_pipe|g_cfar_per_beam[15].u_cfar|u_window|add_262~71|cin                             ;
;   12.643 ;   0.024 ; RF ; CELL ; 1      ; MLABCELL_X312_Y383_N45 ; Combinational cell ; u_pipe|g_cfar_per_beam[15].u_cfar|u_window|add_262~76|cout                            ;
;   12.643 ;   0.000 ; FF ; CELL ; 3      ; MLABCELL_X312_Y383_N48 ; Combinational cell ; u_pipe|g_cfar_per_beam[15].u_cfar|u_window|add_262~81|cin                             ;
;   12.766 ;   0.123 ; FF ; CELL ; 1      ; MLABCELL_X312_Y383_N48 ; Combinational cell ; u_pipe|g_cfar_per_beam[15].u_cfar|u_window|add_262~81|sumout                          ;
;   12.993 ;   0.227 ; FF ; IC   ; 1      ; MLABCELL_X312_Y387_N33 ; Combinational cell ; u_pipe|g_cfar_per_beam[15].u_cfar|u_window|i22282~16|datac                            ;
;   13.048 ;   0.055 ; FR ; CELL ; 2      ; MLABCELL_X312_Y387_N33 ; Combinational cell ; u_pipe|g_cfar_per_beam[15].u_cfar|u_window|i22282~16|combout                          ;
;   13.111 ;   0.063 ; RF ; CELL ; 1      ; MLABCELL_X312_Y387_N33 ; Combinational cell ; u_pipe|g_cfar_per_beam[15].u_cfar|u_window|i22282~16~cw_ml_mlab/laboutb[2]            ;
;   13.313 ;   0.202 ; FF ; IC   ; 4      ; LABCELL_X310_Y387_N48  ; Combinational cell ; u_pipe|g_cfar_per_beam[15].u_cfar|u_window|add_266~81|datac                           ;
;   13.433 ;   0.120 ; FR ; CELL ; 1      ; LABCELL_X310_Y387_N51  ; Combinational cell ; u_pipe|g_cfar_per_beam[15].u_cfar|u_window|add_266~86|cout                            ;
;   13.433 ;   0.000 ; RR ; CELL ; 2      ; LABCELL_X310_Y387_N54  ; Combinational cell ; u_pipe|g_cfar_per_beam[15].u_cfar|u_window|add_266~91|cin                             ;
;   13.556 ;   0.123 ; RF ; CELL ; 1      ; LABCELL_X310_Y387_N54  ; Combinational cell ; u_pipe|g_cfar_per_beam[15].u_cfar|u_window|add_266~91|sumout                          ;
;   13.818 ;   0.262 ; FF ; IC   ; 1      ; MLABCELL_X314_Y383_N27 ; Combinational cell ; u_pipe|g_cfar_per_beam[15].u_cfar|u_window|i22396~18|datae                            ;
;   13.845 ;   0.027 ; FR ; CELL ; 2      ; MLABCELL_X314_Y383_N27 ; Combinational cell ; u_pipe|g_cfar_per_beam[15].u_cfar|u_window|i22396~18|combout                          ;
;   13.909 ;   0.064 ; RF ; CELL ; 1      ; MLABCELL_X314_Y383_N27 ; Combinational cell ; u_pipe|g_cfar_per_beam[15].u_cfar|u_window|i22396~18~cw_ml_mlab/laboutt[16]           ;
;   14.228 ;   0.319 ; FF ; IC   ; 3      ; LABCELL_X308_Y387_N54  ; Combinational cell ; u_pipe|g_cfar_per_beam[15].u_cfar|u_window|add_270~91|datad                           ;
;   14.387 ;   0.159 ; FF ; CELL ; 1      ; LABCELL_X308_Y387_N54  ; Combinational cell ; u_pipe|g_cfar_per_beam[15].u_cfar|u_window|add_270~91|sumout                          ;
;   14.569 ;   0.182 ; FF ; IC   ; 1      ; MLABCELL_X304_Y387_N45 ; Combinational cell ; u_pipe|g_cfar_per_beam[15].u_cfar|u_window|i22510~18|datad                            ;
;   14.639 ;   0.070 ; FF ; CELL ; 2      ; MLABCELL_X304_Y387_N45 ; Combinational cell ; u_pipe|g_cfar_per_beam[15].u_cfar|u_window|i22510~18|combout                          ;
;   14.922 ;   0.283 ; FF ; IC   ; 3      ; MLABCELL_X309_Y388_N54 ; Combinational cell ; u_pipe|g_cfar_per_beam[15].u_cfar|u_window|add_274~91|datad                           ;
;   15.108 ;   0.186 ; FF ; CELL ; 1      ; MLABCELL_X309_Y388_N54 ; Combinational cell ; u_pipe|g_cfar_per_beam[15].u_cfar|u_window|add_274~91|sumout                          ;
;   15.333 ;   0.225 ; FF ; IC   ; 1      ; LABCELL_X303_Y388_N30  ; Combinational cell ; u_pipe|g_cfar_per_beam[15].u_cfar|u_window|i22624~18|datad                            ;
;   15.389 ;   0.056 ; FF ; CELL ; 2      ; LABCELL_X303_Y388_N30  ; Combinational cell ; u_pipe|g_cfar_per_beam[15].u_cfar|u_window|i22624~18|combout                          ;
;   15.432 ;   0.043 ; FF ; CELL ; 1      ; LABCELL_X303_Y388_N30  ; Combinational cell ; u_pipe|g_cfar_per_beam[15].u_cfar|u_window|i22624~18~cw_la_lab/laboutb[0]             ;
;   15.624 ;   0.192 ; FF ; IC   ; 3      ; MLABCELL_X307_Y388_N54 ; Combinational cell ; u_pipe|g_cfar_per_beam[15].u_cfar|u_window|add_278~91|datac                           ;
;   15.820 ;   0.196 ; FF ; CELL ; 1      ; MLABCELL_X307_Y388_N54 ; Combinational cell ; u_pipe|g_cfar_per_beam[15].u_cfar|u_window|add_278~91|sumout                          ;
;   16.101 ;   0.281 ; FF ; IC   ; 1      ; LABCELL_X303_Y389_N45  ; Combinational cell ; u_pipe|g_cfar_per_beam[15].u_cfar|u_window|i22738~18|datae                            ;
;   16.128 ;   0.027 ; FR ; CELL ; 2      ; LABCELL_X303_Y389_N45  ; Combinational cell ; u_pipe|g_cfar_per_beam[15].u_cfar|u_window|i22738~18|combout                          ;
;   16.145 ;   0.017 ; RF ; CELL ; 1      ; LABCELL_X303_Y389_N45  ; Combinational cell ; u_pipe|g_cfar_per_beam[15].u_cfar|u_window|i22738~18~cw_la_lab/lab_lut6outb[2]        ;
;   16.363 ;   0.218 ; FF ; IC   ; 3      ; LABCELL_X305_Y388_N54  ; Combinational cell ; u_pipe|g_cfar_per_beam[15].u_cfar|u_window|add_282~91|datac                           ;
;   16.528 ;   0.165 ; FF ; CELL ; 1      ; LABCELL_X305_Y388_N54  ; Combinational cell ; u_pipe|g_cfar_per_beam[15].u_cfar|u_window|add_282~91|sumout                          ;
;   16.747 ;   0.219 ; FF ; IC   ; 1      ; LABCELL_X303_Y389_N15  ; Combinational cell ; u_pipe|g_cfar_per_beam[15].u_cfar|u_window|i22852~18|datae                            ;
;   16.766 ;   0.019 ; FR ; CELL ; 2      ; LABCELL_X303_Y389_N15  ; Combinational cell ; u_pipe|g_cfar_per_beam[15].u_cfar|u_window|i22852~18|combout                          ;
;   16.790 ;   0.024 ; RF ; CELL ; 1      ; LABCELL_X303_Y389_N15  ; Combinational cell ; u_pipe|g_cfar_per_beam[15].u_cfar|u_window|i22852~18~cw_la_lab/lab_lut5outt[2]        ;
;   16.919 ;   0.129 ; FF ; IC   ; 3      ; MLABCELL_X304_Y389_N54 ; Combinational cell ; u_pipe|g_cfar_per_beam[15].u_cfar|u_window|add_286~91|datac                           ;
;   17.103 ;   0.184 ; FF ; CELL ; 1      ; MLABCELL_X304_Y389_N54 ; Combinational cell ; u_pipe|g_cfar_per_beam[15].u_cfar|u_window|add_286~91|sumout                          ;
;   17.332 ;   0.229 ; FF ; IC   ; 1      ; LABCELL_X303_Y390_N39  ; Combinational cell ; u_pipe|g_cfar_per_beam[15].u_cfar|u_window|i22966~18|datae                            ;
;   17.351 ;   0.019 ; FR ; CELL ; 2      ; LABCELL_X303_Y390_N39  ; Combinational cell ; u_pipe|g_cfar_per_beam[15].u_cfar|u_window|i22966~18|combout                          ;
;   17.405 ;   0.054 ; RF ; CELL ; 1      ; LABCELL_X303_Y390_N39  ; Combinational cell ; u_pipe|g_cfar_per_beam[15].u_cfar|u_window|i22966~18~cw_la_lab/laboutb[6]             ;
;   17.585 ;   0.180 ; FF ; IC   ; 3      ; LABCELL_X303_Y386_N54  ; Combinational cell ; u_pipe|g_cfar_per_beam[15].u_cfar|u_window|add_290~91|datad                           ;
;   17.745 ;   0.160 ; FF ; CELL ; 1      ; LABCELL_X303_Y386_N54  ; Combinational cell ; u_pipe|g_cfar_per_beam[15].u_cfar|u_window|add_290~91|sumout                          ;
;   17.963 ;   0.218 ; FF ; IC   ; 1      ; LABCELL_X303_Y390_N21  ; Combinational cell ; u_pipe|g_cfar_per_beam[15].u_cfar|u_window|i23080~18|datad                            ;
;   18.006 ;   0.043 ; FR ; CELL ; 2      ; LABCELL_X303_Y390_N21  ; Combinational cell ; u_pipe|g_cfar_per_beam[15].u_cfar|u_window|i23080~18|combout                          ;
;   18.071 ;   0.065 ; RF ; CELL ; 1      ; LABCELL_X303_Y390_N21  ; Combinational cell ; u_pipe|g_cfar_per_beam[15].u_cfar|u_window|i23080~18~cw_la_lab/laboutt[15]            ;
;   18.259 ;   0.188 ; FF ; IC   ; 3      ; MLABCELL_X302_Y386_N54 ; Combinational cell ; u_pipe|g_cfar_per_beam[15].u_cfar|u_window|add_294~91|datac                           ;
;   18.457 ;   0.198 ; FF ; CELL ; 1      ; MLABCELL_X302_Y386_N54 ; Combinational cell ; u_pipe|g_cfar_per_beam[15].u_cfar|u_window|add_294~91|sumout                          ;
;   18.730 ;   0.273 ; FF ; IC   ; 1      ; LABCELL_X299_Y390_N42  ; Combinational cell ; u_pipe|g_cfar_per_beam[15].u_cfar|u_window|i23194~18|datad                            ;
;   18.822 ;   0.092 ; FF ; CELL ; 2      ; LABCELL_X299_Y390_N42  ; Combinational cell ; u_pipe|g_cfar_per_beam[15].u_cfar|u_window|i23194~18|combout                          ;
;   18.979 ;   0.157 ; FF ; IC   ; 3      ; LABCELL_X299_Y386_N54  ; Combinational cell ; u_pipe|g_cfar_per_beam[15].u_cfar|u_window|add_298~91|datad                           ;
;   19.189 ;   0.210 ; FR ; CELL ; 1      ; LABCELL_X299_Y386_N57  ; Combinational cell ; u_pipe|g_cfar_per_beam[15].u_cfar|u_window|add_298~96|cout                            ;
;   19.248 ;   0.059 ; RR ; IC   ; 5      ; LABCELL_X299_Y385_N0   ; Combinational cell ; u_pipe|g_cfar_per_beam[15].u_cfar|u_window|add_298~101|cin                            ;
;   19.385 ;   0.137 ; RF ; CELL ; 1      ; LABCELL_X299_Y385_N0   ; Combinational cell ; u_pipe|g_cfar_per_beam[15].u_cfar|u_window|add_298~101|sumout                         ;
;   19.585 ;   0.200 ; FF ; IC   ; 1      ; MLABCELL_X304_Y385_N21 ; Combinational cell ; u_pipe|g_cfar_per_beam[15].u_cfar|u_window|i23308~20|datac                            ;
;   19.696 ;   0.111 ; FF ; CELL ; 2      ; MLABCELL_X304_Y385_N21 ; Combinational cell ; u_pipe|g_cfar_per_beam[15].u_cfar|u_window|i23308~20|combout                          ;
;   19.989 ;   0.293 ; FF ; IC   ; 5      ; MLABCELL_X298_Y389_N0  ; Combinational cell ; u_pipe|g_cfar_per_beam[15].u_cfar|u_window|add_302~101|datac                          ;
;   20.187 ;   0.198 ; FF ; CELL ; 1      ; MLABCELL_X298_Y389_N0  ; Combinational cell ; u_pipe|g_cfar_per_beam[15].u_cfar|u_window|add_302~101|sumout                         ;
;   20.416 ;   0.229 ; FF ; IC   ; 1      ; MLABCELL_X298_Y386_N21 ; Combinational cell ; u_pipe|g_cfar_per_beam[15].u_cfar|u_window|i23422~20|datac                            ;
;   20.498 ;   0.082 ; FF ; CELL ; 2      ; MLABCELL_X298_Y386_N21 ; Combinational cell ; u_pipe|g_cfar_per_beam[15].u_cfar|u_window|i23422~20|combout                          ;
;   20.690 ;   0.192 ; FF ; IC   ; 5      ; LABCELL_X297_Y387_N0   ; Combinational cell ; u_pipe|g_cfar_per_beam[15].u_cfar|u_window|add_306~101|datad                          ;
;   20.798 ;   0.108 ; FR ; CELL ; 1      ; LABCELL_X297_Y387_N3   ; Combinational cell ; u_pipe|g_cfar_per_beam[15].u_cfar|u_window|add_306~106|cout                           ;
;   20.798 ;   0.000 ; RR ; CELL ; 3      ; LABCELL_X297_Y387_N6   ; Combinational cell ; u_pipe|g_cfar_per_beam[15].u_cfar|u_window|add_306~111|cin                            ;
;   20.822 ;   0.024 ; RF ; CELL ; 1      ; LABCELL_X297_Y387_N9   ; Combinational cell ; u_pipe|g_cfar_per_beam[15].u_cfar|u_window|add_306~116|cout                           ;
;   20.822 ;   0.000 ; FF ; CELL ; 3      ; LABCELL_X297_Y387_N12  ; Combinational cell ; u_pipe|g_cfar_per_beam[15].u_cfar|u_window|add_306~121|cin                            ;
;   20.941 ;   0.119 ; FR ; CELL ; 1      ; LABCELL_X297_Y387_N12  ; Combinational cell ; u_pipe|g_cfar_per_beam[15].u_cfar|u_window|add_306~121|sumout                         ;
;   21.127 ;   0.186 ; RR ; IC   ; 1      ; MLABCELL_X298_Y386_N27 ; Combinational cell ; u_pipe|g_cfar_per_beam[15].u_cfar|u_window|i23536~24|datac                            ;
;   21.211 ;   0.084 ; RR ; CELL ; 2      ; MLABCELL_X298_Y386_N27 ; Combinational cell ; u_pipe|g_cfar_per_beam[15].u_cfar|u_window|i23536~24|combout                          ;
;   21.418 ;   0.207 ; RR ; IC   ; 5      ; MLABCELL_X296_Y387_N12 ; Combinational cell ; u_pipe|g_cfar_per_beam[15].u_cfar|u_window|add_310~121|datad                          ;
;   21.551 ;   0.133 ; RR ; CELL ; 1      ; MLABCELL_X296_Y387_N15 ; Combinational cell ; u_pipe|g_cfar_per_beam[15].u_cfar|u_window|add_310~126|cout                           ;
;   21.551 ;   0.000 ; RR ; CELL ; 3      ; MLABCELL_X296_Y387_N18 ; Combinational cell ; u_pipe|g_cfar_per_beam[15].u_cfar|u_window|add_310~131|cin                            ;
;   21.668 ;   0.117 ; RF ; CELL ; 1      ; MLABCELL_X296_Y387_N18 ; Combinational cell ; u_pipe|g_cfar_per_beam[15].u_cfar|u_window|add_310~131|sumout                         ;
;   21.975 ;   0.307 ; FF ; IC   ; 1      ; MLABCELL_X291_Y386_N33 ; Combinational cell ; u_pipe|g_cfar_per_beam[15].u_cfar|u_window|i23650~26|datae                            ;
;   21.994 ;   0.019 ; FR ; CELL ; 2      ; MLABCELL_X291_Y386_N33 ; Combinational cell ; u_pipe|g_cfar_per_beam[15].u_cfar|u_window|i23650~26|combout                          ;
;   22.057 ;   0.063 ; RF ; CELL ; 1      ; MLABCELL_X291_Y386_N33 ; Combinational cell ; u_pipe|g_cfar_per_beam[15].u_cfar|u_window|i23650~26~cw_ml_mlab/laboutb[2]            ;
;   22.193 ;   0.136 ; FF ; IC   ; 5      ; LABCELL_X294_Y386_N18  ; Combinational cell ; u_pipe|g_cfar_per_beam[15].u_cfar|u_window|add_314~131|datad                          ;
;   22.301 ;   0.108 ; FR ; CELL ; 1      ; LABCELL_X294_Y386_N21  ; Combinational cell ; u_pipe|g_cfar_per_beam[15].u_cfar|u_window|add_314~136|cout                           ;
;   22.301 ;   0.000 ; RR ; CELL ; 2      ; LABCELL_X294_Y386_N24  ; Combinational cell ; u_pipe|g_cfar_per_beam[15].u_cfar|u_window|add_314~141|cin                            ;
;   22.423 ;   0.122 ; RR ; CELL ; 1      ; LABCELL_X294_Y386_N24  ; Combinational cell ; u_pipe|g_cfar_per_beam[15].u_cfar|u_window|add_314~141|sumout                         ;
;   22.645 ;   0.222 ; RR ; IC   ; 1      ; LABCELL_X292_Y385_N48  ; Combinational cell ; u_pipe|g_cfar_per_beam[15].u_cfar|u_window|i23764~28|datac                            ;
;   22.754 ;   0.109 ; RR ; CELL ; 2      ; LABCELL_X292_Y385_N48  ; Combinational cell ; u_pipe|g_cfar_per_beam[15].u_cfar|u_window|i23764~28|combout                          ;
;   22.963 ;   0.209 ; RR ; IC   ; 4      ; LABCELL_X292_Y386_N24  ; Combinational cell ; u_pipe|g_cfar_per_beam[15].u_cfar|u_window|add_318~141|datad                          ;
;   23.128 ;   0.165 ; RF ; CELL ; 1      ; LABCELL_X292_Y386_N24  ; Combinational cell ; u_pipe|g_cfar_per_beam[15].u_cfar|u_window|add_318~141|sumout                         ;
;   23.279 ;   0.151 ; FF ; IC   ; 1      ; LABCELL_X292_Y385_N42  ; Combinational cell ; u_pipe|g_cfar_per_beam[15].u_cfar|u_window|i23878~28|datae                            ;
;   23.312 ;   0.033 ; FF ; CELL ; 2      ; LABCELL_X292_Y385_N42  ; Combinational cell ; u_pipe|g_cfar_per_beam[15].u_cfar|u_window|i23878~28|combout                          ;
;   23.355 ;   0.043 ; FF ; CELL ; 1      ; LABCELL_X292_Y385_N42  ; Combinational cell ; u_pipe|g_cfar_per_beam[15].u_cfar|u_window|i23878~28~cw_la_lab/laboutb[8]             ;
;   23.565 ;   0.210 ; FF ; IC   ; 4      ; MLABCELL_X293_Y386_N24 ; Combinational cell ; u_pipe|g_cfar_per_beam[15].u_cfar|u_window|add_322~141|datad                          ;
;   23.752 ;   0.187 ; FF ; CELL ; 1      ; MLABCELL_X293_Y386_N24 ; Combinational cell ; u_pipe|g_cfar_per_beam[15].u_cfar|u_window|add_322~141|sumout                         ;
;   23.965 ;   0.213 ; FF ; IC   ; 1      ; LABCELL_X292_Y385_N36  ; Combinational cell ; u_pipe|g_cfar_per_beam[15].u_cfar|u_window|i23992~28|datae                            ;
;   24.033 ;   0.068 ; FF ; CELL ; 2      ; LABCELL_X292_Y385_N36  ; Combinational cell ; u_pipe|g_cfar_per_beam[15].u_cfar|u_window|i23992~28|combout                          ;
;   24.310 ;   0.277 ; FF ; IC   ; 4      ; MLABCELL_X293_Y382_N24 ; Combinational cell ; u_pipe|g_cfar_per_beam[15].u_cfar|u_window|add_326~141|datad                          ;
;   24.495 ;   0.185 ; FF ; CELL ; 1      ; MLABCELL_X293_Y382_N24 ; Combinational cell ; u_pipe|g_cfar_per_beam[15].u_cfar|u_window|add_326~141|sumout                         ;
;   24.717 ;   0.222 ; FF ; IC   ; 1      ; LABCELL_X292_Y380_N39  ; Combinational cell ; u_pipe|g_cfar_per_beam[15].u_cfar|u_window|i24106~28|datae                            ;
;   24.736 ;   0.019 ; FR ; CELL ; 2      ; LABCELL_X292_Y380_N39  ; Combinational cell ; u_pipe|g_cfar_per_beam[15].u_cfar|u_window|i24106~28|combout                          ;
;   24.789 ;   0.053 ; RF ; CELL ; 1      ; LABCELL_X292_Y380_N39  ; Combinational cell ; u_pipe|g_cfar_per_beam[15].u_cfar|u_window|i24106~28~cw_la_lab/laboutb[6]             ;
;   24.964 ;   0.175 ; FF ; IC   ; 4      ; LABCELL_X292_Y381_N24  ; Combinational cell ; u_pipe|g_cfar_per_beam[15].u_cfar|u_window|add_330~141|datad                          ;
;   25.116 ;   0.152 ; FR ; CELL ; 1      ; LABCELL_X292_Y381_N24  ; Combinational cell ; u_pipe|g_cfar_per_beam[15].u_cfar|u_window|add_330~141|sumout                         ;
;   25.252 ;   0.136 ; RR ; IC   ; 1      ; LABCELL_X292_Y380_N24  ; Combinational cell ; u_pipe|g_cfar_per_beam[15].u_cfar|u_window|i24220~28|datad                            ;
;   25.350 ;   0.098 ; RR ; CELL ; 2      ; LABCELL_X292_Y380_N24  ; Combinational cell ; u_pipe|g_cfar_per_beam[15].u_cfar|u_window|i24220~28|combout                          ;
;   25.557 ;   0.207 ; RR ; IC   ; 4      ; LABCELL_X294_Y381_N24  ; Combinational cell ; u_pipe|g_cfar_per_beam[15].u_cfar|u_window|add_334~141|datad                          ;
;   25.722 ;   0.165 ; RF ; CELL ; 1      ; LABCELL_X294_Y381_N24  ; Combinational cell ; u_pipe|g_cfar_per_beam[15].u_cfar|u_window|add_334~141|sumout                         ;
;   25.988 ;   0.266 ; FF ; IC   ; 1      ; MLABCELL_X296_Y379_N45 ; Combinational cell ; u_pipe|g_cfar_per_beam[15].u_cfar|u_window|i24334~28|datae                            ;
;   26.033 ;   0.045 ; FF ; CELL ; 2      ; MLABCELL_X296_Y379_N45 ; Combinational cell ; u_pipe|g_cfar_per_beam[15].u_cfar|u_window|i24334~28|combout                          ;
;   26.287 ;   0.254 ; FF ; IC   ; 4      ; MLABCELL_X296_Y381_N24 ; Combinational cell ; u_pipe|g_cfar_per_beam[15].u_cfar|u_window|add_338~141|datad                          ;
;   26.499 ;   0.212 ; FR ; CELL ; 1      ; MLABCELL_X296_Y381_N27 ; Combinational cell ; u_pipe|g_cfar_per_beam[15].u_cfar|u_window|add_338~146|cout                           ;
;   26.499 ;   0.000 ; RR ; CELL ; 3      ; MLABCELL_X296_Y381_N30 ; Combinational cell ; u_pipe|g_cfar_per_beam[15].u_cfar|u_window|add_338~151|cin                            ;
;   26.623 ;   0.124 ; RR ; CELL ; 1      ; MLABCELL_X296_Y381_N30 ; Combinational cell ; u_pipe|g_cfar_per_beam[15].u_cfar|u_window|add_338~151|sumout                         ;
;   26.809 ;   0.186 ; RR ; IC   ; 1      ; MLABCELL_X296_Y379_N27 ; Combinational cell ; u_pipe|g_cfar_per_beam[15].u_cfar|u_window|i24448~30|datac                            ;
;   26.916 ;   0.107 ; RR ; CELL ; 2      ; MLABCELL_X296_Y379_N27 ; Combinational cell ; u_pipe|g_cfar_per_beam[15].u_cfar|u_window|i24448~30|combout                          ;
;   27.162 ;   0.246 ; RR ; IC   ; 4      ; LABCELL_X297_Y381_N30  ; Combinational cell ; u_pipe|g_cfar_per_beam[15].u_cfar|u_window|add_342~151|datac                          ;
;   27.279 ;   0.117 ; RF ; CELL ; 1      ; LABCELL_X297_Y381_N33  ; Combinational cell ; u_pipe|g_cfar_per_beam[15].u_cfar|u_window|add_342~156|cout                           ;
;   27.279 ;   0.000 ; FF ; CELL ; 3      ; LABCELL_X297_Y381_N36  ; Combinational cell ; u_pipe|g_cfar_per_beam[15].u_cfar|u_window|add_342~161|cin                            ;
;   27.302 ;   0.023 ; FR ; CELL ; 1      ; LABCELL_X297_Y381_N39  ; Combinational cell ; u_pipe|g_cfar_per_beam[15].u_cfar|u_window|add_342~166|cout                           ;
;   27.302 ;   0.000 ; RR ; CELL ; 3      ; LABCELL_X297_Y381_N42  ; Combinational cell ; u_pipe|g_cfar_per_beam[15].u_cfar|u_window|add_342~171|cin                            ;
;   27.326 ;   0.024 ; RF ; CELL ; 1      ; LABCELL_X297_Y381_N45  ; Combinational cell ; u_pipe|g_cfar_per_beam[15].u_cfar|u_window|add_342~176|cout                           ;
;   27.326 ;   0.000 ; FF ; CELL ; 3      ; LABCELL_X297_Y381_N48  ; Combinational cell ; u_pipe|g_cfar_per_beam[15].u_cfar|u_window|add_342~181|cin                            ;
;   27.447 ;   0.121 ; FR ; CELL ; 1      ; LABCELL_X297_Y381_N48  ; Combinational cell ; u_pipe|g_cfar_per_beam[15].u_cfar|u_window|add_342~181|sumout                         ;
;   27.735 ;   0.288 ; RR ; IC   ; 1      ; MLABCELL_X296_Y378_N3  ; Combinational cell ; u_pipe|g_cfar_per_beam[15].u_cfar|u_window|i24562~36|datac                            ;
;   27.788 ;   0.053 ; RF ; CELL ; 2      ; MLABCELL_X296_Y378_N3  ; Combinational cell ; u_pipe|g_cfar_per_beam[15].u_cfar|u_window|i24562~36|combout                          ;
;   27.852 ;   0.064 ; FR ; CELL ; 1      ; MLABCELL_X296_Y378_N3  ; Combinational cell ; u_pipe|g_cfar_per_beam[15].u_cfar|u_window|i24562~36~cw_ml_mlab/laboutt[3]            ;
;   28.060 ;   0.208 ; RR ; IC   ; 4      ; MLABCELL_X298_Y382_N48 ; Combinational cell ; u_pipe|g_cfar_per_beam[15].u_cfar|u_window|add_346~181|datad                          ;
;   28.245 ;   0.185 ; RF ; CELL ; 1      ; MLABCELL_X298_Y382_N48 ; Combinational cell ; u_pipe|g_cfar_per_beam[15].u_cfar|u_window|add_346~181|sumout                         ;
;   28.466 ;   0.221 ; FF ; IC   ; 1      ; MLABCELL_X296_Y378_N27 ; Combinational cell ; u_pipe|g_cfar_per_beam[15].u_cfar|u_window|i24676~36|datae                            ;
;   28.485 ;   0.019 ; FR ; CELL ; 2      ; MLABCELL_X296_Y378_N27 ; Combinational cell ; u_pipe|g_cfar_per_beam[15].u_cfar|u_window|i24676~36|combout                          ;
;   28.548 ;   0.063 ; RF ; CELL ; 1      ; MLABCELL_X296_Y378_N27 ; Combinational cell ; u_pipe|g_cfar_per_beam[15].u_cfar|u_window|i24676~36~cw_ml_mlab/laboutt[18]           ;
;   28.739 ;   0.191 ; FF ; IC   ; 4      ; MLABCELL_X298_Y379_N48 ; Combinational cell ; u_pipe|g_cfar_per_beam[15].u_cfar|u_window|add_350~181|datac                          ;
;   28.937 ;   0.198 ; FF ; CELL ; 1      ; MLABCELL_X298_Y379_N48 ; Combinational cell ; u_pipe|g_cfar_per_beam[15].u_cfar|u_window|add_350~181|sumout                         ;
;   29.172 ;   0.235 ; FF ; IC   ; 1      ; MLABCELL_X296_Y378_N39 ; Combinational cell ; u_pipe|g_cfar_per_beam[15].u_cfar|u_window|i24790~36|datad                            ;
;   29.216 ;   0.044 ; FR ; CELL ; 2      ; MLABCELL_X296_Y378_N39 ; Combinational cell ; u_pipe|g_cfar_per_beam[15].u_cfar|u_window|i24790~36|combout                          ;
;   29.240 ;   0.024 ; RF ; CELL ; 1      ; MLABCELL_X296_Y378_N39 ; Combinational cell ; u_pipe|g_cfar_per_beam[15].u_cfar|u_window|i24790~36~cw_ml_mlab/lab_lut5outb[1]       ;
;   29.455 ;   0.215 ; FF ; IC   ; 4      ; LABCELL_X299_Y379_N48  ; Combinational cell ; u_pipe|g_cfar_per_beam[15].u_cfar|u_window|add_354~181|datad                          ;
;   29.563 ;   0.108 ; FR ; CELL ; 1      ; LABCELL_X299_Y379_N51  ; Combinational cell ; u_pipe|g_cfar_per_beam[15].u_cfar|u_window|add_354~186|cout                           ;
;   29.563 ;   0.000 ; RR ; CELL ; 2      ; LABCELL_X299_Y379_N54  ; Combinational cell ; u_pipe|g_cfar_per_beam[15].u_cfar|u_window|add_354~191|cin                            ;
;   29.685 ;   0.122 ; RR ; CELL ; 1      ; LABCELL_X299_Y379_N54  ; Combinational cell ; u_pipe|g_cfar_per_beam[15].u_cfar|u_window|add_354~191|sumout                         ;
;   29.868 ;   0.183 ; RR ; IC   ; 1      ; LABCELL_X299_Y381_N3   ; Combinational cell ; u_pipe|g_cfar_per_beam[15].u_cfar|u_window|i24904~19|datad                            ;
;   29.909 ;   0.041 ; RF ; CELL ; 2      ; LABCELL_X299_Y381_N3   ; Combinational cell ; u_pipe|g_cfar_per_beam[15].u_cfar|u_window|i24904~19|combout                          ;
;   29.935 ;   0.026 ; FR ; CELL ; 1      ; LABCELL_X299_Y381_N3   ; Combinational cell ; u_pipe|g_cfar_per_beam[15].u_cfar|u_window|i24904~19~cw_la_lab/lab_lut5outt[0]        ;
;   30.240 ;   0.305 ; RR ; IC   ; 3      ; LABCELL_X297_Y378_N54  ; Combinational cell ; u_pipe|g_cfar_per_beam[15].u_cfar|u_window|add_358~191|datac                          ;
;   30.465 ;   0.225 ; RR ; CELL ; 1      ; LABCELL_X297_Y378_N57  ; Combinational cell ; u_pipe|g_cfar_per_beam[15].u_cfar|u_window|add_358~196|cout                           ;
;   30.524 ;   0.059 ; RR ; IC   ; 3      ; LABCELL_X297_Y377_N0   ; Combinational cell ; u_pipe|g_cfar_per_beam[15].u_cfar|u_window|add_358~201|cin                            ;
;   30.566 ;   0.042 ; RR ; CELL ; 1      ; LABCELL_X297_Y377_N3   ; Combinational cell ; u_pipe|g_cfar_per_beam[15].u_cfar|u_window|add_358~206|cout                           ;
;   30.566 ;   0.000 ; RR ; CELL ; 3      ; LABCELL_X297_Y377_N6   ; Combinational cell ; u_pipe|g_cfar_per_beam[15].u_cfar|u_window|add_358~211|cin                            ;
;   30.590 ;   0.024 ; RF ; CELL ; 1      ; LABCELL_X297_Y377_N9   ; Combinational cell ; u_pipe|g_cfar_per_beam[15].u_cfar|u_window|add_358~216|cout                           ;
;   30.590 ;   0.000 ; FF ; CELL ; 3      ; LABCELL_X297_Y377_N12  ; Combinational cell ; u_pipe|g_cfar_per_beam[15].u_cfar|u_window|add_358~221|cin                            ;
;   30.706 ;   0.116 ; FF ; CELL ; 1      ; LABCELL_X297_Y377_N12  ; Combinational cell ; u_pipe|g_cfar_per_beam[15].u_cfar|u_window|add_358~221|sumout                         ;
;   30.812 ;   0.106 ; FF ; IC   ; 1      ; MLABCELL_X298_Y377_N9  ; Combinational cell ; u_pipe|g_cfar_per_beam[15].u_cfar|u_window|sum_lag_c[0]~44|datad                      ;
;   30.856 ;   0.044 ; FR ; CELL ; 2      ; MLABCELL_X298_Y377_N9  ; Combinational cell ; u_pipe|g_cfar_per_beam[15].u_cfar|u_window|sum_lag_c[0]~44|combout                    ;
;   30.880 ;   0.024 ; RF ; CELL ; 1      ; MLABCELL_X298_Y377_N9  ; Combinational cell ; u_pipe|g_cfar_per_beam[15].u_cfar|u_window|sum_lag_c[0]~44~cw_ml_mlab/lab_lut5outt[1] ;
;   31.085 ;   0.205 ; FF ; IC   ; 1      ; MPDSP_X300_Y377_N0     ; DSP block          ; u_pipe|g_cfar_per_beam[15].u_cfar|mult_1~mac|ax[17]                                   ;
;   31.085 ;   0.000 ; FF ; CELL ; 0      ; MPDSP_X300_Y377_N0     ; DSP block          ; u_pipe|g_cfar_per_beam[15].u_cfar|sum_lag1_q[35]                                      ;
+----------+---------+----+------+--------+------------------------+--------------------+---------------------------------------------------------------------------------------+

+------------------------------------------------------------------------------------------------------------------------------------------------+
; Data Required Path                                                                                                                             ;
+---------+----------+----+------+--------+-----------------------+------------------+-----------------------------------------------------------+
; Total   ; Incr     ; RF ; Type ; Fanout ; Location              ; Element Type     ; Element                                                   ;
+---------+----------+----+------+--------+-----------------------+------------------+-----------------------------------------------------------+
; 2.222   ; 2.222    ;    ;      ;        ;                       ;                  ; latch edge time                                           ;
; 8.116   ; 5.894    ;    ;      ;        ;                       ;                  ; clock path                                                ;
;   2.222 ;   0.000  ;    ;      ;        ;                       ;                  ; source latency                                            ;
;   2.222 ;   0.000  ;    ;      ; 1      ; PIN_H19               ; I/O pad          ; core_clk                                                  ;
;   2.222 ;   0.000  ; RR ; IC   ; 1      ; IOIBUF_X335_Y418_N121 ; I/O input buffer ; core_clk~input|i                                          ;
;   2.408 ;   0.186  ; RR ; CELL ; 1      ; IOIBUF_X335_Y418_N121 ; I/O input buffer ; core_clk~input|o                                          ;
;   3.228 ;   0.820  ; RR ; CELL ; 546664 ; IOIBUF_X335_Y418_N121 ; I/O input buffer ; core_clk~input~io96/m25_0_30__io12buf2_to_iopll__ioclkin3 ;
;   7.613 ;   4.385  ; RR ; IC   ; 19     ; MPDSP_X300_Y377_N0    ; DSP block        ; u_pipe|g_cfar_per_beam[15].u_cfar|mult_1~mac|clk          ;
;   7.613 ;   0.000  ; RR ; CELL ; 0      ; MPDSP_X300_Y377_N0    ; DSP block        ; u_pipe|g_cfar_per_beam[15].u_cfar|sum_lag1_q[35]          ;
;   8.141 ;   0.528  ;    ;      ;        ;                       ;                  ; clock pessimism removed                                   ;
;   8.116 ;   -0.025 ;    ;      ;        ;                       ;                  ; advanced clock effects                                    ;
; 8.086   ; -0.030   ;    ;      ;        ;                       ;                  ; clock uncertainty                                         ;
; 8.102   ; 0.016    ;    ; uTsu ; 0      ; MPDSP_X300_Y377_N0    ; DSP block        ; u_pipe|g_cfar_per_beam[15].u_cfar|sum_lag1_q[35]          ;
+---------+----------+----+------+--------+-----------------------+------------------+-----------------------------------------------------------+



Path #7: Setup slack is -22.979 (VIOLATED)
===============================================================================
+--------------------------------------------------------------------------------------------+
; Path Summary                                                                               ;
+---------------------------------+----------------------------------------------------------+
; Property                        ; Value                                                    ;
+---------------------------------+----------------------------------------------------------+
; From Node                       ; u_pipe|g_cfar_per_beam[15].u_cfar|u_window|cell_q[39][2] ;
; To Node                         ; u_pipe|g_cfar_per_beam[15].u_cfar|sum_lag1_q[35]         ;
; Launch Clock                    ; core_clk                                                 ;
; Latch Clock                     ; core_clk                                                 ;
; SDC Exception                   ; No SDC Exception on Path                                 ;
; Data Arrival Time               ; 31.081                                                   ;
; Data Required Time              ; 8.102                                                    ;
; Slack                           ; -22.979 (VIOLATED)                                       ;
; Worst-Case Operating Conditions ; Slow vid1 100C Model                                     ;
+---------------------------------+----------------------------------------------------------+

+------------------------------------------------------------------------------------+
; Statistics                                                                         ;
+------------------------+--------+-------+-------------+------------+-------+-------+
; Property               ; Value  ; Count ; Total Delay ; % of Total ; Min   ; Max   ;
+------------------------+--------+-------+-------------+------------+-------+-------+
; Setup Relationship     ; 2.222  ;       ;             ;            ;       ;       ;
; Clock Skew             ; -0.078 ;       ;             ;            ;       ;       ;
; Data Delay             ; 25.109 ;       ;             ;            ;       ;       ;
; Number of Logic Levels ;        ; 68    ;             ;            ;       ;       ;
; Physical Delays        ;        ;       ;             ;            ;       ;       ;
;  Arrival Path          ;        ;       ;             ;            ;       ;       ;
;   Clock                ;        ;       ;             ;            ;       ;       ;
;    IC                  ;        ; 2     ; 4.847       ; 81         ; 0.000 ; 4.847 ;
;    Cell                ;        ; 3     ; 1.125       ; 19         ; 0.000 ; 0.939 ;
;   Data                 ;        ;       ;             ;            ;       ;       ;
;    IC                  ;        ; 71    ; 14.564      ; 58         ; 0.059 ; 0.319 ;
;    Cell                ;        ; 128   ; 10.335      ; 41         ; 0.000 ; 0.225 ;
;    uTco                ;        ; 1     ; 0.210       ; 1          ; 0.210 ; 0.210 ;
;  Required Path         ;        ;       ;             ;            ;       ;       ;
;   Clock                ;        ;       ;             ;            ;       ;       ;
;    IC                  ;        ; 2     ; 4.385       ; 81         ; 0.000 ; 4.385 ;
;    Cell                ;        ; 3     ; 1.006       ; 19         ; 0.000 ; 0.820 ;
+------------------------+--------+-------+-------------+------------+-------+-------+
Note: Negative delays are omitted from totals when calculating percentages

+-------------------------------------------------------------------------------------------------------------------------------------------------------------------------------+
; Data Arrival Path                                                                                                                                                             ;
+----------+---------+----+------+--------+------------------------+--------------------+---------------------------------------------------------------------------------------+
; Total    ; Incr    ; RF ; Type ; Fanout ; Location               ; Element Type       ; Element                                                                               ;
+----------+---------+----+------+--------+------------------------+--------------------+---------------------------------------------------------------------------------------+
; 0.000    ; 0.000   ;    ;      ;        ;                        ;                    ; launch edge time                                                                      ;
; 5.972    ; 5.972   ;    ;      ;        ;                        ;                    ; clock path                                                                            ;
;   0.000  ;   0.000 ;    ;      ;        ;                        ;                    ; source latency                                                                        ;
;   0.000  ;   0.000 ;    ;      ; 1      ; PIN_H19                ; I/O pad            ; core_clk                                                                              ;
;   0.000  ;   0.000 ; RR ; IC   ; 1      ; IOIBUF_X335_Y418_N121  ; I/O input buffer   ; core_clk~input|i                                                                      ;
;   0.186  ;   0.186 ; RR ; CELL ; 1      ; IOIBUF_X335_Y418_N121  ; I/O input buffer   ; core_clk~input|o                                                                      ;
;   1.125  ;   0.939 ; RR ; CELL ; 546664 ; IOIBUF_X335_Y418_N121  ; I/O input buffer   ; core_clk~input~io96/m25_0_30__io12buf2_to_iopll__ioclkin3                             ;
;   5.972  ;   4.847 ; RR ; IC   ; 1      ; FF_X315_Y380_N22       ; ALM Register       ; u_pipe|g_cfar_per_beam[15].u_cfar|u_window|cell_q[39][2]|clk                          ;
;   5.972  ;   0.000 ; RR ; CELL ; 1      ; FF_X315_Y380_N22       ; ALM Register       ; u_pipe|g_cfar_per_beam[15].u_cfar|u_window|cell_q[39][2]                              ;
; 31.081   ; 25.109  ;    ;      ;        ;                        ;                    ; data path                                                                             ;
;   6.182  ;   0.210 ; RR ; uTco ; 3      ; FF_X315_Y380_N22       ; ALM Register       ; u_pipe|g_cfar_per_beam[15].u_cfar|u_window|cell_q[39][2]|q                            ;
;   6.303  ;   0.121 ; RR ; IC   ; 5      ; MLABCELL_X314_Y380_N6  ; Combinational cell ; u_pipe|g_cfar_per_beam[15].u_cfar|u_window|add_226~11|datad                           ;
;   6.436  ;   0.133 ; RR ; CELL ; 1      ; MLABCELL_X314_Y380_N9  ; Combinational cell ; u_pipe|g_cfar_per_beam[15].u_cfar|u_window|add_226~16|cout                            ;
;   6.436  ;   0.000 ; RR ; CELL ; 3      ; MLABCELL_X314_Y380_N12 ; Combinational cell ; u_pipe|g_cfar_per_beam[15].u_cfar|u_window|add_226~21|cin                             ;
;   6.558  ;   0.122 ; RR ; CELL ; 1      ; MLABCELL_X314_Y380_N12 ; Combinational cell ; u_pipe|g_cfar_per_beam[15].u_cfar|u_window|add_226~21|sumout                          ;
;   6.741  ;   0.183 ; RR ; IC   ; 1      ; MLABCELL_X314_Y378_N15 ; Combinational cell ; u_pipe|g_cfar_per_beam[15].u_cfar|u_window|i21256~4|datae                             ;
;   6.758  ;   0.017 ; RF ; CELL ; 2      ; MLABCELL_X314_Y378_N15 ; Combinational cell ; u_pipe|g_cfar_per_beam[15].u_cfar|u_window|i21256~4|combout                           ;
;   6.785  ;   0.027 ; FR ; CELL ; 1      ; MLABCELL_X314_Y378_N15 ; Combinational cell ; u_pipe|g_cfar_per_beam[15].u_cfar|u_window|i21256~4~cw_ml_mlab/lab_lut5outt[2]        ;
;   7.040  ;   0.255 ; RR ; IC   ; 5      ; LABCELL_X313_Y379_N12  ; Combinational cell ; u_pipe|g_cfar_per_beam[15].u_cfar|u_window|add_230~21|datac                           ;
;   7.157  ;   0.117 ; RF ; CELL ; 1      ; LABCELL_X313_Y379_N15  ; Combinational cell ; u_pipe|g_cfar_per_beam[15].u_cfar|u_window|add_230~26|cout                            ;
;   7.157  ;   0.000 ; FF ; CELL ; 3      ; LABCELL_X313_Y379_N18  ; Combinational cell ; u_pipe|g_cfar_per_beam[15].u_cfar|u_window|add_230~31|cin                             ;
;   7.278  ;   0.121 ; FR ; CELL ; 1      ; LABCELL_X313_Y379_N18  ; Combinational cell ; u_pipe|g_cfar_per_beam[15].u_cfar|u_window|add_230~31|sumout                          ;
;   7.474  ;   0.196 ; RR ; IC   ; 1      ; MLABCELL_X314_Y378_N33 ; Combinational cell ; u_pipe|g_cfar_per_beam[15].u_cfar|u_window|i21370~6|datac                             ;
;   7.593  ;   0.119 ; RR ; CELL ; 2      ; MLABCELL_X314_Y378_N33 ; Combinational cell ; u_pipe|g_cfar_per_beam[15].u_cfar|u_window|i21370~6|combout                           ;
;   7.816  ;   0.223 ; RR ; IC   ; 5      ; MLABCELL_X312_Y379_N18 ; Combinational cell ; u_pipe|g_cfar_per_beam[15].u_cfar|u_window|add_234~31|datad                           ;
;   7.993  ;   0.177 ; RR ; CELL ; 1      ; MLABCELL_X312_Y379_N18 ; Combinational cell ; u_pipe|g_cfar_per_beam[15].u_cfar|u_window|add_234~31|sumout                          ;
;   8.221  ;   0.228 ; RR ; IC   ; 1      ; LABCELL_X310_Y380_N27  ; Combinational cell ; u_pipe|g_cfar_per_beam[15].u_cfar|u_window|i21484~6|datae                             ;
;   8.275  ;   0.054 ; RR ; CELL ; 2      ; LABCELL_X310_Y380_N27  ; Combinational cell ; u_pipe|g_cfar_per_beam[15].u_cfar|u_window|i21484~6|combout                           ;
;   8.417  ;   0.142 ; RR ; IC   ; 5      ; LABCELL_X310_Y379_N18  ; Combinational cell ; u_pipe|g_cfar_per_beam[15].u_cfar|u_window|add_238~31|datac                           ;
;   8.591  ;   0.174 ; RF ; CELL ; 1      ; LABCELL_X310_Y379_N18  ; Combinational cell ; u_pipe|g_cfar_per_beam[15].u_cfar|u_window|add_238~31|sumout                          ;
;   8.762  ;   0.171 ; FF ; IC   ; 1      ; LABCELL_X310_Y380_N51  ; Combinational cell ; u_pipe|g_cfar_per_beam[15].u_cfar|u_window|i21598~6|datae                             ;
;   8.781  ;   0.019 ; FR ; CELL ; 2      ; LABCELL_X310_Y380_N51  ; Combinational cell ; u_pipe|g_cfar_per_beam[15].u_cfar|u_window|i21598~6|combout                           ;
;   8.805  ;   0.024 ; RF ; CELL ; 1      ; LABCELL_X310_Y380_N51  ; Combinational cell ; u_pipe|g_cfar_per_beam[15].u_cfar|u_window|i21598~6~cw_la_lab/lab_lut5outb[3]         ;
;   8.981  ;   0.176 ; FF ; IC   ; 5      ; MLABCELL_X309_Y379_N18 ; Combinational cell ; u_pipe|g_cfar_per_beam[15].u_cfar|u_window|add_242~31|datac                           ;
;   9.178  ;   0.197 ; FF ; CELL ; 1      ; MLABCELL_X309_Y379_N18 ; Combinational cell ; u_pipe|g_cfar_per_beam[15].u_cfar|u_window|add_242~31|sumout                          ;
;   9.366  ;   0.188 ; FF ; IC   ; 1      ; LABCELL_X308_Y380_N3   ; Combinational cell ; u_pipe|g_cfar_per_beam[15].u_cfar|u_window|i21712~6|datae                             ;
;   9.411  ;   0.045 ; FF ; CELL ; 2      ; LABCELL_X308_Y380_N3   ; Combinational cell ; u_pipe|g_cfar_per_beam[15].u_cfar|u_window|i21712~6|combout                           ;
;   9.649  ;   0.238 ; FF ; IC   ; 5      ; MLABCELL_X307_Y378_N18 ; Combinational cell ; u_pipe|g_cfar_per_beam[15].u_cfar|u_window|add_246~31|datac                           ;
;   9.845  ;   0.196 ; FF ; CELL ; 1      ; MLABCELL_X307_Y378_N18 ; Combinational cell ; u_pipe|g_cfar_per_beam[15].u_cfar|u_window|add_246~31|sumout                          ;
;   10.054 ;   0.209 ; FF ; IC   ; 1      ; LABCELL_X308_Y380_N57  ; Combinational cell ; u_pipe|g_cfar_per_beam[15].u_cfar|u_window|i21826~6|datad                             ;
;   10.097 ;   0.043 ; FR ; CELL ; 2      ; LABCELL_X308_Y380_N57  ; Combinational cell ; u_pipe|g_cfar_per_beam[15].u_cfar|u_window|i21826~6|combout                           ;
;   10.151 ;   0.054 ; RF ; CELL ; 1      ; LABCELL_X308_Y380_N57  ; Combinational cell ; u_pipe|g_cfar_per_beam[15].u_cfar|u_window|i21826~6~cw_la_lab/laboutb[19]             ;
;   10.374 ;   0.223 ; FF ; IC   ; 5      ; MLABCELL_X307_Y381_N18 ; Combinational cell ; u_pipe|g_cfar_per_beam[15].u_cfar|u_window|add_250~31|datad                           ;
;   10.502 ;   0.128 ; FR ; CELL ; 1      ; MLABCELL_X307_Y381_N21 ; Combinational cell ; u_pipe|g_cfar_per_beam[15].u_cfar|u_window|add_250~36|cout                            ;
;   10.502 ;   0.000 ; RR ; CELL ; 3      ; MLABCELL_X307_Y381_N24 ; Combinational cell ; u_pipe|g_cfar_per_beam[15].u_cfar|u_window|add_250~41|cin                             ;
;   10.627 ;   0.125 ; RR ; CELL ; 1      ; MLABCELL_X307_Y381_N24 ; Combinational cell ; u_pipe|g_cfar_per_beam[15].u_cfar|u_window|add_250~41|sumout                          ;
;   10.736 ;   0.109 ; RR ; IC   ; 1      ; LABCELL_X308_Y381_N6   ; Combinational cell ; u_pipe|g_cfar_per_beam[15].u_cfar|u_window|i21940~8|datad                             ;
;   10.832 ;   0.096 ; RR ; CELL ; 2      ; LABCELL_X308_Y381_N6   ; Combinational cell ; u_pipe|g_cfar_per_beam[15].u_cfar|u_window|i21940~8|combout                           ;
;   11.052 ;   0.220 ; RR ; IC   ; 4      ; MLABCELL_X309_Y383_N24 ; Combinational cell ; u_pipe|g_cfar_per_beam[15].u_cfar|u_window|add_254~41|datac                           ;
;   11.270 ;   0.218 ; RR ; CELL ; 1      ; MLABCELL_X309_Y383_N27 ; Combinational cell ; u_pipe|g_cfar_per_beam[15].u_cfar|u_window|add_254~46|cout                            ;
;   11.270 ;   0.000 ; RR ; CELL ; 3      ; MLABCELL_X309_Y383_N30 ; Combinational cell ; u_pipe|g_cfar_per_beam[15].u_cfar|u_window|add_254~51|cin                             ;
;   11.394 ;   0.124 ; RR ; CELL ; 1      ; MLABCELL_X309_Y383_N30 ; Combinational cell ; u_pipe|g_cfar_per_beam[15].u_cfar|u_window|add_254~51|sumout                          ;
;   11.622 ;   0.228 ; RR ; IC   ; 1      ; LABCELL_X310_Y381_N57  ; Combinational cell ; u_pipe|g_cfar_per_beam[15].u_cfar|u_window|i22054~10|datae                            ;
;   11.649 ;   0.027 ; RF ; CELL ; 2      ; LABCELL_X310_Y381_N57  ; Combinational cell ; u_pipe|g_cfar_per_beam[15].u_cfar|u_window|i22054~10|combout                          ;
;   11.710 ;   0.061 ; FR ; CELL ; 1      ; LABCELL_X310_Y381_N57  ; Combinational cell ; u_pipe|g_cfar_per_beam[15].u_cfar|u_window|i22054~10~cw_la_lab/laboutb[19]            ;
;   11.899 ;   0.189 ; RR ; IC   ; 4      ; LABCELL_X310_Y383_N30  ; Combinational cell ; u_pipe|g_cfar_per_beam[15].u_cfar|u_window|add_258~51|datad                           ;
;   12.005 ;   0.106 ; RF ; CELL ; 1      ; LABCELL_X310_Y383_N33  ; Combinational cell ; u_pipe|g_cfar_per_beam[15].u_cfar|u_window|add_258~56|cout                            ;
;   12.005 ;   0.000 ; FF ; CELL ; 3      ; LABCELL_X310_Y383_N36  ; Combinational cell ; u_pipe|g_cfar_per_beam[15].u_cfar|u_window|add_258~61|cin                             ;
;   12.028 ;   0.023 ; FR ; CELL ; 1      ; LABCELL_X310_Y383_N39  ; Combinational cell ; u_pipe|g_cfar_per_beam[15].u_cfar|u_window|add_258~66|cout                            ;
;   12.028 ;   0.000 ; RR ; CELL ; 3      ; LABCELL_X310_Y383_N42  ; Combinational cell ; u_pipe|g_cfar_per_beam[15].u_cfar|u_window|add_258~71|cin                             ;
;   12.150 ;   0.122 ; RR ; CELL ; 1      ; LABCELL_X310_Y383_N42  ; Combinational cell ; u_pipe|g_cfar_per_beam[15].u_cfar|u_window|add_258~71|sumout                          ;
;   12.330 ;   0.180 ; RR ; IC   ; 1      ; LABCELL_X313_Y383_N21  ; Combinational cell ; u_pipe|g_cfar_per_beam[15].u_cfar|u_window|i22168~14|datad                            ;
;   12.406 ;   0.076 ; RR ; CELL ; 2      ; LABCELL_X313_Y383_N21  ; Combinational cell ; u_pipe|g_cfar_per_beam[15].u_cfar|u_window|i22168~14|combout                          ;
;   12.508 ;   0.102 ; RR ; IC   ; 4      ; MLABCELL_X312_Y383_N42 ; Combinational cell ; u_pipe|g_cfar_per_beam[15].u_cfar|u_window|add_262~71|datad                           ;
;   12.641 ;   0.133 ; RR ; CELL ; 1      ; MLABCELL_X312_Y383_N45 ; Combinational cell ; u_pipe|g_cfar_per_beam[15].u_cfar|u_window|add_262~76|cout                            ;
;   12.641 ;   0.000 ; RR ; CELL ; 3      ; MLABCELL_X312_Y383_N48 ; Combinational cell ; u_pipe|g_cfar_per_beam[15].u_cfar|u_window|add_262~81|cin                             ;
;   12.760 ;   0.119 ; RF ; CELL ; 1      ; MLABCELL_X312_Y383_N48 ; Combinational cell ; u_pipe|g_cfar_per_beam[15].u_cfar|u_window|add_262~81|sumout                          ;
;   12.987 ;   0.227 ; FF ; IC   ; 1      ; MLABCELL_X312_Y387_N33 ; Combinational cell ; u_pipe|g_cfar_per_beam[15].u_cfar|u_window|i22282~16|datac                            ;
;   13.042 ;   0.055 ; FR ; CELL ; 2      ; MLABCELL_X312_Y387_N33 ; Combinational cell ; u_pipe|g_cfar_per_beam[15].u_cfar|u_window|i22282~16|combout                          ;
;   13.105 ;   0.063 ; RF ; CELL ; 1      ; MLABCELL_X312_Y387_N33 ; Combinational cell ; u_pipe|g_cfar_per_beam[15].u_cfar|u_window|i22282~16~cw_ml_mlab/laboutb[2]            ;
;   13.307 ;   0.202 ; FF ; IC   ; 4      ; LABCELL_X310_Y387_N48  ; Combinational cell ; u_pipe|g_cfar_per_beam[15].u_cfar|u_window|add_266~81|datac                           ;
;   13.427 ;   0.120 ; FR ; CELL ; 1      ; LABCELL_X310_Y387_N51  ; Combinational cell ; u_pipe|g_cfar_per_beam[15].u_cfar|u_window|add_266~86|cout                            ;
;   13.427 ;   0.000 ; RR ; CELL ; 2      ; LABCELL_X310_Y387_N54  ; Combinational cell ; u_pipe|g_cfar_per_beam[15].u_cfar|u_window|add_266~91|cin                             ;
;   13.550 ;   0.123 ; RF ; CELL ; 1      ; LABCELL_X310_Y387_N54  ; Combinational cell ; u_pipe|g_cfar_per_beam[15].u_cfar|u_window|add_266~91|sumout                          ;
;   13.812 ;   0.262 ; FF ; IC   ; 1      ; MLABCELL_X314_Y383_N27 ; Combinational cell ; u_pipe|g_cfar_per_beam[15].u_cfar|u_window|i22396~18|datae                            ;
;   13.839 ;   0.027 ; FR ; CELL ; 2      ; MLABCELL_X314_Y383_N27 ; Combinational cell ; u_pipe|g_cfar_per_beam[15].u_cfar|u_window|i22396~18|combout                          ;
;   13.903 ;   0.064 ; RF ; CELL ; 1      ; MLABCELL_X314_Y383_N27 ; Combinational cell ; u_pipe|g_cfar_per_beam[15].u_cfar|u_window|i22396~18~cw_ml_mlab/laboutt[16]           ;
;   14.222 ;   0.319 ; FF ; IC   ; 3      ; LABCELL_X308_Y387_N54  ; Combinational cell ; u_pipe|g_cfar_per_beam[15].u_cfar|u_window|add_270~91|datad                           ;
;   14.381 ;   0.159 ; FF ; CELL ; 1      ; LABCELL_X308_Y387_N54  ; Combinational cell ; u_pipe|g_cfar_per_beam[15].u_cfar|u_window|add_270~91|sumout                          ;
;   14.563 ;   0.182 ; FF ; IC   ; 1      ; MLABCELL_X304_Y387_N45 ; Combinational cell ; u_pipe|g_cfar_per_beam[15].u_cfar|u_window|i22510~18|datad                            ;
;   14.633 ;   0.070 ; FF ; CELL ; 2      ; MLABCELL_X304_Y387_N45 ; Combinational cell ; u_pipe|g_cfar_per_beam[15].u_cfar|u_window|i22510~18|combout                          ;
;   14.916 ;   0.283 ; FF ; IC   ; 3      ; MLABCELL_X309_Y388_N54 ; Combinational cell ; u_pipe|g_cfar_per_beam[15].u_cfar|u_window|add_274~91|datad                           ;
;   15.102 ;   0.186 ; FF ; CELL ; 1      ; MLABCELL_X309_Y388_N54 ; Combinational cell ; u_pipe|g_cfar_per_beam[15].u_cfar|u_window|add_274~91|sumout                          ;
;   15.327 ;   0.225 ; FF ; IC   ; 1      ; LABCELL_X303_Y388_N30  ; Combinational cell ; u_pipe|g_cfar_per_beam[15].u_cfar|u_window|i22624~18|datad                            ;
;   15.383 ;   0.056 ; FF ; CELL ; 2      ; LABCELL_X303_Y388_N30  ; Combinational cell ; u_pipe|g_cfar_per_beam[15].u_cfar|u_window|i22624~18|combout                          ;
;   15.426 ;   0.043 ; FF ; CELL ; 1      ; LABCELL_X303_Y388_N30  ; Combinational cell ; u_pipe|g_cfar_per_beam[15].u_cfar|u_window|i22624~18~cw_la_lab/laboutb[0]             ;
;   15.618 ;   0.192 ; FF ; IC   ; 3      ; MLABCELL_X307_Y388_N54 ; Combinational cell ; u_pipe|g_cfar_per_beam[15].u_cfar|u_window|add_278~91|datac                           ;
;   15.814 ;   0.196 ; FF ; CELL ; 1      ; MLABCELL_X307_Y388_N54 ; Combinational cell ; u_pipe|g_cfar_per_beam[15].u_cfar|u_window|add_278~91|sumout                          ;
;   16.095 ;   0.281 ; FF ; IC   ; 1      ; LABCELL_X303_Y389_N45  ; Combinational cell ; u_pipe|g_cfar_per_beam[15].u_cfar|u_window|i22738~18|datae                            ;
;   16.122 ;   0.027 ; FR ; CELL ; 2      ; LABCELL_X303_Y389_N45  ; Combinational cell ; u_pipe|g_cfar_per_beam[15].u_cfar|u_window|i22738~18|combout                          ;
;   16.139 ;   0.017 ; RF ; CELL ; 1      ; LABCELL_X303_Y389_N45  ; Combinational cell ; u_pipe|g_cfar_per_beam[15].u_cfar|u_window|i22738~18~cw_la_lab/lab_lut6outb[2]        ;
;   16.357 ;   0.218 ; FF ; IC   ; 3      ; LABCELL_X305_Y388_N54  ; Combinational cell ; u_pipe|g_cfar_per_beam[15].u_cfar|u_window|add_282~91|datac                           ;
;   16.522 ;   0.165 ; FF ; CELL ; 1      ; LABCELL_X305_Y388_N54  ; Combinational cell ; u_pipe|g_cfar_per_beam[15].u_cfar|u_window|add_282~91|sumout                          ;
;   16.741 ;   0.219 ; FF ; IC   ; 1      ; LABCELL_X303_Y389_N15  ; Combinational cell ; u_pipe|g_cfar_per_beam[15].u_cfar|u_window|i22852~18|datae                            ;
;   16.760 ;   0.019 ; FR ; CELL ; 2      ; LABCELL_X303_Y389_N15  ; Combinational cell ; u_pipe|g_cfar_per_beam[15].u_cfar|u_window|i22852~18|combout                          ;
;   16.784 ;   0.024 ; RF ; CELL ; 1      ; LABCELL_X303_Y389_N15  ; Combinational cell ; u_pipe|g_cfar_per_beam[15].u_cfar|u_window|i22852~18~cw_la_lab/lab_lut5outt[2]        ;
;   16.913 ;   0.129 ; FF ; IC   ; 3      ; MLABCELL_X304_Y389_N54 ; Combinational cell ; u_pipe|g_cfar_per_beam[15].u_cfar|u_window|add_286~91|datac                           ;
;   17.097 ;   0.184 ; FF ; CELL ; 1      ; MLABCELL_X304_Y389_N54 ; Combinational cell ; u_pipe|g_cfar_per_beam[15].u_cfar|u_window|add_286~91|sumout                          ;
;   17.326 ;   0.229 ; FF ; IC   ; 1      ; LABCELL_X303_Y390_N39  ; Combinational cell ; u_pipe|g_cfar_per_beam[15].u_cfar|u_window|i22966~18|datae                            ;
;   17.345 ;   0.019 ; FR ; CELL ; 2      ; LABCELL_X303_Y390_N39  ; Combinational cell ; u_pipe|g_cfar_per_beam[15].u_cfar|u_window|i22966~18|combout                          ;
;   17.399 ;   0.054 ; RF ; CELL ; 1      ; LABCELL_X303_Y390_N39  ; Combinational cell ; u_pipe|g_cfar_per_beam[15].u_cfar|u_window|i22966~18~cw_la_lab/laboutb[6]             ;
;   17.579 ;   0.180 ; FF ; IC   ; 3      ; LABCELL_X303_Y386_N54  ; Combinational cell ; u_pipe|g_cfar_per_beam[15].u_cfar|u_window|add_290~91|datad                           ;
;   17.739 ;   0.160 ; FF ; CELL ; 1      ; LABCELL_X303_Y386_N54  ; Combinational cell ; u_pipe|g_cfar_per_beam[15].u_cfar|u_window|add_290~91|sumout                          ;
;   17.957 ;   0.218 ; FF ; IC   ; 1      ; LABCELL_X303_Y390_N21  ; Combinational cell ; u_pipe|g_cfar_per_beam[15].u_cfar|u_window|i23080~18|datad                            ;
;   18.000 ;   0.043 ; FR ; CELL ; 2      ; LABCELL_X303_Y390_N21  ; Combinational cell ; u_pipe|g_cfar_per_beam[15].u_cfar|u_window|i23080~18|combout                          ;
;   18.065 ;   0.065 ; RF ; CELL ; 1      ; LABCELL_X303_Y390_N21  ; Combinational cell ; u_pipe|g_cfar_per_beam[15].u_cfar|u_window|i23080~18~cw_la_lab/laboutt[15]            ;
;   18.253 ;   0.188 ; FF ; IC   ; 3      ; MLABCELL_X302_Y386_N54 ; Combinational cell ; u_pipe|g_cfar_per_beam[15].u_cfar|u_window|add_294~91|datac                           ;
;   18.451 ;   0.198 ; FF ; CELL ; 1      ; MLABCELL_X302_Y386_N54 ; Combinational cell ; u_pipe|g_cfar_per_beam[15].u_cfar|u_window|add_294~91|sumout                          ;
;   18.724 ;   0.273 ; FF ; IC   ; 1      ; LABCELL_X299_Y390_N42  ; Combinational cell ; u_pipe|g_cfar_per_beam[15].u_cfar|u_window|i23194~18|datad                            ;
;   18.816 ;   0.092 ; FF ; CELL ; 2      ; LABCELL_X299_Y390_N42  ; Combinational cell ; u_pipe|g_cfar_per_beam[15].u_cfar|u_window|i23194~18|combout                          ;
;   18.973 ;   0.157 ; FF ; IC   ; 3      ; LABCELL_X299_Y386_N54  ; Combinational cell ; u_pipe|g_cfar_per_beam[15].u_cfar|u_window|add_298~91|datad                           ;
;   19.183 ;   0.210 ; FR ; CELL ; 1      ; LABCELL_X299_Y386_N57  ; Combinational cell ; u_pipe|g_cfar_per_beam[15].u_cfar|u_window|add_298~96|cout                            ;
;   19.242 ;   0.059 ; RR ; IC   ; 5      ; LABCELL_X299_Y385_N0   ; Combinational cell ; u_pipe|g_cfar_per_beam[15].u_cfar|u_window|add_298~101|cin                            ;
;   19.379 ;   0.137 ; RF ; CELL ; 1      ; LABCELL_X299_Y385_N0   ; Combinational cell ; u_pipe|g_cfar_per_beam[15].u_cfar|u_window|add_298~101|sumout                         ;
;   19.579 ;   0.200 ; FF ; IC   ; 1      ; MLABCELL_X304_Y385_N21 ; Combinational cell ; u_pipe|g_cfar_per_beam[15].u_cfar|u_window|i23308~20|datac                            ;
;   19.690 ;   0.111 ; FF ; CELL ; 2      ; MLABCELL_X304_Y385_N21 ; Combinational cell ; u_pipe|g_cfar_per_beam[15].u_cfar|u_window|i23308~20|combout                          ;
;   19.983 ;   0.293 ; FF ; IC   ; 5      ; MLABCELL_X298_Y389_N0  ; Combinational cell ; u_pipe|g_cfar_per_beam[15].u_cfar|u_window|add_302~101|datac                          ;
;   20.181 ;   0.198 ; FF ; CELL ; 1      ; MLABCELL_X298_Y389_N0  ; Combinational cell ; u_pipe|g_cfar_per_beam[15].u_cfar|u_window|add_302~101|sumout                         ;
;   20.410 ;   0.229 ; FF ; IC   ; 1      ; MLABCELL_X298_Y386_N21 ; Combinational cell ; u_pipe|g_cfar_per_beam[15].u_cfar|u_window|i23422~20|datac                            ;
;   20.492 ;   0.082 ; FF ; CELL ; 2      ; MLABCELL_X298_Y386_N21 ; Combinational cell ; u_pipe|g_cfar_per_beam[15].u_cfar|u_window|i23422~20|combout                          ;
;   20.684 ;   0.192 ; FF ; IC   ; 5      ; LABCELL_X297_Y387_N0   ; Combinational cell ; u_pipe|g_cfar_per_beam[15].u_cfar|u_window|add_306~101|datad                          ;
;   20.792 ;   0.108 ; FR ; CELL ; 1      ; LABCELL_X297_Y387_N3   ; Combinational cell ; u_pipe|g_cfar_per_beam[15].u_cfar|u_window|add_306~106|cout                           ;
;   20.792 ;   0.000 ; RR ; CELL ; 3      ; LABCELL_X297_Y387_N6   ; Combinational cell ; u_pipe|g_cfar_per_beam[15].u_cfar|u_window|add_306~111|cin                            ;
;   20.816 ;   0.024 ; RF ; CELL ; 1      ; LABCELL_X297_Y387_N9   ; Combinational cell ; u_pipe|g_cfar_per_beam[15].u_cfar|u_window|add_306~116|cout                           ;
;   20.816 ;   0.000 ; FF ; CELL ; 3      ; LABCELL_X297_Y387_N12  ; Combinational cell ; u_pipe|g_cfar_per_beam[15].u_cfar|u_window|add_306~121|cin                            ;
;   20.935 ;   0.119 ; FR ; CELL ; 1      ; LABCELL_X297_Y387_N12  ; Combinational cell ; u_pipe|g_cfar_per_beam[15].u_cfar|u_window|add_306~121|sumout                         ;
;   21.121 ;   0.186 ; RR ; IC   ; 1      ; MLABCELL_X298_Y386_N27 ; Combinational cell ; u_pipe|g_cfar_per_beam[15].u_cfar|u_window|i23536~24|datac                            ;
;   21.205 ;   0.084 ; RR ; CELL ; 2      ; MLABCELL_X298_Y386_N27 ; Combinational cell ; u_pipe|g_cfar_per_beam[15].u_cfar|u_window|i23536~24|combout                          ;
;   21.412 ;   0.207 ; RR ; IC   ; 5      ; MLABCELL_X296_Y387_N12 ; Combinational cell ; u_pipe|g_cfar_per_beam[15].u_cfar|u_window|add_310~121|datad                          ;
;   21.545 ;   0.133 ; RR ; CELL ; 1      ; MLABCELL_X296_Y387_N15 ; Combinational cell ; u_pipe|g_cfar_per_beam[15].u_cfar|u_window|add_310~126|cout                           ;
;   21.545 ;   0.000 ; RR ; CELL ; 3      ; MLABCELL_X296_Y387_N18 ; Combinational cell ; u_pipe|g_cfar_per_beam[15].u_cfar|u_window|add_310~131|cin                            ;
;   21.662 ;   0.117 ; RF ; CELL ; 1      ; MLABCELL_X296_Y387_N18 ; Combinational cell ; u_pipe|g_cfar_per_beam[15].u_cfar|u_window|add_310~131|sumout                         ;
;   21.969 ;   0.307 ; FF ; IC   ; 1      ; MLABCELL_X291_Y386_N33 ; Combinational cell ; u_pipe|g_cfar_per_beam[15].u_cfar|u_window|i23650~26|datae                            ;
;   21.988 ;   0.019 ; FR ; CELL ; 2      ; MLABCELL_X291_Y386_N33 ; Combinational cell ; u_pipe|g_cfar_per_beam[15].u_cfar|u_window|i23650~26|combout                          ;
;   22.051 ;   0.063 ; RF ; CELL ; 1      ; MLABCELL_X291_Y386_N33 ; Combinational cell ; u_pipe|g_cfar_per_beam[15].u_cfar|u_window|i23650~26~cw_ml_mlab/laboutb[2]            ;
;   22.187 ;   0.136 ; FF ; IC   ; 5      ; LABCELL_X294_Y386_N18  ; Combinational cell ; u_pipe|g_cfar_per_beam[15].u_cfar|u_window|add_314~131|datad                          ;
;   22.295 ;   0.108 ; FR ; CELL ; 1      ; LABCELL_X294_Y386_N21  ; Combinational cell ; u_pipe|g_cfar_per_beam[15].u_cfar|u_window|add_314~136|cout                           ;
;   22.295 ;   0.000 ; RR ; CELL ; 2      ; LABCELL_X294_Y386_N24  ; Combinational cell ; u_pipe|g_cfar_per_beam[15].u_cfar|u_window|add_314~141|cin                            ;
;   22.417 ;   0.122 ; RR ; CELL ; 1      ; LABCELL_X294_Y386_N24  ; Combinational cell ; u_pipe|g_cfar_per_beam[15].u_cfar|u_window|add_314~141|sumout                         ;
;   22.639 ;   0.222 ; RR ; IC   ; 1      ; LABCELL_X292_Y385_N48  ; Combinational cell ; u_pipe|g_cfar_per_beam[15].u_cfar|u_window|i23764~28|datac                            ;
;   22.748 ;   0.109 ; RR ; CELL ; 2      ; LABCELL_X292_Y385_N48  ; Combinational cell ; u_pipe|g_cfar_per_beam[15].u_cfar|u_window|i23764~28|combout                          ;
;   22.957 ;   0.209 ; RR ; IC   ; 4      ; LABCELL_X292_Y386_N24  ; Combinational cell ; u_pipe|g_cfar_per_beam[15].u_cfar|u_window|add_318~141|datad                          ;
;   23.122 ;   0.165 ; RF ; CELL ; 1      ; LABCELL_X292_Y386_N24  ; Combinational cell ; u_pipe|g_cfar_per_beam[15].u_cfar|u_window|add_318~141|sumout                         ;
;   23.273 ;   0.151 ; FF ; IC   ; 1      ; LABCELL_X292_Y385_N42  ; Combinational cell ; u_pipe|g_cfar_per_beam[15].u_cfar|u_window|i23878~28|datae                            ;
;   23.306 ;   0.033 ; FF ; CELL ; 2      ; LABCELL_X292_Y385_N42  ; Combinational cell ; u_pipe|g_cfar_per_beam[15].u_cfar|u_window|i23878~28|combout                          ;
;   23.349 ;   0.043 ; FF ; CELL ; 1      ; LABCELL_X292_Y385_N42  ; Combinational cell ; u_pipe|g_cfar_per_beam[15].u_cfar|u_window|i23878~28~cw_la_lab/laboutb[8]             ;
;   23.559 ;   0.210 ; FF ; IC   ; 4      ; MLABCELL_X293_Y386_N24 ; Combinational cell ; u_pipe|g_cfar_per_beam[15].u_cfar|u_window|add_322~141|datad                          ;
;   23.746 ;   0.187 ; FF ; CELL ; 1      ; MLABCELL_X293_Y386_N24 ; Combinational cell ; u_pipe|g_cfar_per_beam[15].u_cfar|u_window|add_322~141|sumout                         ;
;   23.959 ;   0.213 ; FF ; IC   ; 1      ; LABCELL_X292_Y385_N36  ; Combinational cell ; u_pipe|g_cfar_per_beam[15].u_cfar|u_window|i23992~28|datae                            ;
;   24.027 ;   0.068 ; FF ; CELL ; 2      ; LABCELL_X292_Y385_N36  ; Combinational cell ; u_pipe|g_cfar_per_beam[15].u_cfar|u_window|i23992~28|combout                          ;
;   24.304 ;   0.277 ; FF ; IC   ; 4      ; MLABCELL_X293_Y382_N24 ; Combinational cell ; u_pipe|g_cfar_per_beam[15].u_cfar|u_window|add_326~141|datad                          ;
;   24.489 ;   0.185 ; FF ; CELL ; 1      ; MLABCELL_X293_Y382_N24 ; Combinational cell ; u_pipe|g_cfar_per_beam[15].u_cfar|u_window|add_326~141|sumout                         ;
;   24.711 ;   0.222 ; FF ; IC   ; 1      ; LABCELL_X292_Y380_N39  ; Combinational cell ; u_pipe|g_cfar_per_beam[15].u_cfar|u_window|i24106~28|datae                            ;
;   24.730 ;   0.019 ; FR ; CELL ; 2      ; LABCELL_X292_Y380_N39  ; Combinational cell ; u_pipe|g_cfar_per_beam[15].u_cfar|u_window|i24106~28|combout                          ;
;   24.783 ;   0.053 ; RF ; CELL ; 1      ; LABCELL_X292_Y380_N39  ; Combinational cell ; u_pipe|g_cfar_per_beam[15].u_cfar|u_window|i24106~28~cw_la_lab/laboutb[6]             ;
;   24.958 ;   0.175 ; FF ; IC   ; 4      ; LABCELL_X292_Y381_N24  ; Combinational cell ; u_pipe|g_cfar_per_beam[15].u_cfar|u_window|add_330~141|datad                          ;
;   25.110 ;   0.152 ; FR ; CELL ; 1      ; LABCELL_X292_Y381_N24  ; Combinational cell ; u_pipe|g_cfar_per_beam[15].u_cfar|u_window|add_330~141|sumout                         ;
;   25.246 ;   0.136 ; RR ; IC   ; 1      ; LABCELL_X292_Y380_N24  ; Combinational cell ; u_pipe|g_cfar_per_beam[15].u_cfar|u_window|i24220~28|datad                            ;
;   25.344 ;   0.098 ; RR ; CELL ; 2      ; LABCELL_X292_Y380_N24  ; Combinational cell ; u_pipe|g_cfar_per_beam[15].u_cfar|u_window|i24220~28|combout                          ;
;   25.551 ;   0.207 ; RR ; IC   ; 4      ; LABCELL_X294_Y381_N24  ; Combinational cell ; u_pipe|g_cfar_per_beam[15].u_cfar|u_window|add_334~141|datad                          ;
;   25.716 ;   0.165 ; RF ; CELL ; 1      ; LABCELL_X294_Y381_N24  ; Combinational cell ; u_pipe|g_cfar_per_beam[15].u_cfar|u_window|add_334~141|sumout                         ;
;   25.982 ;   0.266 ; FF ; IC   ; 1      ; MLABCELL_X296_Y379_N45 ; Combinational cell ; u_pipe|g_cfar_per_beam[15].u_cfar|u_window|i24334~28|datae                            ;
;   26.027 ;   0.045 ; FF ; CELL ; 2      ; MLABCELL_X296_Y379_N45 ; Combinational cell ; u_pipe|g_cfar_per_beam[15].u_cfar|u_window|i24334~28|combout                          ;
;   26.281 ;   0.254 ; FF ; IC   ; 4      ; MLABCELL_X296_Y381_N24 ; Combinational cell ; u_pipe|g_cfar_per_beam[15].u_cfar|u_window|add_338~141|datad                          ;
;   26.493 ;   0.212 ; FR ; CELL ; 1      ; MLABCELL_X296_Y381_N27 ; Combinational cell ; u_pipe|g_cfar_per_beam[15].u_cfar|u_window|add_338~146|cout                           ;
;   26.493 ;   0.000 ; RR ; CELL ; 3      ; MLABCELL_X296_Y381_N30 ; Combinational cell ; u_pipe|g_cfar_per_beam[15].u_cfar|u_window|add_338~151|cin                            ;
;   26.617 ;   0.124 ; RR ; CELL ; 1      ; MLABCELL_X296_Y381_N30 ; Combinational cell ; u_pipe|g_cfar_per_beam[15].u_cfar|u_window|add_338~151|sumout                         ;
;   26.803 ;   0.186 ; RR ; IC   ; 1      ; MLABCELL_X296_Y379_N27 ; Combinational cell ; u_pipe|g_cfar_per_beam[15].u_cfar|u_window|i24448~30|datac                            ;
;   26.910 ;   0.107 ; RR ; CELL ; 2      ; MLABCELL_X296_Y379_N27 ; Combinational cell ; u_pipe|g_cfar_per_beam[15].u_cfar|u_window|i24448~30|combout                          ;
;   27.156 ;   0.246 ; RR ; IC   ; 4      ; LABCELL_X297_Y381_N30  ; Combinational cell ; u_pipe|g_cfar_per_beam[15].u_cfar|u_window|add_342~151|datac                          ;
;   27.273 ;   0.117 ; RF ; CELL ; 1      ; LABCELL_X297_Y381_N33  ; Combinational cell ; u_pipe|g_cfar_per_beam[15].u_cfar|u_window|add_342~156|cout                           ;
;   27.273 ;   0.000 ; FF ; CELL ; 3      ; LABCELL_X297_Y381_N36  ; Combinational cell ; u_pipe|g_cfar_per_beam[15].u_cfar|u_window|add_342~161|cin                            ;
;   27.395 ;   0.122 ; FR ; CELL ; 1      ; LABCELL_X297_Y381_N36  ; Combinational cell ; u_pipe|g_cfar_per_beam[15].u_cfar|u_window|add_342~161|sumout                         ;
;   27.670 ;   0.275 ; RR ; IC   ; 1      ; MLABCELL_X296_Y378_N21 ; Combinational cell ; u_pipe|g_cfar_per_beam[15].u_cfar|u_window|i24562~32|dataf                            ;
;   27.683 ;   0.013 ; RF ; CELL ; 2      ; MLABCELL_X296_Y378_N21 ; Combinational cell ; u_pipe|g_cfar_per_beam[15].u_cfar|u_window|i24562~32|combout                          ;
;   27.742 ;   0.059 ; FR ; CELL ; 1      ; MLABCELL_X296_Y378_N21 ; Combinational cell ; u_pipe|g_cfar_per_beam[15].u_cfar|u_window|i24562~32~cw_ml_mlab/laboutt[12]           ;
;   27.959 ;   0.217 ; RR ; IC   ; 4      ; MLABCELL_X298_Y382_N36 ; Combinational cell ; u_pipe|g_cfar_per_beam[15].u_cfar|u_window|add_346~161|datad                          ;
;   28.092 ;   0.133 ; RR ; CELL ; 1      ; MLABCELL_X298_Y382_N39 ; Combinational cell ; u_pipe|g_cfar_per_beam[15].u_cfar|u_window|add_346~166|cout                           ;
;   28.092 ;   0.000 ; RR ; CELL ; 3      ; MLABCELL_X298_Y382_N42 ; Combinational cell ; u_pipe|g_cfar_per_beam[15].u_cfar|u_window|add_346~171|cin                            ;
;   28.116 ;   0.024 ; RF ; CELL ; 1      ; MLABCELL_X298_Y382_N45 ; Combinational cell ; u_pipe|g_cfar_per_beam[15].u_cfar|u_window|add_346~176|cout                           ;
;   28.116 ;   0.000 ; FF ; CELL ; 3      ; MLABCELL_X298_Y382_N48 ; Combinational cell ; u_pipe|g_cfar_per_beam[15].u_cfar|u_window|add_346~181|cin                            ;
;   28.240 ;   0.124 ; FR ; CELL ; 1      ; MLABCELL_X298_Y382_N48 ; Combinational cell ; u_pipe|g_cfar_per_beam[15].u_cfar|u_window|add_346~181|sumout                         ;
;   28.457 ;   0.217 ; RR ; IC   ; 1      ; MLABCELL_X296_Y378_N27 ; Combinational cell ; u_pipe|g_cfar_per_beam[15].u_cfar|u_window|i24676~36|datae                            ;
;   28.474 ;   0.017 ; RF ; CELL ; 2      ; MLABCELL_X296_Y378_N27 ; Combinational cell ; u_pipe|g_cfar_per_beam[15].u_cfar|u_window|i24676~36|combout                          ;
;   28.546 ;   0.072 ; FR ; CELL ; 1      ; MLABCELL_X296_Y378_N27 ; Combinational cell ; u_pipe|g_cfar_per_beam[15].u_cfar|u_window|i24676~36~cw_ml_mlab/laboutt[18]           ;
;   28.741 ;   0.195 ; RR ; IC   ; 4      ; MLABCELL_X298_Y379_N48 ; Combinational cell ; u_pipe|g_cfar_per_beam[15].u_cfar|u_window|add_350~181|datac                          ;
;   28.931 ;   0.190 ; RR ; CELL ; 1      ; MLABCELL_X298_Y379_N48 ; Combinational cell ; u_pipe|g_cfar_per_beam[15].u_cfar|u_window|add_350~181|sumout                         ;
;   29.167 ;   0.236 ; RR ; IC   ; 1      ; MLABCELL_X296_Y378_N39 ; Combinational cell ; u_pipe|g_cfar_per_beam[15].u_cfar|u_window|i24790~36|datad                            ;
;   29.210 ;   0.043 ; RF ; CELL ; 2      ; MLABCELL_X296_Y378_N39 ; Combinational cell ; u_pipe|g_cfar_per_beam[15].u_cfar|u_window|i24790~36|combout                          ;
;   29.236 ;   0.026 ; FR ; CELL ; 1      ; MLABCELL_X296_Y378_N39 ; Combinational cell ; u_pipe|g_cfar_per_beam[15].u_cfar|u_window|i24790~36~cw_ml_mlab/lab_lut5outb[1]       ;
;   29.454 ;   0.218 ; RR ; IC   ; 4      ; LABCELL_X299_Y379_N48  ; Combinational cell ; u_pipe|g_cfar_per_beam[15].u_cfar|u_window|add_354~181|datad                          ;
;   29.559 ;   0.105 ; RR ; CELL ; 1      ; LABCELL_X299_Y379_N51  ; Combinational cell ; u_pipe|g_cfar_per_beam[15].u_cfar|u_window|add_354~186|cout                           ;
;   29.559 ;   0.000 ; RR ; CELL ; 2      ; LABCELL_X299_Y379_N54  ; Combinational cell ; u_pipe|g_cfar_per_beam[15].u_cfar|u_window|add_354~191|cin                            ;
;   29.681 ;   0.122 ; RR ; CELL ; 1      ; LABCELL_X299_Y379_N54  ; Combinational cell ; u_pipe|g_cfar_per_beam[15].u_cfar|u_window|add_354~191|sumout                         ;
;   29.864 ;   0.183 ; RR ; IC   ; 1      ; LABCELL_X299_Y381_N3   ; Combinational cell ; u_pipe|g_cfar_per_beam[15].u_cfar|u_window|i24904~19|datad                            ;
;   29.905 ;   0.041 ; RF ; CELL ; 2      ; LABCELL_X299_Y381_N3   ; Combinational cell ; u_pipe|g_cfar_per_beam[15].u_cfar|u_window|i24904~19|combout                          ;
;   29.931 ;   0.026 ; FR ; CELL ; 1      ; LABCELL_X299_Y381_N3   ; Combinational cell ; u_pipe|g_cfar_per_beam[15].u_cfar|u_window|i24904~19~cw_la_lab/lab_lut5outt[0]        ;
;   30.236 ;   0.305 ; RR ; IC   ; 3      ; LABCELL_X297_Y378_N54  ; Combinational cell ; u_pipe|g_cfar_per_beam[15].u_cfar|u_window|add_358~191|datac                          ;
;   30.461 ;   0.225 ; RR ; CELL ; 1      ; LABCELL_X297_Y378_N57  ; Combinational cell ; u_pipe|g_cfar_per_beam[15].u_cfar|u_window|add_358~196|cout                           ;
;   30.520 ;   0.059 ; RR ; IC   ; 3      ; LABCELL_X297_Y377_N0   ; Combinational cell ; u_pipe|g_cfar_per_beam[15].u_cfar|u_window|add_358~201|cin                            ;
;   30.562 ;   0.042 ; RR ; CELL ; 1      ; LABCELL_X297_Y377_N3   ; Combinational cell ; u_pipe|g_cfar_per_beam[15].u_cfar|u_window|add_358~206|cout                           ;
;   30.562 ;   0.000 ; RR ; CELL ; 3      ; LABCELL_X297_Y377_N6   ; Combinational cell ; u_pipe|g_cfar_per_beam[15].u_cfar|u_window|add_358~211|cin                            ;
;   30.586 ;   0.024 ; RF ; CELL ; 1      ; LABCELL_X297_Y377_N9   ; Combinational cell ; u_pipe|g_cfar_per_beam[15].u_cfar|u_window|add_358~216|cout                           ;
;   30.586 ;   0.000 ; FF ; CELL ; 3      ; LABCELL_X297_Y377_N12  ; Combinational cell ; u_pipe|g_cfar_per_beam[15].u_cfar|u_window|add_358~221|cin                            ;
;   30.702 ;   0.116 ; FF ; CELL ; 1      ; LABCELL_X297_Y377_N12  ; Combinational cell ; u_pipe|g_cfar_per_beam[15].u_cfar|u_window|add_358~221|sumout                         ;
;   30.808 ;   0.106 ; FF ; IC   ; 1      ; MLABCELL_X298_Y377_N9  ; Combinational cell ; u_pipe|g_cfar_per_beam[15].u_cfar|u_window|sum_lag_c[0]~44|datad                      ;
;   30.852 ;   0.044 ; FR ; CELL ; 2      ; MLABCELL_X298_Y377_N9  ; Combinational cell ; u_pipe|g_cfar_per_beam[15].u_cfar|u_window|sum_lag_c[0]~44|combout                    ;
;   30.876 ;   0.024 ; RF ; CELL ; 1      ; MLABCELL_X298_Y377_N9  ; Combinational cell ; u_pipe|g_cfar_per_beam[15].u_cfar|u_window|sum_lag_c[0]~44~cw_ml_mlab/lab_lut5outt[1] ;
;   31.081 ;   0.205 ; FF ; IC   ; 1      ; MPDSP_X300_Y377_N0     ; DSP block          ; u_pipe|g_cfar_per_beam[15].u_cfar|mult_1~mac|ax[17]                                   ;
;   31.081 ;   0.000 ; FF ; CELL ; 0      ; MPDSP_X300_Y377_N0     ; DSP block          ; u_pipe|g_cfar_per_beam[15].u_cfar|sum_lag1_q[35]                                      ;
+----------+---------+----+------+--------+------------------------+--------------------+---------------------------------------------------------------------------------------+

+------------------------------------------------------------------------------------------------------------------------------------------------+
; Data Required Path                                                                                                                             ;
+---------+----------+----+------+--------+-----------------------+------------------+-----------------------------------------------------------+
; Total   ; Incr     ; RF ; Type ; Fanout ; Location              ; Element Type     ; Element                                                   ;
+---------+----------+----+------+--------+-----------------------+------------------+-----------------------------------------------------------+
; 2.222   ; 2.222    ;    ;      ;        ;                       ;                  ; latch edge time                                           ;
; 8.116   ; 5.894    ;    ;      ;        ;                       ;                  ; clock path                                                ;
;   2.222 ;   0.000  ;    ;      ;        ;                       ;                  ; source latency                                            ;
;   2.222 ;   0.000  ;    ;      ; 1      ; PIN_H19               ; I/O pad          ; core_clk                                                  ;
;   2.222 ;   0.000  ; RR ; IC   ; 1      ; IOIBUF_X335_Y418_N121 ; I/O input buffer ; core_clk~input|i                                          ;
;   2.408 ;   0.186  ; RR ; CELL ; 1      ; IOIBUF_X335_Y418_N121 ; I/O input buffer ; core_clk~input|o                                          ;
;   3.228 ;   0.820  ; RR ; CELL ; 546664 ; IOIBUF_X335_Y418_N121 ; I/O input buffer ; core_clk~input~io96/m25_0_30__io12buf2_to_iopll__ioclkin3 ;
;   7.613 ;   4.385  ; RR ; IC   ; 19     ; MPDSP_X300_Y377_N0    ; DSP block        ; u_pipe|g_cfar_per_beam[15].u_cfar|mult_1~mac|clk          ;
;   7.613 ;   0.000  ; RR ; CELL ; 0      ; MPDSP_X300_Y377_N0    ; DSP block        ; u_pipe|g_cfar_per_beam[15].u_cfar|sum_lag1_q[35]          ;
;   8.141 ;   0.528  ;    ;      ;        ;                       ;                  ; clock pessimism removed                                   ;
;   8.116 ;   -0.025 ;    ;      ;        ;                       ;                  ; advanced clock effects                                    ;
; 8.086   ; -0.030   ;    ;      ;        ;                       ;                  ; clock uncertainty                                         ;
; 8.102   ; 0.016    ;    ; uTsu ; 0      ; MPDSP_X300_Y377_N0    ; DSP block        ; u_pipe|g_cfar_per_beam[15].u_cfar|sum_lag1_q[35]          ;
+---------+----------+----+------+--------+-----------------------+------------------+-----------------------------------------------------------+



Path #8: Setup slack is -22.979 (VIOLATED)
===============================================================================
+--------------------------------------------------------------------------------------------+
; Path Summary                                                                               ;
+---------------------------------+----------------------------------------------------------+
; Property                        ; Value                                                    ;
+---------------------------------+----------------------------------------------------------+
; From Node                       ; u_pipe|g_cfar_per_beam[15].u_cfar|u_window|cell_q[39][2] ;
; To Node                         ; u_pipe|g_cfar_per_beam[15].u_cfar|sum_lag1_q[35]         ;
; Launch Clock                    ; core_clk                                                 ;
; Latch Clock                     ; core_clk                                                 ;
; SDC Exception                   ; No SDC Exception on Path                                 ;
; Data Arrival Time               ; 31.081                                                   ;
; Data Required Time              ; 8.102                                                    ;
; Slack                           ; -22.979 (VIOLATED)                                       ;
; Worst-Case Operating Conditions ; Slow vid1 100C Model                                     ;
+---------------------------------+----------------------------------------------------------+

+------------------------------------------------------------------------------------+
; Statistics                                                                         ;
+------------------------+--------+-------+-------------+------------+-------+-------+
; Property               ; Value  ; Count ; Total Delay ; % of Total ; Min   ; Max   ;
+------------------------+--------+-------+-------------+------------+-------+-------+
; Setup Relationship     ; 2.222  ;       ;             ;            ;       ;       ;
; Clock Skew             ; -0.078 ;       ;             ;            ;       ;       ;
; Data Delay             ; 25.109 ;       ;             ;            ;       ;       ;
; Number of Logic Levels ;        ; 68    ;             ;            ;       ;       ;
; Physical Delays        ;        ;       ;             ;            ;       ;       ;
;  Arrival Path          ;        ;       ;             ;            ;       ;       ;
;   Clock                ;        ;       ;             ;            ;       ;       ;
;    IC                  ;        ; 2     ; 4.847       ; 81         ; 0.000 ; 4.847 ;
;    Cell                ;        ; 3     ; 1.125       ; 19         ; 0.000 ; 0.939 ;
;   Data                 ;        ;       ;             ;            ;       ;       ;
;    IC                  ;        ; 71    ; 14.718      ; 59         ; 0.059 ; 0.319 ;
;    Cell                ;        ; 128   ; 10.181      ; 41         ; 0.000 ; 0.235 ;
;    uTco                ;        ; 1     ; 0.210       ; 1          ; 0.210 ; 0.210 ;
;  Required Path         ;        ;       ;             ;            ;       ;       ;
;   Clock                ;        ;       ;             ;            ;       ;       ;
;    IC                  ;        ; 2     ; 4.385       ; 81         ; 0.000 ; 4.385 ;
;    Cell                ;        ; 3     ; 1.006       ; 19         ; 0.000 ; 0.820 ;
+------------------------+--------+-------+-------------+------------+-------+-------+
Note: Negative delays are omitted from totals when calculating percentages

+-------------------------------------------------------------------------------------------------------------------------------------------------------------------------------+
; Data Arrival Path                                                                                                                                                             ;
+----------+---------+----+------+--------+------------------------+--------------------+---------------------------------------------------------------------------------------+
; Total    ; Incr    ; RF ; Type ; Fanout ; Location               ; Element Type       ; Element                                                                               ;
+----------+---------+----+------+--------+------------------------+--------------------+---------------------------------------------------------------------------------------+
; 0.000    ; 0.000   ;    ;      ;        ;                        ;                    ; launch edge time                                                                      ;
; 5.972    ; 5.972   ;    ;      ;        ;                        ;                    ; clock path                                                                            ;
;   0.000  ;   0.000 ;    ;      ;        ;                        ;                    ; source latency                                                                        ;
;   0.000  ;   0.000 ;    ;      ; 1      ; PIN_H19                ; I/O pad            ; core_clk                                                                              ;
;   0.000  ;   0.000 ; RR ; IC   ; 1      ; IOIBUF_X335_Y418_N121  ; I/O input buffer   ; core_clk~input|i                                                                      ;
;   0.186  ;   0.186 ; RR ; CELL ; 1      ; IOIBUF_X335_Y418_N121  ; I/O input buffer   ; core_clk~input|o                                                                      ;
;   1.125  ;   0.939 ; RR ; CELL ; 546664 ; IOIBUF_X335_Y418_N121  ; I/O input buffer   ; core_clk~input~io96/m25_0_30__io12buf2_to_iopll__ioclkin3                             ;
;   5.972  ;   4.847 ; RR ; IC   ; 1      ; FF_X315_Y380_N22       ; ALM Register       ; u_pipe|g_cfar_per_beam[15].u_cfar|u_window|cell_q[39][2]|clk                          ;
;   5.972  ;   0.000 ; RR ; CELL ; 1      ; FF_X315_Y380_N22       ; ALM Register       ; u_pipe|g_cfar_per_beam[15].u_cfar|u_window|cell_q[39][2]                              ;
; 31.081   ; 25.109  ;    ;      ;        ;                        ;                    ; data path                                                                             ;
;   6.182  ;   0.210 ; RR ; uTco ; 3      ; FF_X315_Y380_N22       ; ALM Register       ; u_pipe|g_cfar_per_beam[15].u_cfar|u_window|cell_q[39][2]|q                            ;
;   6.303  ;   0.121 ; RR ; IC   ; 5      ; MLABCELL_X314_Y380_N6  ; Combinational cell ; u_pipe|g_cfar_per_beam[15].u_cfar|u_window|add_226~11|datad                           ;
;   6.436  ;   0.133 ; RR ; CELL ; 1      ; MLABCELL_X314_Y380_N9  ; Combinational cell ; u_pipe|g_cfar_per_beam[15].u_cfar|u_window|add_226~16|cout                            ;
;   6.436  ;   0.000 ; RR ; CELL ; 3      ; MLABCELL_X314_Y380_N12 ; Combinational cell ; u_pipe|g_cfar_per_beam[15].u_cfar|u_window|add_226~21|cin                             ;
;   6.558  ;   0.122 ; RR ; CELL ; 1      ; MLABCELL_X314_Y380_N12 ; Combinational cell ; u_pipe|g_cfar_per_beam[15].u_cfar|u_window|add_226~21|sumout                          ;
;   6.741  ;   0.183 ; RR ; IC   ; 1      ; MLABCELL_X314_Y378_N15 ; Combinational cell ; u_pipe|g_cfar_per_beam[15].u_cfar|u_window|i21256~4|datae                             ;
;   6.758  ;   0.017 ; RF ; CELL ; 2      ; MLABCELL_X314_Y378_N15 ; Combinational cell ; u_pipe|g_cfar_per_beam[15].u_cfar|u_window|i21256~4|combout                           ;
;   6.785  ;   0.027 ; FR ; CELL ; 1      ; MLABCELL_X314_Y378_N15 ; Combinational cell ; u_pipe|g_cfar_per_beam[15].u_cfar|u_window|i21256~4~cw_ml_mlab/lab_lut5outt[2]        ;
;   7.040  ;   0.255 ; RR ; IC   ; 5      ; LABCELL_X313_Y379_N12  ; Combinational cell ; u_pipe|g_cfar_per_beam[15].u_cfar|u_window|add_230~21|datac                           ;
;   7.157  ;   0.117 ; RF ; CELL ; 1      ; LABCELL_X313_Y379_N15  ; Combinational cell ; u_pipe|g_cfar_per_beam[15].u_cfar|u_window|add_230~26|cout                            ;
;   7.157  ;   0.000 ; FF ; CELL ; 3      ; LABCELL_X313_Y379_N18  ; Combinational cell ; u_pipe|g_cfar_per_beam[15].u_cfar|u_window|add_230~31|cin                             ;
;   7.278  ;   0.121 ; FR ; CELL ; 1      ; LABCELL_X313_Y379_N18  ; Combinational cell ; u_pipe|g_cfar_per_beam[15].u_cfar|u_window|add_230~31|sumout                          ;
;   7.474  ;   0.196 ; RR ; IC   ; 1      ; MLABCELL_X314_Y378_N33 ; Combinational cell ; u_pipe|g_cfar_per_beam[15].u_cfar|u_window|i21370~6|datac                             ;
;   7.593  ;   0.119 ; RR ; CELL ; 2      ; MLABCELL_X314_Y378_N33 ; Combinational cell ; u_pipe|g_cfar_per_beam[15].u_cfar|u_window|i21370~6|combout                           ;
;   7.816  ;   0.223 ; RR ; IC   ; 5      ; MLABCELL_X312_Y379_N18 ; Combinational cell ; u_pipe|g_cfar_per_beam[15].u_cfar|u_window|add_234~31|datad                           ;
;   7.993  ;   0.177 ; RR ; CELL ; 1      ; MLABCELL_X312_Y379_N18 ; Combinational cell ; u_pipe|g_cfar_per_beam[15].u_cfar|u_window|add_234~31|sumout                          ;
;   8.221  ;   0.228 ; RR ; IC   ; 1      ; LABCELL_X310_Y380_N27  ; Combinational cell ; u_pipe|g_cfar_per_beam[15].u_cfar|u_window|i21484~6|datae                             ;
;   8.275  ;   0.054 ; RR ; CELL ; 2      ; LABCELL_X310_Y380_N27  ; Combinational cell ; u_pipe|g_cfar_per_beam[15].u_cfar|u_window|i21484~6|combout                           ;
;   8.417  ;   0.142 ; RR ; IC   ; 5      ; LABCELL_X310_Y379_N18  ; Combinational cell ; u_pipe|g_cfar_per_beam[15].u_cfar|u_window|add_238~31|datac                           ;
;   8.591  ;   0.174 ; RF ; CELL ; 1      ; LABCELL_X310_Y379_N18  ; Combinational cell ; u_pipe|g_cfar_per_beam[15].u_cfar|u_window|add_238~31|sumout                          ;
;   8.762  ;   0.171 ; FF ; IC   ; 1      ; LABCELL_X310_Y380_N51  ; Combinational cell ; u_pipe|g_cfar_per_beam[15].u_cfar|u_window|i21598~6|datae                             ;
;   8.781  ;   0.019 ; FR ; CELL ; 2      ; LABCELL_X310_Y380_N51  ; Combinational cell ; u_pipe|g_cfar_per_beam[15].u_cfar|u_window|i21598~6|combout                           ;
;   8.805  ;   0.024 ; RF ; CELL ; 1      ; LABCELL_X310_Y380_N51  ; Combinational cell ; u_pipe|g_cfar_per_beam[15].u_cfar|u_window|i21598~6~cw_la_lab/lab_lut5outb[3]         ;
;   8.981  ;   0.176 ; FF ; IC   ; 5      ; MLABCELL_X309_Y379_N18 ; Combinational cell ; u_pipe|g_cfar_per_beam[15].u_cfar|u_window|add_242~31|datac                           ;
;   9.216  ;   0.235 ; FR ; CELL ; 1      ; MLABCELL_X309_Y379_N27 ; Combinational cell ; u_pipe|g_cfar_per_beam[15].u_cfar|u_window|add_242~46|cout                            ;
;   9.216  ;   0.000 ; RR ; CELL ; 3      ; MLABCELL_X309_Y379_N30 ; Combinational cell ; u_pipe|g_cfar_per_beam[15].u_cfar|u_window|add_242~51|cin                             ;
;   9.242  ;   0.026 ; RF ; CELL ; 1      ; MLABCELL_X309_Y379_N33 ; Combinational cell ; u_pipe|g_cfar_per_beam[15].u_cfar|u_window|add_242~56|cout                            ;
;   9.242  ;   0.000 ; FF ; CELL ; 3      ; MLABCELL_X309_Y379_N36 ; Combinational cell ; u_pipe|g_cfar_per_beam[15].u_cfar|u_window|add_242~61|cin                             ;
;   9.364  ;   0.122 ; FR ; CELL ; 1      ; MLABCELL_X309_Y379_N36 ; Combinational cell ; u_pipe|g_cfar_per_beam[15].u_cfar|u_window|add_242~61|sumout                          ;
;   9.597  ;   0.233 ; RR ; IC   ; 1      ; LABCELL_X308_Y380_N15  ; Combinational cell ; u_pipe|g_cfar_per_beam[15].u_cfar|u_window|i21712~12|datad                            ;
;   9.638  ;   0.041 ; RF ; CELL ; 2      ; LABCELL_X308_Y380_N15  ; Combinational cell ; u_pipe|g_cfar_per_beam[15].u_cfar|u_window|i21712~12|combout                          ;
;   9.699  ;   0.061 ; FR ; CELL ; 1      ; LABCELL_X308_Y380_N15  ; Combinational cell ; u_pipe|g_cfar_per_beam[15].u_cfar|u_window|i21712~12~cw_la_lab/laboutt[10]            ;
;   9.920  ;   0.221 ; RR ; IC   ; 4      ; MLABCELL_X307_Y378_N36 ; Combinational cell ; u_pipe|g_cfar_per_beam[15].u_cfar|u_window|add_246~61|datad                           ;
;   10.053 ;   0.133 ; RR ; CELL ; 1      ; MLABCELL_X307_Y378_N39 ; Combinational cell ; u_pipe|g_cfar_per_beam[15].u_cfar|u_window|add_246~66|cout                            ;
;   10.053 ;   0.000 ; RR ; CELL ; 3      ; MLABCELL_X307_Y378_N42 ; Combinational cell ; u_pipe|g_cfar_per_beam[15].u_cfar|u_window|add_246~71|cin                             ;
;   10.178 ;   0.125 ; RR ; CELL ; 1      ; MLABCELL_X307_Y378_N42 ; Combinational cell ; u_pipe|g_cfar_per_beam[15].u_cfar|u_window|add_246~71|sumout                          ;
;   10.482 ;   0.304 ; RR ; IC   ; 1      ; LABCELL_X308_Y381_N27  ; Combinational cell ; u_pipe|g_cfar_per_beam[15].u_cfar|u_window|i21826~14|dataf                            ;
;   10.495 ;   0.013 ; RF ; CELL ; 2      ; LABCELL_X308_Y381_N27  ; Combinational cell ; u_pipe|g_cfar_per_beam[15].u_cfar|u_window|i21826~14|combout                          ;
;   10.554 ;   0.059 ; FR ; CELL ; 1      ; LABCELL_X308_Y381_N27  ; Combinational cell ; u_pipe|g_cfar_per_beam[15].u_cfar|u_window|i21826~14~cw_la_lab/laboutt[16]            ;
;   10.676 ;   0.122 ; RR ; IC   ; 4      ; MLABCELL_X307_Y381_N42 ; Combinational cell ; u_pipe|g_cfar_per_beam[15].u_cfar|u_window|add_250~71|datad                           ;
;   10.809 ;   0.133 ; RR ; CELL ; 1      ; MLABCELL_X307_Y381_N45 ; Combinational cell ; u_pipe|g_cfar_per_beam[15].u_cfar|u_window|add_250~76|cout                            ;
;   10.809 ;   0.000 ; RR ; CELL ; 3      ; MLABCELL_X307_Y381_N48 ; Combinational cell ; u_pipe|g_cfar_per_beam[15].u_cfar|u_window|add_250~81|cin                             ;
;   10.927 ;   0.118 ; RR ; CELL ; 1      ; MLABCELL_X307_Y381_N48 ; Combinational cell ; u_pipe|g_cfar_per_beam[15].u_cfar|u_window|add_250~81|sumout                          ;
;   11.112 ;   0.185 ; RR ; IC   ; 1      ; MLABCELL_X309_Y380_N48 ; Combinational cell ; u_pipe|g_cfar_per_beam[15].u_cfar|u_window|i21940~16|datae                            ;
;   11.185 ;   0.073 ; RR ; CELL ; 2      ; MLABCELL_X309_Y380_N48 ; Combinational cell ; u_pipe|g_cfar_per_beam[15].u_cfar|u_window|i21940~16|combout                          ;
;   11.399 ;   0.214 ; RR ; IC   ; 4      ; MLABCELL_X309_Y383_N48 ; Combinational cell ; u_pipe|g_cfar_per_beam[15].u_cfar|u_window|add_254~81|datac                           ;
;   11.589 ;   0.190 ; RF ; CELL ; 1      ; MLABCELL_X309_Y383_N48 ; Combinational cell ; u_pipe|g_cfar_per_beam[15].u_cfar|u_window|add_254~81|sumout                          ;
;   11.776 ;   0.187 ; FF ; IC   ; 1      ; LABCELL_X313_Y383_N27  ; Combinational cell ; u_pipe|g_cfar_per_beam[15].u_cfar|u_window|i22054~16|dataf                            ;
;   11.790 ;   0.014 ; FR ; CELL ; 2      ; LABCELL_X313_Y383_N27  ; Combinational cell ; u_pipe|g_cfar_per_beam[15].u_cfar|u_window|i22054~16|combout                          ;
;   11.845 ;   0.055 ; RF ; CELL ; 1      ; LABCELL_X313_Y383_N27  ; Combinational cell ; u_pipe|g_cfar_per_beam[15].u_cfar|u_window|i22054~16~cw_la_lab/laboutt[19]            ;
;   12.028 ;   0.183 ; FF ; IC   ; 4      ; LABCELL_X310_Y383_N48  ; Combinational cell ; u_pipe|g_cfar_per_beam[15].u_cfar|u_window|add_258~81|datad                           ;
;   12.136 ;   0.108 ; FR ; CELL ; 1      ; LABCELL_X310_Y383_N51  ; Combinational cell ; u_pipe|g_cfar_per_beam[15].u_cfar|u_window|add_258~86|cout                            ;
;   12.136 ;   0.000 ; RR ; CELL ; 2      ; LABCELL_X310_Y383_N54  ; Combinational cell ; u_pipe|g_cfar_per_beam[15].u_cfar|u_window|add_258~91|cin                             ;
;   12.258 ;   0.122 ; RF ; CELL ; 1      ; LABCELL_X310_Y383_N54  ; Combinational cell ; u_pipe|g_cfar_per_beam[15].u_cfar|u_window|add_258~91|sumout                          ;
;   12.498 ;   0.240 ; FF ; IC   ; 1      ; MLABCELL_X314_Y383_N33 ; Combinational cell ; u_pipe|g_cfar_per_beam[15].u_cfar|u_window|i22168~18|dataf                            ;
;   12.513 ;   0.015 ; FR ; CELL ; 2      ; MLABCELL_X314_Y383_N33 ; Combinational cell ; u_pipe|g_cfar_per_beam[15].u_cfar|u_window|i22168~18|combout                          ;
;   12.532 ;   0.019 ; RF ; CELL ; 1      ; MLABCELL_X314_Y383_N33 ; Combinational cell ; u_pipe|g_cfar_per_beam[15].u_cfar|u_window|i22168~18~cw_ml_mlab/lab_lut6outb[0]       ;
;   12.714 ;   0.182 ; FF ; IC   ; 3      ; MLABCELL_X312_Y383_N54 ; Combinational cell ; u_pipe|g_cfar_per_beam[15].u_cfar|u_window|add_262~91|datad                           ;
;   12.899 ;   0.185 ; FF ; CELL ; 1      ; MLABCELL_X312_Y383_N54 ; Combinational cell ; u_pipe|g_cfar_per_beam[15].u_cfar|u_window|add_262~91|sumout                          ;
;   13.015 ;   0.116 ; FF ; IC   ; 1      ; MLABCELL_X314_Y383_N45 ; Combinational cell ; u_pipe|g_cfar_per_beam[15].u_cfar|u_window|i22282~18|datae                            ;
;   13.042 ;   0.027 ; FR ; CELL ; 2      ; MLABCELL_X314_Y383_N45 ; Combinational cell ; u_pipe|g_cfar_per_beam[15].u_cfar|u_window|i22282~18|combout                          ;
;   13.107 ;   0.065 ; RF ; CELL ; 1      ; MLABCELL_X314_Y383_N45 ; Combinational cell ; u_pipe|g_cfar_per_beam[15].u_cfar|u_window|i22282~18~cw_ml_mlab/laboutb[11]           ;
;   13.389 ;   0.282 ; FF ; IC   ; 3      ; LABCELL_X310_Y387_N54  ; Combinational cell ; u_pipe|g_cfar_per_beam[15].u_cfar|u_window|add_266~91|datad                           ;
;   13.550 ;   0.161 ; FF ; CELL ; 1      ; LABCELL_X310_Y387_N54  ; Combinational cell ; u_pipe|g_cfar_per_beam[15].u_cfar|u_window|add_266~91|sumout                          ;
;   13.812 ;   0.262 ; FF ; IC   ; 1      ; MLABCELL_X314_Y383_N27 ; Combinational cell ; u_pipe|g_cfar_per_beam[15].u_cfar|u_window|i22396~18|datae                            ;
;   13.839 ;   0.027 ; FR ; CELL ; 2      ; MLABCELL_X314_Y383_N27 ; Combinational cell ; u_pipe|g_cfar_per_beam[15].u_cfar|u_window|i22396~18|combout                          ;
;   13.903 ;   0.064 ; RF ; CELL ; 1      ; MLABCELL_X314_Y383_N27 ; Combinational cell ; u_pipe|g_cfar_per_beam[15].u_cfar|u_window|i22396~18~cw_ml_mlab/laboutt[16]           ;
;   14.222 ;   0.319 ; FF ; IC   ; 3      ; LABCELL_X308_Y387_N54  ; Combinational cell ; u_pipe|g_cfar_per_beam[15].u_cfar|u_window|add_270~91|datad                           ;
;   14.381 ;   0.159 ; FF ; CELL ; 1      ; LABCELL_X308_Y387_N54  ; Combinational cell ; u_pipe|g_cfar_per_beam[15].u_cfar|u_window|add_270~91|sumout                          ;
;   14.563 ;   0.182 ; FF ; IC   ; 1      ; MLABCELL_X304_Y387_N45 ; Combinational cell ; u_pipe|g_cfar_per_beam[15].u_cfar|u_window|i22510~18|datad                            ;
;   14.633 ;   0.070 ; FF ; CELL ; 2      ; MLABCELL_X304_Y387_N45 ; Combinational cell ; u_pipe|g_cfar_per_beam[15].u_cfar|u_window|i22510~18|combout                          ;
;   14.916 ;   0.283 ; FF ; IC   ; 3      ; MLABCELL_X309_Y388_N54 ; Combinational cell ; u_pipe|g_cfar_per_beam[15].u_cfar|u_window|add_274~91|datad                           ;
;   15.102 ;   0.186 ; FF ; CELL ; 1      ; MLABCELL_X309_Y388_N54 ; Combinational cell ; u_pipe|g_cfar_per_beam[15].u_cfar|u_window|add_274~91|sumout                          ;
;   15.327 ;   0.225 ; FF ; IC   ; 1      ; LABCELL_X303_Y388_N30  ; Combinational cell ; u_pipe|g_cfar_per_beam[15].u_cfar|u_window|i22624~18|datad                            ;
;   15.383 ;   0.056 ; FF ; CELL ; 2      ; LABCELL_X303_Y388_N30  ; Combinational cell ; u_pipe|g_cfar_per_beam[15].u_cfar|u_window|i22624~18|combout                          ;
;   15.426 ;   0.043 ; FF ; CELL ; 1      ; LABCELL_X303_Y388_N30  ; Combinational cell ; u_pipe|g_cfar_per_beam[15].u_cfar|u_window|i22624~18~cw_la_lab/laboutb[0]             ;
;   15.618 ;   0.192 ; FF ; IC   ; 3      ; MLABCELL_X307_Y388_N54 ; Combinational cell ; u_pipe|g_cfar_per_beam[15].u_cfar|u_window|add_278~91|datac                           ;
;   15.814 ;   0.196 ; FF ; CELL ; 1      ; MLABCELL_X307_Y388_N54 ; Combinational cell ; u_pipe|g_cfar_per_beam[15].u_cfar|u_window|add_278~91|sumout                          ;
;   16.095 ;   0.281 ; FF ; IC   ; 1      ; LABCELL_X303_Y389_N45  ; Combinational cell ; u_pipe|g_cfar_per_beam[15].u_cfar|u_window|i22738~18|datae                            ;
;   16.122 ;   0.027 ; FR ; CELL ; 2      ; LABCELL_X303_Y389_N45  ; Combinational cell ; u_pipe|g_cfar_per_beam[15].u_cfar|u_window|i22738~18|combout                          ;
;   16.139 ;   0.017 ; RF ; CELL ; 1      ; LABCELL_X303_Y389_N45  ; Combinational cell ; u_pipe|g_cfar_per_beam[15].u_cfar|u_window|i22738~18~cw_la_lab/lab_lut6outb[2]        ;
;   16.357 ;   0.218 ; FF ; IC   ; 3      ; LABCELL_X305_Y388_N54  ; Combinational cell ; u_pipe|g_cfar_per_beam[15].u_cfar|u_window|add_282~91|datac                           ;
;   16.522 ;   0.165 ; FF ; CELL ; 1      ; LABCELL_X305_Y388_N54  ; Combinational cell ; u_pipe|g_cfar_per_beam[15].u_cfar|u_window|add_282~91|sumout                          ;
;   16.741 ;   0.219 ; FF ; IC   ; 1      ; LABCELL_X303_Y389_N15  ; Combinational cell ; u_pipe|g_cfar_per_beam[15].u_cfar|u_window|i22852~18|datae                            ;
;   16.760 ;   0.019 ; FR ; CELL ; 2      ; LABCELL_X303_Y389_N15  ; Combinational cell ; u_pipe|g_cfar_per_beam[15].u_cfar|u_window|i22852~18|combout                          ;
;   16.784 ;   0.024 ; RF ; CELL ; 1      ; LABCELL_X303_Y389_N15  ; Combinational cell ; u_pipe|g_cfar_per_beam[15].u_cfar|u_window|i22852~18~cw_la_lab/lab_lut5outt[2]        ;
;   16.913 ;   0.129 ; FF ; IC   ; 3      ; MLABCELL_X304_Y389_N54 ; Combinational cell ; u_pipe|g_cfar_per_beam[15].u_cfar|u_window|add_286~91|datac                           ;
;   17.097 ;   0.184 ; FF ; CELL ; 1      ; MLABCELL_X304_Y389_N54 ; Combinational cell ; u_pipe|g_cfar_per_beam[15].u_cfar|u_window|add_286~91|sumout                          ;
;   17.326 ;   0.229 ; FF ; IC   ; 1      ; LABCELL_X303_Y390_N39  ; Combinational cell ; u_pipe|g_cfar_per_beam[15].u_cfar|u_window|i22966~18|datae                            ;
;   17.345 ;   0.019 ; FR ; CELL ; 2      ; LABCELL_X303_Y390_N39  ; Combinational cell ; u_pipe|g_cfar_per_beam[15].u_cfar|u_window|i22966~18|combout                          ;
;   17.399 ;   0.054 ; RF ; CELL ; 1      ; LABCELL_X303_Y390_N39  ; Combinational cell ; u_pipe|g_cfar_per_beam[15].u_cfar|u_window|i22966~18~cw_la_lab/laboutb[6]             ;
;   17.579 ;   0.180 ; FF ; IC   ; 3      ; LABCELL_X303_Y386_N54  ; Combinational cell ; u_pipe|g_cfar_per_beam[15].u_cfar|u_window|add_290~91|datad                           ;
;   17.739 ;   0.160 ; FF ; CELL ; 1      ; LABCELL_X303_Y386_N54  ; Combinational cell ; u_pipe|g_cfar_per_beam[15].u_cfar|u_window|add_290~91|sumout                          ;
;   17.957 ;   0.218 ; FF ; IC   ; 1      ; LABCELL_X303_Y390_N21  ; Combinational cell ; u_pipe|g_cfar_per_beam[15].u_cfar|u_window|i23080~18|datad                            ;
;   18.000 ;   0.043 ; FR ; CELL ; 2      ; LABCELL_X303_Y390_N21  ; Combinational cell ; u_pipe|g_cfar_per_beam[15].u_cfar|u_window|i23080~18|combout                          ;
;   18.065 ;   0.065 ; RF ; CELL ; 1      ; LABCELL_X303_Y390_N21  ; Combinational cell ; u_pipe|g_cfar_per_beam[15].u_cfar|u_window|i23080~18~cw_la_lab/laboutt[15]            ;
;   18.253 ;   0.188 ; FF ; IC   ; 3      ; MLABCELL_X302_Y386_N54 ; Combinational cell ; u_pipe|g_cfar_per_beam[15].u_cfar|u_window|add_294~91|datac                           ;
;   18.451 ;   0.198 ; FF ; CELL ; 1      ; MLABCELL_X302_Y386_N54 ; Combinational cell ; u_pipe|g_cfar_per_beam[15].u_cfar|u_window|add_294~91|sumout                          ;
;   18.724 ;   0.273 ; FF ; IC   ; 1      ; LABCELL_X299_Y390_N42  ; Combinational cell ; u_pipe|g_cfar_per_beam[15].u_cfar|u_window|i23194~18|datad                            ;
;   18.816 ;   0.092 ; FF ; CELL ; 2      ; LABCELL_X299_Y390_N42  ; Combinational cell ; u_pipe|g_cfar_per_beam[15].u_cfar|u_window|i23194~18|combout                          ;
;   18.973 ;   0.157 ; FF ; IC   ; 3      ; LABCELL_X299_Y386_N54  ; Combinational cell ; u_pipe|g_cfar_per_beam[15].u_cfar|u_window|add_298~91|datad                           ;
;   19.183 ;   0.210 ; FR ; CELL ; 1      ; LABCELL_X299_Y386_N57  ; Combinational cell ; u_pipe|g_cfar_per_beam[15].u_cfar|u_window|add_298~96|cout                            ;
;   19.242 ;   0.059 ; RR ; IC   ; 5      ; LABCELL_X299_Y385_N0   ; Combinational cell ; u_pipe|g_cfar_per_beam[15].u_cfar|u_window|add_298~101|cin                            ;
;   19.379 ;   0.137 ; RF ; CELL ; 1      ; LABCELL_X299_Y385_N0   ; Combinational cell ; u_pipe|g_cfar_per_beam[15].u_cfar|u_window|add_298~101|sumout                         ;
;   19.579 ;   0.200 ; FF ; IC   ; 1      ; MLABCELL_X304_Y385_N21 ; Combinational cell ; u_pipe|g_cfar_per_beam[15].u_cfar|u_window|i23308~20|datac                            ;
;   19.690 ;   0.111 ; FF ; CELL ; 2      ; MLABCELL_X304_Y385_N21 ; Combinational cell ; u_pipe|g_cfar_per_beam[15].u_cfar|u_window|i23308~20|combout                          ;
;   19.983 ;   0.293 ; FF ; IC   ; 5      ; MLABCELL_X298_Y389_N0  ; Combinational cell ; u_pipe|g_cfar_per_beam[15].u_cfar|u_window|add_302~101|datac                          ;
;   20.181 ;   0.198 ; FF ; CELL ; 1      ; MLABCELL_X298_Y389_N0  ; Combinational cell ; u_pipe|g_cfar_per_beam[15].u_cfar|u_window|add_302~101|sumout                         ;
;   20.410 ;   0.229 ; FF ; IC   ; 1      ; MLABCELL_X298_Y386_N21 ; Combinational cell ; u_pipe|g_cfar_per_beam[15].u_cfar|u_window|i23422~20|datac                            ;
;   20.492 ;   0.082 ; FF ; CELL ; 2      ; MLABCELL_X298_Y386_N21 ; Combinational cell ; u_pipe|g_cfar_per_beam[15].u_cfar|u_window|i23422~20|combout                          ;
;   20.684 ;   0.192 ; FF ; IC   ; 5      ; LABCELL_X297_Y387_N0   ; Combinational cell ; u_pipe|g_cfar_per_beam[15].u_cfar|u_window|add_306~101|datad                          ;
;   20.792 ;   0.108 ; FR ; CELL ; 1      ; LABCELL_X297_Y387_N3   ; Combinational cell ; u_pipe|g_cfar_per_beam[15].u_cfar|u_window|add_306~106|cout                           ;
;   20.792 ;   0.000 ; RR ; CELL ; 3      ; LABCELL_X297_Y387_N6   ; Combinational cell ; u_pipe|g_cfar_per_beam[15].u_cfar|u_window|add_306~111|cin                            ;
;   20.816 ;   0.024 ; RF ; CELL ; 1      ; LABCELL_X297_Y387_N9   ; Combinational cell ; u_pipe|g_cfar_per_beam[15].u_cfar|u_window|add_306~116|cout                           ;
;   20.816 ;   0.000 ; FF ; CELL ; 3      ; LABCELL_X297_Y387_N12  ; Combinational cell ; u_pipe|g_cfar_per_beam[15].u_cfar|u_window|add_306~121|cin                            ;
;   20.935 ;   0.119 ; FR ; CELL ; 1      ; LABCELL_X297_Y387_N12  ; Combinational cell ; u_pipe|g_cfar_per_beam[15].u_cfar|u_window|add_306~121|sumout                         ;
;   21.121 ;   0.186 ; RR ; IC   ; 1      ; MLABCELL_X298_Y386_N27 ; Combinational cell ; u_pipe|g_cfar_per_beam[15].u_cfar|u_window|i23536~24|datac                            ;
;   21.205 ;   0.084 ; RR ; CELL ; 2      ; MLABCELL_X298_Y386_N27 ; Combinational cell ; u_pipe|g_cfar_per_beam[15].u_cfar|u_window|i23536~24|combout                          ;
;   21.412 ;   0.207 ; RR ; IC   ; 5      ; MLABCELL_X296_Y387_N12 ; Combinational cell ; u_pipe|g_cfar_per_beam[15].u_cfar|u_window|add_310~121|datad                          ;
;   21.545 ;   0.133 ; RR ; CELL ; 1      ; MLABCELL_X296_Y387_N15 ; Combinational cell ; u_pipe|g_cfar_per_beam[15].u_cfar|u_window|add_310~126|cout                           ;
;   21.545 ;   0.000 ; RR ; CELL ; 3      ; MLABCELL_X296_Y387_N18 ; Combinational cell ; u_pipe|g_cfar_per_beam[15].u_cfar|u_window|add_310~131|cin                            ;
;   21.662 ;   0.117 ; RF ; CELL ; 1      ; MLABCELL_X296_Y387_N18 ; Combinational cell ; u_pipe|g_cfar_per_beam[15].u_cfar|u_window|add_310~131|sumout                         ;
;   21.969 ;   0.307 ; FF ; IC   ; 1      ; MLABCELL_X291_Y386_N33 ; Combinational cell ; u_pipe|g_cfar_per_beam[15].u_cfar|u_window|i23650~26|datae                            ;
;   21.988 ;   0.019 ; FR ; CELL ; 2      ; MLABCELL_X291_Y386_N33 ; Combinational cell ; u_pipe|g_cfar_per_beam[15].u_cfar|u_window|i23650~26|combout                          ;
;   22.051 ;   0.063 ; RF ; CELL ; 1      ; MLABCELL_X291_Y386_N33 ; Combinational cell ; u_pipe|g_cfar_per_beam[15].u_cfar|u_window|i23650~26~cw_ml_mlab/laboutb[2]            ;
;   22.187 ;   0.136 ; FF ; IC   ; 5      ; LABCELL_X294_Y386_N18  ; Combinational cell ; u_pipe|g_cfar_per_beam[15].u_cfar|u_window|add_314~131|datad                          ;
;   22.295 ;   0.108 ; FR ; CELL ; 1      ; LABCELL_X294_Y386_N21  ; Combinational cell ; u_pipe|g_cfar_per_beam[15].u_cfar|u_window|add_314~136|cout                           ;
;   22.295 ;   0.000 ; RR ; CELL ; 2      ; LABCELL_X294_Y386_N24  ; Combinational cell ; u_pipe|g_cfar_per_beam[15].u_cfar|u_window|add_314~141|cin                            ;
;   22.417 ;   0.122 ; RR ; CELL ; 1      ; LABCELL_X294_Y386_N24  ; Combinational cell ; u_pipe|g_cfar_per_beam[15].u_cfar|u_window|add_314~141|sumout                         ;
;   22.639 ;   0.222 ; RR ; IC   ; 1      ; LABCELL_X292_Y385_N48  ; Combinational cell ; u_pipe|g_cfar_per_beam[15].u_cfar|u_window|i23764~28|datac                            ;
;   22.748 ;   0.109 ; RR ; CELL ; 2      ; LABCELL_X292_Y385_N48  ; Combinational cell ; u_pipe|g_cfar_per_beam[15].u_cfar|u_window|i23764~28|combout                          ;
;   22.957 ;   0.209 ; RR ; IC   ; 4      ; LABCELL_X292_Y386_N24  ; Combinational cell ; u_pipe|g_cfar_per_beam[15].u_cfar|u_window|add_318~141|datad                          ;
;   23.122 ;   0.165 ; RF ; CELL ; 1      ; LABCELL_X292_Y386_N24  ; Combinational cell ; u_pipe|g_cfar_per_beam[15].u_cfar|u_window|add_318~141|sumout                         ;
;   23.273 ;   0.151 ; FF ; IC   ; 1      ; LABCELL_X292_Y385_N42  ; Combinational cell ; u_pipe|g_cfar_per_beam[15].u_cfar|u_window|i23878~28|datae                            ;
;   23.306 ;   0.033 ; FF ; CELL ; 2      ; LABCELL_X292_Y385_N42  ; Combinational cell ; u_pipe|g_cfar_per_beam[15].u_cfar|u_window|i23878~28|combout                          ;
;   23.349 ;   0.043 ; FF ; CELL ; 1      ; LABCELL_X292_Y385_N42  ; Combinational cell ; u_pipe|g_cfar_per_beam[15].u_cfar|u_window|i23878~28~cw_la_lab/laboutb[8]             ;
;   23.559 ;   0.210 ; FF ; IC   ; 4      ; MLABCELL_X293_Y386_N24 ; Combinational cell ; u_pipe|g_cfar_per_beam[15].u_cfar|u_window|add_322~141|datad                          ;
;   23.746 ;   0.187 ; FF ; CELL ; 1      ; MLABCELL_X293_Y386_N24 ; Combinational cell ; u_pipe|g_cfar_per_beam[15].u_cfar|u_window|add_322~141|sumout                         ;
;   23.959 ;   0.213 ; FF ; IC   ; 1      ; LABCELL_X292_Y385_N36  ; Combinational cell ; u_pipe|g_cfar_per_beam[15].u_cfar|u_window|i23992~28|datae                            ;
;   24.027 ;   0.068 ; FF ; CELL ; 2      ; LABCELL_X292_Y385_N36  ; Combinational cell ; u_pipe|g_cfar_per_beam[15].u_cfar|u_window|i23992~28|combout                          ;
;   24.304 ;   0.277 ; FF ; IC   ; 4      ; MLABCELL_X293_Y382_N24 ; Combinational cell ; u_pipe|g_cfar_per_beam[15].u_cfar|u_window|add_326~141|datad                          ;
;   24.489 ;   0.185 ; FF ; CELL ; 1      ; MLABCELL_X293_Y382_N24 ; Combinational cell ; u_pipe|g_cfar_per_beam[15].u_cfar|u_window|add_326~141|sumout                         ;
;   24.711 ;   0.222 ; FF ; IC   ; 1      ; LABCELL_X292_Y380_N39  ; Combinational cell ; u_pipe|g_cfar_per_beam[15].u_cfar|u_window|i24106~28|datae                            ;
;   24.730 ;   0.019 ; FR ; CELL ; 2      ; LABCELL_X292_Y380_N39  ; Combinational cell ; u_pipe|g_cfar_per_beam[15].u_cfar|u_window|i24106~28|combout                          ;
;   24.783 ;   0.053 ; RF ; CELL ; 1      ; LABCELL_X292_Y380_N39  ; Combinational cell ; u_pipe|g_cfar_per_beam[15].u_cfar|u_window|i24106~28~cw_la_lab/laboutb[6]             ;
;   24.958 ;   0.175 ; FF ; IC   ; 4      ; LABCELL_X292_Y381_N24  ; Combinational cell ; u_pipe|g_cfar_per_beam[15].u_cfar|u_window|add_330~141|datad                          ;
;   25.110 ;   0.152 ; FR ; CELL ; 1      ; LABCELL_X292_Y381_N24  ; Combinational cell ; u_pipe|g_cfar_per_beam[15].u_cfar|u_window|add_330~141|sumout                         ;
;   25.246 ;   0.136 ; RR ; IC   ; 1      ; LABCELL_X292_Y380_N24  ; Combinational cell ; u_pipe|g_cfar_per_beam[15].u_cfar|u_window|i24220~28|datad                            ;
;   25.344 ;   0.098 ; RR ; CELL ; 2      ; LABCELL_X292_Y380_N24  ; Combinational cell ; u_pipe|g_cfar_per_beam[15].u_cfar|u_window|i24220~28|combout                          ;
;   25.551 ;   0.207 ; RR ; IC   ; 4      ; LABCELL_X294_Y381_N24  ; Combinational cell ; u_pipe|g_cfar_per_beam[15].u_cfar|u_window|add_334~141|datad                          ;
;   25.716 ;   0.165 ; RF ; CELL ; 1      ; LABCELL_X294_Y381_N24  ; Combinational cell ; u_pipe|g_cfar_per_beam[15].u_cfar|u_window|add_334~141|sumout                         ;
;   25.982 ;   0.266 ; FF ; IC   ; 1      ; MLABCELL_X296_Y379_N45 ; Combinational cell ; u_pipe|g_cfar_per_beam[15].u_cfar|u_window|i24334~28|datae                            ;
;   26.027 ;   0.045 ; FF ; CELL ; 2      ; MLABCELL_X296_Y379_N45 ; Combinational cell ; u_pipe|g_cfar_per_beam[15].u_cfar|u_window|i24334~28|combout                          ;
;   26.281 ;   0.254 ; FF ; IC   ; 4      ; MLABCELL_X296_Y381_N24 ; Combinational cell ; u_pipe|g_cfar_per_beam[15].u_cfar|u_window|add_338~141|datad                          ;
;   26.493 ;   0.212 ; FR ; CELL ; 1      ; MLABCELL_X296_Y381_N27 ; Combinational cell ; u_pipe|g_cfar_per_beam[15].u_cfar|u_window|add_338~146|cout                           ;
;   26.493 ;   0.000 ; RR ; CELL ; 3      ; MLABCELL_X296_Y381_N30 ; Combinational cell ; u_pipe|g_cfar_per_beam[15].u_cfar|u_window|add_338~151|cin                            ;
;   26.617 ;   0.124 ; RR ; CELL ; 1      ; MLABCELL_X296_Y381_N30 ; Combinational cell ; u_pipe|g_cfar_per_beam[15].u_cfar|u_window|add_338~151|sumout                         ;
;   26.803 ;   0.186 ; RR ; IC   ; 1      ; MLABCELL_X296_Y379_N27 ; Combinational cell ; u_pipe|g_cfar_per_beam[15].u_cfar|u_window|i24448~30|datac                            ;
;   26.910 ;   0.107 ; RR ; CELL ; 2      ; MLABCELL_X296_Y379_N27 ; Combinational cell ; u_pipe|g_cfar_per_beam[15].u_cfar|u_window|i24448~30|combout                          ;
;   27.156 ;   0.246 ; RR ; IC   ; 4      ; LABCELL_X297_Y381_N30  ; Combinational cell ; u_pipe|g_cfar_per_beam[15].u_cfar|u_window|add_342~151|datac                          ;
;   27.273 ;   0.117 ; RF ; CELL ; 1      ; LABCELL_X297_Y381_N33  ; Combinational cell ; u_pipe|g_cfar_per_beam[15].u_cfar|u_window|add_342~156|cout                           ;
;   27.273 ;   0.000 ; FF ; CELL ; 3      ; LABCELL_X297_Y381_N36  ; Combinational cell ; u_pipe|g_cfar_per_beam[15].u_cfar|u_window|add_342~161|cin                            ;
;   27.395 ;   0.122 ; FR ; CELL ; 1      ; LABCELL_X297_Y381_N36  ; Combinational cell ; u_pipe|g_cfar_per_beam[15].u_cfar|u_window|add_342~161|sumout                         ;
;   27.670 ;   0.275 ; RR ; IC   ; 1      ; MLABCELL_X296_Y378_N21 ; Combinational cell ; u_pipe|g_cfar_per_beam[15].u_cfar|u_window|i24562~32|dataf                            ;
;   27.683 ;   0.013 ; RF ; CELL ; 2      ; MLABCELL_X296_Y378_N21 ; Combinational cell ; u_pipe|g_cfar_per_beam[15].u_cfar|u_window|i24562~32|combout                          ;
;   27.742 ;   0.059 ; FR ; CELL ; 1      ; MLABCELL_X296_Y378_N21 ; Combinational cell ; u_pipe|g_cfar_per_beam[15].u_cfar|u_window|i24562~32~cw_ml_mlab/laboutt[12]           ;
;   27.959 ;   0.217 ; RR ; IC   ; 4      ; MLABCELL_X298_Y382_N36 ; Combinational cell ; u_pipe|g_cfar_per_beam[15].u_cfar|u_window|add_346~161|datad                          ;
;   28.092 ;   0.133 ; RR ; CELL ; 1      ; MLABCELL_X298_Y382_N39 ; Combinational cell ; u_pipe|g_cfar_per_beam[15].u_cfar|u_window|add_346~166|cout                           ;
;   28.092 ;   0.000 ; RR ; CELL ; 3      ; MLABCELL_X298_Y382_N42 ; Combinational cell ; u_pipe|g_cfar_per_beam[15].u_cfar|u_window|add_346~171|cin                            ;
;   28.116 ;   0.024 ; RF ; CELL ; 1      ; MLABCELL_X298_Y382_N45 ; Combinational cell ; u_pipe|g_cfar_per_beam[15].u_cfar|u_window|add_346~176|cout                           ;
;   28.116 ;   0.000 ; FF ; CELL ; 3      ; MLABCELL_X298_Y382_N48 ; Combinational cell ; u_pipe|g_cfar_per_beam[15].u_cfar|u_window|add_346~181|cin                            ;
;   28.240 ;   0.124 ; FR ; CELL ; 1      ; MLABCELL_X298_Y382_N48 ; Combinational cell ; u_pipe|g_cfar_per_beam[15].u_cfar|u_window|add_346~181|sumout                         ;
;   28.457 ;   0.217 ; RR ; IC   ; 1      ; MLABCELL_X296_Y378_N27 ; Combinational cell ; u_pipe|g_cfar_per_beam[15].u_cfar|u_window|i24676~36|datae                            ;
;   28.474 ;   0.017 ; RF ; CELL ; 2      ; MLABCELL_X296_Y378_N27 ; Combinational cell ; u_pipe|g_cfar_per_beam[15].u_cfar|u_window|i24676~36|combout                          ;
;   28.546 ;   0.072 ; FR ; CELL ; 1      ; MLABCELL_X296_Y378_N27 ; Combinational cell ; u_pipe|g_cfar_per_beam[15].u_cfar|u_window|i24676~36~cw_ml_mlab/laboutt[18]           ;
;   28.741 ;   0.195 ; RR ; IC   ; 4      ; MLABCELL_X298_Y379_N48 ; Combinational cell ; u_pipe|g_cfar_per_beam[15].u_cfar|u_window|add_350~181|datac                          ;
;   28.931 ;   0.190 ; RR ; CELL ; 1      ; MLABCELL_X298_Y379_N48 ; Combinational cell ; u_pipe|g_cfar_per_beam[15].u_cfar|u_window|add_350~181|sumout                         ;
;   29.167 ;   0.236 ; RR ; IC   ; 1      ; MLABCELL_X296_Y378_N39 ; Combinational cell ; u_pipe|g_cfar_per_beam[15].u_cfar|u_window|i24790~36|datad                            ;
;   29.210 ;   0.043 ; RF ; CELL ; 2      ; MLABCELL_X296_Y378_N39 ; Combinational cell ; u_pipe|g_cfar_per_beam[15].u_cfar|u_window|i24790~36|combout                          ;
;   29.236 ;   0.026 ; FR ; CELL ; 1      ; MLABCELL_X296_Y378_N39 ; Combinational cell ; u_pipe|g_cfar_per_beam[15].u_cfar|u_window|i24790~36~cw_ml_mlab/lab_lut5outb[1]       ;
;   29.454 ;   0.218 ; RR ; IC   ; 4      ; LABCELL_X299_Y379_N48  ; Combinational cell ; u_pipe|g_cfar_per_beam[15].u_cfar|u_window|add_354~181|datad                          ;
;   29.559 ;   0.105 ; RR ; CELL ; 1      ; LABCELL_X299_Y379_N51  ; Combinational cell ; u_pipe|g_cfar_per_beam[15].u_cfar|u_window|add_354~186|cout                           ;
;   29.559 ;   0.000 ; RR ; CELL ; 2      ; LABCELL_X299_Y379_N54  ; Combinational cell ; u_pipe|g_cfar_per_beam[15].u_cfar|u_window|add_354~191|cin                            ;
;   29.681 ;   0.122 ; RR ; CELL ; 1      ; LABCELL_X299_Y379_N54  ; Combinational cell ; u_pipe|g_cfar_per_beam[15].u_cfar|u_window|add_354~191|sumout                         ;
;   29.864 ;   0.183 ; RR ; IC   ; 1      ; LABCELL_X299_Y381_N3   ; Combinational cell ; u_pipe|g_cfar_per_beam[15].u_cfar|u_window|i24904~19|datad                            ;
;   29.905 ;   0.041 ; RF ; CELL ; 2      ; LABCELL_X299_Y381_N3   ; Combinational cell ; u_pipe|g_cfar_per_beam[15].u_cfar|u_window|i24904~19|combout                          ;
;   29.931 ;   0.026 ; FR ; CELL ; 1      ; LABCELL_X299_Y381_N3   ; Combinational cell ; u_pipe|g_cfar_per_beam[15].u_cfar|u_window|i24904~19~cw_la_lab/lab_lut5outt[0]        ;
;   30.236 ;   0.305 ; RR ; IC   ; 3      ; LABCELL_X297_Y378_N54  ; Combinational cell ; u_pipe|g_cfar_per_beam[15].u_cfar|u_window|add_358~191|datac                          ;
;   30.461 ;   0.225 ; RR ; CELL ; 1      ; LABCELL_X297_Y378_N57  ; Combinational cell ; u_pipe|g_cfar_per_beam[15].u_cfar|u_window|add_358~196|cout                           ;
;   30.520 ;   0.059 ; RR ; IC   ; 3      ; LABCELL_X297_Y377_N0   ; Combinational cell ; u_pipe|g_cfar_per_beam[15].u_cfar|u_window|add_358~201|cin                            ;
;   30.562 ;   0.042 ; RR ; CELL ; 1      ; LABCELL_X297_Y377_N3   ; Combinational cell ; u_pipe|g_cfar_per_beam[15].u_cfar|u_window|add_358~206|cout                           ;
;   30.562 ;   0.000 ; RR ; CELL ; 3      ; LABCELL_X297_Y377_N6   ; Combinational cell ; u_pipe|g_cfar_per_beam[15].u_cfar|u_window|add_358~211|cin                            ;
;   30.586 ;   0.024 ; RF ; CELL ; 1      ; LABCELL_X297_Y377_N9   ; Combinational cell ; u_pipe|g_cfar_per_beam[15].u_cfar|u_window|add_358~216|cout                           ;
;   30.586 ;   0.000 ; FF ; CELL ; 3      ; LABCELL_X297_Y377_N12  ; Combinational cell ; u_pipe|g_cfar_per_beam[15].u_cfar|u_window|add_358~221|cin                            ;
;   30.702 ;   0.116 ; FF ; CELL ; 1      ; LABCELL_X297_Y377_N12  ; Combinational cell ; u_pipe|g_cfar_per_beam[15].u_cfar|u_window|add_358~221|sumout                         ;
;   30.808 ;   0.106 ; FF ; IC   ; 1      ; MLABCELL_X298_Y377_N9  ; Combinational cell ; u_pipe|g_cfar_per_beam[15].u_cfar|u_window|sum_lag_c[0]~44|datad                      ;
;   30.852 ;   0.044 ; FR ; CELL ; 2      ; MLABCELL_X298_Y377_N9  ; Combinational cell ; u_pipe|g_cfar_per_beam[15].u_cfar|u_window|sum_lag_c[0]~44|combout                    ;
;   30.876 ;   0.024 ; RF ; CELL ; 1      ; MLABCELL_X298_Y377_N9  ; Combinational cell ; u_pipe|g_cfar_per_beam[15].u_cfar|u_window|sum_lag_c[0]~44~cw_ml_mlab/lab_lut5outt[1] ;
;   31.081 ;   0.205 ; FF ; IC   ; 1      ; MPDSP_X300_Y377_N0     ; DSP block          ; u_pipe|g_cfar_per_beam[15].u_cfar|mult_1~mac|ax[17]                                   ;
;   31.081 ;   0.000 ; FF ; CELL ; 0      ; MPDSP_X300_Y377_N0     ; DSP block          ; u_pipe|g_cfar_per_beam[15].u_cfar|sum_lag1_q[35]                                      ;
+----------+---------+----+------+--------+------------------------+--------------------+---------------------------------------------------------------------------------------+

+------------------------------------------------------------------------------------------------------------------------------------------------+
; Data Required Path                                                                                                                             ;
+---------+----------+----+------+--------+-----------------------+------------------+-----------------------------------------------------------+
; Total   ; Incr     ; RF ; Type ; Fanout ; Location              ; Element Type     ; Element                                                   ;
+---------+----------+----+------+--------+-----------------------+------------------+-----------------------------------------------------------+
; 2.222   ; 2.222    ;    ;      ;        ;                       ;                  ; latch edge time                                           ;
; 8.116   ; 5.894    ;    ;      ;        ;                       ;                  ; clock path                                                ;
;   2.222 ;   0.000  ;    ;      ;        ;                       ;                  ; source latency                                            ;
;   2.222 ;   0.000  ;    ;      ; 1      ; PIN_H19               ; I/O pad          ; core_clk                                                  ;
;   2.222 ;   0.000  ; RR ; IC   ; 1      ; IOIBUF_X335_Y418_N121 ; I/O input buffer ; core_clk~input|i                                          ;
;   2.408 ;   0.186  ; RR ; CELL ; 1      ; IOIBUF_X335_Y418_N121 ; I/O input buffer ; core_clk~input|o                                          ;
;   3.228 ;   0.820  ; RR ; CELL ; 546664 ; IOIBUF_X335_Y418_N121 ; I/O input buffer ; core_clk~input~io96/m25_0_30__io12buf2_to_iopll__ioclkin3 ;
;   7.613 ;   4.385  ; RR ; IC   ; 19     ; MPDSP_X300_Y377_N0    ; DSP block        ; u_pipe|g_cfar_per_beam[15].u_cfar|mult_1~mac|clk          ;
;   7.613 ;   0.000  ; RR ; CELL ; 0      ; MPDSP_X300_Y377_N0    ; DSP block        ; u_pipe|g_cfar_per_beam[15].u_cfar|sum_lag1_q[35]          ;
;   8.141 ;   0.528  ;    ;      ;        ;                       ;                  ; clock pessimism removed                                   ;
;   8.116 ;   -0.025 ;    ;      ;        ;                       ;                  ; advanced clock effects                                    ;
; 8.086   ; -0.030   ;    ;      ;        ;                       ;                  ; clock uncertainty                                         ;
; 8.102   ; 0.016    ;    ; uTsu ; 0      ; MPDSP_X300_Y377_N0    ; DSP block        ; u_pipe|g_cfar_per_beam[15].u_cfar|sum_lag1_q[35]          ;
+---------+----------+----+------+--------+-----------------------+------------------+-----------------------------------------------------------+



Path #9: Setup slack is -22.979 (VIOLATED)
===============================================================================
+--------------------------------------------------------------------------------------------+
; Path Summary                                                                               ;
+---------------------------------+----------------------------------------------------------+
; Property                        ; Value                                                    ;
+---------------------------------+----------------------------------------------------------+
; From Node                       ; u_pipe|g_cfar_per_beam[15].u_cfar|u_window|cell_q[39][2] ;
; To Node                         ; u_pipe|g_cfar_per_beam[15].u_cfar|sum_lag1_q[35]         ;
; Launch Clock                    ; core_clk                                                 ;
; Latch Clock                     ; core_clk                                                 ;
; SDC Exception                   ; No SDC Exception on Path                                 ;
; Data Arrival Time               ; 31.081                                                   ;
; Data Required Time              ; 8.102                                                    ;
; Slack                           ; -22.979 (VIOLATED)                                       ;
; Worst-Case Operating Conditions ; Slow vid1 100C Model                                     ;
+---------------------------------+----------------------------------------------------------+

+------------------------------------------------------------------------------------+
; Statistics                                                                         ;
+------------------------+--------+-------+-------------+------------+-------+-------+
; Property               ; Value  ; Count ; Total Delay ; % of Total ; Min   ; Max   ;
+------------------------+--------+-------+-------------+------------+-------+-------+
; Setup Relationship     ; 2.222  ;       ;             ;            ;       ;       ;
; Clock Skew             ; -0.078 ;       ;             ;            ;       ;       ;
; Data Delay             ; 25.109 ;       ;             ;            ;       ;       ;
; Number of Logic Levels ;        ; 68    ;             ;            ;       ;       ;
; Physical Delays        ;        ;       ;             ;            ;       ;       ;
;  Arrival Path          ;        ;       ;             ;            ;       ;       ;
;   Clock                ;        ;       ;             ;            ;       ;       ;
;    IC                  ;        ; 2     ; 4.847       ; 81         ; 0.000 ; 4.847 ;
;    Cell                ;        ; 3     ; 1.125       ; 19         ; 0.000 ; 0.939 ;
;   Data                 ;        ;       ;             ;            ;       ;       ;
;    IC                  ;        ; 71    ; 14.682      ; 58         ; 0.059 ; 0.319 ;
;    Cell                ;        ; 130   ; 10.217      ; 41         ; 0.000 ; 0.225 ;
;    uTco                ;        ; 1     ; 0.210       ; 1          ; 0.210 ; 0.210 ;
;  Required Path         ;        ;       ;             ;            ;       ;       ;
;   Clock                ;        ;       ;             ;            ;       ;       ;
;    IC                  ;        ; 2     ; 4.385       ; 81         ; 0.000 ; 4.385 ;
;    Cell                ;        ; 3     ; 1.006       ; 19         ; 0.000 ; 0.820 ;
+------------------------+--------+-------+-------------+------------+-------+-------+
Note: Negative delays are omitted from totals when calculating percentages

+-------------------------------------------------------------------------------------------------------------------------------------------------------------------------------+
; Data Arrival Path                                                                                                                                                             ;
+----------+---------+----+------+--------+------------------------+--------------------+---------------------------------------------------------------------------------------+
; Total    ; Incr    ; RF ; Type ; Fanout ; Location               ; Element Type       ; Element                                                                               ;
+----------+---------+----+------+--------+------------------------+--------------------+---------------------------------------------------------------------------------------+
; 0.000    ; 0.000   ;    ;      ;        ;                        ;                    ; launch edge time                                                                      ;
; 5.972    ; 5.972   ;    ;      ;        ;                        ;                    ; clock path                                                                            ;
;   0.000  ;   0.000 ;    ;      ;        ;                        ;                    ; source latency                                                                        ;
;   0.000  ;   0.000 ;    ;      ; 1      ; PIN_H19                ; I/O pad            ; core_clk                                                                              ;
;   0.000  ;   0.000 ; RR ; IC   ; 1      ; IOIBUF_X335_Y418_N121  ; I/O input buffer   ; core_clk~input|i                                                                      ;
;   0.186  ;   0.186 ; RR ; CELL ; 1      ; IOIBUF_X335_Y418_N121  ; I/O input buffer   ; core_clk~input|o                                                                      ;
;   1.125  ;   0.939 ; RR ; CELL ; 546664 ; IOIBUF_X335_Y418_N121  ; I/O input buffer   ; core_clk~input~io96/m25_0_30__io12buf2_to_iopll__ioclkin3                             ;
;   5.972  ;   4.847 ; RR ; IC   ; 1      ; FF_X315_Y380_N22       ; ALM Register       ; u_pipe|g_cfar_per_beam[15].u_cfar|u_window|cell_q[39][2]|clk                          ;
;   5.972  ;   0.000 ; RR ; CELL ; 1      ; FF_X315_Y380_N22       ; ALM Register       ; u_pipe|g_cfar_per_beam[15].u_cfar|u_window|cell_q[39][2]                              ;
; 31.081   ; 25.109  ;    ;      ;        ;                        ;                    ; data path                                                                             ;
;   6.182  ;   0.210 ; RR ; uTco ; 3      ; FF_X315_Y380_N22       ; ALM Register       ; u_pipe|g_cfar_per_beam[15].u_cfar|u_window|cell_q[39][2]|q                            ;
;   6.303  ;   0.121 ; RR ; IC   ; 5      ; MLABCELL_X314_Y380_N6  ; Combinational cell ; u_pipe|g_cfar_per_beam[15].u_cfar|u_window|add_226~11|datad                           ;
;   6.436  ;   0.133 ; RR ; CELL ; 1      ; MLABCELL_X314_Y380_N9  ; Combinational cell ; u_pipe|g_cfar_per_beam[15].u_cfar|u_window|add_226~16|cout                            ;
;   6.436  ;   0.000 ; RR ; CELL ; 3      ; MLABCELL_X314_Y380_N12 ; Combinational cell ; u_pipe|g_cfar_per_beam[15].u_cfar|u_window|add_226~21|cin                             ;
;   6.558  ;   0.122 ; RR ; CELL ; 1      ; MLABCELL_X314_Y380_N12 ; Combinational cell ; u_pipe|g_cfar_per_beam[15].u_cfar|u_window|add_226~21|sumout                          ;
;   6.741  ;   0.183 ; RR ; IC   ; 1      ; MLABCELL_X314_Y378_N15 ; Combinational cell ; u_pipe|g_cfar_per_beam[15].u_cfar|u_window|i21256~4|datae                             ;
;   6.758  ;   0.017 ; RF ; CELL ; 2      ; MLABCELL_X314_Y378_N15 ; Combinational cell ; u_pipe|g_cfar_per_beam[15].u_cfar|u_window|i21256~4|combout                           ;
;   6.785  ;   0.027 ; FR ; CELL ; 1      ; MLABCELL_X314_Y378_N15 ; Combinational cell ; u_pipe|g_cfar_per_beam[15].u_cfar|u_window|i21256~4~cw_ml_mlab/lab_lut5outt[2]        ;
;   7.040  ;   0.255 ; RR ; IC   ; 5      ; LABCELL_X313_Y379_N12  ; Combinational cell ; u_pipe|g_cfar_per_beam[15].u_cfar|u_window|add_230~21|datac                           ;
;   7.157  ;   0.117 ; RF ; CELL ; 1      ; LABCELL_X313_Y379_N15  ; Combinational cell ; u_pipe|g_cfar_per_beam[15].u_cfar|u_window|add_230~26|cout                            ;
;   7.157  ;   0.000 ; FF ; CELL ; 3      ; LABCELL_X313_Y379_N18  ; Combinational cell ; u_pipe|g_cfar_per_beam[15].u_cfar|u_window|add_230~31|cin                             ;
;   7.278  ;   0.121 ; FR ; CELL ; 1      ; LABCELL_X313_Y379_N18  ; Combinational cell ; u_pipe|g_cfar_per_beam[15].u_cfar|u_window|add_230~31|sumout                          ;
;   7.474  ;   0.196 ; RR ; IC   ; 1      ; MLABCELL_X314_Y378_N33 ; Combinational cell ; u_pipe|g_cfar_per_beam[15].u_cfar|u_window|i21370~6|datac                             ;
;   7.593  ;   0.119 ; RR ; CELL ; 2      ; MLABCELL_X314_Y378_N33 ; Combinational cell ; u_pipe|g_cfar_per_beam[15].u_cfar|u_window|i21370~6|combout                           ;
;   7.816  ;   0.223 ; RR ; IC   ; 5      ; MLABCELL_X312_Y379_N18 ; Combinational cell ; u_pipe|g_cfar_per_beam[15].u_cfar|u_window|add_234~31|datad                           ;
;   7.949  ;   0.133 ; RR ; CELL ; 1      ; MLABCELL_X312_Y379_N21 ; Combinational cell ; u_pipe|g_cfar_per_beam[15].u_cfar|u_window|add_234~36|cout                            ;
;   7.949  ;   0.000 ; RR ; CELL ; 3      ; MLABCELL_X312_Y379_N24 ; Combinational cell ; u_pipe|g_cfar_per_beam[15].u_cfar|u_window|add_234~41|cin                             ;
;   8.074  ;   0.125 ; RR ; CELL ; 1      ; MLABCELL_X312_Y379_N24 ; Combinational cell ; u_pipe|g_cfar_per_beam[15].u_cfar|u_window|add_234~41|sumout                          ;
;   8.246  ;   0.172 ; RR ; IC   ; 1      ; LABCELL_X308_Y379_N0   ; Combinational cell ; u_pipe|g_cfar_per_beam[15].u_cfar|u_window|i21484~8|datad                             ;
;   8.345  ;   0.099 ; RR ; CELL ; 2      ; LABCELL_X308_Y379_N0   ; Combinational cell ; u_pipe|g_cfar_per_beam[15].u_cfar|u_window|i21484~8|combout                           ;
;   8.510  ;   0.165 ; RR ; IC   ; 4      ; LABCELL_X310_Y379_N24  ; Combinational cell ; u_pipe|g_cfar_per_beam[15].u_cfar|u_window|add_238~41|datad                           ;
;   8.699  ;   0.189 ; RR ; CELL ; 1      ; LABCELL_X310_Y379_N27  ; Combinational cell ; u_pipe|g_cfar_per_beam[15].u_cfar|u_window|add_238~46|cout                            ;
;   8.699  ;   0.000 ; RR ; CELL ; 3      ; LABCELL_X310_Y379_N30  ; Combinational cell ; u_pipe|g_cfar_per_beam[15].u_cfar|u_window|add_238~51|cin                             ;
;   8.725  ;   0.026 ; RF ; CELL ; 1      ; LABCELL_X310_Y379_N33  ; Combinational cell ; u_pipe|g_cfar_per_beam[15].u_cfar|u_window|add_238~56|cout                            ;
;   8.725  ;   0.000 ; FF ; CELL ; 3      ; LABCELL_X310_Y379_N36  ; Combinational cell ; u_pipe|g_cfar_per_beam[15].u_cfar|u_window|add_238~61|cin                             ;
;   8.748  ;   0.023 ; FR ; CELL ; 1      ; LABCELL_X310_Y379_N39  ; Combinational cell ; u_pipe|g_cfar_per_beam[15].u_cfar|u_window|add_238~66|cout                            ;
;   8.748  ;   0.000 ; RR ; CELL ; 3      ; LABCELL_X310_Y379_N42  ; Combinational cell ; u_pipe|g_cfar_per_beam[15].u_cfar|u_window|add_238~71|cin                             ;
;   8.870  ;   0.122 ; RR ; CELL ; 1      ; LABCELL_X310_Y379_N42  ; Combinational cell ; u_pipe|g_cfar_per_beam[15].u_cfar|u_window|add_238~71|sumout                          ;
;   9.010  ;   0.140 ; RR ; IC   ; 1      ; LABCELL_X310_Y380_N45  ; Combinational cell ; u_pipe|g_cfar_per_beam[15].u_cfar|u_window|i21598~14|datae                            ;
;   9.027  ;   0.017 ; RF ; CELL ; 2      ; LABCELL_X310_Y380_N45  ; Combinational cell ; u_pipe|g_cfar_per_beam[15].u_cfar|u_window|i21598~14|combout                          ;
;   9.053  ;   0.026 ; FR ; CELL ; 1      ; LABCELL_X310_Y380_N45  ; Combinational cell ; u_pipe|g_cfar_per_beam[15].u_cfar|u_window|i21598~14~cw_la_lab/lab_lut5outb[2]        ;
;   9.224  ;   0.171 ; RR ; IC   ; 4      ; MLABCELL_X309_Y379_N42 ; Combinational cell ; u_pipe|g_cfar_per_beam[15].u_cfar|u_window|add_242~71|datad                           ;
;   9.357  ;   0.133 ; RR ; CELL ; 1      ; MLABCELL_X309_Y379_N45 ; Combinational cell ; u_pipe|g_cfar_per_beam[15].u_cfar|u_window|add_242~76|cout                            ;
;   9.357  ;   0.000 ; RR ; CELL ; 3      ; MLABCELL_X309_Y379_N48 ; Combinational cell ; u_pipe|g_cfar_per_beam[15].u_cfar|u_window|add_242~81|cin                             ;
;   9.476  ;   0.119 ; RR ; CELL ; 1      ; MLABCELL_X309_Y379_N48 ; Combinational cell ; u_pipe|g_cfar_per_beam[15].u_cfar|u_window|add_242~81|sumout                          ;
;   9.700  ;   0.224 ; RR ; IC   ; 1      ; MLABCELL_X309_Y380_N3  ; Combinational cell ; u_pipe|g_cfar_per_beam[15].u_cfar|u_window|i21712~16|datae                            ;
;   9.717  ;   0.017 ; RF ; CELL ; 2      ; MLABCELL_X309_Y380_N3  ; Combinational cell ; u_pipe|g_cfar_per_beam[15].u_cfar|u_window|i21712~16|combout                          ;
;   9.780  ;   0.063 ; FR ; CELL ; 1      ; MLABCELL_X309_Y380_N3  ; Combinational cell ; u_pipe|g_cfar_per_beam[15].u_cfar|u_window|i21712~16~cw_ml_mlab/laboutt[3]            ;
;   10.034 ;   0.254 ; RR ; IC   ; 4      ; MLABCELL_X307_Y378_N48 ; Combinational cell ; u_pipe|g_cfar_per_beam[15].u_cfar|u_window|add_246~81|datad                           ;
;   10.216 ;   0.182 ; RF ; CELL ; 1      ; MLABCELL_X307_Y378_N48 ; Combinational cell ; u_pipe|g_cfar_per_beam[15].u_cfar|u_window|add_246~81|sumout                          ;
;   10.449 ;   0.233 ; FF ; IC   ; 1      ; MLABCELL_X309_Y380_N9  ; Combinational cell ; u_pipe|g_cfar_per_beam[15].u_cfar|u_window|i21826~16|datac                            ;
;   10.504 ;   0.055 ; FR ; CELL ; 2      ; MLABCELL_X309_Y380_N9  ; Combinational cell ; u_pipe|g_cfar_per_beam[15].u_cfar|u_window|i21826~16|combout                          ;
;   10.528 ;   0.024 ; RF ; CELL ; 1      ; MLABCELL_X309_Y380_N9  ; Combinational cell ; u_pipe|g_cfar_per_beam[15].u_cfar|u_window|i21826~16~cw_ml_mlab/lab_lut5outt[1]       ;
;   10.736 ;   0.208 ; FF ; IC   ; 4      ; MLABCELL_X307_Y381_N48 ; Combinational cell ; u_pipe|g_cfar_per_beam[15].u_cfar|u_window|add_250~81|datac                           ;
;   10.932 ;   0.196 ; FF ; CELL ; 1      ; MLABCELL_X307_Y381_N48 ; Combinational cell ; u_pipe|g_cfar_per_beam[15].u_cfar|u_window|add_250~81|sumout                          ;
;   11.116 ;   0.184 ; FF ; IC   ; 1      ; MLABCELL_X309_Y380_N48 ; Combinational cell ; u_pipe|g_cfar_per_beam[15].u_cfar|u_window|i21940~16|datae                            ;
;   11.184 ;   0.068 ; FF ; CELL ; 2      ; MLABCELL_X309_Y380_N48 ; Combinational cell ; u_pipe|g_cfar_per_beam[15].u_cfar|u_window|i21940~16|combout                          ;
;   11.393 ;   0.209 ; FF ; IC   ; 4      ; MLABCELL_X309_Y383_N48 ; Combinational cell ; u_pipe|g_cfar_per_beam[15].u_cfar|u_window|add_254~81|datac                           ;
;   11.589 ;   0.196 ; FF ; CELL ; 1      ; MLABCELL_X309_Y383_N48 ; Combinational cell ; u_pipe|g_cfar_per_beam[15].u_cfar|u_window|add_254~81|sumout                          ;
;   11.776 ;   0.187 ; FF ; IC   ; 1      ; LABCELL_X313_Y383_N27  ; Combinational cell ; u_pipe|g_cfar_per_beam[15].u_cfar|u_window|i22054~16|dataf                            ;
;   11.790 ;   0.014 ; FR ; CELL ; 2      ; LABCELL_X313_Y383_N27  ; Combinational cell ; u_pipe|g_cfar_per_beam[15].u_cfar|u_window|i22054~16|combout                          ;
;   11.845 ;   0.055 ; RF ; CELL ; 1      ; LABCELL_X313_Y383_N27  ; Combinational cell ; u_pipe|g_cfar_per_beam[15].u_cfar|u_window|i22054~16~cw_la_lab/laboutt[19]            ;
;   12.028 ;   0.183 ; FF ; IC   ; 4      ; LABCELL_X310_Y383_N48  ; Combinational cell ; u_pipe|g_cfar_per_beam[15].u_cfar|u_window|add_258~81|datad                           ;
;   12.136 ;   0.108 ; FR ; CELL ; 1      ; LABCELL_X310_Y383_N51  ; Combinational cell ; u_pipe|g_cfar_per_beam[15].u_cfar|u_window|add_258~86|cout                            ;
;   12.136 ;   0.000 ; RR ; CELL ; 2      ; LABCELL_X310_Y383_N54  ; Combinational cell ; u_pipe|g_cfar_per_beam[15].u_cfar|u_window|add_258~91|cin                             ;
;   12.258 ;   0.122 ; RF ; CELL ; 1      ; LABCELL_X310_Y383_N54  ; Combinational cell ; u_pipe|g_cfar_per_beam[15].u_cfar|u_window|add_258~91|sumout                          ;
;   12.498 ;   0.240 ; FF ; IC   ; 1      ; MLABCELL_X314_Y383_N33 ; Combinational cell ; u_pipe|g_cfar_per_beam[15].u_cfar|u_window|i22168~18|dataf                            ;
;   12.513 ;   0.015 ; FR ; CELL ; 2      ; MLABCELL_X314_Y383_N33 ; Combinational cell ; u_pipe|g_cfar_per_beam[15].u_cfar|u_window|i22168~18|combout                          ;
;   12.532 ;   0.019 ; RF ; CELL ; 1      ; MLABCELL_X314_Y383_N33 ; Combinational cell ; u_pipe|g_cfar_per_beam[15].u_cfar|u_window|i22168~18~cw_ml_mlab/lab_lut6outb[0]       ;
;   12.714 ;   0.182 ; FF ; IC   ; 3      ; MLABCELL_X312_Y383_N54 ; Combinational cell ; u_pipe|g_cfar_per_beam[15].u_cfar|u_window|add_262~91|datad                           ;
;   12.899 ;   0.185 ; FF ; CELL ; 1      ; MLABCELL_X312_Y383_N54 ; Combinational cell ; u_pipe|g_cfar_per_beam[15].u_cfar|u_window|add_262~91|sumout                          ;
;   13.015 ;   0.116 ; FF ; IC   ; 1      ; MLABCELL_X314_Y383_N45 ; Combinational cell ; u_pipe|g_cfar_per_beam[15].u_cfar|u_window|i22282~18|datae                            ;
;   13.042 ;   0.027 ; FR ; CELL ; 2      ; MLABCELL_X314_Y383_N45 ; Combinational cell ; u_pipe|g_cfar_per_beam[15].u_cfar|u_window|i22282~18|combout                          ;
;   13.107 ;   0.065 ; RF ; CELL ; 1      ; MLABCELL_X314_Y383_N45 ; Combinational cell ; u_pipe|g_cfar_per_beam[15].u_cfar|u_window|i22282~18~cw_ml_mlab/laboutb[11]           ;
;   13.389 ;   0.282 ; FF ; IC   ; 3      ; LABCELL_X310_Y387_N54  ; Combinational cell ; u_pipe|g_cfar_per_beam[15].u_cfar|u_window|add_266~91|datad                           ;
;   13.550 ;   0.161 ; FF ; CELL ; 1      ; LABCELL_X310_Y387_N54  ; Combinational cell ; u_pipe|g_cfar_per_beam[15].u_cfar|u_window|add_266~91|sumout                          ;
;   13.812 ;   0.262 ; FF ; IC   ; 1      ; MLABCELL_X314_Y383_N27 ; Combinational cell ; u_pipe|g_cfar_per_beam[15].u_cfar|u_window|i22396~18|datae                            ;
;   13.839 ;   0.027 ; FR ; CELL ; 2      ; MLABCELL_X314_Y383_N27 ; Combinational cell ; u_pipe|g_cfar_per_beam[15].u_cfar|u_window|i22396~18|combout                          ;
;   13.903 ;   0.064 ; RF ; CELL ; 1      ; MLABCELL_X314_Y383_N27 ; Combinational cell ; u_pipe|g_cfar_per_beam[15].u_cfar|u_window|i22396~18~cw_ml_mlab/laboutt[16]           ;
;   14.222 ;   0.319 ; FF ; IC   ; 3      ; LABCELL_X308_Y387_N54  ; Combinational cell ; u_pipe|g_cfar_per_beam[15].u_cfar|u_window|add_270~91|datad                           ;
;   14.381 ;   0.159 ; FF ; CELL ; 1      ; LABCELL_X308_Y387_N54  ; Combinational cell ; u_pipe|g_cfar_per_beam[15].u_cfar|u_window|add_270~91|sumout                          ;
;   14.563 ;   0.182 ; FF ; IC   ; 1      ; MLABCELL_X304_Y387_N45 ; Combinational cell ; u_pipe|g_cfar_per_beam[15].u_cfar|u_window|i22510~18|datad                            ;
;   14.633 ;   0.070 ; FF ; CELL ; 2      ; MLABCELL_X304_Y387_N45 ; Combinational cell ; u_pipe|g_cfar_per_beam[15].u_cfar|u_window|i22510~18|combout                          ;
;   14.916 ;   0.283 ; FF ; IC   ; 3      ; MLABCELL_X309_Y388_N54 ; Combinational cell ; u_pipe|g_cfar_per_beam[15].u_cfar|u_window|add_274~91|datad                           ;
;   15.102 ;   0.186 ; FF ; CELL ; 1      ; MLABCELL_X309_Y388_N54 ; Combinational cell ; u_pipe|g_cfar_per_beam[15].u_cfar|u_window|add_274~91|sumout                          ;
;   15.327 ;   0.225 ; FF ; IC   ; 1      ; LABCELL_X303_Y388_N30  ; Combinational cell ; u_pipe|g_cfar_per_beam[15].u_cfar|u_window|i22624~18|datad                            ;
;   15.383 ;   0.056 ; FF ; CELL ; 2      ; LABCELL_X303_Y388_N30  ; Combinational cell ; u_pipe|g_cfar_per_beam[15].u_cfar|u_window|i22624~18|combout                          ;
;   15.426 ;   0.043 ; FF ; CELL ; 1      ; LABCELL_X303_Y388_N30  ; Combinational cell ; u_pipe|g_cfar_per_beam[15].u_cfar|u_window|i22624~18~cw_la_lab/laboutb[0]             ;
;   15.618 ;   0.192 ; FF ; IC   ; 3      ; MLABCELL_X307_Y388_N54 ; Combinational cell ; u_pipe|g_cfar_per_beam[15].u_cfar|u_window|add_278~91|datac                           ;
;   15.814 ;   0.196 ; FF ; CELL ; 1      ; MLABCELL_X307_Y388_N54 ; Combinational cell ; u_pipe|g_cfar_per_beam[15].u_cfar|u_window|add_278~91|sumout                          ;
;   16.095 ;   0.281 ; FF ; IC   ; 1      ; LABCELL_X303_Y389_N45  ; Combinational cell ; u_pipe|g_cfar_per_beam[15].u_cfar|u_window|i22738~18|datae                            ;
;   16.122 ;   0.027 ; FR ; CELL ; 2      ; LABCELL_X303_Y389_N45  ; Combinational cell ; u_pipe|g_cfar_per_beam[15].u_cfar|u_window|i22738~18|combout                          ;
;   16.139 ;   0.017 ; RF ; CELL ; 1      ; LABCELL_X303_Y389_N45  ; Combinational cell ; u_pipe|g_cfar_per_beam[15].u_cfar|u_window|i22738~18~cw_la_lab/lab_lut6outb[2]        ;
;   16.357 ;   0.218 ; FF ; IC   ; 3      ; LABCELL_X305_Y388_N54  ; Combinational cell ; u_pipe|g_cfar_per_beam[15].u_cfar|u_window|add_282~91|datac                           ;
;   16.522 ;   0.165 ; FF ; CELL ; 1      ; LABCELL_X305_Y388_N54  ; Combinational cell ; u_pipe|g_cfar_per_beam[15].u_cfar|u_window|add_282~91|sumout                          ;
;   16.741 ;   0.219 ; FF ; IC   ; 1      ; LABCELL_X303_Y389_N15  ; Combinational cell ; u_pipe|g_cfar_per_beam[15].u_cfar|u_window|i22852~18|datae                            ;
;   16.760 ;   0.019 ; FR ; CELL ; 2      ; LABCELL_X303_Y389_N15  ; Combinational cell ; u_pipe|g_cfar_per_beam[15].u_cfar|u_window|i22852~18|combout                          ;
;   16.784 ;   0.024 ; RF ; CELL ; 1      ; LABCELL_X303_Y389_N15  ; Combinational cell ; u_pipe|g_cfar_per_beam[15].u_cfar|u_window|i22852~18~cw_la_lab/lab_lut5outt[2]        ;
;   16.913 ;   0.129 ; FF ; IC   ; 3      ; MLABCELL_X304_Y389_N54 ; Combinational cell ; u_pipe|g_cfar_per_beam[15].u_cfar|u_window|add_286~91|datac                           ;
;   17.097 ;   0.184 ; FF ; CELL ; 1      ; MLABCELL_X304_Y389_N54 ; Combinational cell ; u_pipe|g_cfar_per_beam[15].u_cfar|u_window|add_286~91|sumout                          ;
;   17.326 ;   0.229 ; FF ; IC   ; 1      ; LABCELL_X303_Y390_N39  ; Combinational cell ; u_pipe|g_cfar_per_beam[15].u_cfar|u_window|i22966~18|datae                            ;
;   17.345 ;   0.019 ; FR ; CELL ; 2      ; LABCELL_X303_Y390_N39  ; Combinational cell ; u_pipe|g_cfar_per_beam[15].u_cfar|u_window|i22966~18|combout                          ;
;   17.399 ;   0.054 ; RF ; CELL ; 1      ; LABCELL_X303_Y390_N39  ; Combinational cell ; u_pipe|g_cfar_per_beam[15].u_cfar|u_window|i22966~18~cw_la_lab/laboutb[6]             ;
;   17.579 ;   0.180 ; FF ; IC   ; 3      ; LABCELL_X303_Y386_N54  ; Combinational cell ; u_pipe|g_cfar_per_beam[15].u_cfar|u_window|add_290~91|datad                           ;
;   17.739 ;   0.160 ; FF ; CELL ; 1      ; LABCELL_X303_Y386_N54  ; Combinational cell ; u_pipe|g_cfar_per_beam[15].u_cfar|u_window|add_290~91|sumout                          ;
;   17.957 ;   0.218 ; FF ; IC   ; 1      ; LABCELL_X303_Y390_N21  ; Combinational cell ; u_pipe|g_cfar_per_beam[15].u_cfar|u_window|i23080~18|datad                            ;
;   18.000 ;   0.043 ; FR ; CELL ; 2      ; LABCELL_X303_Y390_N21  ; Combinational cell ; u_pipe|g_cfar_per_beam[15].u_cfar|u_window|i23080~18|combout                          ;
;   18.065 ;   0.065 ; RF ; CELL ; 1      ; LABCELL_X303_Y390_N21  ; Combinational cell ; u_pipe|g_cfar_per_beam[15].u_cfar|u_window|i23080~18~cw_la_lab/laboutt[15]            ;
;   18.253 ;   0.188 ; FF ; IC   ; 3      ; MLABCELL_X302_Y386_N54 ; Combinational cell ; u_pipe|g_cfar_per_beam[15].u_cfar|u_window|add_294~91|datac                           ;
;   18.451 ;   0.198 ; FF ; CELL ; 1      ; MLABCELL_X302_Y386_N54 ; Combinational cell ; u_pipe|g_cfar_per_beam[15].u_cfar|u_window|add_294~91|sumout                          ;
;   18.724 ;   0.273 ; FF ; IC   ; 1      ; LABCELL_X299_Y390_N42  ; Combinational cell ; u_pipe|g_cfar_per_beam[15].u_cfar|u_window|i23194~18|datad                            ;
;   18.816 ;   0.092 ; FF ; CELL ; 2      ; LABCELL_X299_Y390_N42  ; Combinational cell ; u_pipe|g_cfar_per_beam[15].u_cfar|u_window|i23194~18|combout                          ;
;   18.973 ;   0.157 ; FF ; IC   ; 3      ; LABCELL_X299_Y386_N54  ; Combinational cell ; u_pipe|g_cfar_per_beam[15].u_cfar|u_window|add_298~91|datad                           ;
;   19.183 ;   0.210 ; FR ; CELL ; 1      ; LABCELL_X299_Y386_N57  ; Combinational cell ; u_pipe|g_cfar_per_beam[15].u_cfar|u_window|add_298~96|cout                            ;
;   19.242 ;   0.059 ; RR ; IC   ; 5      ; LABCELL_X299_Y385_N0   ; Combinational cell ; u_pipe|g_cfar_per_beam[15].u_cfar|u_window|add_298~101|cin                            ;
;   19.379 ;   0.137 ; RF ; CELL ; 1      ; LABCELL_X299_Y385_N0   ; Combinational cell ; u_pipe|g_cfar_per_beam[15].u_cfar|u_window|add_298~101|sumout                         ;
;   19.579 ;   0.200 ; FF ; IC   ; 1      ; MLABCELL_X304_Y385_N21 ; Combinational cell ; u_pipe|g_cfar_per_beam[15].u_cfar|u_window|i23308~20|datac                            ;
;   19.690 ;   0.111 ; FF ; CELL ; 2      ; MLABCELL_X304_Y385_N21 ; Combinational cell ; u_pipe|g_cfar_per_beam[15].u_cfar|u_window|i23308~20|combout                          ;
;   19.983 ;   0.293 ; FF ; IC   ; 5      ; MLABCELL_X298_Y389_N0  ; Combinational cell ; u_pipe|g_cfar_per_beam[15].u_cfar|u_window|add_302~101|datac                          ;
;   20.181 ;   0.198 ; FF ; CELL ; 1      ; MLABCELL_X298_Y389_N0  ; Combinational cell ; u_pipe|g_cfar_per_beam[15].u_cfar|u_window|add_302~101|sumout                         ;
;   20.410 ;   0.229 ; FF ; IC   ; 1      ; MLABCELL_X298_Y386_N21 ; Combinational cell ; u_pipe|g_cfar_per_beam[15].u_cfar|u_window|i23422~20|datac                            ;
;   20.492 ;   0.082 ; FF ; CELL ; 2      ; MLABCELL_X298_Y386_N21 ; Combinational cell ; u_pipe|g_cfar_per_beam[15].u_cfar|u_window|i23422~20|combout                          ;
;   20.684 ;   0.192 ; FF ; IC   ; 5      ; LABCELL_X297_Y387_N0   ; Combinational cell ; u_pipe|g_cfar_per_beam[15].u_cfar|u_window|add_306~101|datad                          ;
;   20.792 ;   0.108 ; FR ; CELL ; 1      ; LABCELL_X297_Y387_N3   ; Combinational cell ; u_pipe|g_cfar_per_beam[15].u_cfar|u_window|add_306~106|cout                           ;
;   20.792 ;   0.000 ; RR ; CELL ; 3      ; LABCELL_X297_Y387_N6   ; Combinational cell ; u_pipe|g_cfar_per_beam[15].u_cfar|u_window|add_306~111|cin                            ;
;   20.816 ;   0.024 ; RF ; CELL ; 1      ; LABCELL_X297_Y387_N9   ; Combinational cell ; u_pipe|g_cfar_per_beam[15].u_cfar|u_window|add_306~116|cout                           ;
;   20.816 ;   0.000 ; FF ; CELL ; 3      ; LABCELL_X297_Y387_N12  ; Combinational cell ; u_pipe|g_cfar_per_beam[15].u_cfar|u_window|add_306~121|cin                            ;
;   20.935 ;   0.119 ; FR ; CELL ; 1      ; LABCELL_X297_Y387_N12  ; Combinational cell ; u_pipe|g_cfar_per_beam[15].u_cfar|u_window|add_306~121|sumout                         ;
;   21.121 ;   0.186 ; RR ; IC   ; 1      ; MLABCELL_X298_Y386_N27 ; Combinational cell ; u_pipe|g_cfar_per_beam[15].u_cfar|u_window|i23536~24|datac                            ;
;   21.205 ;   0.084 ; RR ; CELL ; 2      ; MLABCELL_X298_Y386_N27 ; Combinational cell ; u_pipe|g_cfar_per_beam[15].u_cfar|u_window|i23536~24|combout                          ;
;   21.412 ;   0.207 ; RR ; IC   ; 5      ; MLABCELL_X296_Y387_N12 ; Combinational cell ; u_pipe|g_cfar_per_beam[15].u_cfar|u_window|add_310~121|datad                          ;
;   21.545 ;   0.133 ; RR ; CELL ; 1      ; MLABCELL_X296_Y387_N15 ; Combinational cell ; u_pipe|g_cfar_per_beam[15].u_cfar|u_window|add_310~126|cout                           ;
;   21.545 ;   0.000 ; RR ; CELL ; 3      ; MLABCELL_X296_Y387_N18 ; Combinational cell ; u_pipe|g_cfar_per_beam[15].u_cfar|u_window|add_310~131|cin                            ;
;   21.662 ;   0.117 ; RF ; CELL ; 1      ; MLABCELL_X296_Y387_N18 ; Combinational cell ; u_pipe|g_cfar_per_beam[15].u_cfar|u_window|add_310~131|sumout                         ;
;   21.969 ;   0.307 ; FF ; IC   ; 1      ; MLABCELL_X291_Y386_N33 ; Combinational cell ; u_pipe|g_cfar_per_beam[15].u_cfar|u_window|i23650~26|datae                            ;
;   21.988 ;   0.019 ; FR ; CELL ; 2      ; MLABCELL_X291_Y386_N33 ; Combinational cell ; u_pipe|g_cfar_per_beam[15].u_cfar|u_window|i23650~26|combout                          ;
;   22.051 ;   0.063 ; RF ; CELL ; 1      ; MLABCELL_X291_Y386_N33 ; Combinational cell ; u_pipe|g_cfar_per_beam[15].u_cfar|u_window|i23650~26~cw_ml_mlab/laboutb[2]            ;
;   22.187 ;   0.136 ; FF ; IC   ; 5      ; LABCELL_X294_Y386_N18  ; Combinational cell ; u_pipe|g_cfar_per_beam[15].u_cfar|u_window|add_314~131|datad                          ;
;   22.295 ;   0.108 ; FR ; CELL ; 1      ; LABCELL_X294_Y386_N21  ; Combinational cell ; u_pipe|g_cfar_per_beam[15].u_cfar|u_window|add_314~136|cout                           ;
;   22.295 ;   0.000 ; RR ; CELL ; 2      ; LABCELL_X294_Y386_N24  ; Combinational cell ; u_pipe|g_cfar_per_beam[15].u_cfar|u_window|add_314~141|cin                            ;
;   22.417 ;   0.122 ; RR ; CELL ; 1      ; LABCELL_X294_Y386_N24  ; Combinational cell ; u_pipe|g_cfar_per_beam[15].u_cfar|u_window|add_314~141|sumout                         ;
;   22.639 ;   0.222 ; RR ; IC   ; 1      ; LABCELL_X292_Y385_N48  ; Combinational cell ; u_pipe|g_cfar_per_beam[15].u_cfar|u_window|i23764~28|datac                            ;
;   22.748 ;   0.109 ; RR ; CELL ; 2      ; LABCELL_X292_Y385_N48  ; Combinational cell ; u_pipe|g_cfar_per_beam[15].u_cfar|u_window|i23764~28|combout                          ;
;   22.957 ;   0.209 ; RR ; IC   ; 4      ; LABCELL_X292_Y386_N24  ; Combinational cell ; u_pipe|g_cfar_per_beam[15].u_cfar|u_window|add_318~141|datad                          ;
;   23.122 ;   0.165 ; RF ; CELL ; 1      ; LABCELL_X292_Y386_N24  ; Combinational cell ; u_pipe|g_cfar_per_beam[15].u_cfar|u_window|add_318~141|sumout                         ;
;   23.273 ;   0.151 ; FF ; IC   ; 1      ; LABCELL_X292_Y385_N42  ; Combinational cell ; u_pipe|g_cfar_per_beam[15].u_cfar|u_window|i23878~28|datae                            ;
;   23.306 ;   0.033 ; FF ; CELL ; 2      ; LABCELL_X292_Y385_N42  ; Combinational cell ; u_pipe|g_cfar_per_beam[15].u_cfar|u_window|i23878~28|combout                          ;
;   23.349 ;   0.043 ; FF ; CELL ; 1      ; LABCELL_X292_Y385_N42  ; Combinational cell ; u_pipe|g_cfar_per_beam[15].u_cfar|u_window|i23878~28~cw_la_lab/laboutb[8]             ;
;   23.559 ;   0.210 ; FF ; IC   ; 4      ; MLABCELL_X293_Y386_N24 ; Combinational cell ; u_pipe|g_cfar_per_beam[15].u_cfar|u_window|add_322~141|datad                          ;
;   23.746 ;   0.187 ; FF ; CELL ; 1      ; MLABCELL_X293_Y386_N24 ; Combinational cell ; u_pipe|g_cfar_per_beam[15].u_cfar|u_window|add_322~141|sumout                         ;
;   23.959 ;   0.213 ; FF ; IC   ; 1      ; LABCELL_X292_Y385_N36  ; Combinational cell ; u_pipe|g_cfar_per_beam[15].u_cfar|u_window|i23992~28|datae                            ;
;   24.027 ;   0.068 ; FF ; CELL ; 2      ; LABCELL_X292_Y385_N36  ; Combinational cell ; u_pipe|g_cfar_per_beam[15].u_cfar|u_window|i23992~28|combout                          ;
;   24.304 ;   0.277 ; FF ; IC   ; 4      ; MLABCELL_X293_Y382_N24 ; Combinational cell ; u_pipe|g_cfar_per_beam[15].u_cfar|u_window|add_326~141|datad                          ;
;   24.489 ;   0.185 ; FF ; CELL ; 1      ; MLABCELL_X293_Y382_N24 ; Combinational cell ; u_pipe|g_cfar_per_beam[15].u_cfar|u_window|add_326~141|sumout                         ;
;   24.711 ;   0.222 ; FF ; IC   ; 1      ; LABCELL_X292_Y380_N39  ; Combinational cell ; u_pipe|g_cfar_per_beam[15].u_cfar|u_window|i24106~28|datae                            ;
;   24.730 ;   0.019 ; FR ; CELL ; 2      ; LABCELL_X292_Y380_N39  ; Combinational cell ; u_pipe|g_cfar_per_beam[15].u_cfar|u_window|i24106~28|combout                          ;
;   24.783 ;   0.053 ; RF ; CELL ; 1      ; LABCELL_X292_Y380_N39  ; Combinational cell ; u_pipe|g_cfar_per_beam[15].u_cfar|u_window|i24106~28~cw_la_lab/laboutb[6]             ;
;   24.958 ;   0.175 ; FF ; IC   ; 4      ; LABCELL_X292_Y381_N24  ; Combinational cell ; u_pipe|g_cfar_per_beam[15].u_cfar|u_window|add_330~141|datad                          ;
;   25.110 ;   0.152 ; FR ; CELL ; 1      ; LABCELL_X292_Y381_N24  ; Combinational cell ; u_pipe|g_cfar_per_beam[15].u_cfar|u_window|add_330~141|sumout                         ;
;   25.246 ;   0.136 ; RR ; IC   ; 1      ; LABCELL_X292_Y380_N24  ; Combinational cell ; u_pipe|g_cfar_per_beam[15].u_cfar|u_window|i24220~28|datad                            ;
;   25.344 ;   0.098 ; RR ; CELL ; 2      ; LABCELL_X292_Y380_N24  ; Combinational cell ; u_pipe|g_cfar_per_beam[15].u_cfar|u_window|i24220~28|combout                          ;
;   25.551 ;   0.207 ; RR ; IC   ; 4      ; LABCELL_X294_Y381_N24  ; Combinational cell ; u_pipe|g_cfar_per_beam[15].u_cfar|u_window|add_334~141|datad                          ;
;   25.716 ;   0.165 ; RF ; CELL ; 1      ; LABCELL_X294_Y381_N24  ; Combinational cell ; u_pipe|g_cfar_per_beam[15].u_cfar|u_window|add_334~141|sumout                         ;
;   25.982 ;   0.266 ; FF ; IC   ; 1      ; MLABCELL_X296_Y379_N45 ; Combinational cell ; u_pipe|g_cfar_per_beam[15].u_cfar|u_window|i24334~28|datae                            ;
;   26.027 ;   0.045 ; FF ; CELL ; 2      ; MLABCELL_X296_Y379_N45 ; Combinational cell ; u_pipe|g_cfar_per_beam[15].u_cfar|u_window|i24334~28|combout                          ;
;   26.281 ;   0.254 ; FF ; IC   ; 4      ; MLABCELL_X296_Y381_N24 ; Combinational cell ; u_pipe|g_cfar_per_beam[15].u_cfar|u_window|add_338~141|datad                          ;
;   26.493 ;   0.212 ; FR ; CELL ; 1      ; MLABCELL_X296_Y381_N27 ; Combinational cell ; u_pipe|g_cfar_per_beam[15].u_cfar|u_window|add_338~146|cout                           ;
;   26.493 ;   0.000 ; RR ; CELL ; 3      ; MLABCELL_X296_Y381_N30 ; Combinational cell ; u_pipe|g_cfar_per_beam[15].u_cfar|u_window|add_338~151|cin                            ;
;   26.617 ;   0.124 ; RR ; CELL ; 1      ; MLABCELL_X296_Y381_N30 ; Combinational cell ; u_pipe|g_cfar_per_beam[15].u_cfar|u_window|add_338~151|sumout                         ;
;   26.803 ;   0.186 ; RR ; IC   ; 1      ; MLABCELL_X296_Y379_N27 ; Combinational cell ; u_pipe|g_cfar_per_beam[15].u_cfar|u_window|i24448~30|datac                            ;
;   26.910 ;   0.107 ; RR ; CELL ; 2      ; MLABCELL_X296_Y379_N27 ; Combinational cell ; u_pipe|g_cfar_per_beam[15].u_cfar|u_window|i24448~30|combout                          ;
;   27.156 ;   0.246 ; RR ; IC   ; 4      ; LABCELL_X297_Y381_N30  ; Combinational cell ; u_pipe|g_cfar_per_beam[15].u_cfar|u_window|add_342~151|datac                          ;
;   27.273 ;   0.117 ; RF ; CELL ; 1      ; LABCELL_X297_Y381_N33  ; Combinational cell ; u_pipe|g_cfar_per_beam[15].u_cfar|u_window|add_342~156|cout                           ;
;   27.273 ;   0.000 ; FF ; CELL ; 3      ; LABCELL_X297_Y381_N36  ; Combinational cell ; u_pipe|g_cfar_per_beam[15].u_cfar|u_window|add_342~161|cin                            ;
;   27.395 ;   0.122 ; FR ; CELL ; 1      ; LABCELL_X297_Y381_N36  ; Combinational cell ; u_pipe|g_cfar_per_beam[15].u_cfar|u_window|add_342~161|sumout                         ;
;   27.670 ;   0.275 ; RR ; IC   ; 1      ; MLABCELL_X296_Y378_N21 ; Combinational cell ; u_pipe|g_cfar_per_beam[15].u_cfar|u_window|i24562~32|dataf                            ;
;   27.683 ;   0.013 ; RF ; CELL ; 2      ; MLABCELL_X296_Y378_N21 ; Combinational cell ; u_pipe|g_cfar_per_beam[15].u_cfar|u_window|i24562~32|combout                          ;
;   27.742 ;   0.059 ; FR ; CELL ; 1      ; MLABCELL_X296_Y378_N21 ; Combinational cell ; u_pipe|g_cfar_per_beam[15].u_cfar|u_window|i24562~32~cw_ml_mlab/laboutt[12]           ;
;   27.959 ;   0.217 ; RR ; IC   ; 4      ; MLABCELL_X298_Y382_N36 ; Combinational cell ; u_pipe|g_cfar_per_beam[15].u_cfar|u_window|add_346~161|datad                          ;
;   28.092 ;   0.133 ; RR ; CELL ; 1      ; MLABCELL_X298_Y382_N39 ; Combinational cell ; u_pipe|g_cfar_per_beam[15].u_cfar|u_window|add_346~166|cout                           ;
;   28.092 ;   0.000 ; RR ; CELL ; 3      ; MLABCELL_X298_Y382_N42 ; Combinational cell ; u_pipe|g_cfar_per_beam[15].u_cfar|u_window|add_346~171|cin                            ;
;   28.116 ;   0.024 ; RF ; CELL ; 1      ; MLABCELL_X298_Y382_N45 ; Combinational cell ; u_pipe|g_cfar_per_beam[15].u_cfar|u_window|add_346~176|cout                           ;
;   28.116 ;   0.000 ; FF ; CELL ; 3      ; MLABCELL_X298_Y382_N48 ; Combinational cell ; u_pipe|g_cfar_per_beam[15].u_cfar|u_window|add_346~181|cin                            ;
;   28.240 ;   0.124 ; FR ; CELL ; 1      ; MLABCELL_X298_Y382_N48 ; Combinational cell ; u_pipe|g_cfar_per_beam[15].u_cfar|u_window|add_346~181|sumout                         ;
;   28.457 ;   0.217 ; RR ; IC   ; 1      ; MLABCELL_X296_Y378_N27 ; Combinational cell ; u_pipe|g_cfar_per_beam[15].u_cfar|u_window|i24676~36|datae                            ;
;   28.474 ;   0.017 ; RF ; CELL ; 2      ; MLABCELL_X296_Y378_N27 ; Combinational cell ; u_pipe|g_cfar_per_beam[15].u_cfar|u_window|i24676~36|combout                          ;
;   28.546 ;   0.072 ; FR ; CELL ; 1      ; MLABCELL_X296_Y378_N27 ; Combinational cell ; u_pipe|g_cfar_per_beam[15].u_cfar|u_window|i24676~36~cw_ml_mlab/laboutt[18]           ;
;   28.741 ;   0.195 ; RR ; IC   ; 4      ; MLABCELL_X298_Y379_N48 ; Combinational cell ; u_pipe|g_cfar_per_beam[15].u_cfar|u_window|add_350~181|datac                          ;
;   28.931 ;   0.190 ; RR ; CELL ; 1      ; MLABCELL_X298_Y379_N48 ; Combinational cell ; u_pipe|g_cfar_per_beam[15].u_cfar|u_window|add_350~181|sumout                         ;
;   29.167 ;   0.236 ; RR ; IC   ; 1      ; MLABCELL_X296_Y378_N39 ; Combinational cell ; u_pipe|g_cfar_per_beam[15].u_cfar|u_window|i24790~36|datad                            ;
;   29.210 ;   0.043 ; RF ; CELL ; 2      ; MLABCELL_X296_Y378_N39 ; Combinational cell ; u_pipe|g_cfar_per_beam[15].u_cfar|u_window|i24790~36|combout                          ;
;   29.236 ;   0.026 ; FR ; CELL ; 1      ; MLABCELL_X296_Y378_N39 ; Combinational cell ; u_pipe|g_cfar_per_beam[15].u_cfar|u_window|i24790~36~cw_ml_mlab/lab_lut5outb[1]       ;
;   29.454 ;   0.218 ; RR ; IC   ; 4      ; LABCELL_X299_Y379_N48  ; Combinational cell ; u_pipe|g_cfar_per_beam[15].u_cfar|u_window|add_354~181|datad                          ;
;   29.559 ;   0.105 ; RR ; CELL ; 1      ; LABCELL_X299_Y379_N51  ; Combinational cell ; u_pipe|g_cfar_per_beam[15].u_cfar|u_window|add_354~186|cout                           ;
;   29.559 ;   0.000 ; RR ; CELL ; 2      ; LABCELL_X299_Y379_N54  ; Combinational cell ; u_pipe|g_cfar_per_beam[15].u_cfar|u_window|add_354~191|cin                            ;
;   29.681 ;   0.122 ; RR ; CELL ; 1      ; LABCELL_X299_Y379_N54  ; Combinational cell ; u_pipe|g_cfar_per_beam[15].u_cfar|u_window|add_354~191|sumout                         ;
;   29.864 ;   0.183 ; RR ; IC   ; 1      ; LABCELL_X299_Y381_N3   ; Combinational cell ; u_pipe|g_cfar_per_beam[15].u_cfar|u_window|i24904~19|datad                            ;
;   29.905 ;   0.041 ; RF ; CELL ; 2      ; LABCELL_X299_Y381_N3   ; Combinational cell ; u_pipe|g_cfar_per_beam[15].u_cfar|u_window|i24904~19|combout                          ;
;   29.931 ;   0.026 ; FR ; CELL ; 1      ; LABCELL_X299_Y381_N3   ; Combinational cell ; u_pipe|g_cfar_per_beam[15].u_cfar|u_window|i24904~19~cw_la_lab/lab_lut5outt[0]        ;
;   30.236 ;   0.305 ; RR ; IC   ; 3      ; LABCELL_X297_Y378_N54  ; Combinational cell ; u_pipe|g_cfar_per_beam[15].u_cfar|u_window|add_358~191|datac                          ;
;   30.461 ;   0.225 ; RR ; CELL ; 1      ; LABCELL_X297_Y378_N57  ; Combinational cell ; u_pipe|g_cfar_per_beam[15].u_cfar|u_window|add_358~196|cout                           ;
;   30.520 ;   0.059 ; RR ; IC   ; 3      ; LABCELL_X297_Y377_N0   ; Combinational cell ; u_pipe|g_cfar_per_beam[15].u_cfar|u_window|add_358~201|cin                            ;
;   30.562 ;   0.042 ; RR ; CELL ; 1      ; LABCELL_X297_Y377_N3   ; Combinational cell ; u_pipe|g_cfar_per_beam[15].u_cfar|u_window|add_358~206|cout                           ;
;   30.562 ;   0.000 ; RR ; CELL ; 3      ; LABCELL_X297_Y377_N6   ; Combinational cell ; u_pipe|g_cfar_per_beam[15].u_cfar|u_window|add_358~211|cin                            ;
;   30.586 ;   0.024 ; RF ; CELL ; 1      ; LABCELL_X297_Y377_N9   ; Combinational cell ; u_pipe|g_cfar_per_beam[15].u_cfar|u_window|add_358~216|cout                           ;
;   30.586 ;   0.000 ; FF ; CELL ; 3      ; LABCELL_X297_Y377_N12  ; Combinational cell ; u_pipe|g_cfar_per_beam[15].u_cfar|u_window|add_358~221|cin                            ;
;   30.702 ;   0.116 ; FF ; CELL ; 1      ; LABCELL_X297_Y377_N12  ; Combinational cell ; u_pipe|g_cfar_per_beam[15].u_cfar|u_window|add_358~221|sumout                         ;
;   30.808 ;   0.106 ; FF ; IC   ; 1      ; MLABCELL_X298_Y377_N9  ; Combinational cell ; u_pipe|g_cfar_per_beam[15].u_cfar|u_window|sum_lag_c[0]~44|datad                      ;
;   30.852 ;   0.044 ; FR ; CELL ; 2      ; MLABCELL_X298_Y377_N9  ; Combinational cell ; u_pipe|g_cfar_per_beam[15].u_cfar|u_window|sum_lag_c[0]~44|combout                    ;
;   30.876 ;   0.024 ; RF ; CELL ; 1      ; MLABCELL_X298_Y377_N9  ; Combinational cell ; u_pipe|g_cfar_per_beam[15].u_cfar|u_window|sum_lag_c[0]~44~cw_ml_mlab/lab_lut5outt[1] ;
;   31.081 ;   0.205 ; FF ; IC   ; 1      ; MPDSP_X300_Y377_N0     ; DSP block          ; u_pipe|g_cfar_per_beam[15].u_cfar|mult_1~mac|ax[17]                                   ;
;   31.081 ;   0.000 ; FF ; CELL ; 0      ; MPDSP_X300_Y377_N0     ; DSP block          ; u_pipe|g_cfar_per_beam[15].u_cfar|sum_lag1_q[35]                                      ;
+----------+---------+----+------+--------+------------------------+--------------------+---------------------------------------------------------------------------------------+

+------------------------------------------------------------------------------------------------------------------------------------------------+
; Data Required Path                                                                                                                             ;
+---------+----------+----+------+--------+-----------------------+------------------+-----------------------------------------------------------+
; Total   ; Incr     ; RF ; Type ; Fanout ; Location              ; Element Type     ; Element                                                   ;
+---------+----------+----+------+--------+-----------------------+------------------+-----------------------------------------------------------+
; 2.222   ; 2.222    ;    ;      ;        ;                       ;                  ; latch edge time                                           ;
; 8.116   ; 5.894    ;    ;      ;        ;                       ;                  ; clock path                                                ;
;   2.222 ;   0.000  ;    ;      ;        ;                       ;                  ; source latency                                            ;
;   2.222 ;   0.000  ;    ;      ; 1      ; PIN_H19               ; I/O pad          ; core_clk                                                  ;
;   2.222 ;   0.000  ; RR ; IC   ; 1      ; IOIBUF_X335_Y418_N121 ; I/O input buffer ; core_clk~input|i                                          ;
;   2.408 ;   0.186  ; RR ; CELL ; 1      ; IOIBUF_X335_Y418_N121 ; I/O input buffer ; core_clk~input|o                                          ;
;   3.228 ;   0.820  ; RR ; CELL ; 546664 ; IOIBUF_X335_Y418_N121 ; I/O input buffer ; core_clk~input~io96/m25_0_30__io12buf2_to_iopll__ioclkin3 ;
;   7.613 ;   4.385  ; RR ; IC   ; 19     ; MPDSP_X300_Y377_N0    ; DSP block        ; u_pipe|g_cfar_per_beam[15].u_cfar|mult_1~mac|clk          ;
;   7.613 ;   0.000  ; RR ; CELL ; 0      ; MPDSP_X300_Y377_N0    ; DSP block        ; u_pipe|g_cfar_per_beam[15].u_cfar|sum_lag1_q[35]          ;
;   8.141 ;   0.528  ;    ;      ;        ;                       ;                  ; clock pessimism removed                                   ;
;   8.116 ;   -0.025 ;    ;      ;        ;                       ;                  ; advanced clock effects                                    ;
; 8.086   ; -0.030   ;    ;      ;        ;                       ;                  ; clock uncertainty                                         ;
; 8.102   ; 0.016    ;    ; uTsu ; 0      ; MPDSP_X300_Y377_N0    ; DSP block        ; u_pipe|g_cfar_per_beam[15].u_cfar|sum_lag1_q[35]          ;
+---------+----------+----+------+--------+-----------------------+------------------+-----------------------------------------------------------+



Path #10: Setup slack is -22.979 (VIOLATED)
===============================================================================
+--------------------------------------------------------------------------------------------+
; Path Summary                                                                               ;
+---------------------------------+----------------------------------------------------------+
; Property                        ; Value                                                    ;
+---------------------------------+----------------------------------------------------------+
; From Node                       ; u_pipe|g_cfar_per_beam[15].u_cfar|u_window|cell_q[39][2] ;
; To Node                         ; u_pipe|g_cfar_per_beam[15].u_cfar|sum_lag1_q[35]         ;
; Launch Clock                    ; core_clk                                                 ;
; Latch Clock                     ; core_clk                                                 ;
; SDC Exception                   ; No SDC Exception on Path                                 ;
; Data Arrival Time               ; 31.081                                                   ;
; Data Required Time              ; 8.102                                                    ;
; Slack                           ; -22.979 (VIOLATED)                                       ;
; Worst-Case Operating Conditions ; Slow vid1 100C Model                                     ;
+---------------------------------+----------------------------------------------------------+

+------------------------------------------------------------------------------------+
; Statistics                                                                         ;
+------------------------+--------+-------+-------------+------------+-------+-------+
; Property               ; Value  ; Count ; Total Delay ; % of Total ; Min   ; Max   ;
+------------------------+--------+-------+-------------+------------+-------+-------+
; Setup Relationship     ; 2.222  ;       ;             ;            ;       ;       ;
; Clock Skew             ; -0.078 ;       ;             ;            ;       ;       ;
; Data Delay             ; 25.109 ;       ;             ;            ;       ;       ;
; Number of Logic Levels ;        ; 68    ;             ;            ;       ;       ;
; Physical Delays        ;        ;       ;             ;            ;       ;       ;
;  Arrival Path          ;        ;       ;             ;            ;       ;       ;
;   Clock                ;        ;       ;             ;            ;       ;       ;
;    IC                  ;        ; 2     ; 4.847       ; 81         ; 0.000 ; 4.847 ;
;    Cell                ;        ; 3     ; 1.125       ; 19         ; 0.000 ; 0.939 ;
;   Data                 ;        ;       ;             ;            ;       ;       ;
;    IC                  ;        ; 71    ; 14.623      ; 58         ; 0.059 ; 0.319 ;
;    Cell                ;        ; 128   ; 10.276      ; 41         ; 0.000 ; 0.225 ;
;    uTco                ;        ; 1     ; 0.210       ; 1          ; 0.210 ; 0.210 ;
;  Required Path         ;        ;       ;             ;            ;       ;       ;
;   Clock                ;        ;       ;             ;            ;       ;       ;
;    IC                  ;        ; 2     ; 4.385       ; 81         ; 0.000 ; 4.385 ;
;    Cell                ;        ; 3     ; 1.006       ; 19         ; 0.000 ; 0.820 ;
+------------------------+--------+-------+-------------+------------+-------+-------+
Note: Negative delays are omitted from totals when calculating percentages

+-------------------------------------------------------------------------------------------------------------------------------------------------------------------------------+
; Data Arrival Path                                                                                                                                                             ;
+----------+---------+----+------+--------+------------------------+--------------------+---------------------------------------------------------------------------------------+
; Total    ; Incr    ; RF ; Type ; Fanout ; Location               ; Element Type       ; Element                                                                               ;
+----------+---------+----+------+--------+------------------------+--------------------+---------------------------------------------------------------------------------------+
; 0.000    ; 0.000   ;    ;      ;        ;                        ;                    ; launch edge time                                                                      ;
; 5.972    ; 5.972   ;    ;      ;        ;                        ;                    ; clock path                                                                            ;
;   0.000  ;   0.000 ;    ;      ;        ;                        ;                    ; source latency                                                                        ;
;   0.000  ;   0.000 ;    ;      ; 1      ; PIN_H19                ; I/O pad            ; core_clk                                                                              ;
;   0.000  ;   0.000 ; RR ; IC   ; 1      ; IOIBUF_X335_Y418_N121  ; I/O input buffer   ; core_clk~input|i                                                                      ;
;   0.186  ;   0.186 ; RR ; CELL ; 1      ; IOIBUF_X335_Y418_N121  ; I/O input buffer   ; core_clk~input|o                                                                      ;
;   1.125  ;   0.939 ; RR ; CELL ; 546664 ; IOIBUF_X335_Y418_N121  ; I/O input buffer   ; core_clk~input~io96/m25_0_30__io12buf2_to_iopll__ioclkin3                             ;
;   5.972  ;   4.847 ; RR ; IC   ; 1      ; FF_X315_Y380_N22       ; ALM Register       ; u_pipe|g_cfar_per_beam[15].u_cfar|u_window|cell_q[39][2]|clk                          ;
;   5.972  ;   0.000 ; RR ; CELL ; 1      ; FF_X315_Y380_N22       ; ALM Register       ; u_pipe|g_cfar_per_beam[15].u_cfar|u_window|cell_q[39][2]                              ;
; 31.081   ; 25.109  ;    ;      ;        ;                        ;                    ; data path                                                                             ;
;   6.182  ;   0.210 ; RR ; uTco ; 3      ; FF_X315_Y380_N22       ; ALM Register       ; u_pipe|g_cfar_per_beam[15].u_cfar|u_window|cell_q[39][2]|q                            ;
;   6.303  ;   0.121 ; RR ; IC   ; 5      ; MLABCELL_X314_Y380_N6  ; Combinational cell ; u_pipe|g_cfar_per_beam[15].u_cfar|u_window|add_226~11|datad                           ;
;   6.436  ;   0.133 ; RR ; CELL ; 1      ; MLABCELL_X314_Y380_N9  ; Combinational cell ; u_pipe|g_cfar_per_beam[15].u_cfar|u_window|add_226~16|cout                            ;
;   6.436  ;   0.000 ; RR ; CELL ; 3      ; MLABCELL_X314_Y380_N12 ; Combinational cell ; u_pipe|g_cfar_per_beam[15].u_cfar|u_window|add_226~21|cin                             ;
;   6.558  ;   0.122 ; RR ; CELL ; 1      ; MLABCELL_X314_Y380_N12 ; Combinational cell ; u_pipe|g_cfar_per_beam[15].u_cfar|u_window|add_226~21|sumout                          ;
;   6.741  ;   0.183 ; RR ; IC   ; 1      ; MLABCELL_X314_Y378_N15 ; Combinational cell ; u_pipe|g_cfar_per_beam[15].u_cfar|u_window|i21256~4|datae                             ;
;   6.758  ;   0.017 ; RF ; CELL ; 2      ; MLABCELL_X314_Y378_N15 ; Combinational cell ; u_pipe|g_cfar_per_beam[15].u_cfar|u_window|i21256~4|combout                           ;
;   6.785  ;   0.027 ; FR ; CELL ; 1      ; MLABCELL_X314_Y378_N15 ; Combinational cell ; u_pipe|g_cfar_per_beam[15].u_cfar|u_window|i21256~4~cw_ml_mlab/lab_lut5outt[2]        ;
;   7.040  ;   0.255 ; RR ; IC   ; 5      ; LABCELL_X313_Y379_N12  ; Combinational cell ; u_pipe|g_cfar_per_beam[15].u_cfar|u_window|add_230~21|datac                           ;
;   7.157  ;   0.117 ; RF ; CELL ; 1      ; LABCELL_X313_Y379_N15  ; Combinational cell ; u_pipe|g_cfar_per_beam[15].u_cfar|u_window|add_230~26|cout                            ;
;   7.157  ;   0.000 ; FF ; CELL ; 3      ; LABCELL_X313_Y379_N18  ; Combinational cell ; u_pipe|g_cfar_per_beam[15].u_cfar|u_window|add_230~31|cin                             ;
;   7.278  ;   0.121 ; FR ; CELL ; 1      ; LABCELL_X313_Y379_N18  ; Combinational cell ; u_pipe|g_cfar_per_beam[15].u_cfar|u_window|add_230~31|sumout                          ;
;   7.474  ;   0.196 ; RR ; IC   ; 1      ; MLABCELL_X314_Y378_N33 ; Combinational cell ; u_pipe|g_cfar_per_beam[15].u_cfar|u_window|i21370~6|datac                             ;
;   7.593  ;   0.119 ; RR ; CELL ; 2      ; MLABCELL_X314_Y378_N33 ; Combinational cell ; u_pipe|g_cfar_per_beam[15].u_cfar|u_window|i21370~6|combout                           ;
;   7.816  ;   0.223 ; RR ; IC   ; 5      ; MLABCELL_X312_Y379_N18 ; Combinational cell ; u_pipe|g_cfar_per_beam[15].u_cfar|u_window|add_234~31|datad                           ;
;   7.993  ;   0.177 ; RR ; CELL ; 1      ; MLABCELL_X312_Y379_N18 ; Combinational cell ; u_pipe|g_cfar_per_beam[15].u_cfar|u_window|add_234~31|sumout                          ;
;   8.221  ;   0.228 ; RR ; IC   ; 1      ; LABCELL_X310_Y380_N27  ; Combinational cell ; u_pipe|g_cfar_per_beam[15].u_cfar|u_window|i21484~6|datae                             ;
;   8.275  ;   0.054 ; RR ; CELL ; 2      ; LABCELL_X310_Y380_N27  ; Combinational cell ; u_pipe|g_cfar_per_beam[15].u_cfar|u_window|i21484~6|combout                           ;
;   8.417  ;   0.142 ; RR ; IC   ; 5      ; LABCELL_X310_Y379_N18  ; Combinational cell ; u_pipe|g_cfar_per_beam[15].u_cfar|u_window|add_238~31|datac                           ;
;   8.591  ;   0.174 ; RF ; CELL ; 1      ; LABCELL_X310_Y379_N18  ; Combinational cell ; u_pipe|g_cfar_per_beam[15].u_cfar|u_window|add_238~31|sumout                          ;
;   8.762  ;   0.171 ; FF ; IC   ; 1      ; LABCELL_X310_Y380_N51  ; Combinational cell ; u_pipe|g_cfar_per_beam[15].u_cfar|u_window|i21598~6|datae                             ;
;   8.781  ;   0.019 ; FR ; CELL ; 2      ; LABCELL_X310_Y380_N51  ; Combinational cell ; u_pipe|g_cfar_per_beam[15].u_cfar|u_window|i21598~6|combout                           ;
;   8.805  ;   0.024 ; RF ; CELL ; 1      ; LABCELL_X310_Y380_N51  ; Combinational cell ; u_pipe|g_cfar_per_beam[15].u_cfar|u_window|i21598~6~cw_la_lab/lab_lut5outb[3]         ;
;   8.981  ;   0.176 ; FF ; IC   ; 5      ; MLABCELL_X309_Y379_N18 ; Combinational cell ; u_pipe|g_cfar_per_beam[15].u_cfar|u_window|add_242~31|datac                           ;
;   9.178  ;   0.197 ; FF ; CELL ; 1      ; MLABCELL_X309_Y379_N18 ; Combinational cell ; u_pipe|g_cfar_per_beam[15].u_cfar|u_window|add_242~31|sumout                          ;
;   9.366  ;   0.188 ; FF ; IC   ; 1      ; LABCELL_X308_Y380_N3   ; Combinational cell ; u_pipe|g_cfar_per_beam[15].u_cfar|u_window|i21712~6|datae                             ;
;   9.411  ;   0.045 ; FF ; CELL ; 2      ; LABCELL_X308_Y380_N3   ; Combinational cell ; u_pipe|g_cfar_per_beam[15].u_cfar|u_window|i21712~6|combout                           ;
;   9.649  ;   0.238 ; FF ; IC   ; 5      ; MLABCELL_X307_Y378_N18 ; Combinational cell ; u_pipe|g_cfar_per_beam[15].u_cfar|u_window|add_246~31|datac                           ;
;   9.845  ;   0.196 ; FF ; CELL ; 1      ; MLABCELL_X307_Y378_N18 ; Combinational cell ; u_pipe|g_cfar_per_beam[15].u_cfar|u_window|add_246~31|sumout                          ;
;   10.054 ;   0.209 ; FF ; IC   ; 1      ; LABCELL_X308_Y380_N57  ; Combinational cell ; u_pipe|g_cfar_per_beam[15].u_cfar|u_window|i21826~6|datad                             ;
;   10.097 ;   0.043 ; FR ; CELL ; 2      ; LABCELL_X308_Y380_N57  ; Combinational cell ; u_pipe|g_cfar_per_beam[15].u_cfar|u_window|i21826~6|combout                           ;
;   10.151 ;   0.054 ; RF ; CELL ; 1      ; LABCELL_X308_Y380_N57  ; Combinational cell ; u_pipe|g_cfar_per_beam[15].u_cfar|u_window|i21826~6~cw_la_lab/laboutb[19]             ;
;   10.374 ;   0.223 ; FF ; IC   ; 5      ; MLABCELL_X307_Y381_N18 ; Combinational cell ; u_pipe|g_cfar_per_beam[15].u_cfar|u_window|add_250~31|datad                           ;
;   10.502 ;   0.128 ; FR ; CELL ; 1      ; MLABCELL_X307_Y381_N21 ; Combinational cell ; u_pipe|g_cfar_per_beam[15].u_cfar|u_window|add_250~36|cout                            ;
;   10.502 ;   0.000 ; RR ; CELL ; 3      ; MLABCELL_X307_Y381_N24 ; Combinational cell ; u_pipe|g_cfar_per_beam[15].u_cfar|u_window|add_250~41|cin                             ;
;   10.627 ;   0.125 ; RR ; CELL ; 1      ; MLABCELL_X307_Y381_N24 ; Combinational cell ; u_pipe|g_cfar_per_beam[15].u_cfar|u_window|add_250~41|sumout                          ;
;   10.736 ;   0.109 ; RR ; IC   ; 1      ; LABCELL_X308_Y381_N6   ; Combinational cell ; u_pipe|g_cfar_per_beam[15].u_cfar|u_window|i21940~8|datad                             ;
;   10.832 ;   0.096 ; RR ; CELL ; 2      ; LABCELL_X308_Y381_N6   ; Combinational cell ; u_pipe|g_cfar_per_beam[15].u_cfar|u_window|i21940~8|combout                           ;
;   11.052 ;   0.220 ; RR ; IC   ; 4      ; MLABCELL_X309_Y383_N24 ; Combinational cell ; u_pipe|g_cfar_per_beam[15].u_cfar|u_window|add_254~41|datac                           ;
;   11.270 ;   0.218 ; RR ; CELL ; 1      ; MLABCELL_X309_Y383_N27 ; Combinational cell ; u_pipe|g_cfar_per_beam[15].u_cfar|u_window|add_254~46|cout                            ;
;   11.270 ;   0.000 ; RR ; CELL ; 3      ; MLABCELL_X309_Y383_N30 ; Combinational cell ; u_pipe|g_cfar_per_beam[15].u_cfar|u_window|add_254~51|cin                             ;
;   11.394 ;   0.124 ; RR ; CELL ; 1      ; MLABCELL_X309_Y383_N30 ; Combinational cell ; u_pipe|g_cfar_per_beam[15].u_cfar|u_window|add_254~51|sumout                          ;
;   11.622 ;   0.228 ; RR ; IC   ; 1      ; LABCELL_X310_Y381_N57  ; Combinational cell ; u_pipe|g_cfar_per_beam[15].u_cfar|u_window|i22054~10|datae                            ;
;   11.649 ;   0.027 ; RF ; CELL ; 2      ; LABCELL_X310_Y381_N57  ; Combinational cell ; u_pipe|g_cfar_per_beam[15].u_cfar|u_window|i22054~10|combout                          ;
;   11.710 ;   0.061 ; FR ; CELL ; 1      ; LABCELL_X310_Y381_N57  ; Combinational cell ; u_pipe|g_cfar_per_beam[15].u_cfar|u_window|i22054~10~cw_la_lab/laboutb[19]            ;
;   11.899 ;   0.189 ; RR ; IC   ; 4      ; LABCELL_X310_Y383_N30  ; Combinational cell ; u_pipe|g_cfar_per_beam[15].u_cfar|u_window|add_258~51|datad                           ;
;   12.005 ;   0.106 ; RF ; CELL ; 1      ; LABCELL_X310_Y383_N33  ; Combinational cell ; u_pipe|g_cfar_per_beam[15].u_cfar|u_window|add_258~56|cout                            ;
;   12.005 ;   0.000 ; FF ; CELL ; 3      ; LABCELL_X310_Y383_N36  ; Combinational cell ; u_pipe|g_cfar_per_beam[15].u_cfar|u_window|add_258~61|cin                             ;
;   12.126 ;   0.121 ; FF ; CELL ; 1      ; LABCELL_X310_Y383_N36  ; Combinational cell ; u_pipe|g_cfar_per_beam[15].u_cfar|u_window|add_258~61|sumout                          ;
;   12.323 ;   0.197 ; FF ; IC   ; 1      ; MLABCELL_X314_Y383_N39 ; Combinational cell ; u_pipe|g_cfar_per_beam[15].u_cfar|u_window|i22168~12|dataf                            ;
;   12.338 ;   0.015 ; FR ; CELL ; 2      ; MLABCELL_X314_Y383_N39 ; Combinational cell ; u_pipe|g_cfar_per_beam[15].u_cfar|u_window|i22168~12|combout                          ;
;   12.394 ;   0.056 ; RF ; CELL ; 1      ; MLABCELL_X314_Y383_N39 ; Combinational cell ; u_pipe|g_cfar_per_beam[15].u_cfar|u_window|i22168~12~cw_ml_mlab/laboutb[5]            ;
;   12.493 ;   0.099 ; FF ; IC   ; 4      ; MLABCELL_X312_Y383_N36 ; Combinational cell ; u_pipe|g_cfar_per_beam[15].u_cfar|u_window|add_262~61|datad                           ;
;   12.621 ;   0.128 ; FR ; CELL ; 1      ; MLABCELL_X312_Y383_N39 ; Combinational cell ; u_pipe|g_cfar_per_beam[15].u_cfar|u_window|add_262~66|cout                            ;
;   12.621 ;   0.000 ; RR ; CELL ; 3      ; MLABCELL_X312_Y383_N42 ; Combinational cell ; u_pipe|g_cfar_per_beam[15].u_cfar|u_window|add_262~71|cin                             ;
;   12.645 ;   0.024 ; RF ; CELL ; 1      ; MLABCELL_X312_Y383_N45 ; Combinational cell ; u_pipe|g_cfar_per_beam[15].u_cfar|u_window|add_262~76|cout                            ;
;   12.645 ;   0.000 ; FF ; CELL ; 3      ; MLABCELL_X312_Y383_N48 ; Combinational cell ; u_pipe|g_cfar_per_beam[15].u_cfar|u_window|add_262~81|cin                             ;
;   12.768 ;   0.123 ; FF ; CELL ; 1      ; MLABCELL_X312_Y383_N48 ; Combinational cell ; u_pipe|g_cfar_per_beam[15].u_cfar|u_window|add_262~81|sumout                          ;
;   12.995 ;   0.227 ; FF ; IC   ; 1      ; MLABCELL_X312_Y387_N33 ; Combinational cell ; u_pipe|g_cfar_per_beam[15].u_cfar|u_window|i22282~16|datac                            ;
;   13.050 ;   0.055 ; FR ; CELL ; 2      ; MLABCELL_X312_Y387_N33 ; Combinational cell ; u_pipe|g_cfar_per_beam[15].u_cfar|u_window|i22282~16|combout                          ;
;   13.113 ;   0.063 ; RF ; CELL ; 1      ; MLABCELL_X312_Y387_N33 ; Combinational cell ; u_pipe|g_cfar_per_beam[15].u_cfar|u_window|i22282~16~cw_ml_mlab/laboutb[2]            ;
;   13.315 ;   0.202 ; FF ; IC   ; 4      ; LABCELL_X310_Y387_N48  ; Combinational cell ; u_pipe|g_cfar_per_beam[15].u_cfar|u_window|add_266~81|datac                           ;
;   13.435 ;   0.120 ; FR ; CELL ; 1      ; LABCELL_X310_Y387_N51  ; Combinational cell ; u_pipe|g_cfar_per_beam[15].u_cfar|u_window|add_266~86|cout                            ;
;   13.435 ;   0.000 ; RR ; CELL ; 2      ; LABCELL_X310_Y387_N54  ; Combinational cell ; u_pipe|g_cfar_per_beam[15].u_cfar|u_window|add_266~91|cin                             ;
;   13.558 ;   0.123 ; RF ; CELL ; 1      ; LABCELL_X310_Y387_N54  ; Combinational cell ; u_pipe|g_cfar_per_beam[15].u_cfar|u_window|add_266~91|sumout                          ;
;   13.820 ;   0.262 ; FF ; IC   ; 1      ; MLABCELL_X314_Y383_N27 ; Combinational cell ; u_pipe|g_cfar_per_beam[15].u_cfar|u_window|i22396~18|datae                            ;
;   13.847 ;   0.027 ; FR ; CELL ; 2      ; MLABCELL_X314_Y383_N27 ; Combinational cell ; u_pipe|g_cfar_per_beam[15].u_cfar|u_window|i22396~18|combout                          ;
;   13.911 ;   0.064 ; RF ; CELL ; 1      ; MLABCELL_X314_Y383_N27 ; Combinational cell ; u_pipe|g_cfar_per_beam[15].u_cfar|u_window|i22396~18~cw_ml_mlab/laboutt[16]           ;
;   14.230 ;   0.319 ; FF ; IC   ; 3      ; LABCELL_X308_Y387_N54  ; Combinational cell ; u_pipe|g_cfar_per_beam[15].u_cfar|u_window|add_270~91|datad                           ;
;   14.389 ;   0.159 ; FF ; CELL ; 1      ; LABCELL_X308_Y387_N54  ; Combinational cell ; u_pipe|g_cfar_per_beam[15].u_cfar|u_window|add_270~91|sumout                          ;
;   14.571 ;   0.182 ; FF ; IC   ; 1      ; MLABCELL_X304_Y387_N45 ; Combinational cell ; u_pipe|g_cfar_per_beam[15].u_cfar|u_window|i22510~18|datad                            ;
;   14.641 ;   0.070 ; FF ; CELL ; 2      ; MLABCELL_X304_Y387_N45 ; Combinational cell ; u_pipe|g_cfar_per_beam[15].u_cfar|u_window|i22510~18|combout                          ;
;   14.924 ;   0.283 ; FF ; IC   ; 3      ; MLABCELL_X309_Y388_N54 ; Combinational cell ; u_pipe|g_cfar_per_beam[15].u_cfar|u_window|add_274~91|datad                           ;
;   15.110 ;   0.186 ; FF ; CELL ; 1      ; MLABCELL_X309_Y388_N54 ; Combinational cell ; u_pipe|g_cfar_per_beam[15].u_cfar|u_window|add_274~91|sumout                          ;
;   15.335 ;   0.225 ; FF ; IC   ; 1      ; LABCELL_X303_Y388_N30  ; Combinational cell ; u_pipe|g_cfar_per_beam[15].u_cfar|u_window|i22624~18|datad                            ;
;   15.391 ;   0.056 ; FF ; CELL ; 2      ; LABCELL_X303_Y388_N30  ; Combinational cell ; u_pipe|g_cfar_per_beam[15].u_cfar|u_window|i22624~18|combout                          ;
;   15.434 ;   0.043 ; FF ; CELL ; 1      ; LABCELL_X303_Y388_N30  ; Combinational cell ; u_pipe|g_cfar_per_beam[15].u_cfar|u_window|i22624~18~cw_la_lab/laboutb[0]             ;
;   15.626 ;   0.192 ; FF ; IC   ; 3      ; MLABCELL_X307_Y388_N54 ; Combinational cell ; u_pipe|g_cfar_per_beam[15].u_cfar|u_window|add_278~91|datac                           ;
;   15.822 ;   0.196 ; FF ; CELL ; 1      ; MLABCELL_X307_Y388_N54 ; Combinational cell ; u_pipe|g_cfar_per_beam[15].u_cfar|u_window|add_278~91|sumout                          ;
;   16.103 ;   0.281 ; FF ; IC   ; 1      ; LABCELL_X303_Y389_N45  ; Combinational cell ; u_pipe|g_cfar_per_beam[15].u_cfar|u_window|i22738~18|datae                            ;
;   16.130 ;   0.027 ; FR ; CELL ; 2      ; LABCELL_X303_Y389_N45  ; Combinational cell ; u_pipe|g_cfar_per_beam[15].u_cfar|u_window|i22738~18|combout                          ;
;   16.147 ;   0.017 ; RF ; CELL ; 1      ; LABCELL_X303_Y389_N45  ; Combinational cell ; u_pipe|g_cfar_per_beam[15].u_cfar|u_window|i22738~18~cw_la_lab/lab_lut6outb[2]        ;
;   16.365 ;   0.218 ; FF ; IC   ; 3      ; LABCELL_X305_Y388_N54  ; Combinational cell ; u_pipe|g_cfar_per_beam[15].u_cfar|u_window|add_282~91|datac                           ;
;   16.530 ;   0.165 ; FF ; CELL ; 1      ; LABCELL_X305_Y388_N54  ; Combinational cell ; u_pipe|g_cfar_per_beam[15].u_cfar|u_window|add_282~91|sumout                          ;
;   16.749 ;   0.219 ; FF ; IC   ; 1      ; LABCELL_X303_Y389_N15  ; Combinational cell ; u_pipe|g_cfar_per_beam[15].u_cfar|u_window|i22852~18|datae                            ;
;   16.768 ;   0.019 ; FR ; CELL ; 2      ; LABCELL_X303_Y389_N15  ; Combinational cell ; u_pipe|g_cfar_per_beam[15].u_cfar|u_window|i22852~18|combout                          ;
;   16.792 ;   0.024 ; RF ; CELL ; 1      ; LABCELL_X303_Y389_N15  ; Combinational cell ; u_pipe|g_cfar_per_beam[15].u_cfar|u_window|i22852~18~cw_la_lab/lab_lut5outt[2]        ;
;   16.921 ;   0.129 ; FF ; IC   ; 3      ; MLABCELL_X304_Y389_N54 ; Combinational cell ; u_pipe|g_cfar_per_beam[15].u_cfar|u_window|add_286~91|datac                           ;
;   17.105 ;   0.184 ; FF ; CELL ; 1      ; MLABCELL_X304_Y389_N54 ; Combinational cell ; u_pipe|g_cfar_per_beam[15].u_cfar|u_window|add_286~91|sumout                          ;
;   17.334 ;   0.229 ; FF ; IC   ; 1      ; LABCELL_X303_Y390_N39  ; Combinational cell ; u_pipe|g_cfar_per_beam[15].u_cfar|u_window|i22966~18|datae                            ;
;   17.353 ;   0.019 ; FR ; CELL ; 2      ; LABCELL_X303_Y390_N39  ; Combinational cell ; u_pipe|g_cfar_per_beam[15].u_cfar|u_window|i22966~18|combout                          ;
;   17.407 ;   0.054 ; RF ; CELL ; 1      ; LABCELL_X303_Y390_N39  ; Combinational cell ; u_pipe|g_cfar_per_beam[15].u_cfar|u_window|i22966~18~cw_la_lab/laboutb[6]             ;
;   17.587 ;   0.180 ; FF ; IC   ; 3      ; LABCELL_X303_Y386_N54  ; Combinational cell ; u_pipe|g_cfar_per_beam[15].u_cfar|u_window|add_290~91|datad                           ;
;   17.747 ;   0.160 ; FF ; CELL ; 1      ; LABCELL_X303_Y386_N54  ; Combinational cell ; u_pipe|g_cfar_per_beam[15].u_cfar|u_window|add_290~91|sumout                          ;
;   17.965 ;   0.218 ; FF ; IC   ; 1      ; LABCELL_X303_Y390_N21  ; Combinational cell ; u_pipe|g_cfar_per_beam[15].u_cfar|u_window|i23080~18|datad                            ;
;   18.008 ;   0.043 ; FR ; CELL ; 2      ; LABCELL_X303_Y390_N21  ; Combinational cell ; u_pipe|g_cfar_per_beam[15].u_cfar|u_window|i23080~18|combout                          ;
;   18.073 ;   0.065 ; RF ; CELL ; 1      ; LABCELL_X303_Y390_N21  ; Combinational cell ; u_pipe|g_cfar_per_beam[15].u_cfar|u_window|i23080~18~cw_la_lab/laboutt[15]            ;
;   18.261 ;   0.188 ; FF ; IC   ; 3      ; MLABCELL_X302_Y386_N54 ; Combinational cell ; u_pipe|g_cfar_per_beam[15].u_cfar|u_window|add_294~91|datac                           ;
;   18.459 ;   0.198 ; FF ; CELL ; 1      ; MLABCELL_X302_Y386_N54 ; Combinational cell ; u_pipe|g_cfar_per_beam[15].u_cfar|u_window|add_294~91|sumout                          ;
;   18.732 ;   0.273 ; FF ; IC   ; 1      ; LABCELL_X299_Y390_N42  ; Combinational cell ; u_pipe|g_cfar_per_beam[15].u_cfar|u_window|i23194~18|datad                            ;
;   18.824 ;   0.092 ; FF ; CELL ; 2      ; LABCELL_X299_Y390_N42  ; Combinational cell ; u_pipe|g_cfar_per_beam[15].u_cfar|u_window|i23194~18|combout                          ;
;   18.981 ;   0.157 ; FF ; IC   ; 3      ; LABCELL_X299_Y386_N54  ; Combinational cell ; u_pipe|g_cfar_per_beam[15].u_cfar|u_window|add_298~91|datad                           ;
;   19.191 ;   0.210 ; FR ; CELL ; 1      ; LABCELL_X299_Y386_N57  ; Combinational cell ; u_pipe|g_cfar_per_beam[15].u_cfar|u_window|add_298~96|cout                            ;
;   19.250 ;   0.059 ; RR ; IC   ; 5      ; LABCELL_X299_Y385_N0   ; Combinational cell ; u_pipe|g_cfar_per_beam[15].u_cfar|u_window|add_298~101|cin                            ;
;   19.387 ;   0.137 ; RF ; CELL ; 1      ; LABCELL_X299_Y385_N0   ; Combinational cell ; u_pipe|g_cfar_per_beam[15].u_cfar|u_window|add_298~101|sumout                         ;
;   19.587 ;   0.200 ; FF ; IC   ; 1      ; MLABCELL_X304_Y385_N21 ; Combinational cell ; u_pipe|g_cfar_per_beam[15].u_cfar|u_window|i23308~20|datac                            ;
;   19.698 ;   0.111 ; FF ; CELL ; 2      ; MLABCELL_X304_Y385_N21 ; Combinational cell ; u_pipe|g_cfar_per_beam[15].u_cfar|u_window|i23308~20|combout                          ;
;   19.991 ;   0.293 ; FF ; IC   ; 5      ; MLABCELL_X298_Y389_N0  ; Combinational cell ; u_pipe|g_cfar_per_beam[15].u_cfar|u_window|add_302~101|datac                          ;
;   20.189 ;   0.198 ; FF ; CELL ; 1      ; MLABCELL_X298_Y389_N0  ; Combinational cell ; u_pipe|g_cfar_per_beam[15].u_cfar|u_window|add_302~101|sumout                         ;
;   20.418 ;   0.229 ; FF ; IC   ; 1      ; MLABCELL_X298_Y386_N21 ; Combinational cell ; u_pipe|g_cfar_per_beam[15].u_cfar|u_window|i23422~20|datac                            ;
;   20.500 ;   0.082 ; FF ; CELL ; 2      ; MLABCELL_X298_Y386_N21 ; Combinational cell ; u_pipe|g_cfar_per_beam[15].u_cfar|u_window|i23422~20|combout                          ;
;   20.692 ;   0.192 ; FF ; IC   ; 5      ; LABCELL_X297_Y387_N0   ; Combinational cell ; u_pipe|g_cfar_per_beam[15].u_cfar|u_window|add_306~101|datad                          ;
;   20.800 ;   0.108 ; FR ; CELL ; 1      ; LABCELL_X297_Y387_N3   ; Combinational cell ; u_pipe|g_cfar_per_beam[15].u_cfar|u_window|add_306~106|cout                           ;
;   20.800 ;   0.000 ; RR ; CELL ; 3      ; LABCELL_X297_Y387_N6   ; Combinational cell ; u_pipe|g_cfar_per_beam[15].u_cfar|u_window|add_306~111|cin                            ;
;   20.824 ;   0.024 ; RF ; CELL ; 1      ; LABCELL_X297_Y387_N9   ; Combinational cell ; u_pipe|g_cfar_per_beam[15].u_cfar|u_window|add_306~116|cout                           ;
;   20.824 ;   0.000 ; FF ; CELL ; 3      ; LABCELL_X297_Y387_N12  ; Combinational cell ; u_pipe|g_cfar_per_beam[15].u_cfar|u_window|add_306~121|cin                            ;
;   20.943 ;   0.119 ; FR ; CELL ; 1      ; LABCELL_X297_Y387_N12  ; Combinational cell ; u_pipe|g_cfar_per_beam[15].u_cfar|u_window|add_306~121|sumout                         ;
;   21.129 ;   0.186 ; RR ; IC   ; 1      ; MLABCELL_X298_Y386_N27 ; Combinational cell ; u_pipe|g_cfar_per_beam[15].u_cfar|u_window|i23536~24|datac                            ;
;   21.213 ;   0.084 ; RR ; CELL ; 2      ; MLABCELL_X298_Y386_N27 ; Combinational cell ; u_pipe|g_cfar_per_beam[15].u_cfar|u_window|i23536~24|combout                          ;
;   21.420 ;   0.207 ; RR ; IC   ; 5      ; MLABCELL_X296_Y387_N12 ; Combinational cell ; u_pipe|g_cfar_per_beam[15].u_cfar|u_window|add_310~121|datad                          ;
;   21.553 ;   0.133 ; RR ; CELL ; 1      ; MLABCELL_X296_Y387_N15 ; Combinational cell ; u_pipe|g_cfar_per_beam[15].u_cfar|u_window|add_310~126|cout                           ;
;   21.553 ;   0.000 ; RR ; CELL ; 3      ; MLABCELL_X296_Y387_N18 ; Combinational cell ; u_pipe|g_cfar_per_beam[15].u_cfar|u_window|add_310~131|cin                            ;
;   21.670 ;   0.117 ; RF ; CELL ; 1      ; MLABCELL_X296_Y387_N18 ; Combinational cell ; u_pipe|g_cfar_per_beam[15].u_cfar|u_window|add_310~131|sumout                         ;
;   21.977 ;   0.307 ; FF ; IC   ; 1      ; MLABCELL_X291_Y386_N33 ; Combinational cell ; u_pipe|g_cfar_per_beam[15].u_cfar|u_window|i23650~26|datae                            ;
;   21.996 ;   0.019 ; FR ; CELL ; 2      ; MLABCELL_X291_Y386_N33 ; Combinational cell ; u_pipe|g_cfar_per_beam[15].u_cfar|u_window|i23650~26|combout                          ;
;   22.059 ;   0.063 ; RF ; CELL ; 1      ; MLABCELL_X291_Y386_N33 ; Combinational cell ; u_pipe|g_cfar_per_beam[15].u_cfar|u_window|i23650~26~cw_ml_mlab/laboutb[2]            ;
;   22.195 ;   0.136 ; FF ; IC   ; 5      ; LABCELL_X294_Y386_N18  ; Combinational cell ; u_pipe|g_cfar_per_beam[15].u_cfar|u_window|add_314~131|datad                          ;
;   22.303 ;   0.108 ; FR ; CELL ; 1      ; LABCELL_X294_Y386_N21  ; Combinational cell ; u_pipe|g_cfar_per_beam[15].u_cfar|u_window|add_314~136|cout                           ;
;   22.303 ;   0.000 ; RR ; CELL ; 2      ; LABCELL_X294_Y386_N24  ; Combinational cell ; u_pipe|g_cfar_per_beam[15].u_cfar|u_window|add_314~141|cin                            ;
;   22.425 ;   0.122 ; RR ; CELL ; 1      ; LABCELL_X294_Y386_N24  ; Combinational cell ; u_pipe|g_cfar_per_beam[15].u_cfar|u_window|add_314~141|sumout                         ;
;   22.647 ;   0.222 ; RR ; IC   ; 1      ; LABCELL_X292_Y385_N48  ; Combinational cell ; u_pipe|g_cfar_per_beam[15].u_cfar|u_window|i23764~28|datac                            ;
;   22.756 ;   0.109 ; RR ; CELL ; 2      ; LABCELL_X292_Y385_N48  ; Combinational cell ; u_pipe|g_cfar_per_beam[15].u_cfar|u_window|i23764~28|combout                          ;
;   22.965 ;   0.209 ; RR ; IC   ; 4      ; LABCELL_X292_Y386_N24  ; Combinational cell ; u_pipe|g_cfar_per_beam[15].u_cfar|u_window|add_318~141|datad                          ;
;   23.130 ;   0.165 ; RF ; CELL ; 1      ; LABCELL_X292_Y386_N24  ; Combinational cell ; u_pipe|g_cfar_per_beam[15].u_cfar|u_window|add_318~141|sumout                         ;
;   23.281 ;   0.151 ; FF ; IC   ; 1      ; LABCELL_X292_Y385_N42  ; Combinational cell ; u_pipe|g_cfar_per_beam[15].u_cfar|u_window|i23878~28|datae                            ;
;   23.314 ;   0.033 ; FF ; CELL ; 2      ; LABCELL_X292_Y385_N42  ; Combinational cell ; u_pipe|g_cfar_per_beam[15].u_cfar|u_window|i23878~28|combout                          ;
;   23.357 ;   0.043 ; FF ; CELL ; 1      ; LABCELL_X292_Y385_N42  ; Combinational cell ; u_pipe|g_cfar_per_beam[15].u_cfar|u_window|i23878~28~cw_la_lab/laboutb[8]             ;
;   23.567 ;   0.210 ; FF ; IC   ; 4      ; MLABCELL_X293_Y386_N24 ; Combinational cell ; u_pipe|g_cfar_per_beam[15].u_cfar|u_window|add_322~141|datad                          ;
;   23.754 ;   0.187 ; FF ; CELL ; 1      ; MLABCELL_X293_Y386_N24 ; Combinational cell ; u_pipe|g_cfar_per_beam[15].u_cfar|u_window|add_322~141|sumout                         ;
;   23.967 ;   0.213 ; FF ; IC   ; 1      ; LABCELL_X292_Y385_N36  ; Combinational cell ; u_pipe|g_cfar_per_beam[15].u_cfar|u_window|i23992~28|datae                            ;
;   24.035 ;   0.068 ; FF ; CELL ; 2      ; LABCELL_X292_Y385_N36  ; Combinational cell ; u_pipe|g_cfar_per_beam[15].u_cfar|u_window|i23992~28|combout                          ;
;   24.312 ;   0.277 ; FF ; IC   ; 4      ; MLABCELL_X293_Y382_N24 ; Combinational cell ; u_pipe|g_cfar_per_beam[15].u_cfar|u_window|add_326~141|datad                          ;
;   24.497 ;   0.185 ; FF ; CELL ; 1      ; MLABCELL_X293_Y382_N24 ; Combinational cell ; u_pipe|g_cfar_per_beam[15].u_cfar|u_window|add_326~141|sumout                         ;
;   24.719 ;   0.222 ; FF ; IC   ; 1      ; LABCELL_X292_Y380_N39  ; Combinational cell ; u_pipe|g_cfar_per_beam[15].u_cfar|u_window|i24106~28|datae                            ;
;   24.738 ;   0.019 ; FR ; CELL ; 2      ; LABCELL_X292_Y380_N39  ; Combinational cell ; u_pipe|g_cfar_per_beam[15].u_cfar|u_window|i24106~28|combout                          ;
;   24.791 ;   0.053 ; RF ; CELL ; 1      ; LABCELL_X292_Y380_N39  ; Combinational cell ; u_pipe|g_cfar_per_beam[15].u_cfar|u_window|i24106~28~cw_la_lab/laboutb[6]             ;
;   24.966 ;   0.175 ; FF ; IC   ; 4      ; LABCELL_X292_Y381_N24  ; Combinational cell ; u_pipe|g_cfar_per_beam[15].u_cfar|u_window|add_330~141|datad                          ;
;   25.118 ;   0.152 ; FR ; CELL ; 1      ; LABCELL_X292_Y381_N24  ; Combinational cell ; u_pipe|g_cfar_per_beam[15].u_cfar|u_window|add_330~141|sumout                         ;
;   25.254 ;   0.136 ; RR ; IC   ; 1      ; LABCELL_X292_Y380_N24  ; Combinational cell ; u_pipe|g_cfar_per_beam[15].u_cfar|u_window|i24220~28|datad                            ;
;   25.352 ;   0.098 ; RR ; CELL ; 2      ; LABCELL_X292_Y380_N24  ; Combinational cell ; u_pipe|g_cfar_per_beam[15].u_cfar|u_window|i24220~28|combout                          ;
;   25.559 ;   0.207 ; RR ; IC   ; 4      ; LABCELL_X294_Y381_N24  ; Combinational cell ; u_pipe|g_cfar_per_beam[15].u_cfar|u_window|add_334~141|datad                          ;
;   25.724 ;   0.165 ; RF ; CELL ; 1      ; LABCELL_X294_Y381_N24  ; Combinational cell ; u_pipe|g_cfar_per_beam[15].u_cfar|u_window|add_334~141|sumout                         ;
;   25.990 ;   0.266 ; FF ; IC   ; 1      ; MLABCELL_X296_Y379_N45 ; Combinational cell ; u_pipe|g_cfar_per_beam[15].u_cfar|u_window|i24334~28|datae                            ;
;   26.035 ;   0.045 ; FF ; CELL ; 2      ; MLABCELL_X296_Y379_N45 ; Combinational cell ; u_pipe|g_cfar_per_beam[15].u_cfar|u_window|i24334~28|combout                          ;
;   26.289 ;   0.254 ; FF ; IC   ; 4      ; MLABCELL_X296_Y381_N24 ; Combinational cell ; u_pipe|g_cfar_per_beam[15].u_cfar|u_window|add_338~141|datad                          ;
;   26.501 ;   0.212 ; FR ; CELL ; 1      ; MLABCELL_X296_Y381_N27 ; Combinational cell ; u_pipe|g_cfar_per_beam[15].u_cfar|u_window|add_338~146|cout                           ;
;   26.501 ;   0.000 ; RR ; CELL ; 3      ; MLABCELL_X296_Y381_N30 ; Combinational cell ; u_pipe|g_cfar_per_beam[15].u_cfar|u_window|add_338~151|cin                            ;
;   26.625 ;   0.124 ; RR ; CELL ; 1      ; MLABCELL_X296_Y381_N30 ; Combinational cell ; u_pipe|g_cfar_per_beam[15].u_cfar|u_window|add_338~151|sumout                         ;
;   26.811 ;   0.186 ; RR ; IC   ; 1      ; MLABCELL_X296_Y379_N27 ; Combinational cell ; u_pipe|g_cfar_per_beam[15].u_cfar|u_window|i24448~30|datac                            ;
;   26.918 ;   0.107 ; RR ; CELL ; 2      ; MLABCELL_X296_Y379_N27 ; Combinational cell ; u_pipe|g_cfar_per_beam[15].u_cfar|u_window|i24448~30|combout                          ;
;   27.164 ;   0.246 ; RR ; IC   ; 4      ; LABCELL_X297_Y381_N30  ; Combinational cell ; u_pipe|g_cfar_per_beam[15].u_cfar|u_window|add_342~151|datac                          ;
;   27.281 ;   0.117 ; RF ; CELL ; 1      ; LABCELL_X297_Y381_N33  ; Combinational cell ; u_pipe|g_cfar_per_beam[15].u_cfar|u_window|add_342~156|cout                           ;
;   27.281 ;   0.000 ; FF ; CELL ; 3      ; LABCELL_X297_Y381_N36  ; Combinational cell ; u_pipe|g_cfar_per_beam[15].u_cfar|u_window|add_342~161|cin                            ;
;   27.402 ;   0.121 ; FF ; CELL ; 1      ; LABCELL_X297_Y381_N36  ; Combinational cell ; u_pipe|g_cfar_per_beam[15].u_cfar|u_window|add_342~161|sumout                         ;
;   27.675 ;   0.273 ; FF ; IC   ; 1      ; MLABCELL_X296_Y378_N21 ; Combinational cell ; u_pipe|g_cfar_per_beam[15].u_cfar|u_window|i24562~32|dataf                            ;
;   27.690 ;   0.015 ; FR ; CELL ; 2      ; MLABCELL_X296_Y378_N21 ; Combinational cell ; u_pipe|g_cfar_per_beam[15].u_cfar|u_window|i24562~32|combout                          ;
;   27.744 ;   0.054 ; RF ; CELL ; 1      ; MLABCELL_X296_Y378_N21 ; Combinational cell ; u_pipe|g_cfar_per_beam[15].u_cfar|u_window|i24562~32~cw_ml_mlab/laboutt[12]           ;
;   27.968 ;   0.224 ; FF ; IC   ; 4      ; MLABCELL_X298_Y382_N36 ; Combinational cell ; u_pipe|g_cfar_per_beam[15].u_cfar|u_window|add_346~161|datad                          ;
;   28.156 ;   0.188 ; FF ; CELL ; 1      ; MLABCELL_X298_Y382_N36 ; Combinational cell ; u_pipe|g_cfar_per_beam[15].u_cfar|u_window|add_346~161|sumout                         ;
;   28.395 ;   0.239 ; FF ; IC   ; 1      ; MLABCELL_X296_Y378_N15 ; Combinational cell ; u_pipe|g_cfar_per_beam[15].u_cfar|u_window|i24676~32|datae                            ;
;   28.443 ;   0.048 ; FF ; CELL ; 2      ; MLABCELL_X296_Y378_N15 ; Combinational cell ; u_pipe|g_cfar_per_beam[15].u_cfar|u_window|i24676~32|combout                          ;
;   28.656 ;   0.213 ; FF ; IC   ; 4      ; MLABCELL_X298_Y379_N36 ; Combinational cell ; u_pipe|g_cfar_per_beam[15].u_cfar|u_window|add_350~161|datad                          ;
;   28.784 ;   0.128 ; FR ; CELL ; 1      ; MLABCELL_X298_Y379_N39 ; Combinational cell ; u_pipe|g_cfar_per_beam[15].u_cfar|u_window|add_350~166|cout                           ;
;   28.784 ;   0.000 ; RR ; CELL ; 3      ; MLABCELL_X298_Y379_N42 ; Combinational cell ; u_pipe|g_cfar_per_beam[15].u_cfar|u_window|add_350~171|cin                            ;
;   28.808 ;   0.024 ; RF ; CELL ; 1      ; MLABCELL_X298_Y379_N45 ; Combinational cell ; u_pipe|g_cfar_per_beam[15].u_cfar|u_window|add_350~176|cout                           ;
;   28.808 ;   0.000 ; FF ; CELL ; 3      ; MLABCELL_X298_Y379_N48 ; Combinational cell ; u_pipe|g_cfar_per_beam[15].u_cfar|u_window|add_350~181|cin                            ;
;   28.931 ;   0.123 ; FR ; CELL ; 1      ; MLABCELL_X298_Y379_N48 ; Combinational cell ; u_pipe|g_cfar_per_beam[15].u_cfar|u_window|add_350~181|sumout                         ;
;   29.167 ;   0.236 ; RR ; IC   ; 1      ; MLABCELL_X296_Y378_N39 ; Combinational cell ; u_pipe|g_cfar_per_beam[15].u_cfar|u_window|i24790~36|datad                            ;
;   29.210 ;   0.043 ; RF ; CELL ; 2      ; MLABCELL_X296_Y378_N39 ; Combinational cell ; u_pipe|g_cfar_per_beam[15].u_cfar|u_window|i24790~36|combout                          ;
;   29.236 ;   0.026 ; FR ; CELL ; 1      ; MLABCELL_X296_Y378_N39 ; Combinational cell ; u_pipe|g_cfar_per_beam[15].u_cfar|u_window|i24790~36~cw_ml_mlab/lab_lut5outb[1]       ;
;   29.454 ;   0.218 ; RR ; IC   ; 4      ; LABCELL_X299_Y379_N48  ; Combinational cell ; u_pipe|g_cfar_per_beam[15].u_cfar|u_window|add_354~181|datad                          ;
;   29.559 ;   0.105 ; RR ; CELL ; 1      ; LABCELL_X299_Y379_N51  ; Combinational cell ; u_pipe|g_cfar_per_beam[15].u_cfar|u_window|add_354~186|cout                           ;
;   29.559 ;   0.000 ; RR ; CELL ; 2      ; LABCELL_X299_Y379_N54  ; Combinational cell ; u_pipe|g_cfar_per_beam[15].u_cfar|u_window|add_354~191|cin                            ;
;   29.681 ;   0.122 ; RR ; CELL ; 1      ; LABCELL_X299_Y379_N54  ; Combinational cell ; u_pipe|g_cfar_per_beam[15].u_cfar|u_window|add_354~191|sumout                         ;
;   29.864 ;   0.183 ; RR ; IC   ; 1      ; LABCELL_X299_Y381_N3   ; Combinational cell ; u_pipe|g_cfar_per_beam[15].u_cfar|u_window|i24904~19|datad                            ;
;   29.905 ;   0.041 ; RF ; CELL ; 2      ; LABCELL_X299_Y381_N3   ; Combinational cell ; u_pipe|g_cfar_per_beam[15].u_cfar|u_window|i24904~19|combout                          ;
;   29.931 ;   0.026 ; FR ; CELL ; 1      ; LABCELL_X299_Y381_N3   ; Combinational cell ; u_pipe|g_cfar_per_beam[15].u_cfar|u_window|i24904~19~cw_la_lab/lab_lut5outt[0]        ;
;   30.236 ;   0.305 ; RR ; IC   ; 3      ; LABCELL_X297_Y378_N54  ; Combinational cell ; u_pipe|g_cfar_per_beam[15].u_cfar|u_window|add_358~191|datac                          ;
;   30.461 ;   0.225 ; RR ; CELL ; 1      ; LABCELL_X297_Y378_N57  ; Combinational cell ; u_pipe|g_cfar_per_beam[15].u_cfar|u_window|add_358~196|cout                           ;
;   30.520 ;   0.059 ; RR ; IC   ; 3      ; LABCELL_X297_Y377_N0   ; Combinational cell ; u_pipe|g_cfar_per_beam[15].u_cfar|u_window|add_358~201|cin                            ;
;   30.562 ;   0.042 ; RR ; CELL ; 1      ; LABCELL_X297_Y377_N3   ; Combinational cell ; u_pipe|g_cfar_per_beam[15].u_cfar|u_window|add_358~206|cout                           ;
;   30.562 ;   0.000 ; RR ; CELL ; 3      ; LABCELL_X297_Y377_N6   ; Combinational cell ; u_pipe|g_cfar_per_beam[15].u_cfar|u_window|add_358~211|cin                            ;
;   30.586 ;   0.024 ; RF ; CELL ; 1      ; LABCELL_X297_Y377_N9   ; Combinational cell ; u_pipe|g_cfar_per_beam[15].u_cfar|u_window|add_358~216|cout                           ;
;   30.586 ;   0.000 ; FF ; CELL ; 3      ; LABCELL_X297_Y377_N12  ; Combinational cell ; u_pipe|g_cfar_per_beam[15].u_cfar|u_window|add_358~221|cin                            ;
;   30.702 ;   0.116 ; FF ; CELL ; 1      ; LABCELL_X297_Y377_N12  ; Combinational cell ; u_pipe|g_cfar_per_beam[15].u_cfar|u_window|add_358~221|sumout                         ;
;   30.808 ;   0.106 ; FF ; IC   ; 1      ; MLABCELL_X298_Y377_N9  ; Combinational cell ; u_pipe|g_cfar_per_beam[15].u_cfar|u_window|sum_lag_c[0]~44|datad                      ;
;   30.852 ;   0.044 ; FR ; CELL ; 2      ; MLABCELL_X298_Y377_N9  ; Combinational cell ; u_pipe|g_cfar_per_beam[15].u_cfar|u_window|sum_lag_c[0]~44|combout                    ;
;   30.876 ;   0.024 ; RF ; CELL ; 1      ; MLABCELL_X298_Y377_N9  ; Combinational cell ; u_pipe|g_cfar_per_beam[15].u_cfar|u_window|sum_lag_c[0]~44~cw_ml_mlab/lab_lut5outt[1] ;
;   31.081 ;   0.205 ; FF ; IC   ; 1      ; MPDSP_X300_Y377_N0     ; DSP block          ; u_pipe|g_cfar_per_beam[15].u_cfar|mult_1~mac|ax[17]                                   ;
;   31.081 ;   0.000 ; FF ; CELL ; 0      ; MPDSP_X300_Y377_N0     ; DSP block          ; u_pipe|g_cfar_per_beam[15].u_cfar|sum_lag1_q[35]                                      ;
+----------+---------+----+------+--------+------------------------+--------------------+---------------------------------------------------------------------------------------+

+------------------------------------------------------------------------------------------------------------------------------------------------+
; Data Required Path                                                                                                                             ;
+---------+----------+----+------+--------+-----------------------+------------------+-----------------------------------------------------------+
; Total   ; Incr     ; RF ; Type ; Fanout ; Location              ; Element Type     ; Element                                                   ;
+---------+----------+----+------+--------+-----------------------+------------------+-----------------------------------------------------------+
; 2.222   ; 2.222    ;    ;      ;        ;                       ;                  ; latch edge time                                           ;
; 8.116   ; 5.894    ;    ;      ;        ;                       ;                  ; clock path                                                ;
;   2.222 ;   0.000  ;    ;      ;        ;                       ;                  ; source latency                                            ;
;   2.222 ;   0.000  ;    ;      ; 1      ; PIN_H19               ; I/O pad          ; core_clk                                                  ;
;   2.222 ;   0.000  ; RR ; IC   ; 1      ; IOIBUF_X335_Y418_N121 ; I/O input buffer ; core_clk~input|i                                          ;
;   2.408 ;   0.186  ; RR ; CELL ; 1      ; IOIBUF_X335_Y418_N121 ; I/O input buffer ; core_clk~input|o                                          ;
;   3.228 ;   0.820  ; RR ; CELL ; 546664 ; IOIBUF_X335_Y418_N121 ; I/O input buffer ; core_clk~input~io96/m25_0_30__io12buf2_to_iopll__ioclkin3 ;
;   7.613 ;   4.385  ; RR ; IC   ; 19     ; MPDSP_X300_Y377_N0    ; DSP block        ; u_pipe|g_cfar_per_beam[15].u_cfar|mult_1~mac|clk          ;
;   7.613 ;   0.000  ; RR ; CELL ; 0      ; MPDSP_X300_Y377_N0    ; DSP block        ; u_pipe|g_cfar_per_beam[15].u_cfar|sum_lag1_q[35]          ;
;   8.141 ;   0.528  ;    ;      ;        ;                       ;                  ; clock pessimism removed                                   ;
;   8.116 ;   -0.025 ;    ;      ;        ;                       ;                  ; advanced clock effects                                    ;
; 8.086   ; -0.030   ;    ;      ;        ;                       ;                  ; clock uncertainty                                         ;
; 8.102   ; 0.016    ;    ; uTsu ; 0      ; MPDSP_X300_Y377_N0    ; DSP block        ; u_pipe|g_cfar_per_beam[15].u_cfar|sum_lag1_q[35]          ;
+---------+----------+----+------+--------+-----------------------+------------------+-----------------------------------------------------------+



----------------
; Command Info ;
----------------
Report Timing: Found 10 hold paths (10 violated).  Worst case slack is -7.031 

Tcl Command:
    report_timing -hold -panel_name {Worst-Case Timing Paths||Hold||core_clk} -to_clock [get_clocks {core_clk}] -npaths 10 -detail full_path

Options:
    -to_clock [get_clocks {core_clk}] 
    -hold 
    -npaths 10 
    -detail full_path 
    -panel_name {core_clk} 

Snapshot:
    final

Delay Models:
    Slow vid1 100C Model
    Slow vid1b 100C Model
    1 Slow vidl 100C Model
    Fast vid1 0C Model


+------------------------------------------------------------------------------------------------------------------------------------------------------------------------------------------------------------------------+
; Summary of Paths                                                                                                                                                                                                       ;
+--------+--------------+----------------------------------------------------------------------------------------+--------------+-------------+--------------+------------+------------+---------------------------------+
; Slack  ; From Node    ; To Node                                                                                ; Launch Clock ; Latch Clock ; Relationship ; Clock Skew ; Data Delay ; Worst-Case Operating Conditions ;
+--------+--------------+----------------------------------------------------------------------------------------+--------------+-------------+--------------+------------+------------+---------------------------------+
; -7.031 ; s_sof[0]     ; u_pipe|g_pfb[0].u_pfb|g_meta_cyc[0].m_q[23]                                            ; core_clk     ; core_clk    ; 0.000        ; 6.944      ; 0.036      ; 1 Slow vidl 100C Model          ;
; -6.985 ; s_sof[8]     ; u_pipe|g_pfb[8].u_pfb|g_meta_cyc[0].m_q[23]                                            ; core_clk     ; core_clk    ; 0.000        ; 6.971      ; 0.112      ; 1 Slow vidl 100C Model          ;
; -6.981 ; s_data[51]   ; u_pipe|g_pfb[0].u_pfb|g_lane[1].u_lane|g_mult[0].u_mult|g_reg_in.a_q.im[3]             ; core_clk     ; core_clk    ; 0.000        ; 6.981      ; 0.112      ; 1 Slow vidl 100C Model          ;
; -6.974 ; s_eof[0]     ; u_pipe|g_pfb[0].u_pfb|g_meta_cyc[0].m_q[22]                                            ; core_clk     ; core_clk    ; 0.000        ; 6.891      ; 0.035      ; 1 Slow vidl 100C Model          ;
; -6.969 ; s_sof[1]     ; u_pipe|g_pfb[1].u_pfb|g_meta_cyc[0].m_q[23]                                            ; core_clk     ; core_clk    ; 0.000        ; 6.885      ; 0.039      ; 1 Slow vidl 100C Model          ;
; -6.968 ; s_sof[9]     ; u_pipe|g_pfb[9].u_pfb|g_meta_cyc[0].m_q[23]                                            ; core_clk     ; core_clk    ; 0.000        ; 6.872      ; 0.030      ; 1 Slow vidl 100C Model          ;
; -6.962 ; s_data[421]  ; u_pipe|g_pfb[6].u_pfb|g_lane[1].u_lane|g_mult[0].u_mult|g_reg_in.a_q.re[5]~_Duplicate  ; core_clk     ; core_clk    ; 0.000        ; 6.974      ; 0.103      ; 1 Slow vidl 100C Model          ;
; -6.958 ; s_data[760]  ; u_pipe|g_pfb[11].u_pfb|g_lane[1].u_lane|g_mult[0].u_mult|g_reg_in.a_q.im[8]            ; core_clk     ; core_clk    ; 0.000        ; 6.980      ; 0.108      ; 1 Slow vidl 100C Model          ;
; -6.957 ; s_data[1013] ; u_pipe|g_pfb[15].u_pfb|g_lane[1].u_lane|g_mult[0].u_mult|g_reg_in.a_q.im[5]            ; core_clk     ; core_clk    ; 0.000        ; 6.983      ; 0.117      ; 1 Slow vidl 100C Model          ;
; -6.956 ; s_data[752]  ; u_pipe|g_pfb[11].u_pfb|g_lane[1].u_lane|g_mult[0].u_mult|g_reg_in.a_q.im[0]~_Duplicate ; core_clk     ; core_clk    ; 0.000        ; 6.982      ; 0.107      ; 1 Slow vidl 100C Model          ;
+--------+--------------+----------------------------------------------------------------------------------------+--------------+-------------+--------------+------------+------------+---------------------------------+


Path #1: Hold slack is -7.031 (VIOLATED)
===============================================================================
+-------------------------------------------------------------------------------+
; Path Summary                                                                  ;
+---------------------------------+---------------------------------------------+
; Property                        ; Value                                       ;
+---------------------------------+---------------------------------------------+
; From Node                       ; s_sof[0]                                    ;
; To Node                         ; u_pipe|g_pfb[0].u_pfb|g_meta_cyc[0].m_q[23] ;
; Launch Clock                    ; core_clk                                    ;
; Latch Clock                     ; core_clk                                    ;
; SDC Exception                   ; No SDC Exception on Path                    ;
; Data Arrival Time               ; 0.136                                       ;
; Data Required Time              ; 7.167                                       ;
; Slack                           ; -7.031 (VIOLATED)                           ;
; Worst-Case Operating Conditions ; 1 Slow vidl 100C Model                      ;
+---------------------------------+---------------------------------------------+

+--------------------------------------------------------------------------------------+
; Statistics                                                                           ;
+---------------------------+-------+-------+-------------+------------+-------+-------+
; Property                  ; Value ; Count ; Total Delay ; % of Total ; Min   ; Max   ;
+---------------------------+-------+-------+-------------+------------+-------+-------+
; Hold Relationship         ; 0.000 ;       ;             ;            ;       ;       ;
; Clock Skew                ; 6.944 ;       ;             ;            ;       ;       ;
; Data Delay                ; 0.036 ;       ;             ;            ;       ;       ;
; Number of Logic Levels    ;       ; 0     ;             ;            ;       ;       ;
; Physical Delays           ;       ;       ;             ;            ;       ;       ;
;  Arrival Path             ;       ;       ;             ;            ;       ;       ;
;   Clock                   ;       ;       ;             ;            ;       ;       ;
;    Clock Network (Lumped) ;       ; 1     ; 0.000       ;            ; 0.000 ; 0.000 ;
;   Data                    ;       ;       ;             ;            ;       ;       ;
;    IC                     ;       ; 1     ; 0.036       ; 100        ; 0.036 ; 0.036 ;
;    Cell                   ;       ; 1     ; 0.000       ; 0          ; 0.000 ; 0.000 ;
;  Required Path            ;       ;       ;             ;            ;       ;       ;
;   Clock                   ;       ;       ;             ;            ;       ;       ;
;    IC                     ;       ; 2     ; 5.740       ; 83         ; 0.000 ; 5.740 ;
;    Cell                   ;       ; 3     ; 1.204       ; 17         ; 0.000 ; 1.018 ;
+---------------------------+-------+-------+-------------+------------+-------+-------+
Note: Negative delays are omitted from totals when calculating percentages

+------------------------------------------------------------------------------------------------------------------------------------------------------------+
; Data Arrival Path                                                                                                                                          ;
+---------+---------+----+------+--------+----------------------------------------------+--------------------+-----------------------------------------------+
; Total   ; Incr    ; RF ; Type ; Fanout ; Location                                     ; Element Type       ; Element                                       ;
+---------+---------+----+------+--------+----------------------------------------------+--------------------+-----------------------------------------------+
; 0.000   ; 0.000   ;    ;      ;        ;                                              ;                    ; launch edge time                              ;
; 0.000   ; 0.000   ;    ;      ;        ;                                              ;                    ; clock path                                    ;
;   0.000 ;   0.000 ; R  ;      ;        ;                                              ;                    ; clock network delay                           ;
;   0.000 ;   0.000 ;    ;      ; 3      ; LABCELL_X385_Y266_N9                         ; Combinational cell ; s_sof[0]                                      ;
; 0.100   ; 0.100   ; F  ; iExt ; 3      ; LABCELL_X385_Y266_N9                         ; Combinational cell ; s_sof[0]                                      ;
; 0.136   ; 0.036   ;    ;      ;        ;                                              ;                    ; data path                                     ;
;   0.136 ;   0.036 ; FR ; IC   ; 1      ; BLOCK_INPUT_MUX_PASSTHROUGH_X385_Y266_N0_I31 ; Hyper-Register     ; u_pipe|g_pfb[0].u_pfb|g_meta_cyc[0].m_q[23]|d ;
;   0.136 ;   0.000 ; RR ; CELL ; 1      ; BLOCK_INPUT_MUX_PASSTHROUGH_X385_Y266_N0_I31 ; Hyper-Register     ; u_pipe|g_pfb[0].u_pfb|g_meta_cyc[0].m_q[23]   ;
+---------+---------+----+------+--------+----------------------------------------------+--------------------+-----------------------------------------------+

+----------------------------------------------------------------------------------------------------------------------------------------------------------------------+
; Data Required Path                                                                                                                                                   ;
+---------+---------+----+------+--------+----------------------------------------------+------------------+-----------------------------------------------------------+
; Total   ; Incr    ; RF ; Type ; Fanout ; Location                                     ; Element Type     ; Element                                                   ;
+---------+---------+----+------+--------+----------------------------------------------+------------------+-----------------------------------------------------------+
; 0.000   ; 0.000   ;    ;      ;        ;                                              ;                  ; latch edge time                                           ;
; 6.944   ; 6.944   ;    ;      ;        ;                                              ;                  ; clock path                                                ;
;   0.000 ;   0.000 ;    ;      ;        ;                                              ;                  ; source latency                                            ;
;   0.000 ;   0.000 ;    ;      ; 1      ; PIN_H19                                      ; I/O pad          ; core_clk                                                  ;
;   0.000 ;   0.000 ; RR ; IC   ; 1      ; IOIBUF_X335_Y418_N121                        ; I/O input buffer ; core_clk~input|i                                          ;
;   0.186 ;   0.186 ; RR ; CELL ; 1      ; IOIBUF_X335_Y418_N121                        ; I/O input buffer ; core_clk~input|o                                          ;
;   1.204 ;   1.018 ; RR ; CELL ; 546664 ; IOIBUF_X335_Y418_N121                        ; I/O input buffer ; core_clk~input~io96/m25_0_30__io12buf2_to_iopll__ioclkin3 ;
;   6.944 ;   5.740 ; RR ; IC   ; 1      ; BLOCK_INPUT_MUX_PASSTHROUGH_X385_Y266_N0_I31 ; Hyper-Register   ; u_pipe|g_pfb[0].u_pfb|g_meta_cyc[0].m_q[23]|clk           ;
;   6.944 ;   0.000 ; RR ; CELL ; 1      ; BLOCK_INPUT_MUX_PASSTHROUGH_X385_Y266_N0_I31 ; Hyper-Register   ; u_pipe|g_pfb[0].u_pfb|g_meta_cyc[0].m_q[23]               ;
; 6.944   ; 0.000   ;    ;      ;        ;                                              ;                  ; clock uncertainty                                         ;
; 7.167   ; 0.223   ;    ; uTh  ; 1      ; BLOCK_INPUT_MUX_PASSTHROUGH_X385_Y266_N0_I31 ; Hyper-Register   ; u_pipe|g_pfb[0].u_pfb|g_meta_cyc[0].m_q[23]               ;
+---------+---------+----+------+--------+----------------------------------------------+------------------+-----------------------------------------------------------+



Path #2: Hold slack is -6.985 (VIOLATED)
===============================================================================
+-------------------------------------------------------------------------------+
; Path Summary                                                                  ;
+---------------------------------+---------------------------------------------+
; Property                        ; Value                                       ;
+---------------------------------+---------------------------------------------+
; From Node                       ; s_sof[8]                                    ;
; To Node                         ; u_pipe|g_pfb[8].u_pfb|g_meta_cyc[0].m_q[23] ;
; Launch Clock                    ; core_clk                                    ;
; Latch Clock                     ; core_clk                                    ;
; SDC Exception                   ; No SDC Exception on Path                    ;
; Data Arrival Time               ; 0.212                                       ;
; Data Required Time              ; 7.197                                       ;
; Slack                           ; -6.985 (VIOLATED)                           ;
; Worst-Case Operating Conditions ; 1 Slow vidl 100C Model                      ;
+---------------------------------+---------------------------------------------+

+--------------------------------------------------------------------------------------+
; Statistics                                                                           ;
+---------------------------+-------+-------+-------------+------------+-------+-------+
; Property                  ; Value ; Count ; Total Delay ; % of Total ; Min   ; Max   ;
+---------------------------+-------+-------+-------------+------------+-------+-------+
; Hold Relationship         ; 0.000 ;       ;             ;            ;       ;       ;
; Clock Skew                ; 6.971 ;       ;             ;            ;       ;       ;
; Data Delay                ; 0.112 ;       ;             ;            ;       ;       ;
; Number of Logic Levels    ;       ; 0     ;             ;            ;       ;       ;
; Physical Delays           ;       ;       ;             ;            ;       ;       ;
;  Arrival Path             ;       ;       ;             ;            ;       ;       ;
;   Clock                   ;       ;       ;             ;            ;       ;       ;
;    Clock Network (Lumped) ;       ; 1     ; 0.000       ;            ; 0.000 ; 0.000 ;
;   Data                    ;       ;       ;             ;            ;       ;       ;
;    IC                     ;       ; 1     ; 0.112       ; 100        ; 0.112 ; 0.112 ;
;    Cell                   ;       ; 1     ; 0.000       ; 0          ; 0.000 ; 0.000 ;
;  Required Path            ;       ;       ;             ;            ;       ;       ;
;   Clock                   ;       ;       ;             ;            ;       ;       ;
;    IC                     ;       ; 2     ; 5.767       ; 83         ; 0.000 ; 5.767 ;
;    Cell                   ;       ; 3     ; 1.204       ; 17         ; 0.000 ; 1.018 ;
+---------------------------+-------+-------+-------------+------------+-------+-------+
Note: Negative delays are omitted from totals when calculating percentages

+------------------------------------------------------------------------------------------------------------------------------------------------------------+
; Data Arrival Path                                                                                                                                          ;
+---------+---------+----+------+--------+----------------------------------------------+--------------------+-----------------------------------------------+
; Total   ; Incr    ; RF ; Type ; Fanout ; Location                                     ; Element Type       ; Element                                       ;
+---------+---------+----+------+--------+----------------------------------------------+--------------------+-----------------------------------------------+
; 0.000   ; 0.000   ;    ;      ;        ;                                              ;                    ; launch edge time                              ;
; 0.000   ; 0.000   ;    ;      ;        ;                                              ;                    ; clock path                                    ;
;   0.000 ;   0.000 ; R  ;      ;        ;                                              ;                    ; clock network delay                           ;
;   0.000 ;   0.000 ;    ;      ; 3      ; LABCELL_X385_Y298_N57                        ; Combinational cell ; s_sof[8]                                      ;
; 0.100   ; 0.100   ; F  ; iExt ; 3      ; LABCELL_X385_Y298_N57                        ; Combinational cell ; s_sof[8]                                      ;
; 0.212   ; 0.112   ;    ;      ;        ;                                              ;                    ; data path                                     ;
;   0.212 ;   0.112 ; FR ; IC   ; 1      ; BLOCK_INPUT_MUX_PASSTHROUGH_X385_Y298_N0_I45 ; Hyper-Register     ; u_pipe|g_pfb[8].u_pfb|g_meta_cyc[0].m_q[23]|d ;
;   0.212 ;   0.000 ; RR ; CELL ; 1      ; BLOCK_INPUT_MUX_PASSTHROUGH_X385_Y298_N0_I45 ; Hyper-Register     ; u_pipe|g_pfb[8].u_pfb|g_meta_cyc[0].m_q[23]   ;
+---------+---------+----+------+--------+----------------------------------------------+--------------------+-----------------------------------------------+

+----------------------------------------------------------------------------------------------------------------------------------------------------------------------+
; Data Required Path                                                                                                                                                   ;
+---------+---------+----+------+--------+----------------------------------------------+------------------+-----------------------------------------------------------+
; Total   ; Incr    ; RF ; Type ; Fanout ; Location                                     ; Element Type     ; Element                                                   ;
+---------+---------+----+------+--------+----------------------------------------------+------------------+-----------------------------------------------------------+
; 0.000   ; 0.000   ;    ;      ;        ;                                              ;                  ; latch edge time                                           ;
; 6.971   ; 6.971   ;    ;      ;        ;                                              ;                  ; clock path                                                ;
;   0.000 ;   0.000 ;    ;      ;        ;                                              ;                  ; source latency                                            ;
;   0.000 ;   0.000 ;    ;      ; 1      ; PIN_H19                                      ; I/O pad          ; core_clk                                                  ;
;   0.000 ;   0.000 ; RR ; IC   ; 1      ; IOIBUF_X335_Y418_N121                        ; I/O input buffer ; core_clk~input|i                                          ;
;   0.186 ;   0.186 ; RR ; CELL ; 1      ; IOIBUF_X335_Y418_N121                        ; I/O input buffer ; core_clk~input|o                                          ;
;   1.204 ;   1.018 ; RR ; CELL ; 546664 ; IOIBUF_X335_Y418_N121                        ; I/O input buffer ; core_clk~input~io96/m25_0_30__io12buf2_to_iopll__ioclkin3 ;
;   6.971 ;   5.767 ; RR ; IC   ; 1      ; BLOCK_INPUT_MUX_PASSTHROUGH_X385_Y298_N0_I45 ; Hyper-Register   ; u_pipe|g_pfb[8].u_pfb|g_meta_cyc[0].m_q[23]|clk           ;
;   6.971 ;   0.000 ; RR ; CELL ; 1      ; BLOCK_INPUT_MUX_PASSTHROUGH_X385_Y298_N0_I45 ; Hyper-Register   ; u_pipe|g_pfb[8].u_pfb|g_meta_cyc[0].m_q[23]               ;
; 6.971   ; 0.000   ;    ;      ;        ;                                              ;                  ; clock uncertainty                                         ;
; 7.197   ; 0.226   ;    ; uTh  ; 1      ; BLOCK_INPUT_MUX_PASSTHROUGH_X385_Y298_N0_I45 ; Hyper-Register   ; u_pipe|g_pfb[8].u_pfb|g_meta_cyc[0].m_q[23]               ;
+---------+---------+----+------+--------+----------------------------------------------+------------------+-----------------------------------------------------------+



Path #3: Hold slack is -6.981 (VIOLATED)
===============================================================================
+--------------------------------------------------------------------------------------------------------------+
; Path Summary                                                                                                 ;
+---------------------------------+----------------------------------------------------------------------------+
; Property                        ; Value                                                                      ;
+---------------------------------+----------------------------------------------------------------------------+
; From Node                       ; s_data[51]                                                                 ;
; To Node                         ; u_pipe|g_pfb[0].u_pfb|g_lane[1].u_lane|g_mult[0].u_mult|g_reg_in.a_q.im[3] ;
; Launch Clock                    ; core_clk                                                                   ;
; Latch Clock                     ; core_clk                                                                   ;
; SDC Exception                   ; No SDC Exception on Path                                                   ;
; Data Arrival Time               ; 0.212                                                                      ;
; Data Required Time              ; 7.193                                                                      ;
; Slack                           ; -6.981 (VIOLATED)                                                          ;
; Worst-Case Operating Conditions ; 1 Slow vidl 100C Model                                                     ;
+---------------------------------+----------------------------------------------------------------------------+

+--------------------------------------------------------------------------------------+
; Statistics                                                                           ;
+---------------------------+-------+-------+-------------+------------+-------+-------+
; Property                  ; Value ; Count ; Total Delay ; % of Total ; Min   ; Max   ;
+---------------------------+-------+-------+-------------+------------+-------+-------+
; Hold Relationship         ; 0.000 ;       ;             ;            ;       ;       ;
; Clock Skew                ; 6.981 ;       ;             ;            ;       ;       ;
; Data Delay                ; 0.112 ;       ;             ;            ;       ;       ;
; Number of Logic Levels    ;       ; 0     ;             ;            ;       ;       ;
; Physical Delays           ;       ;       ;             ;            ;       ;       ;
;  Arrival Path             ;       ;       ;             ;            ;       ;       ;
;   Clock                   ;       ;       ;             ;            ;       ;       ;
;    Clock Network (Lumped) ;       ; 1     ; 0.000       ;            ; 0.000 ; 0.000 ;
;   Data                    ;       ;       ;             ;            ;       ;       ;
;    IC                     ;       ; 1     ; 0.112       ; 100        ; 0.112 ; 0.112 ;
;    Cell                   ;       ; 1     ; 0.000       ; 0          ; 0.000 ; 0.000 ;
;  Required Path            ;       ;       ;             ;            ;       ;       ;
;   Clock                   ;       ;       ;             ;            ;       ;       ;
;    IC                     ;       ; 2     ; 5.777       ; 83         ; 0.000 ; 5.777 ;
;    Cell                   ;       ; 3     ; 1.204       ; 17         ; 0.000 ; 1.018 ;
+---------------------------+-------+-------+-------------+------------+-------+-------+
Note: Negative delays are omitted from totals when calculating percentages

+--------------------------------------------------------------------------------------------------------------------------------------------------------------------+
; Data Arrival Path                                                                                                                                                  ;
+---------+---------+----+------+--------+----------------------+--------------------+-------------------------------------------------------------------------------+
; Total   ; Incr    ; RF ; Type ; Fanout ; Location             ; Element Type       ; Element                                                                       ;
+---------+---------+----+------+--------+----------------------+--------------------+-------------------------------------------------------------------------------+
; 0.000   ; 0.000   ;    ;      ;        ;                      ;                    ; launch edge time                                                              ;
; 0.000   ; 0.000   ;    ;      ;        ;                      ;                    ; clock path                                                                    ;
;   0.000 ;   0.000 ; R  ;      ;        ;                      ;                    ; clock network delay                                                           ;
;   0.000 ;   0.000 ;    ;      ; 3      ; LABCELL_X374_Y248_N9 ; Combinational cell ; s_data[51]                                                                    ;
; 0.100   ; 0.100   ; F  ; iExt ; 3      ; LABCELL_X374_Y248_N9 ; Combinational cell ; s_data[51]                                                                    ;
; 0.212   ; 0.112   ;    ;      ;        ;                      ;                    ; data path                                                                     ;
;   0.212 ;   0.112 ; FF ; IC   ; 1      ; MPDSP_X375_Y248_N0   ; DSP block          ; u_pipe|g_pfb[0].u_pfb|g_lane[1].u_lane|g_mult[0].u_mult|add_1~DATAOUTA0|ay[3] ;
;   0.212 ;   0.000 ; FF ; CELL ; 0      ; MPDSP_X375_Y248_N0   ; DSP block          ; u_pipe|g_pfb[0].u_pfb|g_lane[1].u_lane|g_mult[0].u_mult|g_reg_in.a_q.im[3]    ;
+---------+---------+----+------+--------+----------------------+--------------------+-------------------------------------------------------------------------------+

+-----------------------------------------------------------------------------------------------------------------------------------------------------------------+
; Data Required Path                                                                                                                                              ;
+---------+---------+----+------+--------+-----------------------+------------------+-----------------------------------------------------------------------------+
; Total   ; Incr    ; RF ; Type ; Fanout ; Location              ; Element Type     ; Element                                                                     ;
+---------+---------+----+------+--------+-----------------------+------------------+-----------------------------------------------------------------------------+
; 0.000   ; 0.000   ;    ;      ;        ;                       ;                  ; latch edge time                                                             ;
; 6.981   ; 6.981   ;    ;      ;        ;                       ;                  ; clock path                                                                  ;
;   0.000 ;   0.000 ;    ;      ;        ;                       ;                  ; source latency                                                              ;
;   0.000 ;   0.000 ;    ;      ; 1      ; PIN_H19               ; I/O pad          ; core_clk                                                                    ;
;   0.000 ;   0.000 ; RR ; IC   ; 1      ; IOIBUF_X335_Y418_N121 ; I/O input buffer ; core_clk~input|i                                                            ;
;   0.186 ;   0.186 ; RR ; CELL ; 1      ; IOIBUF_X335_Y418_N121 ; I/O input buffer ; core_clk~input|o                                                            ;
;   1.204 ;   1.018 ; RR ; CELL ; 546664 ; IOIBUF_X335_Y418_N121 ; I/O input buffer ; core_clk~input~io96/m25_0_30__io12buf2_to_iopll__ioclkin3                   ;
;   6.981 ;   5.777 ; RR ; IC   ; 103    ; MPDSP_X375_Y248_N0    ; DSP block        ; u_pipe|g_pfb[0].u_pfb|g_lane[1].u_lane|g_mult[0].u_mult|add_1~DATAOUTA0|clk ;
;   6.981 ;   0.000 ; RR ; CELL ; 0      ; MPDSP_X375_Y248_N0    ; DSP block        ; u_pipe|g_pfb[0].u_pfb|g_lane[1].u_lane|g_mult[0].u_mult|g_reg_in.a_q.im[3]  ;
; 6.981   ; 0.000   ;    ;      ;        ;                       ;                  ; clock uncertainty                                                           ;
; 7.193   ; 0.212   ;    ; uTh  ; 0      ; MPDSP_X375_Y248_N0    ; DSP block        ; u_pipe|g_pfb[0].u_pfb|g_lane[1].u_lane|g_mult[0].u_mult|g_reg_in.a_q.im[3]  ;
+---------+---------+----+------+--------+-----------------------+------------------+-----------------------------------------------------------------------------+



Path #4: Hold slack is -6.974 (VIOLATED)
===============================================================================
+-------------------------------------------------------------------------------+
; Path Summary                                                                  ;
+---------------------------------+---------------------------------------------+
; Property                        ; Value                                       ;
+---------------------------------+---------------------------------------------+
; From Node                       ; s_eof[0]                                    ;
; To Node                         ; u_pipe|g_pfb[0].u_pfb|g_meta_cyc[0].m_q[22] ;
; Launch Clock                    ; core_clk                                    ;
; Latch Clock                     ; core_clk                                    ;
; SDC Exception                   ; No SDC Exception on Path                    ;
; Data Arrival Time               ; 0.135                                       ;
; Data Required Time              ; 7.109                                       ;
; Slack                           ; -6.974 (VIOLATED)                           ;
; Worst-Case Operating Conditions ; 1 Slow vidl 100C Model                      ;
+---------------------------------+---------------------------------------------+

+--------------------------------------------------------------------------------------+
; Statistics                                                                           ;
+---------------------------+-------+-------+-------------+------------+-------+-------+
; Property                  ; Value ; Count ; Total Delay ; % of Total ; Min   ; Max   ;
+---------------------------+-------+-------+-------------+------------+-------+-------+
; Hold Relationship         ; 0.000 ;       ;             ;            ;       ;       ;
; Clock Skew                ; 6.891 ;       ;             ;            ;       ;       ;
; Data Delay                ; 0.035 ;       ;             ;            ;       ;       ;
; Number of Logic Levels    ;       ; 0     ;             ;            ;       ;       ;
; Physical Delays           ;       ;       ;             ;            ;       ;       ;
;  Arrival Path             ;       ;       ;             ;            ;       ;       ;
;   Clock                   ;       ;       ;             ;            ;       ;       ;
;    Clock Network (Lumped) ;       ; 1     ; 0.000       ;            ; 0.000 ; 0.000 ;
;   Data                    ;       ;       ;             ;            ;       ;       ;
;    IC                     ;       ; 1     ; 0.035       ; 100        ; 0.035 ; 0.035 ;
;    Cell                   ;       ; 1     ; 0.000       ; 0          ; 0.000 ; 0.000 ;
;  Required Path            ;       ;       ;             ;            ;       ;       ;
;   Clock                   ;       ;       ;             ;            ;       ;       ;
;    IC                     ;       ; 2     ; 5.687       ; 83         ; 0.000 ; 5.687 ;
;    Cell                   ;       ; 3     ; 1.204       ; 17         ; 0.000 ; 1.018 ;
+---------------------------+-------+-------+-------------+------------+-------+-------+
Note: Negative delays are omitted from totals when calculating percentages

+------------------------------------------------------------------------------------------------------------------------------------------------------------+
; Data Arrival Path                                                                                                                                          ;
+---------+---------+----+------+--------+----------------------------------------------+--------------------+-----------------------------------------------+
; Total   ; Incr    ; RF ; Type ; Fanout ; Location                                     ; Element Type       ; Element                                       ;
+---------+---------+----+------+--------+----------------------------------------------+--------------------+-----------------------------------------------+
; 0.000   ; 0.000   ;    ;      ;        ;                                              ;                    ; launch edge time                              ;
; 0.000   ; 0.000   ;    ;      ;        ;                                              ;                    ; clock path                                    ;
;   0.000 ;   0.000 ; R  ;      ;        ;                                              ;                    ; clock network delay                           ;
;   0.000 ;   0.000 ;    ;      ; 3      ; MLABCELL_X373_Y313_N45                       ; Combinational cell ; s_eof[0]                                      ;
; 0.100   ; 0.100   ; F  ; iExt ; 3      ; MLABCELL_X373_Y313_N45                       ; Combinational cell ; s_eof[0]                                      ;
; 0.135   ; 0.035   ;    ;      ;        ;                                              ;                    ; data path                                     ;
;   0.135 ;   0.035 ; FR ; IC   ; 1      ; BLOCK_INPUT_MUX_PASSTHROUGH_X373_Y313_N0_I76 ; Hyper-Register     ; u_pipe|g_pfb[0].u_pfb|g_meta_cyc[0].m_q[22]|d ;
;   0.135 ;   0.000 ; RR ; CELL ; 1      ; BLOCK_INPUT_MUX_PASSTHROUGH_X373_Y313_N0_I76 ; Hyper-Register     ; u_pipe|g_pfb[0].u_pfb|g_meta_cyc[0].m_q[22]   ;
+---------+---------+----+------+--------+----------------------------------------------+--------------------+-----------------------------------------------+

+----------------------------------------------------------------------------------------------------------------------------------------------------------------------+
; Data Required Path                                                                                                                                                   ;
+---------+---------+----+------+--------+----------------------------------------------+------------------+-----------------------------------------------------------+
; Total   ; Incr    ; RF ; Type ; Fanout ; Location                                     ; Element Type     ; Element                                                   ;
+---------+---------+----+------+--------+----------------------------------------------+------------------+-----------------------------------------------------------+
; 0.000   ; 0.000   ;    ;      ;        ;                                              ;                  ; latch edge time                                           ;
; 6.891   ; 6.891   ;    ;      ;        ;                                              ;                  ; clock path                                                ;
;   0.000 ;   0.000 ;    ;      ;        ;                                              ;                  ; source latency                                            ;
;   0.000 ;   0.000 ;    ;      ; 1      ; PIN_H19                                      ; I/O pad          ; core_clk                                                  ;
;   0.000 ;   0.000 ; RR ; IC   ; 1      ; IOIBUF_X335_Y418_N121                        ; I/O input buffer ; core_clk~input|i                                          ;
;   0.186 ;   0.186 ; RR ; CELL ; 1      ; IOIBUF_X335_Y418_N121                        ; I/O input buffer ; core_clk~input|o                                          ;
;   1.204 ;   1.018 ; RR ; CELL ; 546664 ; IOIBUF_X335_Y418_N121                        ; I/O input buffer ; core_clk~input~io96/m25_0_30__io12buf2_to_iopll__ioclkin3 ;
;   6.891 ;   5.687 ; RR ; IC   ; 1      ; BLOCK_INPUT_MUX_PASSTHROUGH_X373_Y313_N0_I76 ; Hyper-Register   ; u_pipe|g_pfb[0].u_pfb|g_meta_cyc[0].m_q[22]|clk           ;
;   6.891 ;   0.000 ; RR ; CELL ; 1      ; BLOCK_INPUT_MUX_PASSTHROUGH_X373_Y313_N0_I76 ; Hyper-Register   ; u_pipe|g_pfb[0].u_pfb|g_meta_cyc[0].m_q[22]               ;
; 6.891   ; 0.000   ;    ;      ;        ;                                              ;                  ; clock uncertainty                                         ;
; 7.109   ; 0.218   ;    ; uTh  ; 1      ; BLOCK_INPUT_MUX_PASSTHROUGH_X373_Y313_N0_I76 ; Hyper-Register   ; u_pipe|g_pfb[0].u_pfb|g_meta_cyc[0].m_q[22]               ;
+---------+---------+----+------+--------+----------------------------------------------+------------------+-----------------------------------------------------------+



Path #5: Hold slack is -6.969 (VIOLATED)
===============================================================================
+-------------------------------------------------------------------------------+
; Path Summary                                                                  ;
+---------------------------------+---------------------------------------------+
; Property                        ; Value                                       ;
+---------------------------------+---------------------------------------------+
; From Node                       ; s_sof[1]                                    ;
; To Node                         ; u_pipe|g_pfb[1].u_pfb|g_meta_cyc[0].m_q[23] ;
; Launch Clock                    ; core_clk                                    ;
; Latch Clock                     ; core_clk                                    ;
; SDC Exception                   ; No SDC Exception on Path                    ;
; Data Arrival Time               ; 0.139                                       ;
; Data Required Time              ; 7.108                                       ;
; Slack                           ; -6.969 (VIOLATED)                           ;
; Worst-Case Operating Conditions ; 1 Slow vidl 100C Model                      ;
+---------------------------------+---------------------------------------------+

+--------------------------------------------------------------------------------------+
; Statistics                                                                           ;
+---------------------------+-------+-------+-------------+------------+-------+-------+
; Property                  ; Value ; Count ; Total Delay ; % of Total ; Min   ; Max   ;
+---------------------------+-------+-------+-------------+------------+-------+-------+
; Hold Relationship         ; 0.000 ;       ;             ;            ;       ;       ;
; Clock Skew                ; 6.885 ;       ;             ;            ;       ;       ;
; Data Delay                ; 0.039 ;       ;             ;            ;       ;       ;
; Number of Logic Levels    ;       ; 0     ;             ;            ;       ;       ;
; Physical Delays           ;       ;       ;             ;            ;       ;       ;
;  Arrival Path             ;       ;       ;             ;            ;       ;       ;
;   Clock                   ;       ;       ;             ;            ;       ;       ;
;    Clock Network (Lumped) ;       ; 1     ; 0.000       ;            ; 0.000 ; 0.000 ;
;   Data                    ;       ;       ;             ;            ;       ;       ;
;    IC                     ;       ; 1     ; 0.039       ; 100        ; 0.039 ; 0.039 ;
;    Cell                   ;       ; 1     ; 0.000       ; 0          ; 0.000 ; 0.000 ;
;  Required Path            ;       ;       ;             ;            ;       ;       ;
;   Clock                   ;       ;       ;             ;            ;       ;       ;
;    IC                     ;       ; 2     ; 5.681       ; 83         ; 0.000 ; 5.681 ;
;    Cell                   ;       ; 3     ; 1.204       ; 17         ; 0.000 ; 1.018 ;
+---------------------------+-------+-------+-------------+------------+-------+-------+
Note: Negative delays are omitted from totals when calculating percentages

+------------------------------------------------------------------------------------------------------------------------------------------------------------+
; Data Arrival Path                                                                                                                                          ;
+---------+---------+----+------+--------+----------------------------------------------+--------------------+-----------------------------------------------+
; Total   ; Incr    ; RF ; Type ; Fanout ; Location                                     ; Element Type       ; Element                                       ;
+---------+---------+----+------+--------+----------------------------------------------+--------------------+-----------------------------------------------+
; 0.000   ; 0.000   ;    ;      ;        ;                                              ;                    ; launch edge time                              ;
; 0.000   ; 0.000   ;    ;      ;        ;                                              ;                    ; clock path                                    ;
;   0.000 ;   0.000 ; R  ;      ;        ;                                              ;                    ; clock network delay                           ;
;   0.000 ;   0.000 ;    ;      ; 4      ; MLABCELL_X293_Y267_N21                       ; Combinational cell ; s_sof[1]                                      ;
; 0.100   ; 0.100   ; F  ; iExt ; 4      ; MLABCELL_X293_Y267_N21                       ; Combinational cell ; s_sof[1]                                      ;
; 0.139   ; 0.039   ;    ;      ;        ;                                              ;                    ; data path                                     ;
;   0.139 ;   0.039 ; FR ; IC   ; 1      ; BLOCK_INPUT_MUX_PASSTHROUGH_X293_Y267_N0_I44 ; Hyper-Register     ; u_pipe|g_pfb[1].u_pfb|g_meta_cyc[0].m_q[23]|d ;
;   0.139 ;   0.000 ; RR ; CELL ; 1      ; BLOCK_INPUT_MUX_PASSTHROUGH_X293_Y267_N0_I44 ; Hyper-Register     ; u_pipe|g_pfb[1].u_pfb|g_meta_cyc[0].m_q[23]   ;
+---------+---------+----+------+--------+----------------------------------------------+--------------------+-----------------------------------------------+

+----------------------------------------------------------------------------------------------------------------------------------------------------------------------+
; Data Required Path                                                                                                                                                   ;
+---------+---------+----+------+--------+----------------------------------------------+------------------+-----------------------------------------------------------+
; Total   ; Incr    ; RF ; Type ; Fanout ; Location                                     ; Element Type     ; Element                                                   ;
+---------+---------+----+------+--------+----------------------------------------------+------------------+-----------------------------------------------------------+
; 0.000   ; 0.000   ;    ;      ;        ;                                              ;                  ; latch edge time                                           ;
; 6.885   ; 6.885   ;    ;      ;        ;                                              ;                  ; clock path                                                ;
;   0.000 ;   0.000 ;    ;      ;        ;                                              ;                  ; source latency                                            ;
;   0.000 ;   0.000 ;    ;      ; 1      ; PIN_H19                                      ; I/O pad          ; core_clk                                                  ;
;   0.000 ;   0.000 ; RR ; IC   ; 1      ; IOIBUF_X335_Y418_N121                        ; I/O input buffer ; core_clk~input|i                                          ;
;   0.186 ;   0.186 ; RR ; CELL ; 1      ; IOIBUF_X335_Y418_N121                        ; I/O input buffer ; core_clk~input|o                                          ;
;   1.204 ;   1.018 ; RR ; CELL ; 546664 ; IOIBUF_X335_Y418_N121                        ; I/O input buffer ; core_clk~input~io96/m25_0_30__io12buf2_to_iopll__ioclkin3 ;
;   6.885 ;   5.681 ; RR ; IC   ; 1      ; BLOCK_INPUT_MUX_PASSTHROUGH_X293_Y267_N0_I44 ; Hyper-Register   ; u_pipe|g_pfb[1].u_pfb|g_meta_cyc[0].m_q[23]|clk           ;
;   6.885 ;   0.000 ; RR ; CELL ; 1      ; BLOCK_INPUT_MUX_PASSTHROUGH_X293_Y267_N0_I44 ; Hyper-Register   ; u_pipe|g_pfb[1].u_pfb|g_meta_cyc[0].m_q[23]               ;
; 6.885   ; 0.000   ;    ;      ;        ;                                              ;                  ; clock uncertainty                                         ;
; 7.108   ; 0.223   ;    ; uTh  ; 1      ; BLOCK_INPUT_MUX_PASSTHROUGH_X293_Y267_N0_I44 ; Hyper-Register   ; u_pipe|g_pfb[1].u_pfb|g_meta_cyc[0].m_q[23]               ;
+---------+---------+----+------+--------+----------------------------------------------+------------------+-----------------------------------------------------------+



Path #6: Hold slack is -6.968 (VIOLATED)
===============================================================================
+-------------------------------------------------------------------------------+
; Path Summary                                                                  ;
+---------------------------------+---------------------------------------------+
; Property                        ; Value                                       ;
+---------------------------------+---------------------------------------------+
; From Node                       ; s_sof[9]                                    ;
; To Node                         ; u_pipe|g_pfb[9].u_pfb|g_meta_cyc[0].m_q[23] ;
; Launch Clock                    ; core_clk                                    ;
; Latch Clock                     ; core_clk                                    ;
; SDC Exception                   ; No SDC Exception on Path                    ;
; Data Arrival Time               ; 0.130                                       ;
; Data Required Time              ; 7.098                                       ;
; Slack                           ; -6.968 (VIOLATED)                           ;
; Worst-Case Operating Conditions ; 1 Slow vidl 100C Model                      ;
+---------------------------------+---------------------------------------------+

+--------------------------------------------------------------------------------------+
; Statistics                                                                           ;
+---------------------------+-------+-------+-------------+------------+-------+-------+
; Property                  ; Value ; Count ; Total Delay ; % of Total ; Min   ; Max   ;
+---------------------------+-------+-------+-------------+------------+-------+-------+
; Hold Relationship         ; 0.000 ;       ;             ;            ;       ;       ;
; Clock Skew                ; 6.872 ;       ;             ;            ;       ;       ;
; Data Delay                ; 0.030 ;       ;             ;            ;       ;       ;
; Number of Logic Levels    ;       ; 0     ;             ;            ;       ;       ;
; Physical Delays           ;       ;       ;             ;            ;       ;       ;
;  Arrival Path             ;       ;       ;             ;            ;       ;       ;
;   Clock                   ;       ;       ;             ;            ;       ;       ;
;    Clock Network (Lumped) ;       ; 1     ; 0.000       ;            ; 0.000 ; 0.000 ;
;   Data                    ;       ;       ;             ;            ;       ;       ;
;    IC                     ;       ; 1     ; 0.030       ; 100        ; 0.030 ; 0.030 ;
;    Cell                   ;       ; 1     ; 0.000       ; 0          ; 0.000 ; 0.000 ;
;  Required Path            ;       ;       ;             ;            ;       ;       ;
;   Clock                   ;       ;       ;             ;            ;       ;       ;
;    IC                     ;       ; 2     ; 5.668       ; 82         ; 0.000 ; 5.668 ;
;    Cell                   ;       ; 3     ; 1.204       ; 18         ; 0.000 ; 1.018 ;
+---------------------------+-------+-------+-------------+------------+-------+-------+
Note: Negative delays are omitted from totals when calculating percentages

+-----------------------------------------------------------------------------------------------------------------------------------------------------------+
; Data Arrival Path                                                                                                                                         ;
+---------+---------+----+------+--------+---------------------------------------------+--------------------+-----------------------------------------------+
; Total   ; Incr    ; RF ; Type ; Fanout ; Location                                    ; Element Type       ; Element                                       ;
+---------+---------+----+------+--------+---------------------------------------------+--------------------+-----------------------------------------------+
; 0.000   ; 0.000   ;    ;      ;        ;                                             ;                    ; launch edge time                              ;
; 0.000   ; 0.000   ;    ;      ;        ;                                             ;                    ; clock path                                    ;
;   0.000 ;   0.000 ; R  ;      ;        ;                                             ;                    ; clock network delay                           ;
;   0.000 ;   0.000 ;    ;      ; 3      ; MLABCELL_X350_Y274_N9                       ; Combinational cell ; s_sof[9]                                      ;
; 0.100   ; 0.100   ; F  ; iExt ; 3      ; MLABCELL_X350_Y274_N9                       ; Combinational cell ; s_sof[9]                                      ;
; 0.130   ; 0.030   ;    ;      ;        ;                                             ;                    ; data path                                     ;
;   0.130 ;   0.030 ; FR ; IC   ; 1      ; BLOCK_INPUT_MUX_PASSTHROUGH_X350_Y274_N0_I3 ; Hyper-Register     ; u_pipe|g_pfb[9].u_pfb|g_meta_cyc[0].m_q[23]|d ;
;   0.130 ;   0.000 ; RR ; CELL ; 1      ; BLOCK_INPUT_MUX_PASSTHROUGH_X350_Y274_N0_I3 ; Hyper-Register     ; u_pipe|g_pfb[9].u_pfb|g_meta_cyc[0].m_q[23]   ;
+---------+---------+----+------+--------+---------------------------------------------+--------------------+-----------------------------------------------+

+---------------------------------------------------------------------------------------------------------------------------------------------------------------------+
; Data Required Path                                                                                                                                                  ;
+---------+---------+----+------+--------+---------------------------------------------+------------------+-----------------------------------------------------------+
; Total   ; Incr    ; RF ; Type ; Fanout ; Location                                    ; Element Type     ; Element                                                   ;
+---------+---------+----+------+--------+---------------------------------------------+------------------+-----------------------------------------------------------+
; 0.000   ; 0.000   ;    ;      ;        ;                                             ;                  ; latch edge time                                           ;
; 6.872   ; 6.872   ;    ;      ;        ;                                             ;                  ; clock path                                                ;
;   0.000 ;   0.000 ;    ;      ;        ;                                             ;                  ; source latency                                            ;
;   0.000 ;   0.000 ;    ;      ; 1      ; PIN_H19                                     ; I/O pad          ; core_clk                                                  ;
;   0.000 ;   0.000 ; RR ; IC   ; 1      ; IOIBUF_X335_Y418_N121                       ; I/O input buffer ; core_clk~input|i                                          ;
;   0.186 ;   0.186 ; RR ; CELL ; 1      ; IOIBUF_X335_Y418_N121                       ; I/O input buffer ; core_clk~input|o                                          ;
;   1.204 ;   1.018 ; RR ; CELL ; 546664 ; IOIBUF_X335_Y418_N121                       ; I/O input buffer ; core_clk~input~io96/m25_0_30__io12buf2_to_iopll__ioclkin3 ;
;   6.872 ;   5.668 ; RR ; IC   ; 1      ; BLOCK_INPUT_MUX_PASSTHROUGH_X350_Y274_N0_I3 ; Hyper-Register   ; u_pipe|g_pfb[9].u_pfb|g_meta_cyc[0].m_q[23]|clk           ;
;   6.872 ;   0.000 ; RR ; CELL ; 1      ; BLOCK_INPUT_MUX_PASSTHROUGH_X350_Y274_N0_I3 ; Hyper-Register   ; u_pipe|g_pfb[9].u_pfb|g_meta_cyc[0].m_q[23]               ;
; 6.872   ; 0.000   ;    ;      ;        ;                                             ;                  ; clock uncertainty                                         ;
; 7.098   ; 0.226   ;    ; uTh  ; 1      ; BLOCK_INPUT_MUX_PASSTHROUGH_X350_Y274_N0_I3 ; Hyper-Register   ; u_pipe|g_pfb[9].u_pfb|g_meta_cyc[0].m_q[23]               ;
+---------+---------+----+------+--------+---------------------------------------------+------------------+-----------------------------------------------------------+



Path #7: Hold slack is -6.962 (VIOLATED)
===============================================================================
+-------------------------------------------------------------------------------------------------------------------------+
; Path Summary                                                                                                            ;
+---------------------------------+---------------------------------------------------------------------------------------+
; Property                        ; Value                                                                                 ;
+---------------------------------+---------------------------------------------------------------------------------------+
; From Node                       ; s_data[421]                                                                           ;
; To Node                         ; u_pipe|g_pfb[6].u_pfb|g_lane[1].u_lane|g_mult[0].u_mult|g_reg_in.a_q.re[5]~_Duplicate ;
; Launch Clock                    ; core_clk                                                                              ;
; Latch Clock                     ; core_clk                                                                              ;
; SDC Exception                   ; No SDC Exception on Path                                                              ;
; Data Arrival Time               ; 0.203                                                                                 ;
; Data Required Time              ; 7.165                                                                                 ;
; Slack                           ; -6.962 (VIOLATED)                                                                     ;
; Worst-Case Operating Conditions ; 1 Slow vidl 100C Model                                                                ;
+---------------------------------+---------------------------------------------------------------------------------------+

+--------------------------------------------------------------------------------------+
; Statistics                                                                           ;
+---------------------------+-------+-------+-------------+------------+-------+-------+
; Property                  ; Value ; Count ; Total Delay ; % of Total ; Min   ; Max   ;
+---------------------------+-------+-------+-------------+------------+-------+-------+
; Hold Relationship         ; 0.000 ;       ;             ;            ;       ;       ;
; Clock Skew                ; 6.974 ;       ;             ;            ;       ;       ;
; Data Delay                ; 0.103 ;       ;             ;            ;       ;       ;
; Number of Logic Levels    ;       ; 0     ;             ;            ;       ;       ;
; Physical Delays           ;       ;       ;             ;            ;       ;       ;
;  Arrival Path             ;       ;       ;             ;            ;       ;       ;
;   Clock                   ;       ;       ;             ;            ;       ;       ;
;    Clock Network (Lumped) ;       ; 1     ; 0.000       ;            ; 0.000 ; 0.000 ;
;   Data                    ;       ;       ;             ;            ;       ;       ;
;    IC                     ;       ; 1     ; 0.103       ; 100        ; 0.103 ; 0.103 ;
;    Cell                   ;       ; 1     ; 0.000       ; 0          ; 0.000 ; 0.000 ;
;  Required Path            ;       ;       ;             ;            ;       ;       ;
;   Clock                   ;       ;       ;             ;            ;       ;       ;
;    IC                     ;       ; 2     ; 5.770       ; 83         ; 0.000 ; 5.770 ;
;    Cell                   ;       ; 3     ; 1.204       ; 17         ; 0.000 ; 1.018 ;
+---------------------------+-------+-------+-------------+------------+-------+-------+
Note: Negative delays are omitted from totals when calculating percentages

+-----------------------------------------------------------------------------------------------------------------------------------------------------------------------------+
; Data Arrival Path                                                                                                                                                           ;
+---------+---------+----+------+--------+-----------------------+--------------------+---------------------------------------------------------------------------------------+
; Total   ; Incr    ; RF ; Type ; Fanout ; Location              ; Element Type       ; Element                                                                               ;
+---------+---------+----+------+--------+-----------------------+--------------------+---------------------------------------------------------------------------------------+
; 0.000   ; 0.000   ;    ;      ;        ;                       ;                    ; launch edge time                                                                      ;
; 0.000   ; 0.000   ;    ;      ;        ;                       ;                    ; clock path                                                                            ;
;   0.000 ;   0.000 ; R  ;      ;        ;                       ;                    ; clock network delay                                                                   ;
;   0.000 ;   0.000 ;    ;      ; 3      ; LABCELL_X396_Y174_N42 ; Combinational cell ; s_data[421]                                                                           ;
; 0.100   ; 0.100   ; F  ; iExt ; 3      ; LABCELL_X396_Y174_N42 ; Combinational cell ; s_data[421]                                                                           ;
; 0.203   ; 0.103   ;    ;      ;        ;                       ;                    ; data path                                                                             ;
;   0.203 ;   0.103 ; FF ; IC   ; 1      ; MPDSP_X397_Y174_N0    ; DSP block          ; u_pipe|g_pfb[6].u_pfb|g_lane[1].u_lane|g_mult[0].u_mult|add_0~DATAOUTA0|by[5]         ;
;   0.203 ;   0.000 ; FF ; CELL ; 0      ; MPDSP_X397_Y174_N0    ; DSP block          ; u_pipe|g_pfb[6].u_pfb|g_lane[1].u_lane|g_mult[0].u_mult|g_reg_in.a_q.re[5]~_Duplicate ;
+---------+---------+----+------+--------+-----------------------+--------------------+---------------------------------------------------------------------------------------+

+---------------------------------------------------------------------------------------------------------------------------------------------------------------------------+
; Data Required Path                                                                                                                                                        ;
+---------+---------+----+------+--------+-----------------------+------------------+---------------------------------------------------------------------------------------+
; Total   ; Incr    ; RF ; Type ; Fanout ; Location              ; Element Type     ; Element                                                                               ;
+---------+---------+----+------+--------+-----------------------+------------------+---------------------------------------------------------------------------------------+
; 0.000   ; 0.000   ;    ;      ;        ;                       ;                  ; latch edge time                                                                       ;
; 6.974   ; 6.974   ;    ;      ;        ;                       ;                  ; clock path                                                                            ;
;   0.000 ;   0.000 ;    ;      ;        ;                       ;                  ; source latency                                                                        ;
;   0.000 ;   0.000 ;    ;      ; 1      ; PIN_H19               ; I/O pad          ; core_clk                                                                              ;
;   0.000 ;   0.000 ; RR ; IC   ; 1      ; IOIBUF_X335_Y418_N121 ; I/O input buffer ; core_clk~input|i                                                                      ;
;   0.186 ;   0.186 ; RR ; CELL ; 1      ; IOIBUF_X335_Y418_N121 ; I/O input buffer ; core_clk~input|o                                                                      ;
;   1.204 ;   1.018 ; RR ; CELL ; 546664 ; IOIBUF_X335_Y418_N121 ; I/O input buffer ; core_clk~input~io96/m25_0_30__io12buf2_to_iopll__ioclkin3                             ;
;   6.974 ;   5.770 ; RR ; IC   ; 103    ; MPDSP_X397_Y174_N0    ; DSP block        ; u_pipe|g_pfb[6].u_pfb|g_lane[1].u_lane|g_mult[0].u_mult|add_0~DATAOUTA0|clk           ;
;   6.974 ;   0.000 ; RR ; CELL ; 0      ; MPDSP_X397_Y174_N0    ; DSP block        ; u_pipe|g_pfb[6].u_pfb|g_lane[1].u_lane|g_mult[0].u_mult|g_reg_in.a_q.re[5]~_Duplicate ;
; 6.974   ; 0.000   ;    ;      ;        ;                       ;                  ; clock uncertainty                                                                     ;
; 7.165   ; 0.191   ;    ; uTh  ; 0      ; MPDSP_X397_Y174_N0    ; DSP block        ; u_pipe|g_pfb[6].u_pfb|g_lane[1].u_lane|g_mult[0].u_mult|g_reg_in.a_q.re[5]~_Duplicate ;
+---------+---------+----+------+--------+-----------------------+------------------+---------------------------------------------------------------------------------------+



Path #8: Hold slack is -6.958 (VIOLATED)
===============================================================================
+---------------------------------------------------------------------------------------------------------------+
; Path Summary                                                                                                  ;
+---------------------------------+-----------------------------------------------------------------------------+
; Property                        ; Value                                                                       ;
+---------------------------------+-----------------------------------------------------------------------------+
; From Node                       ; s_data[760]                                                                 ;
; To Node                         ; u_pipe|g_pfb[11].u_pfb|g_lane[1].u_lane|g_mult[0].u_mult|g_reg_in.a_q.im[8] ;
; Launch Clock                    ; core_clk                                                                    ;
; Latch Clock                     ; core_clk                                                                    ;
; SDC Exception                   ; No SDC Exception on Path                                                    ;
; Data Arrival Time               ; 0.208                                                                       ;
; Data Required Time              ; 7.166                                                                       ;
; Slack                           ; -6.958 (VIOLATED)                                                           ;
; Worst-Case Operating Conditions ; 1 Slow vidl 100C Model                                                      ;
+---------------------------------+-----------------------------------------------------------------------------+

+--------------------------------------------------------------------------------------+
; Statistics                                                                           ;
+---------------------------+-------+-------+-------------+------------+-------+-------+
; Property                  ; Value ; Count ; Total Delay ; % of Total ; Min   ; Max   ;
+---------------------------+-------+-------+-------------+------------+-------+-------+
; Hold Relationship         ; 0.000 ;       ;             ;            ;       ;       ;
; Clock Skew                ; 6.980 ;       ;             ;            ;       ;       ;
; Data Delay                ; 0.108 ;       ;             ;            ;       ;       ;
; Number of Logic Levels    ;       ; 0     ;             ;            ;       ;       ;
; Physical Delays           ;       ;       ;             ;            ;       ;       ;
;  Arrival Path             ;       ;       ;             ;            ;       ;       ;
;   Clock                   ;       ;       ;             ;            ;       ;       ;
;    Clock Network (Lumped) ;       ; 1     ; 0.000       ;            ; 0.000 ; 0.000 ;
;   Data                    ;       ;       ;             ;            ;       ;       ;
;    IC                     ;       ; 1     ; 0.108       ; 100        ; 0.108 ; 0.108 ;
;    Cell                   ;       ; 1     ; 0.000       ; 0          ; 0.000 ; 0.000 ;
;  Required Path            ;       ;       ;             ;            ;       ;       ;
;   Clock                   ;       ;       ;             ;            ;       ;       ;
;    IC                     ;       ; 2     ; 5.776       ; 83         ; 0.000 ; 5.776 ;
;    Cell                   ;       ; 3     ; 1.204       ; 17         ; 0.000 ; 1.018 ;
+---------------------------+-------+-------+-------------+------------+-------+-------+
Note: Negative delays are omitted from totals when calculating percentages

+---------------------------------------------------------------------------------------------------------------------------------------------------------------------+
; Data Arrival Path                                                                                                                                                   ;
+---------+---------+----+------+--------+----------------------+--------------------+--------------------------------------------------------------------------------+
; Total   ; Incr    ; RF ; Type ; Fanout ; Location             ; Element Type       ; Element                                                                        ;
+---------+---------+----+------+--------+----------------------+--------------------+--------------------------------------------------------------------------------+
; 0.000   ; 0.000   ;    ;      ;        ;                      ;                    ; launch edge time                                                               ;
; 0.000   ; 0.000   ;    ;      ;        ;                      ;                    ; clock path                                                                     ;
;   0.000 ;   0.000 ; R  ;      ;        ;                      ;                    ; clock network delay                                                            ;
;   0.000 ;   0.000 ;    ;      ; 3      ; LABCELL_X342_Y206_N3 ; Combinational cell ; s_data[760]                                                                    ;
; 0.100   ; 0.100   ; F  ; iExt ; 3      ; LABCELL_X342_Y206_N3 ; Combinational cell ; s_data[760]                                                                    ;
; 0.208   ; 0.108   ;    ;      ;        ;                      ;                    ; data path                                                                      ;
;   0.208 ;   0.108 ; FF ; IC   ; 1      ; MPDSP_X343_Y206_N0   ; DSP block          ; u_pipe|g_pfb[11].u_pfb|g_lane[1].u_lane|g_mult[0].u_mult|add_1~DATAOUTA0|ay[8] ;
;   0.208 ;   0.000 ; FF ; CELL ; 0      ; MPDSP_X343_Y206_N0   ; DSP block          ; u_pipe|g_pfb[11].u_pfb|g_lane[1].u_lane|g_mult[0].u_mult|g_reg_in.a_q.im[8]    ;
+---------+---------+----+------+--------+----------------------+--------------------+--------------------------------------------------------------------------------+

+------------------------------------------------------------------------------------------------------------------------------------------------------------------+
; Data Required Path                                                                                                                                               ;
+---------+---------+----+------+--------+-----------------------+------------------+------------------------------------------------------------------------------+
; Total   ; Incr    ; RF ; Type ; Fanout ; Location              ; Element Type     ; Element                                                                      ;
+---------+---------+----+------+--------+-----------------------+------------------+------------------------------------------------------------------------------+
; 0.000   ; 0.000   ;    ;      ;        ;                       ;                  ; latch edge time                                                              ;
; 6.980   ; 6.980   ;    ;      ;        ;                       ;                  ; clock path                                                                   ;
;   0.000 ;   0.000 ;    ;      ;        ;                       ;                  ; source latency                                                               ;
;   0.000 ;   0.000 ;    ;      ; 1      ; PIN_H19               ; I/O pad          ; core_clk                                                                     ;
;   0.000 ;   0.000 ; RR ; IC   ; 1      ; IOIBUF_X335_Y418_N121 ; I/O input buffer ; core_clk~input|i                                                             ;
;   0.186 ;   0.186 ; RR ; CELL ; 1      ; IOIBUF_X335_Y418_N121 ; I/O input buffer ; core_clk~input|o                                                             ;
;   1.204 ;   1.018 ; RR ; CELL ; 546664 ; IOIBUF_X335_Y418_N121 ; I/O input buffer ; core_clk~input~io96/m25_0_30__io12buf2_to_iopll__ioclkin3                    ;
;   6.980 ;   5.776 ; RR ; IC   ; 103    ; MPDSP_X343_Y206_N0    ; DSP block        ; u_pipe|g_pfb[11].u_pfb|g_lane[1].u_lane|g_mult[0].u_mult|add_1~DATAOUTA0|clk ;
;   6.980 ;   0.000 ; RR ; CELL ; 0      ; MPDSP_X343_Y206_N0    ; DSP block        ; u_pipe|g_pfb[11].u_pfb|g_lane[1].u_lane|g_mult[0].u_mult|g_reg_in.a_q.im[8]  ;
; 6.980   ; 0.000   ;    ;      ;        ;                       ;                  ; clock uncertainty                                                            ;
; 7.166   ; 0.186   ;    ; uTh  ; 0      ; MPDSP_X343_Y206_N0    ; DSP block        ; u_pipe|g_pfb[11].u_pfb|g_lane[1].u_lane|g_mult[0].u_mult|g_reg_in.a_q.im[8]  ;
+---------+---------+----+------+--------+-----------------------+------------------+------------------------------------------------------------------------------+



Path #9: Hold slack is -6.957 (VIOLATED)
===============================================================================
+---------------------------------------------------------------------------------------------------------------+
; Path Summary                                                                                                  ;
+---------------------------------+-----------------------------------------------------------------------------+
; Property                        ; Value                                                                       ;
+---------------------------------+-----------------------------------------------------------------------------+
; From Node                       ; s_data[1013]                                                                ;
; To Node                         ; u_pipe|g_pfb[15].u_pfb|g_lane[1].u_lane|g_mult[0].u_mult|g_reg_in.a_q.im[5] ;
; Launch Clock                    ; core_clk                                                                    ;
; Latch Clock                     ; core_clk                                                                    ;
; SDC Exception                   ; No SDC Exception on Path                                                    ;
; Data Arrival Time               ; 0.217                                                                       ;
; Data Required Time              ; 7.174                                                                       ;
; Slack                           ; -6.957 (VIOLATED)                                                           ;
; Worst-Case Operating Conditions ; 1 Slow vidl 100C Model                                                      ;
+---------------------------------+-----------------------------------------------------------------------------+

+--------------------------------------------------------------------------------------+
; Statistics                                                                           ;
+---------------------------+-------+-------+-------------+------------+-------+-------+
; Property                  ; Value ; Count ; Total Delay ; % of Total ; Min   ; Max   ;
+---------------------------+-------+-------+-------------+------------+-------+-------+
; Hold Relationship         ; 0.000 ;       ;             ;            ;       ;       ;
; Clock Skew                ; 6.983 ;       ;             ;            ;       ;       ;
; Data Delay                ; 0.117 ;       ;             ;            ;       ;       ;
; Number of Logic Levels    ;       ; 0     ;             ;            ;       ;       ;
; Physical Delays           ;       ;       ;             ;            ;       ;       ;
;  Arrival Path             ;       ;       ;             ;            ;       ;       ;
;   Clock                   ;       ;       ;             ;            ;       ;       ;
;    Clock Network (Lumped) ;       ; 1     ; 0.000       ;            ; 0.000 ; 0.000 ;
;   Data                    ;       ;       ;             ;            ;       ;       ;
;    IC                     ;       ; 1     ; 0.117       ; 100        ; 0.117 ; 0.117 ;
;    Cell                   ;       ; 1     ; 0.000       ; 0          ; 0.000 ; 0.000 ;
;  Required Path            ;       ;       ;             ;            ;       ;       ;
;   Clock                   ;       ;       ;             ;            ;       ;       ;
;    IC                     ;       ; 2     ; 5.779       ; 83         ; 0.000 ; 5.779 ;
;    Cell                   ;       ; 3     ; 1.204       ; 17         ; 0.000 ; 1.018 ;
+---------------------------+-------+-------+-------------+------------+-------+-------+
Note: Negative delays are omitted from totals when calculating percentages

+----------------------------------------------------------------------------------------------------------------------------------------------------------------------+
; Data Arrival Path                                                                                                                                                    ;
+---------+---------+----+------+--------+-----------------------+--------------------+--------------------------------------------------------------------------------+
; Total   ; Incr    ; RF ; Type ; Fanout ; Location              ; Element Type       ; Element                                                                        ;
+---------+---------+----+------+--------+-----------------------+--------------------+--------------------------------------------------------------------------------+
; 0.000   ; 0.000   ;    ;      ;        ;                       ;                    ; launch edge time                                                               ;
; 0.000   ; 0.000   ;    ;      ;        ;                       ;                    ; clock path                                                                     ;
;   0.000 ;   0.000 ; R  ;      ;        ;                       ;                    ; clock network delay                                                            ;
;   0.000 ;   0.000 ;    ;      ; 3      ; MLABCELL_X373_Y214_N9 ; Combinational cell ; s_data[1013]                                                                   ;
; 0.100   ; 0.100   ; F  ; iExt ; 3      ; MLABCELL_X373_Y214_N9 ; Combinational cell ; s_data[1013]                                                                   ;
; 0.217   ; 0.117   ;    ;      ;        ;                       ;                    ; data path                                                                      ;
;   0.217 ;   0.117 ; FF ; IC   ; 1      ; MPDSP_X375_Y214_N0    ; DSP block          ; u_pipe|g_pfb[15].u_pfb|g_lane[1].u_lane|g_mult[0].u_mult|add_1~DATAOUTA0|ay[5] ;
;   0.217 ;   0.000 ; FF ; CELL ; 0      ; MPDSP_X375_Y214_N0    ; DSP block          ; u_pipe|g_pfb[15].u_pfb|g_lane[1].u_lane|g_mult[0].u_mult|g_reg_in.a_q.im[5]    ;
+---------+---------+----+------+--------+-----------------------+--------------------+--------------------------------------------------------------------------------+

+------------------------------------------------------------------------------------------------------------------------------------------------------------------+
; Data Required Path                                                                                                                                               ;
+---------+---------+----+------+--------+-----------------------+------------------+------------------------------------------------------------------------------+
; Total   ; Incr    ; RF ; Type ; Fanout ; Location              ; Element Type     ; Element                                                                      ;
+---------+---------+----+------+--------+-----------------------+------------------+------------------------------------------------------------------------------+
; 0.000   ; 0.000   ;    ;      ;        ;                       ;                  ; latch edge time                                                              ;
; 6.983   ; 6.983   ;    ;      ;        ;                       ;                  ; clock path                                                                   ;
;   0.000 ;   0.000 ;    ;      ;        ;                       ;                  ; source latency                                                               ;
;   0.000 ;   0.000 ;    ;      ; 1      ; PIN_H19               ; I/O pad          ; core_clk                                                                     ;
;   0.000 ;   0.000 ; RR ; IC   ; 1      ; IOIBUF_X335_Y418_N121 ; I/O input buffer ; core_clk~input|i                                                             ;
;   0.186 ;   0.186 ; RR ; CELL ; 1      ; IOIBUF_X335_Y418_N121 ; I/O input buffer ; core_clk~input|o                                                             ;
;   1.204 ;   1.018 ; RR ; CELL ; 546664 ; IOIBUF_X335_Y418_N121 ; I/O input buffer ; core_clk~input~io96/m25_0_30__io12buf2_to_iopll__ioclkin3                    ;
;   6.983 ;   5.779 ; RR ; IC   ; 103    ; MPDSP_X375_Y214_N0    ; DSP block        ; u_pipe|g_pfb[15].u_pfb|g_lane[1].u_lane|g_mult[0].u_mult|add_1~DATAOUTA0|clk ;
;   6.983 ;   0.000 ; RR ; CELL ; 0      ; MPDSP_X375_Y214_N0    ; DSP block        ; u_pipe|g_pfb[15].u_pfb|g_lane[1].u_lane|g_mult[0].u_mult|g_reg_in.a_q.im[5]  ;
; 6.983   ; 0.000   ;    ;      ;        ;                       ;                  ; clock uncertainty                                                            ;
; 7.174   ; 0.191   ;    ; uTh  ; 0      ; MPDSP_X375_Y214_N0    ; DSP block        ; u_pipe|g_pfb[15].u_pfb|g_lane[1].u_lane|g_mult[0].u_mult|g_reg_in.a_q.im[5]  ;
+---------+---------+----+------+--------+-----------------------+------------------+------------------------------------------------------------------------------+



Path #10: Hold slack is -6.956 (VIOLATED)
===============================================================================
+--------------------------------------------------------------------------------------------------------------------------+
; Path Summary                                                                                                             ;
+---------------------------------+----------------------------------------------------------------------------------------+
; Property                        ; Value                                                                                  ;
+---------------------------------+----------------------------------------------------------------------------------------+
; From Node                       ; s_data[752]                                                                            ;
; To Node                         ; u_pipe|g_pfb[11].u_pfb|g_lane[1].u_lane|g_mult[0].u_mult|g_reg_in.a_q.im[0]~_Duplicate ;
; Launch Clock                    ; core_clk                                                                               ;
; Latch Clock                     ; core_clk                                                                               ;
; SDC Exception                   ; No SDC Exception on Path                                                               ;
; Data Arrival Time               ; 0.207                                                                                  ;
; Data Required Time              ; 7.163                                                                                  ;
; Slack                           ; -6.956 (VIOLATED)                                                                      ;
; Worst-Case Operating Conditions ; 1 Slow vidl 100C Model                                                                 ;
+---------------------------------+----------------------------------------------------------------------------------------+

+--------------------------------------------------------------------------------------+
; Statistics                                                                           ;
+---------------------------+-------+-------+-------------+------------+-------+-------+
; Property                  ; Value ; Count ; Total Delay ; % of Total ; Min   ; Max   ;
+---------------------------+-------+-------+-------------+------------+-------+-------+
; Hold Relationship         ; 0.000 ;       ;             ;            ;       ;       ;
; Clock Skew                ; 6.982 ;       ;             ;            ;       ;       ;
; Data Delay                ; 0.107 ;       ;             ;            ;       ;       ;
; Number of Logic Levels    ;       ; 0     ;             ;            ;       ;       ;
; Physical Delays           ;       ;       ;             ;            ;       ;       ;
;  Arrival Path             ;       ;       ;             ;            ;       ;       ;
;   Clock                   ;       ;       ;             ;            ;       ;       ;
;    Clock Network (Lumped) ;       ; 1     ; 0.000       ;            ; 0.000 ; 0.000 ;
;   Data                    ;       ;       ;             ;            ;       ;       ;
;    IC                     ;       ; 1     ; 0.107       ; 100        ; 0.107 ; 0.107 ;
;    Cell                   ;       ; 1     ; 0.000       ; 0          ; 0.000 ; 0.000 ;
;  Required Path            ;       ;       ;             ;            ;       ;       ;
;   Clock                   ;       ;       ;             ;            ;       ;       ;
;    IC                     ;       ; 2     ; 5.778       ; 83         ; 0.000 ; 5.778 ;
;    Cell                   ;       ; 3     ; 1.204       ; 17         ; 0.000 ; 1.018 ;
+---------------------------+-------+-------+-------------+------------+-------+-------+
Note: Negative delays are omitted from totals when calculating percentages

+-----------------------------------------------------------------------------------------------------------------------------------------------------------------------------+
; Data Arrival Path                                                                                                                                                           ;
+---------+---------+----+------+--------+----------------------+--------------------+----------------------------------------------------------------------------------------+
; Total   ; Incr    ; RF ; Type ; Fanout ; Location             ; Element Type       ; Element                                                                                ;
+---------+---------+----+------+--------+----------------------+--------------------+----------------------------------------------------------------------------------------+
; 0.000   ; 0.000   ;    ;      ;        ;                      ;                    ; launch edge time                                                                       ;
; 0.000   ; 0.000   ;    ;      ;        ;                      ;                    ; clock path                                                                             ;
;   0.000 ;   0.000 ; R  ;      ;        ;                      ;                    ; clock network delay                                                                    ;
;   0.000 ;   0.000 ;    ;      ; 3      ; LABCELL_X342_Y207_N3 ; Combinational cell ; s_data[752]                                                                            ;
; 0.100   ; 0.100   ; R  ; iExt ; 3      ; LABCELL_X342_Y207_N3 ; Combinational cell ; s_data[752]                                                                            ;
; 0.207   ; 0.107   ;    ;      ;        ;                      ;                    ; data path                                                                              ;
;   0.207 ;   0.107 ; RR ; IC   ; 1      ; MPDSP_X343_Y207_N0   ; DSP block          ; u_pipe|g_pfb[11].u_pfb|g_lane[1].u_lane|g_mult[0].u_mult|add_0~DATAOUTA0|ay[0]         ;
;   0.207 ;   0.000 ; RR ; CELL ; 0      ; MPDSP_X343_Y207_N0   ; DSP block          ; u_pipe|g_pfb[11].u_pfb|g_lane[1].u_lane|g_mult[0].u_mult|g_reg_in.a_q.im[0]~_Duplicate ;
+---------+---------+----+------+--------+----------------------+--------------------+----------------------------------------------------------------------------------------+

+----------------------------------------------------------------------------------------------------------------------------------------------------------------------------+
; Data Required Path                                                                                                                                                         ;
+---------+---------+----+------+--------+-----------------------+------------------+----------------------------------------------------------------------------------------+
; Total   ; Incr    ; RF ; Type ; Fanout ; Location              ; Element Type     ; Element                                                                                ;
+---------+---------+----+------+--------+-----------------------+------------------+----------------------------------------------------------------------------------------+
; 0.000   ; 0.000   ;    ;      ;        ;                       ;                  ; latch edge time                                                                        ;
; 6.982   ; 6.982   ;    ;      ;        ;                       ;                  ; clock path                                                                             ;
;   0.000 ;   0.000 ;    ;      ;        ;                       ;                  ; source latency                                                                         ;
;   0.000 ;   0.000 ;    ;      ; 1      ; PIN_H19               ; I/O pad          ; core_clk                                                                               ;
;   0.000 ;   0.000 ; RR ; IC   ; 1      ; IOIBUF_X335_Y418_N121 ; I/O input buffer ; core_clk~input|i                                                                       ;
;   0.186 ;   0.186 ; RR ; CELL ; 1      ; IOIBUF_X335_Y418_N121 ; I/O input buffer ; core_clk~input|o                                                                       ;
;   1.204 ;   1.018 ; RR ; CELL ; 546664 ; IOIBUF_X335_Y418_N121 ; I/O input buffer ; core_clk~input~io96/m25_0_30__io12buf2_to_iopll__ioclkin3                              ;
;   6.982 ;   5.778 ; RR ; IC   ; 103    ; MPDSP_X343_Y207_N0    ; DSP block        ; u_pipe|g_pfb[11].u_pfb|g_lane[1].u_lane|g_mult[0].u_mult|add_0~DATAOUTA0|clk           ;
;   6.982 ;   0.000 ; RR ; CELL ; 0      ; MPDSP_X343_Y207_N0    ; DSP block        ; u_pipe|g_pfb[11].u_pfb|g_lane[1].u_lane|g_mult[0].u_mult|g_reg_in.a_q.im[0]~_Duplicate ;
; 6.982   ; 0.000   ;    ;      ;        ;                       ;                  ; clock uncertainty                                                                      ;
; 7.163   ; 0.181   ;    ; uTh  ; 0      ; MPDSP_X343_Y207_N0    ; DSP block        ; u_pipe|g_pfb[11].u_pfb|g_lane[1].u_lane|g_mult[0].u_mult|g_reg_in.a_q.im[0]~_Duplicate ;
+---------+---------+----+------+--------+-----------------------+------------------+----------------------------------------------------------------------------------------+



+--------------------------+
; Timing Analyzer Messages ;
+--------------------------+
Info (20030): Parallel compilation is enabled and will use 16 of the 16 processors detected
Info: *******************************************************************
Info: Running Quartus Prime Timing Analyzer
    Info: Version 26.1.0 Build 110 03/26/2026 SC Pro Edition
    Info: Processing started: Tue Jul 28 13:49:40 2026
    Info: System process ID: 33756
Info: Command: quartus_sta agilex7_wideband -c agilex7_wideband --dni
Info: qsta_default_script.tcl version: #1
Info (16677): Loading final database.
Info (16734): Loading "final" snapshot for partition "root_partition".
Info (16678): Successfully loaded final database: elapsed time is 00:00:37.
Info (21077): Low junction temperature is 0 degrees C
Info (21077): High junction temperature is 100 degrees C
Info (19539): Reading the HDL-embedded SDC files elapsed 00:00:00.
Info (332104): Reading SDC File: '../constraints/clocks.sdc'
Info (332151): Clock uncertainty is not calculated until you update the timing netlist.
Info (332104): Reading SDC File: '../constraints/io.sdc'
Info (332104): Reading SDC File: '../constraints/exceptions.sdc'
Info (19449): Reading SDC files elapsed 00:00:01.
Warning (332060): Node: cfg_clk was determined to be a clock but was found without an associated clock assignment.
    Info (13166): Register u_pipe|g_pfb[5].u_pfb|u_coeff|u_wr_cdc|u_sync_ack|sync_q[1][0] is being clocked by cfg_clk
Warning (332060): Node: history_clk was determined to be a clock but was found without an associated clock assignment.
    Info (13166): Register u_pipe|u_align_cdc|u_fifo|wr_gray_q[0] is being clocked by history_clk
Info (332123): Deriving Clock Uncertainty. Please refer to report_sdc in the Timing Analyzer to see clock uncertainties.
Info: Found TIMING_ANALYZER_REPORT_SCRIPT_INCLUDE_DEFAULT_ANALYSIS = ON
Critical Warning (332148): Timing requirements not met
    Info (19062): For recommendations on closing timing for HyperFlex architectures, run Fast Forward Timing Closure Recommendations in the Compilation Dashboard.
Info (332146): Worst-case setup slack is -22.987
    Info (332119):     Slack       End Point TNS Failing End Points      Clock Worst-Case Operating Conditions 
    Info (332119): ========= =================== ========= ========== ===================== 
    Info (332119):   -22.987        -1146299.488    432977   core_clk  Slow vid1 100C Model 
Info (332146): Worst-case hold slack is -7.031
    Info (332119):     Slack       End Point TNS Failing End Points      Clock Worst-Case Operating Conditions 
    Info (332119): ========= =================== ========= ========== ===================== 
    Info (332119):    -7.031         -627908.625    135211   core_clk 1 Slow vidl 100C Model 
Info (332140): No Recovery paths to report
Info (332140): No Removal paths to report
Info (332140): No Setup paths to report
Info (332140): No Recovery paths to report
Info (332146): Worst-case minimum pulse width slack is 0.230
    Info (332119):     Slack       End Point TNS Failing End Points      Clock Worst-Case Operating Conditions 
    Info (332119): ========= =================== ========= ========== ===================== 
    Info (332119):     0.230               0.000         0   core_clk Slow vid1b 100C Model 
Info (332102): Design is not fully constrained for setup requirements
Info (332102): Design is not fully constrained for hold requirements
Info (21615): Running Design Assistant Rules for snapshot 'final'
Info: No waiver waived any violations
Info (22360): Design Assistant Results: 78 of 85 enabled rules passed, and 10 rules was disabled, in snapshot 'final'
Warning (21620): Design Assistant Results: 1 of 34 High severity rules issued violations in snapshot 'final'. Please refer to DRC report 'D:/agilex-7-radar-test/quartus/project/output_files/agilex7_wideband.tq.drc.signoff.rpt' for more information
Info (21621): Design Assistant Results: 3 of 36 Medium severity rules issued violations in snapshot 'final'. Please refer to DRC report 'D:/agilex-7-radar-test/quartus/project/output_files/agilex7_wideband.tq.drc.signoff.rpt' for more information
Info (21622): Design Assistant Results: 3 of 15 Low severity rules issued violations in snapshot 'final'. Please refer to DRC report 'D:/agilex-7-radar-test/quartus/project/output_files/agilex7_wideband.tq.drc.signoff.rpt' for more information
Info: Quartus Prime Timing Analyzer was successful. 0 errors, 4 warnings
    Info: Peak virtual memory: 14962 megabytes
    Info: Processing ended: Tue Jul 28 13:51:36 2026
    Info: Elapsed time: 00:01:56
    Info: System process ID: 33756
Info (19538): Reading SDC files took 00:00:01 cumulatively in this process.


+------------------------------------------------------------------+
; Unconstrained Paths Summary                                      ;
+---------------------------------------------------+-------+------+
; Property                                          ; Setup ; Hold ;
+---------------------------------------------------+-------+------+
; Illegal Clocks                                    ; 0     ; 0    ;
; Unconstrained Clocks                              ; 2     ; 2    ;
; Unconstrained Input Ports                         ; 0     ; 0    ;
; Paths from Unconstrained Input Ports (Pairs-Only) ; 0     ; 0    ;
; Unconstrained Output Ports                        ; 0     ; 0    ;
; Paths to Unconstrained Output Ports (Pairs-Only)  ; 0     ; 0    ;
+---------------------------------------------------+-------+------+


+-----------------------------------------------+
; Clock Status Summary                          ;
+-------------+----------+------+---------------+
; Target      ; Clock    ; Type ; Status        ;
+-------------+----------+------+---------------+
; cfg_clk     ;          ; Base ; Unconstrained ;
; history_clk ;          ; Base ; Unconstrained ;
; core_clk    ; core_clk ; Base ; Constrained   ;
+-------------+----------+------+---------------+


-------------
; INI Usage ;
-------------
Nothing to report.


+------------------------------------------------------------------------------------------+
; Multicorner Timing Analysis Summary                                                      ;
+------------------+--------------+-------------+----------+---------+---------------------+
; Clock            ; Setup        ; Hold        ; Recovery ; Removal ; Minimum Pulse Width ;
+------------------+--------------+-------------+----------+---------+---------------------+
; Worst-case Slack ; -22.987      ; -7.031      ; N/A      ; N/A     ; 0.230               ;
;  core_clk        ; -22.987      ; -7.031      ; N/A      ; N/A     ; 0.230               ;
; Design-wide TNS  ; -1146299.488 ; -627908.625 ; 0.0      ; 0.0     ; 0.0                 ;
;  core_clk        ; -1146299.488 ; -627908.625 ; N/A      ; N/A     ; 0.000               ;
+------------------+--------------+-------------+----------+---------+---------------------+


+----------------------------------------------------------------------------------------------------------------------------------------------------------------------------------------------+
; Design Assistant (Signoff) Results - 7 of 85 Rules Failed                                                                                                                                    ;
+------------------------------------------------------------------------------------------------------------+----------+------------+--------+------------------------------------------------+
; Rule                                                                                                       ; Severity ; Violations ; Waived ; Tags                                           ;
+------------------------------------------------------------------------------------------------------------+----------+------------+--------+------------------------------------------------+
; CLK-30026 - Missing Clock Assignment                                                                       ; High     ; 2          ; 0      ; sdc                                            ;
; FLP-10000 - Physical RAM with Utilization Below Threshold                                                  ; Medium   ; 220        ; 0      ; ram, resource-usage                            ;
; FLP-10501 - Top-Level Ports Without Pin Location Assignment                                                ; Medium   ; 6          ; 0      ; system                                         ;
; TMC-20214 - Buses with Incoming Paths Failing Setup Analysis with Multiple Sequential Adder Chains         ; Medium   ; 6          ; 0      ; logic-levels                                   ;
; TMC-20602 - Registers with High Timing Path Endpoint Tension                                               ; Low      ; 349        ; 0      ; register-duplication, register-spread, place   ;
; TMC-20604 - Registers with High Timing Path Endpoint Span                                                  ; Low      ; 85         ; 0      ; register-duplication, register-spread, place   ;
; TMC-20603 - Registers with High Immediate Fan-Out Span                                                     ; Low      ; 45         ; 0      ; register-duplication, register-spread, place   ;
; CDC-50001 - 1-Bit Asynchronous Transfer Not Synchronized                                                   ; High     ; 0          ; 0      ; synchronizer                                   ;
; CDC-50002 - 1-Bit Asynchronous Transfer with Insufficient Constraints                                      ; High     ; 0          ; 0      ; synchronizer                                   ;
; CDC-50003 - CE-Type CDC Transfer with Insufficient Constraints                                             ; High     ; 0          ; 0      ; cdc-bus                                        ;
; CDC-50004 - MUX-type CDC Transfer with Insufficient Constraints                                            ; High     ; 0          ; 0      ; cdc-bus                                        ;
; CDC-50005 - CDC Bus Constructed with Multi-bit Synchronizer Chains of Different Lengths                    ; High     ; 0          ; 0      ; synchronizer, cdc-bus                          ;
; CDC-50006 - CDC Bus Constructed with Unsynchronized Registers                                              ; High     ; 0          ; 0      ; synchronizer, cdc-bus                          ;
; CDC-50007 - CDC Bus Constructed with Multi-bit Synchronizer Chains with Insufficient Constraints           ; High     ; 0          ; 0      ; synchronizer, cdc-bus                          ;
; CDC-50011 - Combinational Logic Before Synchronizer Chain                                                  ; High     ; 0          ; 0      ; synchronizer                                   ;
; CDC-50012 - Multiple Clock Domains Driving a Synchronizer Chain                                            ; High     ; 0          ; 0      ; synchronizer                                   ;
; CLK-30027 - Multiple Clock Assignments Found                                                               ; High     ; 0          ; 0      ; sdc                                            ;
; CLK-30028 - Invalid Generated Clock                                                                        ; High     ; 0          ; 0      ; sdc                                            ;
; CLK-30029 - Invalid Clock Assignments                                                                      ; High     ; 0          ; 0      ; sdc                                            ;
; CLK-30030 - PLL Setting Violation                                                                          ; High     ; 0          ; 0      ; sdc                                            ;
; CLK-30033 - Invalid Clock Group Assignment                                                                 ; High     ; 0          ; 0      ; sdc                                            ;
; CLK-30034 - Clock Pairs Missing Logically Exclusive Clock Group Assignment                                 ; High     ; 0          ; 0      ; sdc                                            ;
; CLK-30035 - Clock Pairs Missing Physically Exclusive Clock Group Assignment                                ; High     ; 0          ; 0      ; sdc                                            ;
; CLK-30042 - Incorrect Clock Group Type                                                                     ; High     ; 0          ; 0      ; sdc                                            ;
; RES-50001 - Asynchronous Reset Is Not Synchronized                                                         ; High     ; 0          ; 0      ; synchronizer                                   ;
; RES-50002 - Asynchronous Reset is Insufficiently Synchronized                                              ; High     ; 0          ; 0      ; synchronizer                                   ;
; RES-50003 - Asynchronous Reset with Insufficient Constraints                                               ; High     ; 0          ; 0      ; synchronizer                                   ;
; RES-50004 - Multiple Asynchronous Resets within Reset Synchronizer Chain                                   ; High     ; 0          ; 0      ; synchronizer                                   ;
; TMC-20011 - Missing Input Delay Constraint                                                                 ; High     ; 0          ; 0      ; sdc, system                                    ;
; TMC-20012 - Missing Output Delay Constraint                                                                ; High     ; 0          ; 0      ; sdc, system                                    ;
; TMC-20013 - Partial Input Delay                                                                            ; High     ; 0          ; 0      ; sdc, system                                    ;
; TMC-20014 - Partial Output Delay                                                                           ; High     ; 0          ; 0      ; sdc, system                                    ;
; TMC-20015 - Inconsistent Min-Max Delay                                                                     ; High     ; 0          ; 0      ; sdc                                            ;
; TMC-20016 - Invalid Reference Pin                                                                          ; High     ; 0          ; 0      ; sdc, system                                    ;
; TMC-20017 - Loops Detected                                                                                 ; High     ; 0          ; 0      ; sdc                                            ;
; TMC-20019 - Partial Multicycle Assignment                                                                  ; High     ; 0          ; 0      ; sdc                                            ;
; TMC-20022 - I/O Delay Assignment Missing Parameters                                                        ; High     ; 0          ; 0      ; sdc, system                                    ;
; TMC-20023 - Invalid Set Net Delay Assignment                                                               ; High     ; 0          ; 0      ; sdc                                            ;
; TMC-20027 - Collection Filter Matching Multiple Types                                                      ; High     ; 0          ; 0      ; sdc                                            ;
; TMC-30041 - Constraint with Invalid Clock Reference                                                        ; High     ; 0          ; 0      ; sdc                                            ;
; CDC-50103 - Unsynchronized Intra-Clock Forced Synchronizer                                                 ; Medium   ; 0          ; 0      ; synchronizer                                   ;
; CLK-30031 - Input Delay Assigned to Clock                                                                  ; Medium   ; 0          ; 0      ; sdc, system                                    ;
; CLK-30032 - Improper Clock Targets                                                                         ; Medium   ; 0          ; 0      ; sdc                                            ;
; LNT-30023 - Reset Nets with Polarity Conflict                                                              ; Medium   ; 0          ; 0      ; reset-usage                                    ;
; RDC-50003 - Multiple Asynchronous Reset Synchronizers in the Same Clock Domain                             ; Medium   ; 0          ; 0      ; reset-usage, reset-reachability                ;
; TMC-20018 - Unsupported Latches Detected                                                                   ; Medium   ; 0          ; 0      ; latch                                          ;
; TMC-20021 - Partial Min-Max Delay Assignment                                                               ; Medium   ; 0          ; 0      ; sdc                                            ;
; TMC-20024 - Synchronous Data Delay Assignment                                                              ; Medium   ; 0          ; 0      ; sdc                                            ;
; TMC-20025 - Ignored or Overridden Constraints                                                              ; Medium   ; 0          ; 0      ; sdc                                            ;
; TMC-20026 - Empty Collection Due To Unmatched Filter                                                       ; Medium   ; 0          ; 0      ; sdc                                            ;
; TMC-20200 - Paths Failing Setup Analysis with Impossible Requirements                                      ; Medium   ; 0          ; 0      ; intrinsic-margin, impossible-requirements, sdc ;
; TMC-20201 - Paths Failing Setup Analysis with High Clock Skew                                              ; Medium   ; 0          ; 0      ; intrinsic-margin                               ;
; TMC-20204 - Endpoints of Paths Failing Setup Analysis with Retiming Restrictions                           ; Medium   ; 0          ; 0      ; retime                                         ;
; TMC-20205 - Endpoints of Paths Failing Setup Analysis with Explicit Power-Up States that Restrict Retiming ; Medium   ; 0          ; 0      ; retime                                         ;
; TMC-20206 - DSP Blocks with Unregistered Outputs that are the Source of Paths Failing Setup Analysis       ; Medium   ; 0          ; 0      ; dsp                                            ;
; TMC-20207 - DSP Blocks with Unregistered Inputs that are the Destination of Paths Failing Setup Analysis   ; Medium   ; 0          ; 0      ; dsp                                            ;
; TMC-20208 - RAM Blocks with Unregistered Outputs that are the Source of Paths Failing Setup Analysis       ; Medium   ; 0          ; 0      ; ram                                            ;
; TMC-20209 - Paths Failing Setup Analysis with High Routing Delay due to Congestion                         ; Medium   ; 0          ; 0      ; route                                          ;
; TMC-20210 - Paths Failing Setup Analysis with High Routing Delay Added for Hold                            ; Medium   ; 0          ; 0      ; route                                          ;
; TMC-20212 - Paths Failing Setup Analysis with Global Routing in Data Path                                  ; Medium   ; 0          ; 0      ; global-signal, route                           ;
; TMC-20213 - Paths Failing Setup Analysis with Locally Routed Clock                                         ; Medium   ; 0          ; 0      ; global-signal, clock-skew                      ;
; TMC-20215 - Buses with Incoming Paths Failing Setup Analysis with Multipliers Implemented in Logic         ; Medium   ; 0          ; 0      ; logic-levels, dsp                              ;
; TMC-20216 - Paths Failing Setup Analysis with Inferred-RAM Shift Register Endpoints                        ; Medium   ; 0          ; 0      ; ram                                            ;
; TMC-20217 - Paths Failing Setup Analysis with Clock-As-Data                                                ; Medium   ; 0          ; 0      ; nonstandard-timing                             ;
; TMC-20219 - DSP Blocks with Restricted Fmax below Required Fmax                                            ; Medium   ; 0          ; 0      ; dsp, minimum-pulse-width                       ;
; TMC-20220 - RAM Blocks with Restricted Fmax below Required Fmax                                            ; Medium   ; 0          ; 0      ; ram, minimum-pulse-width                       ;
; TMC-20221 - Nodes Failing Minimum Pulse Width Due to Clock Pulse Collapse                                  ; Medium   ; 0          ; 0      ; minimum-pulse-width                            ;
; TMC-20312 - Paths Failing Hold Analysis with Global Routing in Data Path                                   ; Medium   ; 0          ; 0      ; global-signal, route                           ;
; TMC-20313 - Paths Failing Hold Analysis with Locally Routed Clock                                          ; Medium   ; 0          ; 0      ; global-signal, clock-skew                      ;
; TMC-20712 - Paths Failing Recovery Analysis with Global Routing in Data Path                               ; Medium   ; 0          ; 0      ; global-signal, route                           ;
; TMC-20713 - Paths Failing Recovery Analysis with Locally Routed Clock                                      ; Medium   ; 0          ; 0      ; global-signal, clock-skew                      ;
; TMC-20812 - Paths Failing Removal Analysis with Global Routing in Data Path                                ; Medium   ; 0          ; 0      ; global-signal, route                           ;
; TMC-20813 - Paths Failing Removal Analysis with Locally Routed Clock                                       ; Medium   ; 0          ; 0      ; global-signal, clock-skew                      ;
; CDC-50008 - CDC Bus Constructed with Multi-bit Synchronizer Chains                                         ; Low      ; 0          ; 0      ; synchronizer, cdc-bus                          ;
; CDC-50101 - Intra-Clock False Path Synchronizer                                                            ; Low      ; 0          ; 0      ; synchronizer, false-positive-synchronizer      ;
; CDC-50102 - Synchronizer after CDC Topology with Control Signal                                            ; Low      ; 0          ; 0      ; synchronizer, false-positive-synchronizer      ;
; FLP-40006 - Pipelining Registers That Might Be Recoverable                                                 ; Low      ; 0          ; 0      ; resource-usage                                 ;
; LNT-30010 - Nets Driving both Reset and Clock Enable Signals                                               ; Low      ; 0          ; 0      ; reset-usage                                    ;
; RES-50010 - Reset Synchronizer Chains with Constant Output                                                 ; Low      ; 0          ; 0      ; synchronizer                                   ;
; RES-50101 - Intra-Clock False Path Reset Synchronizer                                                      ; Low      ; 0          ; 0      ; synchronizer, false-positive-synchronizer      ;
; TMC-20020 - Invalid Multicycle Assignment                                                                  ; Low      ; 0          ; 0      ; sdc                                            ;
; TMC-20550 - Automatically Selected Duplication Candidate Rejected for Placement Constraint                 ; Low      ; 0          ; 0      ; register-duplication, place                    ;
; TMC-20551 - Automatically Selected Duplication Candidate Likely Requires More Duplication                  ; Low      ; 0          ; 0      ; register-duplication, place                    ;
; TMC-20552 - User Selected Duplication Candidate was Rejected                                               ; Low      ; 0          ; 0      ; register-duplication, place                    ;
; TMC-20601 - Registers with High Immediate Fan-Out Tension                                                  ; Low      ; 0          ; 0      ; register-duplication, register-spread, place   ;
+------------------------------------------------------------------------------------------------------------+----------+------------+--------+------------------------------------------------+


Status:		FAIL
Severity:		High
Number of violations: 	2
Rule Parameters:      	max_violations = 5000
+-----------------------------------------------------------------------------------------------------------------------+
; CLK-30026 - Missing Clock Assignment                                                                                  ;
+-------------+------------------------------------------------------------------------------------------------+--------+
; Clock       ; Reason                                                                                         ; Waived ;
+-------------+------------------------------------------------------------------------------------------------+--------+
; history_clk ; Node was determined to feed a clock port but was found without an associated clock assignment. ;        ;
; cfg_clk     ; Node was determined to feed a clock port but was found without an associated clock assignment. ;        ;
+-------------+------------------------------------------------------------------------------------------------+--------+


Status:		FAIL
Severity:		Medium
Number of violations: 	220
Rule Parameters:      	
		max_violations = 5000
		device_ram_occupation = 80
		low_utilization = 10
+----------------------------------------------------------------------------------------------------------------------------------------------------------------------------------------------------------------------+
; FLP-10000 - Physical RAM with Utilization Below Threshold                                                                                                                                                            ;
+-----------------------+-------------------------+-------------------------------+---------------------------------------------------------------------------------------------------------------------------+--------+
; Physical RAM Location ; Physical RAM Usage Bits ; Physical RAM Usage Percentage ; Logical RAM Name                                                                                                          ; Waived ;
+-----------------------+-------------------------+-------------------------------+---------------------------------------------------------------------------------------------------------------------------+--------+
; M20K_X144_Y305_N0     ; 8                       ; 0                             ; u_pipe|u_align|u_collect|u_out|mem_rtl_0|auto_generated|altera_syncram_impl1|ALTERA_SYNCRAM                               ;        ;
; M20K_X208_Y366_N0     ; 28                      ; 0.1                           ; u_pipe|u_bf|u_out|mem_rtl_0|auto_generated|altera_syncram_impl1|ALTERA_SYNCRAM                                            ;        ;
; M20K_X219_Y356_N0     ; 72                      ; 0.4                           ; u_pipe|u_fanout_fifo|mem_rtl_0|auto_generated|altera_syncram_impl1|ALTERA_SYNCRAM                                         ;        ;
; M20K_X133_Y289_N0     ; 160                     ; 0.8                           ; u_pipe|u_align|u_collect|u_out|mem_rtl_0|auto_generated|altera_syncram_impl1|ALTERA_SYNCRAM                               ;        ;
; M20K_X133_Y290_N0     ; 160                     ; 0.8                           ; u_pipe|u_align|u_collect|u_out|mem_rtl_0|auto_generated|altera_syncram_impl1|ALTERA_SYNCRAM                               ;        ;
; M20K_X133_Y298_N0     ; 160                     ; 0.8                           ; u_pipe|u_align|u_collect|u_out|mem_rtl_0|auto_generated|altera_syncram_impl1|ALTERA_SYNCRAM                               ;        ;
; M20K_X133_Y299_N0     ; 160                     ; 0.8                           ; u_pipe|u_align|u_collect|u_out|mem_rtl_0|auto_generated|altera_syncram_impl1|ALTERA_SYNCRAM                               ;        ;
; M20K_X133_Y306_N0     ; 160                     ; 0.8                           ; u_pipe|u_align|u_collect|u_out|mem_rtl_0|auto_generated|altera_syncram_impl1|ALTERA_SYNCRAM                               ;        ;
; M20K_X133_Y307_N0     ; 160                     ; 0.8                           ; u_pipe|u_align|u_collect|u_out|mem_rtl_0|auto_generated|altera_syncram_impl1|ALTERA_SYNCRAM                               ;        ;
; M20K_X144_Y294_N0     ; 160                     ; 0.8                           ; u_pipe|u_align|u_collect|u_out|mem_rtl_0|auto_generated|altera_syncram_impl1|ALTERA_SYNCRAM                               ;        ;
; M20K_X144_Y295_N0     ; 160                     ; 0.8                           ; u_pipe|u_align|u_collect|u_out|mem_rtl_0|auto_generated|altera_syncram_impl1|ALTERA_SYNCRAM                               ;        ;
; M20K_X144_Y296_N0     ; 160                     ; 0.8                           ; u_pipe|u_align|u_collect|u_out|mem_rtl_0|auto_generated|altera_syncram_impl1|ALTERA_SYNCRAM                               ;        ;
; M20K_X144_Y297_N0     ; 160                     ; 0.8                           ; u_pipe|u_align|u_collect|u_out|mem_rtl_0|auto_generated|altera_syncram_impl1|ALTERA_SYNCRAM                               ;        ;
; M20K_X149_Y298_N0     ; 160                     ; 0.8                           ; u_pipe|u_align|u_collect|u_out|mem_rtl_0|auto_generated|altera_syncram_impl1|ALTERA_SYNCRAM                               ;        ;
; M20K_X149_Y308_N0     ; 160                     ; 0.8                           ; u_pipe|u_align|u_collect|u_out|mem_rtl_0|auto_generated|altera_syncram_impl1|ALTERA_SYNCRAM                               ;        ;
; M20K_X154_Y298_N0     ; 160                     ; 0.8                           ; u_pipe|u_align|u_collect|u_out|mem_rtl_0|auto_generated|altera_syncram_impl1|ALTERA_SYNCRAM                               ;        ;
; M20K_X154_Y299_N0     ; 160                     ; 0.8                           ; u_pipe|u_align|u_collect|u_out|mem_rtl_0|auto_generated|altera_syncram_impl1|ALTERA_SYNCRAM                               ;        ;
; M20K_X154_Y301_N0     ; 160                     ; 0.8                           ; u_pipe|u_align|u_collect|u_out|mem_rtl_0|auto_generated|altera_syncram_impl1|ALTERA_SYNCRAM                               ;        ;
; M20K_X165_Y298_N0     ; 160                     ; 0.8                           ; u_pipe|u_align|u_collect|u_out|mem_rtl_0|auto_generated|altera_syncram_impl1|ALTERA_SYNCRAM                               ;        ;
; M20K_X165_Y299_N0     ; 160                     ; 0.8                           ; u_pipe|u_align|u_collect|u_out|mem_rtl_0|auto_generated|altera_syncram_impl1|ALTERA_SYNCRAM                               ;        ;
; M20K_X165_Y303_N0     ; 160                     ; 0.8                           ; u_pipe|u_align|u_collect|u_out|mem_rtl_0|auto_generated|altera_syncram_impl1|ALTERA_SYNCRAM                               ;        ;
; M20K_X165_Y310_N0     ; 160                     ; 0.8                           ; u_pipe|u_align|u_collect|u_out|mem_rtl_0|auto_generated|altera_syncram_impl1|ALTERA_SYNCRAM                               ;        ;
; M20K_X165_Y311_N0     ; 160                     ; 0.8                           ; u_pipe|u_align|u_collect|u_out|mem_rtl_0|auto_generated|altera_syncram_impl1|ALTERA_SYNCRAM                               ;        ;
; M20K_X176_Y298_N0     ; 160                     ; 0.8                           ; u_pipe|u_align|u_collect|u_out|mem_rtl_0|auto_generated|altera_syncram_impl1|ALTERA_SYNCRAM                               ;        ;
; M20K_X176_Y299_N0     ; 160                     ; 0.8                           ; u_pipe|u_align|u_collect|u_out|mem_rtl_0|auto_generated|altera_syncram_impl1|ALTERA_SYNCRAM                               ;        ;
; M20K_X176_Y309_N0     ; 160                     ; 0.8                           ; u_pipe|u_align|u_collect|u_out|mem_rtl_0|auto_generated|altera_syncram_impl1|ALTERA_SYNCRAM                               ;        ;
; M20K_X176_Y310_N0     ; 160                     ; 0.8                           ; u_pipe|u_align|u_collect|u_out|mem_rtl_0|auto_generated|altera_syncram_impl1|ALTERA_SYNCRAM                               ;        ;
; M20K_X176_Y311_N0     ; 160                     ; 0.8                           ; u_pipe|u_align|u_collect|u_out|mem_rtl_0|auto_generated|altera_syncram_impl1|ALTERA_SYNCRAM                               ;        ;
; M20K_X187_Y297_N0     ; 160                     ; 0.8                           ; u_pipe|u_align|u_collect|u_out|mem_rtl_0|auto_generated|altera_syncram_impl1|ALTERA_SYNCRAM                               ;        ;
; M20K_X219_Y349_N0     ; 160                     ; 0.8                           ; u_pipe|u_fanout_fifo|mem_rtl_0|auto_generated|altera_syncram_impl1|ALTERA_SYNCRAM                                         ;        ;
; M20K_X219_Y350_N0     ; 160                     ; 0.8                           ; u_pipe|u_fanout_fifo|mem_rtl_0|auto_generated|altera_syncram_impl1|ALTERA_SYNCRAM                                         ;        ;
; M20K_X219_Y352_N0     ; 160                     ; 0.8                           ; u_pipe|u_fanout_fifo|mem_rtl_0|auto_generated|altera_syncram_impl1|ALTERA_SYNCRAM                                         ;        ;
; M20K_X219_Y353_N0     ; 160                     ; 0.8                           ; u_pipe|u_fanout_fifo|mem_rtl_0|auto_generated|altera_syncram_impl1|ALTERA_SYNCRAM                                         ;        ;
; M20K_X219_Y355_N0     ; 160                     ; 0.8                           ; u_pipe|u_fanout_fifo|mem_rtl_0|auto_generated|altera_syncram_impl1|ALTERA_SYNCRAM                                         ;        ;
; M20K_X219_Y359_N0     ; 160                     ; 0.8                           ; u_pipe|u_fanout_fifo|mem_rtl_0|auto_generated|altera_syncram_impl1|ALTERA_SYNCRAM                                         ;        ;
; M20K_X219_Y360_N0     ; 160                     ; 0.8                           ; u_pipe|u_fanout_fifo|mem_rtl_0|auto_generated|altera_syncram_impl1|ALTERA_SYNCRAM                                         ;        ;
; M20K_X219_Y361_N0     ; 160                     ; 0.8                           ; u_pipe|u_fanout_fifo|mem_rtl_0|auto_generated|altera_syncram_impl1|ALTERA_SYNCRAM                                         ;        ;
; M20K_X219_Y362_N0     ; 160                     ; 0.8                           ; u_pipe|u_fanout_fifo|mem_rtl_0|auto_generated|altera_syncram_impl1|ALTERA_SYNCRAM                                         ;        ;
; M20K_X219_Y363_N0     ; 160                     ; 0.8                           ; u_pipe|u_fanout_fifo|mem_rtl_0|auto_generated|altera_syncram_impl1|ALTERA_SYNCRAM                                         ;        ;
; M20K_X219_Y364_N0     ; 160                     ; 0.8                           ; u_pipe|u_fanout_fifo|mem_rtl_0|auto_generated|altera_syncram_impl1|ALTERA_SYNCRAM                                         ;        ;
; M20K_X219_Y365_N0     ; 160                     ; 0.8                           ; u_pipe|u_fanout_fifo|mem_rtl_0|auto_generated|altera_syncram_impl1|ALTERA_SYNCRAM                                         ;        ;
; M20K_X219_Y367_N0     ; 160                     ; 0.8                           ; u_pipe|u_fanout_fifo|mem_rtl_0|auto_generated|altera_syncram_impl1|ALTERA_SYNCRAM                                         ;        ;
; M20K_X219_Y368_N0     ; 160                     ; 0.8                           ; u_pipe|u_fanout_fifo|mem_rtl_0|auto_generated|altera_syncram_impl1|ALTERA_SYNCRAM                                         ;        ;
; M20K_X219_Y370_N0     ; 160                     ; 0.8                           ; u_pipe|u_fanout_fifo|mem_rtl_0|auto_generated|altera_syncram_impl1|ALTERA_SYNCRAM                                         ;        ;
; M20K_X219_Y371_N0     ; 160                     ; 0.8                           ; u_pipe|u_fanout_fifo|mem_rtl_0|auto_generated|altera_syncram_impl1|ALTERA_SYNCRAM                                         ;        ;
; M20K_X219_Y372_N0     ; 160                     ; 0.8                           ; u_pipe|u_fanout_fifo|mem_rtl_0|auto_generated|altera_syncram_impl1|ALTERA_SYNCRAM                                         ;        ;
; M20K_X219_Y373_N0     ; 160                     ; 0.8                           ; u_pipe|u_fanout_fifo|mem_rtl_0|auto_generated|altera_syncram_impl1|ALTERA_SYNCRAM                                         ;        ;
; M20K_X219_Y376_N0     ; 160                     ; 0.8                           ; u_pipe|u_fanout_fifo|mem_rtl_0|auto_generated|altera_syncram_impl1|ALTERA_SYNCRAM                                         ;        ;
; M20K_X219_Y377_N0     ; 160                     ; 0.8                           ; u_pipe|u_fanout_fifo|mem_rtl_0|auto_generated|altera_syncram_impl1|ALTERA_SYNCRAM                                         ;        ;
; M20K_X230_Y351_N0     ; 160                     ; 0.8                           ; u_pipe|u_fanout_fifo|mem_rtl_0|auto_generated|altera_syncram_impl1|ALTERA_SYNCRAM                                         ;        ;
; M20K_X230_Y352_N0     ; 160                     ; 0.8                           ; u_pipe|u_fanout_fifo|mem_rtl_0|auto_generated|altera_syncram_impl1|ALTERA_SYNCRAM                                         ;        ;
; M20K_X230_Y354_N0     ; 160                     ; 0.8                           ; u_pipe|u_fanout_fifo|mem_rtl_0|auto_generated|altera_syncram_impl1|ALTERA_SYNCRAM                                         ;        ;
; M20K_X230_Y356_N0     ; 160                     ; 0.8                           ; u_pipe|u_fanout_fifo|mem_rtl_0|auto_generated|altera_syncram_impl1|ALTERA_SYNCRAM                                         ;        ;
; M20K_X230_Y362_N0     ; 160                     ; 0.8                           ; u_pipe|u_fanout_fifo|mem_rtl_0|auto_generated|altera_syncram_impl1|ALTERA_SYNCRAM                                         ;        ;
; M20K_X230_Y370_N0     ; 160                     ; 0.8                           ; u_pipe|u_fanout_fifo|mem_rtl_0|auto_generated|altera_syncram_impl1|ALTERA_SYNCRAM                                         ;        ;
; M20K_X230_Y371_N0     ; 160                     ; 0.8                           ; u_pipe|u_fanout_fifo|mem_rtl_0|auto_generated|altera_syncram_impl1|ALTERA_SYNCRAM                                         ;        ;
; M20K_X230_Y373_N0     ; 160                     ; 0.8                           ; u_pipe|u_fanout_fifo|mem_rtl_0|auto_generated|altera_syncram_impl1|ALTERA_SYNCRAM                                         ;        ;
; M20K_X230_Y375_N0     ; 160                     ; 0.8                           ; u_pipe|u_fanout_fifo|mem_rtl_0|auto_generated|altera_syncram_impl1|ALTERA_SYNCRAM                                         ;        ;
; M20K_X230_Y377_N0     ; 160                     ; 0.8                           ; u_pipe|u_fanout_fifo|mem_rtl_0|auto_generated|altera_syncram_impl1|ALTERA_SYNCRAM                                         ;        ;
; M20K_X273_Y357_N0     ; 160                     ; 0.8                           ; u_pipe|u_fanout_fifo|mem_rtl_0|auto_generated|altera_syncram_impl1|ALTERA_SYNCRAM                                         ;        ;
; M20K_X284_Y365_N0     ; 160                     ; 0.8                           ; u_pipe|u_fanout_fifo|mem_rtl_0|auto_generated|altera_syncram_impl1|ALTERA_SYNCRAM                                         ;        ;
; M20K_X365_Y373_N0     ; 240                     ; 1.2                           ; u_pipe|u_dma_tap_buf|mem_rtl_0|auto_generated|altera_syncram_impl1|ALTERA_SYNCRAM                                         ;        ;
; M20K_X349_Y382_N0     ; 272                     ; 1.3                           ; u_pipe|g_cfar_per_beam[11].u_cfar|u_out|mem_rtl_0|auto_generated|altera_syncram_impl1|ALTERA_SYNCRAM                      ;        ;
; M20K_X349_Y383_N0     ; 272                     ; 1.3                           ; u_pipe|g_cfar_per_beam[2].u_cfar|u_out|mem_rtl_0|auto_generated|altera_syncram_impl1|ALTERA_SYNCRAM                       ;        ;
; M20K_X349_Y384_N0     ; 272                     ; 1.3                           ; u_pipe|g_cfar_per_beam[3].u_cfar|u_out|mem_rtl_0|auto_generated|altera_syncram_impl1|ALTERA_SYNCRAM                       ;        ;
; M20K_X360_Y384_N0     ; 272                     ; 1.3                           ; u_pipe|g_cfar_per_beam[5].u_cfar|u_out|mem_rtl_0|auto_generated|altera_syncram_impl1|ALTERA_SYNCRAM                       ;        ;
; M20K_X360_Y385_N0     ; 272                     ; 1.3                           ; u_pipe|g_cfar_per_beam[8].u_cfar|u_out|mem_rtl_0|auto_generated|altera_syncram_impl1|ALTERA_SYNCRAM                       ;        ;
; M20K_X360_Y386_N0     ; 272                     ; 1.3                           ; u_pipe|g_cfar_per_beam[7].u_cfar|u_out|mem_rtl_0|auto_generated|altera_syncram_impl1|ALTERA_SYNCRAM                       ;        ;
; M20K_X365_Y380_N0     ; 272                     ; 1.3                           ; u_pipe|g_cfar_per_beam[4].u_cfar|u_out|mem_rtl_0|auto_generated|altera_syncram_impl1|ALTERA_SYNCRAM                       ;        ;
; M20K_X365_Y382_N0     ; 272                     ; 1.3                           ; u_pipe|g_cfar_per_beam[10].u_cfar|u_out|mem_rtl_0|auto_generated|altera_syncram_impl1|ALTERA_SYNCRAM                      ;        ;
; M20K_X365_Y383_N0     ; 272                     ; 1.3                           ; u_pipe|g_cfar_per_beam[1].u_cfar|u_out|mem_rtl_0|auto_generated|altera_syncram_impl1|ALTERA_SYNCRAM                       ;        ;
; M20K_X365_Y385_N0     ; 272                     ; 1.3                           ; u_pipe|g_cfar_per_beam[12].u_cfar|u_out|mem_rtl_0|auto_generated|altera_syncram_impl1|ALTERA_SYNCRAM                      ;        ;
; M20K_X370_Y385_N0     ; 272                     ; 1.3                           ; u_pipe|g_cfar_per_beam[6].u_cfar|u_out|mem_rtl_0|auto_generated|altera_syncram_impl1|ALTERA_SYNCRAM                       ;        ;
; M20K_X370_Y386_N0     ; 272                     ; 1.3                           ; u_pipe|g_cfar_per_beam[15].u_cfar|u_out|mem_rtl_0|auto_generated|altera_syncram_impl1|ALTERA_SYNCRAM                      ;        ;
; M20K_X370_Y389_N0     ; 272                     ; 1.3                           ; u_pipe|g_cfar_per_beam[9].u_cfar|u_out|mem_rtl_0|auto_generated|altera_syncram_impl1|ALTERA_SYNCRAM                       ;        ;
; M20K_X381_Y384_N0     ; 272                     ; 1.3                           ; u_pipe|g_cfar_per_beam[0].u_cfar|u_out|mem_rtl_0|auto_generated|altera_syncram_impl1|ALTERA_SYNCRAM                       ;        ;
; M20K_X381_Y386_N0     ; 272                     ; 1.3                           ; u_pipe|g_cfar_per_beam[14].u_cfar|u_out|mem_rtl_0|auto_generated|altera_syncram_impl1|ALTERA_SYNCRAM                      ;        ;
; M20K_X381_Y387_N0     ; 272                     ; 1.3                           ; u_pipe|g_cfar_per_beam[13].u_cfar|u_out|mem_rtl_0|auto_generated|altera_syncram_impl1|ALTERA_SYNCRAM                      ;        ;
; M20K_X306_Y271_N0     ; 312                     ; 1.5                           ; u_pipe|g_pfb[1].u_pfb|u_out|mem_rtl_0|auto_generated|altera_syncram_impl1|ALTERA_SYNCRAM                                  ;        ;
; M20K_X327_Y263_N0     ; 312                     ; 1.5                           ; u_pipe|g_pfb[3].u_pfb|u_out|mem_rtl_0|auto_generated|altera_syncram_impl1|ALTERA_SYNCRAM                                  ;        ;
; M20K_X338_Y222_N0     ; 312                     ; 1.5                           ; u_pipe|g_pfb[4].u_pfb|u_out|mem_rtl_0|auto_generated|altera_syncram_impl1|ALTERA_SYNCRAM                                  ;        ;
; M20K_X338_Y263_N0     ; 312                     ; 1.5                           ; u_pipe|g_pfb[14].u_pfb|u_out|mem_rtl_0|auto_generated|altera_syncram_impl1|ALTERA_SYNCRAM                                 ;        ;
; M20K_X349_Y232_N0     ; 312                     ; 1.5                           ; u_pipe|g_pfb[9].u_pfb|u_out|mem_rtl_0|auto_generated|altera_syncram_impl1|ALTERA_SYNCRAM                                  ;        ;
; M20K_X349_Y261_N0     ; 312                     ; 1.5                           ; u_pipe|g_pfb[11].u_pfb|u_out|mem_rtl_0|auto_generated|altera_syncram_impl1|ALTERA_SYNCRAM                                 ;        ;
; M20K_X365_Y267_N0     ; 312                     ; 1.5                           ; u_pipe|g_pfb[5].u_pfb|u_out|mem_rtl_0|auto_generated|altera_syncram_impl1|ALTERA_SYNCRAM                                  ;        ;
; M20K_X370_Y266_N0     ; 312                     ; 1.5                           ; u_pipe|g_pfb[7].u_pfb|u_out|mem_rtl_0|auto_generated|altera_syncram_impl1|ALTERA_SYNCRAM                                  ;        ;
; M20K_X392_Y266_N0     ; 312                     ; 1.5                           ; u_pipe|g_pfb[0].u_pfb|u_out|mem_rtl_0|auto_generated|altera_syncram_impl1|ALTERA_SYNCRAM                                  ;        ;
; M20K_X414_Y233_N0     ; 312                     ; 1.5                           ; u_pipe|g_pfb[2].u_pfb|u_out|mem_rtl_0|auto_generated|altera_syncram_impl1|ALTERA_SYNCRAM                                  ;        ;
; M20K_X414_Y236_N0     ; 312                     ; 1.5                           ; u_pipe|g_pfb[13].u_pfb|u_out|mem_rtl_0|auto_generated|altera_syncram_impl1|ALTERA_SYNCRAM                                 ;        ;
; M20K_X414_Y241_N0     ; 312                     ; 1.5                           ; u_pipe|g_pfb[8].u_pfb|u_out|mem_rtl_0|auto_generated|altera_syncram_impl1|ALTERA_SYNCRAM                                  ;        ;
; M20K_X414_Y266_N0     ; 312                     ; 1.5                           ; u_pipe|g_pfb[15].u_pfb|u_out|mem_rtl_0|auto_generated|altera_syncram_impl1|ALTERA_SYNCRAM                                 ;        ;
; M20K_X419_Y300_N0     ; 312                     ; 1.5                           ; u_pipe|g_pfb[12].u_pfb|u_out|mem_rtl_0|auto_generated|altera_syncram_impl1|ALTERA_SYNCRAM                                 ;        ;
; M20K_X424_Y260_N0     ; 312                     ; 1.5                           ; u_pipe|g_pfb[10].u_pfb|u_out|mem_rtl_0|auto_generated|altera_syncram_impl1|ALTERA_SYNCRAM                                 ;        ;
; M20K_X435_Y243_N0     ; 312                     ; 1.5                           ; u_pipe|g_pfb[6].u_pfb|u_out|mem_rtl_0|auto_generated|altera_syncram_impl1|ALTERA_SYNCRAM                                  ;        ;
; M20K_X349_Y368_N0     ; 320                     ; 1.6                           ; u_pipe|g_cfar_per_beam[11].u_cfar|u_out|mem_rtl_0|auto_generated|altera_syncram_impl1|ALTERA_SYNCRAM                      ;        ;
; M20K_X349_Y372_N0     ; 320                     ; 1.6                           ; u_pipe|g_cfar_per_beam[2].u_cfar|u_out|mem_rtl_0|auto_generated|altera_syncram_impl1|ALTERA_SYNCRAM                       ;        ;
; M20K_X349_Y373_N0     ; 320                     ; 1.6                           ; u_pipe|g_cfar_per_beam[8].u_cfar|u_out|mem_rtl_0|auto_generated|altera_syncram_impl1|ALTERA_SYNCRAM                       ;        ;
; M20K_X349_Y374_N0     ; 320                     ; 1.6                           ; u_pipe|g_cfar_per_beam[7].u_cfar|u_out|mem_rtl_0|auto_generated|altera_syncram_impl1|ALTERA_SYNCRAM                       ;        ;
; M20K_X349_Y375_N0     ; 320                     ; 1.6                           ; u_pipe|g_cfar_per_beam[10].u_cfar|u_out|mem_rtl_0|auto_generated|altera_syncram_impl1|ALTERA_SYNCRAM                      ;        ;
; M20K_X349_Y376_N0     ; 320                     ; 1.6                           ; u_pipe|g_cfar_per_beam[9].u_cfar|u_out|mem_rtl_0|auto_generated|altera_syncram_impl1|ALTERA_SYNCRAM                       ;        ;
; M20K_X349_Y377_N0     ; 320                     ; 1.6                           ; u_pipe|g_cfar_per_beam[12].u_cfar|u_out|mem_rtl_0|auto_generated|altera_syncram_impl1|ALTERA_SYNCRAM                      ;        ;
; M20K_X349_Y378_N0     ; 320                     ; 1.6                           ; u_pipe|g_cfar_per_beam[13].u_cfar|u_out|mem_rtl_0|auto_generated|altera_syncram_impl1|ALTERA_SYNCRAM                      ;        ;
; M20K_X349_Y379_N0     ; 320                     ; 1.6                           ; u_pipe|g_cfar_per_beam[11].u_cfar|u_out|mem_rtl_0|auto_generated|altera_syncram_impl1|ALTERA_SYNCRAM                      ;        ;
; M20K_X360_Y364_N0     ; 320                     ; 1.6                           ; u_pipe|g_cfar_per_beam[10].u_cfar|u_out|mem_rtl_0|auto_generated|altera_syncram_impl1|ALTERA_SYNCRAM                      ;        ;
; M20K_X360_Y365_N0     ; 320                     ; 1.6                           ; u_pipe|g_cfar_per_beam[7].u_cfar|u_out|mem_rtl_0|auto_generated|altera_syncram_impl1|ALTERA_SYNCRAM                       ;        ;
; M20K_X360_Y366_N0     ; 320                     ; 1.6                           ; u_pipe|g_cfar_per_beam[3].u_cfar|u_out|mem_rtl_0|auto_generated|altera_syncram_impl1|ALTERA_SYNCRAM                       ;        ;
; M20K_X360_Y376_N0     ; 320                     ; 1.6                           ; u_pipe|g_cfar_per_beam[3].u_cfar|u_out|mem_rtl_0|auto_generated|altera_syncram_impl1|ALTERA_SYNCRAM                       ;        ;
; M20K_X360_Y377_N0     ; 320                     ; 1.6                           ; u_pipe|g_cfar_per_beam[4].u_cfar|u_out|mem_rtl_0|auto_generated|altera_syncram_impl1|ALTERA_SYNCRAM                       ;        ;
; M20K_X360_Y378_N0     ; 320                     ; 1.6                           ; u_pipe|g_cfar_per_beam[14].u_cfar|u_out|mem_rtl_0|auto_generated|altera_syncram_impl1|ALTERA_SYNCRAM                      ;        ;
; M20K_X360_Y379_N0     ; 320                     ; 1.6                           ; u_pipe|g_cfar_per_beam[15].u_cfar|u_out|mem_rtl_0|auto_generated|altera_syncram_impl1|ALTERA_SYNCRAM                      ;        ;
; M20K_X360_Y380_N0     ; 320                     ; 1.6                           ; u_pipe|g_cfar_per_beam[5].u_cfar|u_out|mem_rtl_0|auto_generated|altera_syncram_impl1|ALTERA_SYNCRAM                       ;        ;
; M20K_X360_Y381_N0     ; 320                     ; 1.6                           ; u_pipe|g_cfar_per_beam[6].u_cfar|u_out|mem_rtl_0|auto_generated|altera_syncram_impl1|ALTERA_SYNCRAM                       ;        ;
; M20K_X365_Y361_N0     ; 320                     ; 1.6                           ; u_pipe|g_cfar_per_beam[12].u_cfar|u_out|mem_rtl_0|auto_generated|altera_syncram_impl1|ALTERA_SYNCRAM                      ;        ;
; M20K_X365_Y364_N0     ; 320                     ; 1.6                           ; u_pipe|g_cfar_per_beam[12].u_cfar|u_out|mem_rtl_0|auto_generated|altera_syncram_impl1|ALTERA_SYNCRAM                      ;        ;
; M20K_X365_Y365_N0     ; 320                     ; 1.6                           ; u_pipe|g_cfar_per_beam[9].u_cfar|u_out|mem_rtl_0|auto_generated|altera_syncram_impl1|ALTERA_SYNCRAM                       ;        ;
; M20K_X365_Y366_N0     ; 320                     ; 1.6                           ; u_pipe|g_cfar_per_beam[4].u_cfar|u_out|mem_rtl_0|auto_generated|altera_syncram_impl1|ALTERA_SYNCRAM                       ;        ;
; M20K_X365_Y367_N0     ; 320                     ; 1.6                           ; u_pipe|g_cfar_per_beam[5].u_cfar|u_out|mem_rtl_0|auto_generated|altera_syncram_impl1|ALTERA_SYNCRAM                       ;        ;
; M20K_X365_Y368_N0     ; 320                     ; 1.6                           ; u_pipe|g_cfar_per_beam[8].u_cfar|u_out|mem_rtl_0|auto_generated|altera_syncram_impl1|ALTERA_SYNCRAM                       ;        ;
; M20K_X365_Y369_N0     ; 320                     ; 1.6                           ; u_pipe|g_cfar_per_beam[11].u_cfar|u_out|mem_rtl_0|auto_generated|altera_syncram_impl1|ALTERA_SYNCRAM                      ;        ;
; M20K_X365_Y370_N0     ; 320                     ; 1.6                           ; u_pipe|g_cfar_per_beam[0].u_cfar|u_out|mem_rtl_0|auto_generated|altera_syncram_impl1|ALTERA_SYNCRAM                       ;        ;
; M20K_X365_Y371_N0     ; 320                     ; 1.6                           ; u_pipe|g_cfar_per_beam[1].u_cfar|u_out|mem_rtl_0|auto_generated|altera_syncram_impl1|ALTERA_SYNCRAM                       ;        ;
; M20K_X365_Y372_N0     ; 320                     ; 1.6                           ; u_pipe|g_cfar_per_beam[2].u_cfar|u_out|mem_rtl_0|auto_generated|altera_syncram_impl1|ALTERA_SYNCRAM                       ;        ;
; M20K_X365_Y377_N0     ; 320                     ; 1.6                           ; u_pipe|g_cfar_per_beam[0].u_cfar|u_out|mem_rtl_0|auto_generated|altera_syncram_impl1|ALTERA_SYNCRAM                       ;        ;
; M20K_X365_Y378_N0     ; 320                     ; 1.6                           ; u_pipe|g_cfar_per_beam[1].u_cfar|u_out|mem_rtl_0|auto_generated|altera_syncram_impl1|ALTERA_SYNCRAM                       ;        ;
; M20K_X365_Y388_N0     ; 320                     ; 1.6                           ; u_pipe|g_cfar_per_beam[2].u_cfar|u_out|mem_rtl_0|auto_generated|altera_syncram_impl1|ALTERA_SYNCRAM                       ;        ;
; M20K_X370_Y361_N0     ; 320                     ; 1.6                           ; u_pipe|g_cfar_per_beam[7].u_cfar|u_out|mem_rtl_0|auto_generated|altera_syncram_impl1|ALTERA_SYNCRAM                       ;        ;
; M20K_X370_Y365_N0     ; 320                     ; 1.6                           ; u_pipe|g_cfar_per_beam[8].u_cfar|u_out|mem_rtl_0|auto_generated|altera_syncram_impl1|ALTERA_SYNCRAM                       ;        ;
; M20K_X370_Y366_N0     ; 320                     ; 1.6                           ; u_pipe|g_cfar_per_beam[13].u_cfar|u_out|mem_rtl_0|auto_generated|altera_syncram_impl1|ALTERA_SYNCRAM                      ;        ;
; M20K_X370_Y367_N0     ; 320                     ; 1.6                           ; u_pipe|g_cfar_per_beam[4].u_cfar|u_out|mem_rtl_0|auto_generated|altera_syncram_impl1|ALTERA_SYNCRAM                       ;        ;
; M20K_X370_Y368_N0     ; 320                     ; 1.6                           ; u_pipe|g_cfar_per_beam[3].u_cfar|u_out|mem_rtl_0|auto_generated|altera_syncram_impl1|ALTERA_SYNCRAM                       ;        ;
; M20K_X370_Y369_N0     ; 320                     ; 1.6                           ; u_pipe|g_cfar_per_beam[10].u_cfar|u_out|mem_rtl_0|auto_generated|altera_syncram_impl1|ALTERA_SYNCRAM                      ;        ;
; M20K_X370_Y370_N0     ; 320                     ; 1.6                           ; u_pipe|g_cfar_per_beam[2].u_cfar|u_out|mem_rtl_0|auto_generated|altera_syncram_impl1|ALTERA_SYNCRAM                       ;        ;
; M20K_X370_Y371_N0     ; 320                     ; 1.6                           ; u_pipe|g_cfar_per_beam[15].u_cfar|u_out|mem_rtl_0|auto_generated|altera_syncram_impl1|ALTERA_SYNCRAM                      ;        ;
; M20K_X370_Y372_N0     ; 320                     ; 1.6                           ; u_pipe|g_cfar_per_beam[5].u_cfar|u_out|mem_rtl_0|auto_generated|altera_syncram_impl1|ALTERA_SYNCRAM                       ;        ;
; M20K_X370_Y373_N0     ; 320                     ; 1.6                           ; u_pipe|g_cfar_per_beam[14].u_cfar|u_out|mem_rtl_0|auto_generated|altera_syncram_impl1|ALTERA_SYNCRAM                      ;        ;
; M20K_X370_Y374_N0     ; 320                     ; 1.6                           ; u_pipe|g_cfar_per_beam[1].u_cfar|u_out|mem_rtl_0|auto_generated|altera_syncram_impl1|ALTERA_SYNCRAM                       ;        ;
; M20K_X370_Y375_N0     ; 320                     ; 1.6                           ; u_pipe|g_cfar_per_beam[0].u_cfar|u_out|mem_rtl_0|auto_generated|altera_syncram_impl1|ALTERA_SYNCRAM                       ;        ;
; M20K_X370_Y376_N0     ; 320                     ; 1.6                           ; u_pipe|g_cfar_per_beam[5].u_cfar|u_out|mem_rtl_0|auto_generated|altera_syncram_impl1|ALTERA_SYNCRAM                       ;        ;
; M20K_X370_Y379_N0     ; 320                     ; 1.6                           ; u_pipe|g_cfar_per_beam[3].u_cfar|u_out|mem_rtl_0|auto_generated|altera_syncram_impl1|ALTERA_SYNCRAM                       ;        ;
; M20K_X370_Y380_N0     ; 320                     ; 1.6                           ; u_pipe|g_cfar_per_beam[1].u_cfar|u_out|mem_rtl_0|auto_generated|altera_syncram_impl1|ALTERA_SYNCRAM                       ;        ;
; M20K_X370_Y381_N0     ; 320                     ; 1.6                           ; u_pipe|g_cfar_per_beam[11].u_cfar|u_out|mem_rtl_0|auto_generated|altera_syncram_impl1|ALTERA_SYNCRAM                      ;        ;
; M20K_X370_Y382_N0     ; 320                     ; 1.6                           ; u_pipe|g_cfar_per_beam[10].u_cfar|u_out|mem_rtl_0|auto_generated|altera_syncram_impl1|ALTERA_SYNCRAM                      ;        ;
; M20K_X370_Y383_N0     ; 320                     ; 1.6                           ; u_pipe|g_cfar_per_beam[7].u_cfar|u_out|mem_rtl_0|auto_generated|altera_syncram_impl1|ALTERA_SYNCRAM                       ;        ;
; M20K_X370_Y384_N0     ; 320                     ; 1.6                           ; u_pipe|g_cfar_per_beam[8].u_cfar|u_out|mem_rtl_0|auto_generated|altera_syncram_impl1|ALTERA_SYNCRAM                       ;        ;
; M20K_X381_Y366_N0     ; 320                     ; 1.6                           ; u_pipe|g_cfar_per_beam[14].u_cfar|u_out|mem_rtl_0|auto_generated|altera_syncram_impl1|ALTERA_SYNCRAM                      ;        ;
; M20K_X381_Y367_N0     ; 320                     ; 1.6                           ; u_pipe|g_cfar_per_beam[9].u_cfar|u_out|mem_rtl_0|auto_generated|altera_syncram_impl1|ALTERA_SYNCRAM                       ;        ;
; M20K_X381_Y368_N0     ; 320                     ; 1.6                           ; u_pipe|g_cfar_per_beam[15].u_cfar|u_out|mem_rtl_0|auto_generated|altera_syncram_impl1|ALTERA_SYNCRAM                      ;        ;
; M20K_X381_Y369_N0     ; 320                     ; 1.6                           ; u_pipe|g_cfar_per_beam[13].u_cfar|u_out|mem_rtl_0|auto_generated|altera_syncram_impl1|ALTERA_SYNCRAM                      ;        ;
; M20K_X381_Y370_N0     ; 320                     ; 1.6                           ; u_pipe|g_cfar_per_beam[6].u_cfar|u_out|mem_rtl_0|auto_generated|altera_syncram_impl1|ALTERA_SYNCRAM                       ;        ;
; M20K_X381_Y371_N0     ; 320                     ; 1.6                           ; u_pipe|g_cfar_per_beam[6].u_cfar|u_out|mem_rtl_0|auto_generated|altera_syncram_impl1|ALTERA_SYNCRAM                       ;        ;
; M20K_X381_Y374_N0     ; 320                     ; 1.6                           ; u_pipe|g_cfar_per_beam[4].u_cfar|u_out|mem_rtl_0|auto_generated|altera_syncram_impl1|ALTERA_SYNCRAM                       ;        ;
; M20K_X381_Y375_N0     ; 320                     ; 1.6                           ; u_pipe|g_cfar_per_beam[14].u_cfar|u_out|mem_rtl_0|auto_generated|altera_syncram_impl1|ALTERA_SYNCRAM                      ;        ;
; M20K_X381_Y376_N0     ; 320                     ; 1.6                           ; u_pipe|g_cfar_per_beam[15].u_cfar|u_out|mem_rtl_0|auto_generated|altera_syncram_impl1|ALTERA_SYNCRAM                      ;        ;
; M20K_X381_Y377_N0     ; 320                     ; 1.6                           ; u_pipe|g_cfar_per_beam[12].u_cfar|u_out|mem_rtl_0|auto_generated|altera_syncram_impl1|ALTERA_SYNCRAM                      ;        ;
; M20K_X381_Y378_N0     ; 320                     ; 1.6                           ; u_pipe|g_cfar_per_beam[13].u_cfar|u_out|mem_rtl_0|auto_generated|altera_syncram_impl1|ALTERA_SYNCRAM                      ;        ;
; M20K_X381_Y380_N0     ; 320                     ; 1.6                           ; u_pipe|g_cfar_per_beam[0].u_cfar|u_out|mem_rtl_0|auto_generated|altera_syncram_impl1|ALTERA_SYNCRAM                       ;        ;
; M20K_X381_Y381_N0     ; 320                     ; 1.6                           ; u_pipe|g_cfar_per_beam[6].u_cfar|u_out|mem_rtl_0|auto_generated|altera_syncram_impl1|ALTERA_SYNCRAM                       ;        ;
; M20K_X381_Y383_N0     ; 320                     ; 1.6                           ; u_pipe|g_cfar_per_beam[9].u_cfar|u_out|mem_rtl_0|auto_generated|altera_syncram_impl1|ALTERA_SYNCRAM                       ;        ;
; M20K_X306_Y270_N0     ; 480                     ; 2.3                           ; u_pipe|g_pfb[1].u_pfb|u_out|mem_rtl_0|auto_generated|altera_syncram_impl1|ALTERA_SYNCRAM                                  ;        ;
; M20K_X327_Y267_N0     ; 480                     ; 2.3                           ; u_pipe|g_pfb[3].u_pfb|u_out|mem_rtl_0|auto_generated|altera_syncram_impl1|ALTERA_SYNCRAM                                  ;        ;
; M20K_X338_Y220_N0     ; 480                     ; 2.3                           ; u_pipe|g_pfb[4].u_pfb|u_out|mem_rtl_0|auto_generated|altera_syncram_impl1|ALTERA_SYNCRAM                                  ;        ;
; M20K_X338_Y264_N0     ; 480                     ; 2.3                           ; u_pipe|g_pfb[14].u_pfb|u_out|mem_rtl_0|auto_generated|altera_syncram_impl1|ALTERA_SYNCRAM                                 ;        ;
; M20K_X349_Y231_N0     ; 480                     ; 2.3                           ; u_pipe|g_pfb[9].u_pfb|u_out|mem_rtl_0|auto_generated|altera_syncram_impl1|ALTERA_SYNCRAM                                  ;        ;
; M20K_X349_Y262_N0     ; 480                     ; 2.3                           ; u_pipe|g_pfb[11].u_pfb|u_out|mem_rtl_0|auto_generated|altera_syncram_impl1|ALTERA_SYNCRAM                                 ;        ;
; M20K_X365_Y266_N0     ; 480                     ; 2.3                           ; u_pipe|g_pfb[5].u_pfb|u_out|mem_rtl_0|auto_generated|altera_syncram_impl1|ALTERA_SYNCRAM                                  ;        ;
; M20K_X370_Y267_N0     ; 480                     ; 2.3                           ; u_pipe|g_pfb[7].u_pfb|u_out|mem_rtl_0|auto_generated|altera_syncram_impl1|ALTERA_SYNCRAM                                  ;        ;
; M20K_X392_Y267_N0     ; 480                     ; 2.3                           ; u_pipe|g_pfb[0].u_pfb|u_out|mem_rtl_0|auto_generated|altera_syncram_impl1|ALTERA_SYNCRAM                                  ;        ;
; M20K_X414_Y235_N0     ; 480                     ; 2.3                           ; u_pipe|g_pfb[2].u_pfb|u_out|mem_rtl_0|auto_generated|altera_syncram_impl1|ALTERA_SYNCRAM                                  ;        ;
; M20K_X414_Y237_N0     ; 480                     ; 2.3                           ; u_pipe|g_pfb[13].u_pfb|u_out|mem_rtl_0|auto_generated|altera_syncram_impl1|ALTERA_SYNCRAM                                 ;        ;
; M20K_X414_Y242_N0     ; 480                     ; 2.3                           ; u_pipe|g_pfb[8].u_pfb|u_out|mem_rtl_0|auto_generated|altera_syncram_impl1|ALTERA_SYNCRAM                                  ;        ;
; M20K_X414_Y268_N0     ; 480                     ; 2.3                           ; u_pipe|g_pfb[15].u_pfb|u_out|mem_rtl_0|auto_generated|altera_syncram_impl1|ALTERA_SYNCRAM                                 ;        ;
; M20K_X424_Y261_N0     ; 480                     ; 2.3                           ; u_pipe|g_pfb[10].u_pfb|u_out|mem_rtl_0|auto_generated|altera_syncram_impl1|ALTERA_SYNCRAM                                 ;        ;
; M20K_X424_Y298_N0     ; 480                     ; 2.3                           ; u_pipe|g_pfb[12].u_pfb|u_out|mem_rtl_0|auto_generated|altera_syncram_impl1|ALTERA_SYNCRAM                                 ;        ;
; M20K_X435_Y244_N0     ; 480                     ; 2.3                           ; u_pipe|g_pfb[6].u_pfb|u_out|mem_rtl_0|auto_generated|altera_syncram_impl1|ALTERA_SYNCRAM                                  ;        ;
; M20K_X208_Y350_N0     ; 560                     ; 2.7                           ; u_pipe|u_bf|u_out|mem_rtl_0|auto_generated|altera_syncram_impl1|ALTERA_SYNCRAM                                            ;        ;
; M20K_X208_Y351_N0     ; 560                     ; 2.7                           ; u_pipe|u_bf|u_out|mem_rtl_0|auto_generated|altera_syncram_impl1|ALTERA_SYNCRAM                                            ;        ;
; M20K_X208_Y352_N0     ; 560                     ; 2.7                           ; u_pipe|u_bf|u_out|mem_rtl_0|auto_generated|altera_syncram_impl1|ALTERA_SYNCRAM                                            ;        ;
; M20K_X208_Y353_N0     ; 560                     ; 2.7                           ; u_pipe|u_bf|u_out|mem_rtl_0|auto_generated|altera_syncram_impl1|ALTERA_SYNCRAM                                            ;        ;
; M20K_X208_Y354_N0     ; 560                     ; 2.7                           ; u_pipe|u_bf|u_out|mem_rtl_0|auto_generated|altera_syncram_impl1|ALTERA_SYNCRAM                                            ;        ;
; M20K_X208_Y355_N0     ; 560                     ; 2.7                           ; u_pipe|u_bf|u_out|mem_rtl_0|auto_generated|altera_syncram_impl1|ALTERA_SYNCRAM                                            ;        ;
; M20K_X208_Y357_N0     ; 560                     ; 2.7                           ; u_pipe|u_bf|u_out|mem_rtl_0|auto_generated|altera_syncram_impl1|ALTERA_SYNCRAM                                            ;        ;
; M20K_X208_Y359_N0     ; 560                     ; 2.7                           ; u_pipe|u_bf|u_out|mem_rtl_0|auto_generated|altera_syncram_impl1|ALTERA_SYNCRAM                                            ;        ;
; M20K_X208_Y360_N0     ; 560                     ; 2.7                           ; u_pipe|u_bf|u_out|mem_rtl_0|auto_generated|altera_syncram_impl1|ALTERA_SYNCRAM                                            ;        ;
; M20K_X208_Y361_N0     ; 560                     ; 2.7                           ; u_pipe|u_bf|u_out|mem_rtl_0|auto_generated|altera_syncram_impl1|ALTERA_SYNCRAM                                            ;        ;
; M20K_X208_Y362_N0     ; 560                     ; 2.7                           ; u_pipe|u_bf|u_out|mem_rtl_0|auto_generated|altera_syncram_impl1|ALTERA_SYNCRAM                                            ;        ;
; M20K_X208_Y363_N0     ; 560                     ; 2.7                           ; u_pipe|u_bf|u_out|mem_rtl_0|auto_generated|altera_syncram_impl1|ALTERA_SYNCRAM                                            ;        ;
; M20K_X208_Y364_N0     ; 560                     ; 2.7                           ; u_pipe|u_bf|u_out|mem_rtl_0|auto_generated|altera_syncram_impl1|ALTERA_SYNCRAM                                            ;        ;
; M20K_X208_Y365_N0     ; 560                     ; 2.7                           ; u_pipe|u_bf|u_out|mem_rtl_0|auto_generated|altera_syncram_impl1|ALTERA_SYNCRAM                                            ;        ;
; M20K_X208_Y367_N0     ; 560                     ; 2.7                           ; u_pipe|u_bf|u_out|mem_rtl_0|auto_generated|altera_syncram_impl1|ALTERA_SYNCRAM                                            ;        ;
; M20K_X208_Y369_N0     ; 560                     ; 2.7                           ; u_pipe|u_bf|u_out|mem_rtl_0|auto_generated|altera_syncram_impl1|ALTERA_SYNCRAM                                            ;        ;
; M20K_X208_Y370_N0     ; 560                     ; 2.7                           ; u_pipe|u_bf|u_out|mem_rtl_0|auto_generated|altera_syncram_impl1|ALTERA_SYNCRAM                                            ;        ;
; M20K_X208_Y371_N0     ; 560                     ; 2.7                           ; u_pipe|u_bf|u_out|mem_rtl_0|auto_generated|altera_syncram_impl1|ALTERA_SYNCRAM                                            ;        ;
; M20K_X208_Y372_N0     ; 560                     ; 2.7                           ; u_pipe|u_bf|u_out|mem_rtl_0|auto_generated|altera_syncram_impl1|ALTERA_SYNCRAM                                            ;        ;
; M20K_X208_Y374_N0     ; 560                     ; 2.7                           ; u_pipe|u_bf|u_out|mem_rtl_0|auto_generated|altera_syncram_impl1|ALTERA_SYNCRAM                                            ;        ;
; M20K_X208_Y376_N0     ; 560                     ; 2.7                           ; u_pipe|u_bf|u_out|mem_rtl_0|auto_generated|altera_syncram_impl1|ALTERA_SYNCRAM                                            ;        ;
; M20K_X208_Y377_N0     ; 560                     ; 2.7                           ; u_pipe|u_bf|u_out|mem_rtl_0|auto_generated|altera_syncram_impl1|ALTERA_SYNCRAM                                            ;        ;
; M20K_X208_Y378_N0     ; 560                     ; 2.7                           ; u_pipe|u_bf|u_out|mem_rtl_0|auto_generated|altera_syncram_impl1|ALTERA_SYNCRAM                                            ;        ;
; M20K_X219_Y348_N0     ; 560                     ; 2.7                           ; u_pipe|u_bf|u_out|mem_rtl_0|auto_generated|altera_syncram_impl1|ALTERA_SYNCRAM                                            ;        ;
; M20K_X219_Y351_N0     ; 560                     ; 2.7                           ; u_pipe|u_bf|u_out|mem_rtl_0|auto_generated|altera_syncram_impl1|ALTERA_SYNCRAM                                            ;        ;
; M20K_X219_Y354_N0     ; 560                     ; 2.7                           ; u_pipe|u_bf|u_out|mem_rtl_0|auto_generated|altera_syncram_impl1|ALTERA_SYNCRAM                                            ;        ;
; M20K_X370_Y364_N0     ; 640                     ; 3.1                           ; u_pipe|u_dma_tap_buf|mem_rtl_0|auto_generated|altera_syncram_impl1|ALTERA_SYNCRAM                                         ;        ;
; M20K_X370_Y377_N0     ; 640                     ; 3.1                           ; u_pipe|u_dma_tap_buf|mem_rtl_0|auto_generated|altera_syncram_impl1|ALTERA_SYNCRAM                                         ;        ;
; M20K_X381_Y364_N0     ; 640                     ; 3.1                           ; u_pipe|u_dma_tap_buf|mem_rtl_0|auto_generated|altera_syncram_impl1|ALTERA_SYNCRAM                                         ;        ;
; M20K_X381_Y365_N0     ; 640                     ; 3.1                           ; u_pipe|u_dma_tap_buf|mem_rtl_0|auto_generated|altera_syncram_impl1|ALTERA_SYNCRAM                                         ;        ;
; M20K_X241_Y388_N0     ; 1024                    ; 5                             ; u_pipe|g_cfar_per_beam[1].u_cfar|u_window|bin_q_rtl_0|auto_generated|altera_syncram4|altera_syncram_impl5|ALTERA_SYNCRAM  ;        ;
; M20K_X262_Y381_N0     ; 1024                    ; 5                             ; u_pipe|g_cfar_per_beam[3].u_cfar|u_window|bin_q_rtl_0|auto_generated|altera_syncram4|altera_syncram_impl5|ALTERA_SYNCRAM  ;        ;
; M20K_X295_Y395_N0     ; 1024                    ; 5                             ; u_pipe|g_cfar_per_beam[11].u_cfar|u_window|bin_q_rtl_0|auto_generated|altera_syncram4|altera_syncram_impl5|ALTERA_SYNCRAM ;        ;
; M20K_X306_Y380_N0     ; 1024                    ; 5                             ; u_pipe|g_cfar_per_beam[10].u_cfar|u_window|bin_q_rtl_0|auto_generated|altera_syncram4|altera_syncram_impl5|ALTERA_SYNCRAM ;        ;
; M20K_X316_Y366_N0     ; 1024                    ; 5                             ; u_pipe|g_cfar_per_beam[4].u_cfar|u_window|bin_q_rtl_0|auto_generated|altera_syncram4|altera_syncram_impl5|ALTERA_SYNCRAM  ;        ;
; M20K_X338_Y358_N0     ; 1024                    ; 5                             ; u_pipe|g_cfar_per_beam[12].u_cfar|u_window|bin_q_rtl_0|auto_generated|altera_syncram4|altera_syncram_impl5|ALTERA_SYNCRAM ;        ;
; M20K_X338_Y370_N0     ; 1024                    ; 5                             ; u_pipe|g_cfar_per_beam[15].u_cfar|u_window|bin_q_rtl_0|auto_generated|altera_syncram4|altera_syncram_impl5|ALTERA_SYNCRAM ;        ;
; M20K_X338_Y381_N0     ; 1024                    ; 5                             ; u_pipe|g_cfar_per_beam[2].u_cfar|u_window|bin_q_rtl_0|auto_generated|altera_syncram4|altera_syncram_impl5|ALTERA_SYNCRAM  ;        ;
; M20K_X338_Y386_N0     ; 1024                    ; 5                             ; u_pipe|g_cfar_per_beam[5].u_cfar|u_window|bin_q_rtl_0|auto_generated|altera_syncram4|altera_syncram_impl5|ALTERA_SYNCRAM  ;        ;
; M20K_X349_Y367_N0     ; 1024                    ; 5                             ; u_pipe|g_cfar_per_beam[8].u_cfar|u_window|bin_q_rtl_0|auto_generated|altera_syncram4|altera_syncram_impl5|ALTERA_SYNCRAM  ;        ;
; M20K_X360_Y363_N0     ; 1024                    ; 5                             ; u_pipe|g_cfar_per_beam[7].u_cfar|u_window|bin_q_rtl_0|auto_generated|altera_syncram4|altera_syncram_impl5|ALTERA_SYNCRAM  ;        ;
; M20K_X370_Y390_N0     ; 1024                    ; 5                             ; u_pipe|g_cfar_per_beam[6].u_cfar|u_window|bin_q_rtl_0|auto_generated|altera_syncram4|altera_syncram_impl5|ALTERA_SYNCRAM  ;        ;
; M20K_X392_Y365_N0     ; 1024                    ; 5                             ; u_pipe|g_cfar_per_beam[14].u_cfar|u_window|bin_q_rtl_0|auto_generated|altera_syncram4|altera_syncram_impl5|ALTERA_SYNCRAM ;        ;
; M20K_X392_Y366_N0     ; 1024                    ; 5                             ; u_pipe|g_cfar_per_beam[9].u_cfar|u_window|bin_q_rtl_0|auto_generated|altera_syncram4|altera_syncram_impl5|ALTERA_SYNCRAM  ;        ;
; M20K_X392_Y371_N0     ; 1024                    ; 5                             ; u_pipe|g_cfar_per_beam[0].u_cfar|u_window|bin_q_rtl_0|auto_generated|altera_syncram4|altera_syncram_impl5|ALTERA_SYNCRAM  ;        ;
; M20K_X392_Y375_N0     ; 1024                    ; 5                             ; u_pipe|g_cfar_per_beam[13].u_cfar|u_window|bin_q_rtl_0|auto_generated|altera_syncram4|altera_syncram_impl5|ALTERA_SYNCRAM ;        ;
+-----------------------+-------------------------+-------------------------------+---------------------------------------------------------------------------------------------------------------------------+--------+


Status:		FAIL
Severity:		Medium
Number of violations: 	6
Rule Parameters:      	max_violations = 5000
+-------------------------------------------------------------+
; FLP-10501 - Top-Level Ports Without Pin Location Assignment ;
+-----------------+-------------------------------------------+
; Top-Level Ports ; Waived                                    ;
+-----------------+-------------------------------------------+
; core_clk        ;                                           ;
; core_rst_n      ;                                           ;
; cfg_rst_n       ;                                           ;
; cfg_clk         ;                                           ;
; history_rst_n   ;                                           ;
; history_clk     ;                                           ;
+-----------------+-------------------------------------------+


Status:		FAIL
Severity:		Medium
Number of violations: 	6
Rule Parameters:      	
		max_violations = 5000
		maximum_setup_slack = 0
		to_clock_filter = "*"
		minimum_number_of_adders = 3
+----------------------------------------------------------------------------------------------------------------------------------------------------------------------------------------------------------------------------------------------+
; TMC-20214 - Buses with Incoming Paths Failing Setup Analysis with Multiple Sequential Adder Chains                                                                                                                                           ;
+------------------------+--------------------------------------------------+------------------------+-----------------------------------------------------------------------------+--------------------------------------------------+--------+
; Worst-Case Setup Slack ; Bus Name                                         ; Number of Adder Chains ; From Node                                                                   ; To Node                                          ; Waived ;
+------------------------+--------------------------------------------------+------------------------+-----------------------------------------------------------------------------+--------------------------------------------------+--------+
; -22.987                ; u_pipe|g_cfar_per_beam[15].u_cfar|sum_lag1_q[*]* ; 34                     ; u_pipe|g_cfar_per_beam[15].u_cfar|u_window|cell_q[39][2]                    ; u_pipe|g_cfar_per_beam[15].u_cfar|sum_lag1_q[35] ;        ;
; -22.971                ; u_pipe|g_cfar_per_beam[10].u_cfar|sum_lag1_q[*]* ; 34                     ; u_pipe|g_cfar_per_beam[10].u_cfar|u_window|cell_q[39][6]~DUPLICATE          ; u_pipe|g_cfar_per_beam[10].u_cfar|sum_lag1_q[31] ;        ;
; -22.963                ; u_pipe|g_cfar_per_beam[4].u_cfar|sum_lag1_q[*]*  ; 33                     ; u_pipe|g_cfar_per_beam[4].u_cfar|act_r_lag_q[1]~_Duplicate0RTM_13DUPLICATE  ; u_pipe|g_cfar_per_beam[4].u_cfar|sum_lag1_q[35]  ;        ;
; -22.959                ; u_pipe|g_cfar_per_beam[12].u_cfar|sum_lag1_q[*]* ; 33                     ; u_pipe|g_cfar_per_beam[12].u_cfar|act_r_lag_q[2]~_Duplicate0RTM_13DUPLICATE ; u_pipe|g_cfar_per_beam[12].u_cfar|sum_lag1_q[37] ;        ;
; -22.946                ; u_pipe|g_cfar_per_beam[2].u_cfar|sum_lag1_q[*]*  ; 34                     ; u_pipe|g_cfar_per_beam[2].u_cfar|act_g_lag_q[2]~RTM_4                       ; u_pipe|g_cfar_per_beam[2].u_cfar|sum_lag1_q[35]  ;        ;
; -22.944                ; u_pipe|g_cfar_per_beam[3].u_cfar|sum_lag1_q[*]*  ; 34                     ; u_pipe|g_cfar_per_beam[3].u_cfar|u_window|cell_q[39][0]                     ; u_pipe|g_cfar_per_beam[3].u_cfar|sum_lag1_q[31]  ;        ;
+------------------------+--------------------------------------------------+------------------------+-----------------------------------------------------------------------------+--------------------------------------------------+--------+


Status:		FAIL
Severity:		Low
Number of violations: 	349
Rule Parameters:      	
		max_violations = 5000
		minimum_tension = 100000
		ignore_high_fanout_tension = False
		minimum_sinks = 2
+----------------------------------------------------------------------------------------------------------------------------------------------------------------------------------------------------------------------------------------------------------------------------------------------------------------------+
; TMC-20602 - Registers with High Timing Path Endpoint Tension                                                                                                                                                                                                                                                         ;
+-----------------------------------------------------------------------------------------------------------------------------------------------+-------------------+---------------------+-------------------+-------------------------------------------+---------------------------------------------------+--------+
; Register Name                                                                                                                                 ; Register Location ; Number of Endpoints ; Endpoint Centroid ; Average Distance of Endpoints to Centroid ; Total Distance of Endpoints to Centroid (Tension) ; Waived ;
+-----------------------------------------------------------------------------------------------------------------------------------------------+-------------------+---------------------+-------------------+-------------------------------------------+---------------------------------------------------+--------+
; u_pipe|u_fanout_fifo|count_q[2]                                                                                                               ; (323, 350)        ; 63773               ; (309, 388)        ; 77                                        ; 4953338                                           ;        ;
; u_pipe|u_fanout_fifo|count_q[1]                                                                                                               ; (323, 350)        ; 63773               ; (309, 388)        ; 77                                        ; 4953338                                           ;        ;
; u_pipe|u_fanout_fifo|count_q[0]                                                                                                               ; (323, 350)        ; 62701               ; (310, 388)        ; 76                                        ; 4816130                                           ;        ;
; u_pipe|ser_phase_q[0]                                                                                                                         ; (296, 360)        ; 61649               ; (311, 388)        ; 76                                        ; 4739498                                           ;        ;
; u_pipe|u_fanout_fifo|mem_rtl_0_bypass[3]                                                                                                      ; (229, 368)        ; 61378               ; (312, 389)        ; 76                                        ; 4666748                                           ;        ;
; u_pipe|u_fanout_fifo|mem_rtl_0_bypass[4]                                                                                                      ; (229, 368)        ; 61378               ; (312, 389)        ; 76                                        ; 4666748                                           ;        ;
; u_pipe|u_fanout_fifo|mem_rtl_0_bypass[0]                                                                                                      ; (229, 368)        ; 61378               ; (312, 389)        ; 76                                        ; 4666748                                           ;        ;
; u_pipe|u_fanout_fifo|mem_rtl_0_bypass[1]                                                                                                      ; (229, 368)        ; 61378               ; (312, 389)        ; 76                                        ; 4666748                                           ;        ;
; u_pipe|u_fanout_fifo|mem_rtl_0_bypass[2]                                                                                                      ; (229, 368)        ; 61378               ; (312, 389)        ; 76                                        ; 4666748                                           ;        ;
; u_pipe|u_fanout_fifo|mem_rtl_0_bypass[62]                                                                                                     ; (285, 365)        ; 61350               ; (312, 389)        ; 76                                        ; 4664913                                           ;        ;
; u_pipe|u_bf|hold_v_q                                                                                                                          ; (190, 317)        ; 17411               ; (116, 351)        ; 63                                        ; 1114035                                           ;        ;
; u_pipe|u_bf|hold_meta_q[23]                                                                                                                   ; (196, 305)        ; 17411               ; (116, 351)        ; 63                                        ; 1114032                                           ;        ;
; u_pipe|u_bf|u_weights|u_store|pending_q                                                                                                       ; (190, 317)        ; 17409               ; (115, 351)        ; 63                                        ; 1113813                                           ;        ;
; u_pipe|u_bf|u_weights|u_store|active_q                                                                                                        ; (190, 317)        ; 17408               ; (115, 351)        ; 63                                        ; 1113703                                           ;        ;
; u_pipe|u_bf|u_weights|u_store|u_wr_cdc|capture_q                                                                                              ; (191, 313)        ; 16384               ; (116, 351)        ; 63                                        ; 1046648                                           ;        ;
; u_pipe|u_bf|u_weights|u_store|u_wr_cdc|dst_data_q[32]                                                                                         ; (119, 349)        ; 16384               ; (116, 351)        ; 63                                        ; 1046648                                           ;        ;
; u_pipe|u_bf|u_weights|u_store|u_wr_cdc|dst_data_q[33]                                                                                         ; (151, 352)        ; 16384               ; (116, 351)        ; 63                                        ; 1046648                                           ;        ;
; u_pipe|u_bf|u_weights|u_store|u_wr_cdc|dst_data_q[36]                                                                                         ; (151, 349)        ; 16384               ; (116, 351)        ; 63                                        ; 1046648                                           ;        ;
; u_pipe|u_bf|u_weights|u_store|u_wr_cdc|dst_data_q[40]                                                                                         ; (151, 352)        ; 16384               ; (116, 351)        ; 63                                        ; 1046648                                           ;        ;
; u_pipe|u_bf|u_weights|u_store|u_wr_cdc|dst_data_q[35]~DUPLICATE                                                                               ; (151, 349)        ; 14336               ; (110, 355)        ; 61                                        ; 877649                                            ;        ;
; u_pipe|u_bf|u_weights|u_store|u_wr_cdc|dst_data_q[38]                                                                                         ; (151, 352)        ; 10240               ; (117, 350)        ; 64                                        ; 655772                                            ;        ;
; u_pipe|u_bf|u_weights|u_store|u_wr_cdc|dst_data_q[39]~DUPLICATE                                                                               ; (151, 352)        ; 8192                ; (116, 350)        ; 64                                        ; 528472                                            ;        ;
; u_pipe|u_bf|u_weights|u_store|u_wr_cdc|dst_data_q[39]                                                                                         ; (151, 352)        ; 8192                ; (115, 351)        ; 63                                        ; 518201                                            ;        ;
; u_pipe|beam_ph_done_q[13]                                                                                                                     ; (347, 367)        ; 5092                ; (361, 389)        ; 84                                        ; 431762                                            ;        ;
; u_pipe|g_cfar_per_beam[13].u_cfar|rdy_q                                                                                                       ; (371, 349)        ; 5092                ; (361, 389)        ; 84                                        ; 431753                                            ;        ;
; u_pipe|g_cfar_per_beam[14].u_cfar|rdy_q                                                                                                       ; (373, 361)        ; 5089                ; (369, 370)        ; 82                                        ; 418049                                            ;        ;
; u_pipe|beam_ph_done_q[14]                                                                                                                     ; (347, 367)        ; 5089                ; (369, 370)        ; 82                                        ; 418024                                            ;        ;
; u_pipe|g_cfar_per_beam[0].u_cfar|rdy_q                                                                                                        ; (361, 357)        ; 5102                ; (364, 381)        ; 81                                        ; 417617                                            ;        ;
; u_pipe|beam_ph_done_q[0]                                                                                                                      ; (345, 367)        ; 5102                ; (364, 381)        ; 81                                        ; 417605                                            ;        ;
; u_pipe|u_bf|u_weights|u_store|u_wr_cdc|dst_data_q[38]~DUPLICATE                                                                               ; (151, 352)        ; 6144                ; (114, 353)        ; 63                                        ; 390880                                            ;        ;
; u_pipe|beam_ph_done_q[9]                                                                                                                      ; (347, 367)        ; 5110                ; (339, 393)        ; 76                                        ; 390298                                            ;        ;
; u_pipe|g_cfar_per_beam[9].u_cfar|rdy_q                                                                                                        ; (363, 354)        ; 5110                ; (339, 393)        ; 76                                        ; 390271                                            ;        ;
; u_pipe|g_hist_rep[1].u_history|g_ant[0].g_lane[0].u_bank|g_store.mem_rtl_0|auto_generated|altera_syncram_impl1|decode3|rtl~69_ERTM1           ; (394, 33)         ; 3584                ; (353, 75)         ; 102                                       ; 367674                                            ;        ;
; u_pipe|g_cfar_per_beam[6].u_cfar|rdy_q                                                                                                        ; (353, 385)        ; 5116                ; (322, 396)        ; 70                                        ; 359615                                            ;        ;
; u_pipe|beam_ph_done_q[6]                                                                                                                      ; (347, 367)        ; 5116                ; (322, 396)        ; 70                                        ; 359595                                            ;        ;
; u_pipe|u_bf|u_weights|u_store|u_wr_cdc|dst_data_q[34]~DUPLICATE                                                                               ; (151, 349)        ; 8192                ; (75, 359)         ; 42                                        ; 348550                                            ;        ;
; u_pipe|u_bf|u_weights|u_store|u_wr_cdc|dst_data_q[37]~DUPLICATE                                                                               ; (151, 349)        ; 8192                ; (75, 359)         ; 42                                        ; 348550                                            ;        ;
; u_pipe|u_bf|u_weights|u_store|u_wr_cdc|dst_data_q[34]                                                                                         ; (151, 349)        ; 8192                ; (156, 342)        ; 42                                        ; 347289                                            ;        ;
; u_pipe|u_bf|u_weights|u_store|u_wr_cdc|dst_data_q[37]                                                                                         ; (151, 349)        ; 8192                ; (156, 342)        ; 42                                        ; 347289                                            ;        ;
; u_pipe|u_dma_mem|q_count[4]~DUPLICATE                                                                                                         ; (342, 342)        ; 13923               ; (360, 331)        ; 24                                        ; 341195                                            ;        ;
; u_pipe|g_hist_rep[1].u_history|g_ant[0].g_lane[0].u_bank|g_store.mem_rtl_0|auto_generated|altera_syncram_impl1|decode3|rtl~77_ERTM            ; (394, 33)         ; 3200                ; (346, 81)         ; 100                                       ; 322709                                            ;        ;
; u_pipe|ser_phase_q[0]~DUPLICATE                                                                                                               ; (296, 360)        ; 5354                ; (265, 381)        ; 59                                        ; 316800                                            ;        ;
; u_pipe|g_hist_rep[1].u_history|g_ant[0].g_lane[0].u_bank|g_store.mem_rtl_0|auto_generated|altera_syncram_impl1|decode3|rtl~77_ERTM0DUPLICATE  ; (394, 33)         ; 3136                ; (344, 82)         ; 99                                        ; 313371                                            ;        ;
; u_pipe|u_dma_arb|m_req_valid_q                                                                                                                ; (369, 341)        ; 12705               ; (360, 331)        ; 24                                        ; 311922                                            ;        ;
; u_pipe|g_hist_rep[0].u_history|g_ant[0].g_lane[0].u_bank|g_store.mem_rtl_0|auto_generated|altera_syncram_impl1|decode3|rtl~69_ERTM1           ; (298, 102)        ; 3584                ; (345, 83)         ; 85                                        ; 305576                                            ;        ;
; u_pipe|g_hist_rep[0].u_history|g_ant[0].g_lane[0].u_bank|g_store.mem_rtl_0|auto_generated|altera_syncram_impl1|decode3|rtl~77_ERTM            ; (298, 102)        ; 3584                ; (345, 83)         ; 85                                        ; 305576                                            ;        ;
; u_pipe|u_dma_arb|m_req_q.addr[26]                                                                                                             ; (368, 338)        ; 12305               ; (360, 330)        ; 24                                        ; 303249                                            ;        ;
; u_pipe|u_dma_arb|m_req_q.addr[20]                                                                                                             ; (368, 339)        ; 12305               ; (360, 330)        ; 24                                        ; 303249                                            ;        ;
; u_pipe|u_dma_arb|m_req_q.addr[21]                                                                                                             ; (368, 339)        ; 12305               ; (360, 330)        ; 24                                        ; 303249                                            ;        ;
; u_pipe|u_dma_arb|m_req_q.addr[22]                                                                                                             ; (368, 339)        ; 12305               ; (360, 330)        ; 24                                        ; 303249                                            ;        ;
; u_pipe|u_dma_arb|m_req_q.addr[23]                                                                                                             ; (368, 339)        ; 12305               ; (360, 330)        ; 24                                        ; 303249                                            ;        ;
; u_pipe|u_dma_arb|m_req_q.addr[25]                                                                                                             ; (368, 339)        ; 12305               ; (360, 330)        ; 24                                        ; 303249                                            ;        ;
; u_pipe|u_dma_arb|m_req_q.addr[24]                                                                                                             ; (368, 339)        ; 12305               ; (360, 330)        ; 24                                        ; 303249                                            ;        ;
; u_pipe|u_dma_arb|m_req_q.addr[27]                                                                                                             ; (368, 338)        ; 12305               ; (360, 330)        ; 24                                        ; 303249                                            ;        ;
; u_pipe|u_dma_arb|m_req_q.addr[28]                                                                                                             ; (368, 338)        ; 12305               ; (360, 330)        ; 24                                        ; 303249                                            ;        ;
; u_pipe|u_dma_arb|m_req_q.addr[29]                                                                                                             ; (368, 338)        ; 12305               ; (360, 330)        ; 24                                        ; 303249                                            ;        ;
; u_pipe|u_dma_arb|m_req_q.addr[31]                                                                                                             ; (368, 338)        ; 12305               ; (360, 330)        ; 24                                        ; 303249                                            ;        ;
; u_pipe|u_dma_arb|m_req_q.addr[30]                                                                                                             ; (368, 339)        ; 12305               ; (360, 330)        ; 24                                        ; 303249                                            ;        ;
; u_pipe|u_dma_arb|m_req_q.op                                                                                                                   ; (364, 339)        ; 12289               ; (360, 330)        ; 24                                        ; 303062                                            ;        ;
; u_pipe|beam_ph_done_q[7]                                                                                                                      ; (347, 367)        ; 5114                ; (316, 380)        ; 58                                        ; 298318                                            ;        ;
; u_pipe|g_cfar_per_beam[7].u_cfar|rdy_q                                                                                                        ; (353, 352)        ; 5114                ; (316, 380)        ; 58                                        ; 298300                                            ;        ;
; u_pipe|g_hist_rep[0].u_history|g_ant[0].g_lane[0].u_bank|g_store.mem_rtl_0|auto_generated|altera_syncram_impl1|decode3|rtl~77_ERTM0           ; (298, 102)        ; 3392                ; (349, 82)         ; 85                                        ; 288773                                            ;        ;
; u_pipe|u_align_cdc|u_fifo|u_sync_rd_rst|sync_q[1][0]                                                                                          ; (194, 311)        ; 9397                ; (151, 309)        ; 30                                        ; 284057                                            ;        ;
; u_pipe|u_align|u_collect|u_out|count_q[2]                                                                                                     ; (194, 311)        ; 9396                ; (151, 309)        ; 30                                        ; 284013                                            ;        ;
; u_pipe|u_align|u_collect|u_out|count_q[0]                                                                                                     ; (194, 311)        ; 9396                ; (151, 309)        ; 30                                        ; 284013                                            ;        ;
; u_pipe|u_align|u_collect|u_out|count_q[1]                                                                                                     ; (194, 311)        ; 9396                ; (151, 309)        ; 30                                        ; 284013                                            ;        ;
; u_pipe|u_align_cdc|u_fifo|wr_full_q                                                                                                           ; (197, 320)        ; 9396                ; (151, 309)        ; 30                                        ; 284000                                            ;        ;
; u_pipe|beam_ph_done_q[8]                                                                                                                      ; (345, 367)        ; 5228                ; (300, 388)        ; 52                                        ; 273021                                            ;        ;
; u_pipe|g_cfar_per_beam[8].u_cfar|rdy_q                                                                                                        ; (346, 355)        ; 5228                ; (300, 388)        ; 52                                        ; 273005                                            ;        ;
; u_pipe|g_hist_rep[0].u_history|g_ant[6].g_lane[0].u_bank|g_store.mem_rtl_0|auto_generated|altera_syncram_impl1|decode3|rtl~69_ERTM1           ; (303, 310)        ; 3488                ; (361, 309)        ; 74                                        ; 261530                                            ;        ;
; u_pipe|u_align_cdc|u_fifo|wr_bin_q[0]                                                                                                         ; (197, 320)        ; 8346                ; (150, 310)        ; 31                                        ; 260129                                            ;        ;
; u_pipe|u_align|u_collect|u_out|mem_rtl_0_bypass[0]                                                                                            ; (174, 305)        ; 8336                ; (150, 310)        ; 31                                        ; 259564                                            ;        ;
; u_pipe|u_align|u_collect|u_out|mem_rtl_0_bypass[1]                                                                                            ; (174, 305)        ; 8336                ; (150, 310)        ; 31                                        ; 259564                                            ;        ;
; u_pipe|u_align|u_collect|u_out|mem_rtl_0_bypass[2]                                                                                            ; (174, 305)        ; 8336                ; (150, 310)        ; 31                                        ; 259564                                            ;        ;
; u_pipe|u_align|u_collect|u_out|mem_rtl_0_bypass[3]                                                                                            ; (174, 305)        ; 8336                ; (150, 310)        ; 31                                        ; 259564                                            ;        ;
; u_pipe|u_align|u_collect|u_out|mem_rtl_0_bypass[4]                                                                                            ; (174, 305)        ; 8336                ; (150, 310)        ; 31                                        ; 259564                                            ;        ;
; u_pipe|g_hist_rep[0].u_history|g_ant[6].g_lane[0].u_bank|g_store.mem_rtl_0|auto_generated|altera_syncram_impl1|decode3|rtl~77_ERTMDUPLICATE   ; (303, 310)        ; 3456                ; (361, 309)        ; 74                                        ; 258830                                            ;        ;
; u_pipe|g_hist_rep[1].u_history|g_ant[9].g_lane[0].u_bank|g_store.mem_rtl_0|auto_generated|altera_syncram_impl1|decode3|rtl~77_ERTM            ; (310, 146)        ; 3584                ; (352, 140)        ; 72                                        ; 258644                                            ;        ;
; u_pipe|g_hist_rep[1].u_history|g_ant[9].g_lane[0].u_bank|g_store.mem_rtl_0|auto_generated|altera_syncram_impl1|decode3|rtl~77_ERTM0           ; (310, 146)        ; 3584                ; (352, 140)        ; 72                                        ; 258644                                            ;        ;
; u_pipe|u_align|u_switch|g_xbar.u_net|g_out[0].v_last                                                                                          ; (188, 286)        ; 8871                ; (167, 282)        ; 28                                        ; 256705                                            ;        ;
; u_pipe|beam_ph_done_q[12]                                                                                                                     ; (347, 367)        ; 5242                ; (303, 359)        ; 44                                        ; 232921                                            ;        ;
; u_pipe|g_cfar_per_beam[12].u_cfar|rdy_q                                                                                                       ; (358, 356)        ; 5242                ; (303, 359)        ; 44                                        ; 232920                                            ;        ;
; u_pipe|g_hist_rep[0].u_history|g_ant[2].g_lane[0].u_bank|g_store.mem_rtl_0|auto_generated|altera_syncram_impl1|decode3|rtl~69_ERTM1           ; (83, 388)         ; 3584                ; (66, 351)         ; 63                                        ; 225796                                            ;        ;
; u_pipe|g_hist_rep[0].u_history|g_ant[2].g_lane[0].u_bank|g_store.mem_rtl_0|auto_generated|altera_syncram_impl1|decode3|rtl~77_ERTM            ; (83, 380)         ; 3584                ; (66, 351)         ; 63                                        ; 225796                                            ;        ;
; u_pipe|beam_ph_done_q[5]                                                                                                                      ; (347, 367)        ; 5138                ; (278, 389)        ; 43                                        ; 224147                                            ;        ;
; u_pipe|g_cfar_per_beam[5].u_cfar|rdy_q                                                                                                        ; (347, 366)        ; 5138                ; (278, 389)        ; 43                                        ; 224146                                            ;        ;
; u_pipe|g_hist_rep[0].u_history|g_ant[6].g_lane[0].u_bank|g_store.mem_rtl_0|auto_generated|altera_syncram_impl1|decode3|rtl~77_ERTM0           ; (303, 310)        ; 3008                ; (371, 310)        ; 72                                        ; 218442                                            ;        ;
; u_pipe|g_cfar_per_beam[1].u_cfar|rdy_q                                                                                                        ; (323, 381)        ; 5126                ; (200, 390)        ; 41                                        ; 215228                                            ;        ;
; u_pipe|beam_ph_done_q[1]                                                                                                                      ; (345, 367)        ; 5126                ; (200, 390)        ; 41                                        ; 215183                                            ;        ;
; u_pipe|g_hist_rep[1].u_history|g_ant[14].g_lane[0].u_bank|g_store.mem_rtl_0|auto_generated|altera_syncram_impl1|decode3|rtl~69_ERTM1          ; (92, 96)          ; 3584                ; (70, 73)          ; 59                                        ; 211939                                            ;        ;
; u_pipe|g_hist_rep[1].u_history|g_ant[14].g_lane[0].u_bank|g_store.mem_rtl_0|auto_generated|altera_syncram_impl1|decode3|rtl~77_ERTM           ; (93, 96)          ; 3584                ; (70, 73)          ; 59                                        ; 211939                                            ;        ;
; u_pipe|g_hist_rep[1].u_history|g_ant[14].g_lane[0].u_bank|g_store.mem_rtl_0|auto_generated|altera_syncram_impl1|decode3|rtl~77_ERTM0          ; (93, 96)          ; 3584                ; (70, 73)          ; 59                                        ; 211939                                            ;        ;
; u_pipe|g_hist_rep[0].u_history|g_ant[10].g_lane[0].u_bank|g_store.mem_rtl_0|auto_generated|altera_syncram_impl1|decode3|rtl~69_ERTM1          ; (307, 91)         ; 3584                ; (309, 64)         ; 58                                        ; 211008                                            ;        ;
; u_pipe|g_hist_rep[0].u_history|g_ant[10].g_lane[0].u_bank|g_store.mem_rtl_0|auto_generated|altera_syncram_impl1|decode3|rtl~77_ERTM           ; (351, 79)         ; 3584                ; (309, 64)         ; 58                                        ; 211008                                            ;        ;
; u_pipe|g_hist_rep[1].u_history|g_ant[12].g_lane[0].u_bank|g_store.mem_rtl_0|auto_generated|altera_syncram_impl1|decode3|rtl~69_ERTM1          ; (195, 314)        ; 3584                ; (205, 299)        ; 57                                        ; 207818                                            ;        ;
; u_pipe|g_hist_rep[1].u_history|g_ant[12].g_lane[0].u_bank|g_store.mem_rtl_0|auto_generated|altera_syncram_impl1|decode3|rtl~77_ERTM           ; (195, 314)        ; 3584                ; (205, 299)        ; 57                                        ; 207818                                            ;        ;
; u_pipe|g_hist_rep[1].u_history|g_ant[12].g_lane[0].u_bank|g_store.mem_rtl_0|auto_generated|altera_syncram_impl1|decode3|rtl~77_ERTM0          ; (195, 314)        ; 3584                ; (205, 299)        ; 57                                        ; 207818                                            ;        ;
; u_pipe|g_hist_rep[0].u_history|g_ant[12].g_lane[0].u_bank|g_store.mem_rtl_0|auto_generated|altera_syncram_impl1|decode3|rtl~69_ERTM1          ; (218, 321)        ; 3584                ; (231, 292)        ; 56                                        ; 200708                                            ;        ;
; u_pipe|u_align|u_switch|g_xbar.u_net|g_out[1].v_last                                                                                          ; (188, 286)        ; 6811                ; (170, 279)        ; 29                                        ; 200294                                            ;        ;
; u_pipe|g_hist_rep[1].u_history|g_ant[6].g_lane[0].u_bank|g_store.mem_rtl_0|auto_generated|altera_syncram_impl1|decode3|rtl~77_ERTM            ; (315, 312)        ; 3584                ; (347, 302)        ; 55                                        ; 198534                                            ;        ;
; u_pipe|beam_ph_done_q[15]                                                                                                                     ; (347, 367)        ; 5333                ; (285, 371)        ; 36                                        ; 196462                                            ;        ;
; u_pipe|g_cfar_per_beam[15].u_cfar|rdy_q                                                                                                       ; (351, 348)        ; 5333                ; (285, 371)        ; 36                                        ; 196442                                            ;        ;
; u_pipe|g_hist_rep[0].u_history|g_ant[3].g_lane[0].u_bank|g_store.mem_rtl_0|auto_generated|altera_syncram_impl1|decode3|rtl~77_ERTM            ; (135, 344)        ; 3584                ; (147, 373)        ; 54                                        ; 196440                                            ;        ;
; u_pipe|g_hist_rep[0].u_history|g_ant[12].g_lane[0].u_bank|g_store.mem_rtl_0|auto_generated|altera_syncram_impl1|decode3|rtl~77_ERTM0          ; (218, 322)        ; 3488                ; (231, 291)        ; 56                                        ; 195973                                            ;        ;
; u_pipe|g_hist_rep[0].u_history|g_ant[3].g_lane[0].u_bank|g_store.mem_rtl_0|auto_generated|altera_syncram_impl1|decode3|rtl~69_ERTM1DUPLICATE  ; (135, 344)        ; 3520                ; (147, 373)        ; 54                                        ; 192930                                            ;        ;
; u_pipe|u_align_cdc|u_fifo|wr_bin_q[1]                                                                                                         ; (197, 320)        ; 6259                ; (150, 310)        ; 30                                        ; 192698                                            ;        ;
; u_pipe|g_hist_rep[1].u_history|g_ant[6].g_lane[0].u_bank|g_store.mem_rtl_0|auto_generated|altera_syncram_impl1|decode3|rtl~77_ERTM0DUPLICATE  ; (315, 312)        ; 3392                ; (349, 301)        ; 55                                        ; 188369                                            ;        ;
; u_pipe|g_cfar_per_beam[1].u_cfar|cred_q[3]                                                                                                    ; (323, 382)        ; 3971                ; (201, 398)        ; 46                                        ; 183105                                            ;        ;
; u_pipe|g_cfar_per_beam[1].u_cfar|cred_q[2]                                                                                                    ; (323, 381)        ; 3971                ; (201, 398)        ; 46                                        ; 183104                                            ;        ;
; u_pipe|g_cfar_per_beam[1].u_cfar|cred_q[1]~DUPLICATE                                                                                          ; (323, 381)        ; 3971                ; (201, 398)        ; 46                                        ; 183104                                            ;        ;
; u_pipe|g_cfar_per_beam[2].u_cfar|rdy_q                                                                                                        ; (340, 373)        ; 5138                ; (262, 387)        ; 35                                        ; 180672                                            ;        ;
; u_pipe|beam_ph_done_q[2]                                                                                                                      ; (347, 367)        ; 5138                ; (262, 387)        ; 35                                        ; 180660                                            ;        ;
; u_pipe|g_cfar_per_beam[11].u_cfar|rdy_q                                                                                                       ; (346, 370)        ; 5184                ; (225, 395)        ; 34                                        ; 179329                                            ;        ;
; u_pipe|beam_ph_done_q[11]                                                                                                                     ; (345, 367)        ; 5184                ; (225, 395)        ; 34                                        ; 179326                                            ;        ;
; u_pipe|g_hist_rep[0].u_history|g_ant[13].g_lane[0].u_bank|g_store.mem_rtl_0|auto_generated|altera_syncram_impl1|decode3|rtl~77_ERTM           ; (260, 209)        ; 3584                ; (287, 222)        ; 48                                        ; 172873                                            ;        ;
; u_pipe|g_hist_rep[0].u_history|g_ant[12].g_lane[0].u_bank|g_store.mem_rtl_0|auto_generated|altera_syncram_impl1|decode3|rtl~77_ERTMDUPLICATE  ; (218, 322)        ; 3040                ; (234, 287)        ; 56                                        ; 172199                                            ;        ;
; u_pipe|g_hist_rep[0].u_history|g_ant[11].g_lane[0].u_bank|g_store.mem_rtl_0|auto_generated|altera_syncram_impl1|decode3|rtl~69_ERTM1          ; (147, 270)        ; 3584                ; (149, 259)        ; 47                                        ; 171658                                            ;        ;
; u_pipe|g_hist_rep[0].u_history|g_ant[11].g_lane[0].u_bank|g_store.mem_rtl_0|auto_generated|altera_syncram_impl1|decode3|rtl~77_ERTM           ; (147, 270)        ; 3584                ; (149, 259)        ; 47                                        ; 171658                                            ;        ;
; u_pipe|g_hist_rep[0].u_history|g_ant[11].g_lane[0].u_bank|g_store.mem_rtl_0|auto_generated|altera_syncram_impl1|decode3|rtl~77_ERTM0          ; (147, 270)        ; 3584                ; (149, 259)        ; 47                                        ; 171658                                            ;        ;
; u_pipe|g_hist_rep[1].u_history|g_ant[13].g_lane[0].u_bank|g_store.mem_rtl_0|auto_generated|altera_syncram_impl1|decode3|rtl~69_ERTM1          ; (305, 209)        ; 3584                ; (299, 204)        ; 47                                        ; 169758                                            ;        ;
; u_pipe|g_hist_rep[1].u_history|g_ant[13].g_lane[0].u_bank|g_store.mem_rtl_0|auto_generated|altera_syncram_impl1|decode3|rtl~77_ERTM           ; (303, 209)        ; 3584                ; (299, 204)        ; 47                                        ; 169758                                            ;        ;
; u_pipe|g_hist_rep[1].u_history|g_ant[13].g_lane[0].u_bank|g_store.mem_rtl_0|auto_generated|altera_syncram_impl1|decode3|rtl~77_ERTM0          ; (303, 210)        ; 3584                ; (299, 204)        ; 47                                        ; 169758                                            ;        ;
; u_pipe|g_hist_rep[1].u_history|g_ant[11].g_lane[0].u_bank|g_store.mem_rtl_0|auto_generated|altera_syncram_impl1|decode3|rtl~69_ERTM1          ; (180, 267)        ; 3584                ; (173, 246)        ; 46                                        ; 167524                                            ;        ;
; u_pipe|g_hist_rep[1].u_history|g_ant[11].g_lane[0].u_bank|g_store.mem_rtl_0|auto_generated|altera_syncram_impl1|decode3|rtl~77_ERTM           ; (180, 267)        ; 3584                ; (173, 246)        ; 46                                        ; 167524                                            ;        ;
; u_pipe|g_hist_rep[1].u_history|g_ant[8].g_lane[0].u_bank|g_store.mem_rtl_0|auto_generated|altera_syncram_impl1|decode3|rtl~77_ERTM            ; (369, 243)        ; 3584                ; (373, 220)        ; 46                                        ; 167366                                            ;        ;
; u_pipe|g_hist_rep[1].u_history|g_ant[8].g_lane[0].u_bank|g_store.mem_rtl_0|auto_generated|altera_syncram_impl1|decode3|rtl~77_ERTM0           ; (367, 244)        ; 3584                ; (373, 220)        ; 46                                        ; 167366                                            ;        ;
; u_pipe|g_hist_rep[1].u_history|u_out|count_q[0]                                                                                               ; (191, 286)        ; 4518                ; (187, 265)        ; 36                                        ; 165275                                            ;        ;
; u_pipe|g_hist_rep[1].u_history|u_out|count_q[3]                                                                                               ; (191, 286)        ; 4518                ; (187, 265)        ; 36                                        ; 165275                                            ;        ;
; u_pipe|g_hist_rep[1].u_history|u_out|count_q[1]~DUPLICATE                                                                                     ; (191, 286)        ; 4518                ; (187, 265)        ; 36                                        ; 165275                                            ;        ;
; u_pipe|g_hist_rep[1].u_history|u_out|count_q[2]~DUPLICATE                                                                                     ; (191, 286)        ; 4517                ; (187, 265)        ; 36                                        ; 165253                                            ;        ;
; u_pipe|g_hist_rep[1].u_history|mv_q[2]                                                                                                        ; (191, 286)        ; 4506                ; (187, 265)        ; 36                                        ; 165078                                            ;        ;
; u_pipe|g_hist_rep[1].u_history|u_out|wr_ptr_q[0]~DUPLICATE                                                                                    ; (191, 286)        ; 4498                ; (187, 265)        ; 36                                        ; 164904                                            ;        ;
; u_pipe|g_hist_rep[1].u_history|u_out|wr_ptr_q[1]                                                                                              ; (191, 286)        ; 4497                ; (187, 265)        ; 36                                        ; 164883                                            ;        ;
; u_pipe|g_hist_rep[1].u_history|u_out|wr_ptr_q[2]                                                                                              ; (191, 286)        ; 4496                ; (187, 265)        ; 36                                        ; 164861                                            ;        ;
; u_pipe|g_hist_rep[1].u_history|g_ant[3].g_lane[0].u_bank|g_store.mem_rtl_0|auto_generated|altera_syncram_impl1|decode3|rtl~69_ERTM1           ; (164, 379)        ; 3584                ; (146, 372)        ; 45                                        ; 163568                                            ;        ;
; u_pipe|g_hist_rep[1].u_history|g_ant[3].g_lane[0].u_bank|g_store.mem_rtl_0|auto_generated|altera_syncram_impl1|decode3|rtl~77_ERTM0           ; (164, 379)        ; 3584                ; (146, 372)        ; 45                                        ; 163568                                            ;        ;
; u_pipe|g_hist_rep[0].u_history|g_ant[15].g_lane[0].u_bank|g_store.mem_rtl_0|auto_generated|altera_syncram_impl1|decode3|rtl~69_ERTM1          ; (261, 369)        ; 3584                ; (267, 383)        ; 44                                        ; 161079                                            ;        ;
; u_pipe|g_hist_rep[0].u_history|g_ant[15].g_lane[0].u_bank|g_store.mem_rtl_0|auto_generated|altera_syncram_impl1|decode3|rtl~77_ERTM           ; (261, 369)        ; 3584                ; (267, 383)        ; 44                                        ; 161079                                            ;        ;
; u_pipe|g_hist_rep[0].u_history|g_ant[15].g_lane[0].u_bank|g_store.mem_rtl_0|auto_generated|altera_syncram_impl1|decode3|rtl~77_ERTM0          ; (261, 369)        ; 3584                ; (267, 383)        ; 44                                        ; 161079                                            ;        ;
; u_pipe|u_dma_arb|s_rsp_valid_q[1]                                                                                                             ; (350, 340)        ; 9088                ; (354, 326)        ; 17                                        ; 159819                                            ;        ;
; u_pipe|u_dma_arb|s_rsp_valid_q[0]                                                                                                             ; (350, 340)        ; 9087                ; (354, 326)        ; 17                                        ; 159801                                            ;        ;
; u_pipe|u_dma_mem|q_r[0].remaining[2]                                                                                                          ; (346, 338)        ; 9087                ; (354, 326)        ; 17                                        ; 159799                                            ;        ;
; u_pipe|u_dma_mem|q_r[0].remaining[1]                                                                                                          ; (346, 338)        ; 9087                ; (354, 326)        ; 17                                        ; 159799                                            ;        ;
; u_pipe|u_dma_mem|q_r[0].remaining[0]                                                                                                          ; (346, 338)        ; 9087                ; (354, 326)        ; 17                                        ; 159799                                            ;        ;
; u_pipe|u_dma_mem|q_r[0].remaining[6]                                                                                                          ; (346, 338)        ; 9087                ; (354, 326)        ; 17                                        ; 159799                                            ;        ;
; u_pipe|u_dma_mem|q_r[0].remaining[5]                                                                                                          ; (346, 338)        ; 9087                ; (354, 326)        ; 17                                        ; 159799                                            ;        ;
; u_pipe|u_dma_mem|q_r[0].remaining[7]~DUPLICATE                                                                                                ; (346, 338)        ; 9087                ; (354, 326)        ; 17                                        ; 159799                                            ;        ;
; u_pipe|u_dma_mem|q_r[0].remaining[4]~DUPLICATE                                                                                                ; (346, 338)        ; 9087                ; (354, 326)        ; 17                                        ; 159799                                            ;        ;
; u_pipe|u_dma_mem|q_r[0].remaining[3]                                                                                                          ; (346, 340)        ; 9087                ; (354, 326)        ; 17                                        ; 159797                                            ;        ;
; u_pipe|u_dma_mem|q_count[3]                                                                                                                   ; (342, 342)        ; 9087                ; (354, 326)        ; 17                                        ; 159791                                            ;        ;
; u_pipe|u_dma_mem|q_count[1]                                                                                                                   ; (342, 342)        ; 9087                ; (354, 326)        ; 17                                        ; 159791                                            ;        ;
; u_pipe|u_dma_mem|q_count[2]~DUPLICATE                                                                                                         ; (342, 342)        ; 9087                ; (354, 326)        ; 17                                        ; 159791                                            ;        ;
; u_pipe|u_dma_mem|q_count[0]~DUPLICATE                                                                                                         ; (342, 342)        ; 9087                ; (354, 326)        ; 17                                        ; 159791                                            ;        ;
; u_pipe|g_cfar_per_beam[3].u_cfar|rdy_q                                                                                                        ; (339, 377)        ; 5157                ; (246, 388)        ; 30                                        ; 158313                                            ;        ;
; u_pipe|beam_ph_done_q[3]                                                                                                                      ; (345, 367)        ; 5157                ; (246, 388)        ; 30                                        ; 158295                                            ;        ;
; u_pipe|g_hist_rep[1].u_history|g_ant[7].g_lane[0].u_bank|g_store.mem_rtl_0|auto_generated|altera_syncram_impl1|decode3|rtl~77_ERTM0           ; (207, 179)        ; 3584                ; (204, 152)        ; 43                                        ; 156035                                            ;        ;
; u_pipe|g_hist_rep[0].u_history|g_ant[13].g_lane[0].u_bank|g_store.mem_rtl_0|auto_generated|altera_syncram_impl1|decode3|rtl~69_ERTM1DUPLICATE ; (260, 205)        ; 3232                ; (290, 224)        ; 48                                        ; 155928                                            ;        ;
; u_pipe|g_hist_rep[0].u_history|g_ant[13].g_lane[0].u_bank|g_store.mem_rtl_0|auto_generated|altera_syncram_impl1|decode3|rtl~77_ERTM0DUPLICATE ; (260, 209)        ; 3232                ; (290, 224)        ; 48                                        ; 155350                                            ;        ;
; u_pipe|g_hist_rep[1].u_history|g_ant[1].g_lane[0].u_bank|g_store.mem_rtl_0|auto_generated|altera_syncram_impl1|decode3|rtl~77_ERTM            ; (80, 190)         ; 3328                ; (93, 170)         ; 46                                        ; 153964                                            ;        ;
; u_pipe|g_hist_rep[1].u_history|g_ant[1].g_lane[0].u_bank|g_store.mem_rtl_0|auto_generated|altera_syncram_impl1|decode3|rtl~69_ERTM1DUPLICATE  ; (79, 190)         ; 3296                ; (93, 170)         ; 46                                        ; 151988                                            ;        ;
; u_pipe|g_hist_rep[0].u_history|g_ant[9].g_lane[0].u_bank|g_store.mem_rtl_0|auto_generated|altera_syncram_impl1|decode3|rtl~77_ERTM0DUPLICATE  ; (366, 137)        ; 3520                ; (376, 123)        ; 43                                        ; 151649                                            ;        ;
; u_pipe|g_cfar_per_beam[11].u_cfar|cred_q[0]                                                                                                   ; (345, 370)        ; 4020                ; (232, 403)        ; 37                                        ; 150290                                            ;        ;
; u_pipe|g_cfar_per_beam[11].u_cfar|cred_q[2]                                                                                                   ; (346, 370)        ; 4020                ; (232, 403)        ; 37                                        ; 150289                                            ;        ;
; u_pipe|g_cfar_per_beam[11].u_cfar|cred_q[1]                                                                                                   ; (346, 370)        ; 4020                ; (232, 403)        ; 37                                        ; 150289                                            ;        ;
; u_pipe|g_cfar_per_beam[11].u_cfar|cred_q[3]                                                                                                   ; (346, 370)        ; 4020                ; (232, 403)        ; 37                                        ; 150289                                            ;        ;
; u_pipe|g_hist_rep[1].u_history|g_ant[7].g_lane[0].u_bank|g_store.mem_rtl_0|auto_generated|altera_syncram_impl1|decode3|rtl~69_ERTM1           ; (204, 179)        ; 3424                ; (204, 151)        ; 43                                        ; 149609                                            ;        ;
; u_pipe|g_cfar_per_beam[10].u_cfar|cred_q[1]                                                                                                   ; (334, 371)        ; 3972                ; (235, 381)        ; 37                                        ; 149355                                            ;        ;
; u_pipe|g_cfar_per_beam[10].u_cfar|cred_q[3]                                                                                                   ; (334, 371)        ; 3972                ; (235, 381)        ; 37                                        ; 149355                                            ;        ;
; u_pipe|g_cfar_per_beam[10].u_cfar|cred_q[0]~DUPLICATE                                                                                         ; (334, 371)        ; 3972                ; (235, 381)        ; 37                                        ; 149355                                            ;        ;
; u_pipe|g_hist_rep[0].u_history|g_ant[14].g_lane[0].u_bank|g_store.mem_rtl_0|auto_generated|altera_syncram_impl1|decode3|rtl~77_ERTM0          ; (92, 85)          ; 3584                ; (69, 76)          ; 41                                        ; 149301                                            ;        ;
; u_pipe|g_hist_rep[1].u_history|g_ant[2].g_lane[0].u_bank|g_store.mem_rtl_0|auto_generated|altera_syncram_impl1|decode3|rtl~77_ERTM0           ; (34, 343)         ; 3584                ; (40, 361)         ; 40                                        ; 146395                                            ;        ;
; u_pipe|g_hist_rep[0].u_history|g_ant[14].g_lane[0].u_bank|g_store.mem_rtl_0|auto_generated|altera_syncram_impl1|decode3|rtl~77_ERTMDUPLICATE  ; (92, 91)          ; 3488                ; (69, 75)          ; 41                                        ; 145404                                            ;        ;
; u_pipe|des_pending_valid_q~DUPLICATE                                                                                                          ; (369, 341)        ; 4868                ; (371, 339)        ; 29                                        ; 144901                                            ;        ;
; u_pipe|wr_busy_q                                                                                                                              ; (369, 341)        ; 4862                ; (371, 339)        ; 29                                        ; 144879                                            ;        ;
; u_pipe|u_dma_arb|tag_valid_q[15]                                                                                                              ; (363, 339)        ; 4860                ; (371, 339)        ; 29                                        ; 144869                                            ;        ;
; u_pipe|u_dma_arb|tag_valid_q[7]                                                                                                               ; (363, 339)        ; 4860                ; (371, 339)        ; 29                                        ; 144869                                            ;        ;
; u_pipe|u_dma_arb|tag_valid_q[5]                                                                                                               ; (363, 339)        ; 4860                ; (371, 339)        ; 29                                        ; 144869                                            ;        ;
; u_pipe|u_dma_arb|tag_valid_q[12]                                                                                                              ; (363, 339)        ; 4860                ; (371, 339)        ; 29                                        ; 144869                                            ;        ;
; u_pipe|u_dma_arb|tag_valid_q[15]~DUPLICATE                                                                                                    ; (363, 339)        ; 4860                ; (371, 339)        ; 29                                        ; 144869                                            ;        ;
; u_pipe|u_dma_arb|tag_valid_q[7]~DUPLICATE                                                                                                     ; (363, 339)        ; 4860                ; (371, 339)        ; 29                                        ; 144869                                            ;        ;
; u_pipe|u_dma_arb|tag_valid_q[13]~DUPLICATE                                                                                                    ; (363, 339)        ; 4860                ; (371, 339)        ; 29                                        ; 144869                                            ;        ;
; u_pipe|u_dma_arb|tag_valid_q[12]~DUPLICATE                                                                                                    ; (363, 339)        ; 4860                ; (371, 339)        ; 29                                        ; 144869                                            ;        ;
; u_pipe|u_dma_arb|tag_valid_q[3]                                                                                                               ; (361, 340)        ; 4860                ; (371, 339)        ; 29                                        ; 144868                                            ;        ;
; u_pipe|u_dma_arb|tag_valid_q[1]                                                                                                               ; (361, 340)        ; 4860                ; (371, 339)        ; 29                                        ; 144868                                            ;        ;
; u_pipe|u_dma_arb|tag_valid_q[9]                                                                                                               ; (361, 340)        ; 4860                ; (371, 339)        ; 29                                        ; 144868                                            ;        ;
; u_pipe|u_dma_arb|tag_valid_q[0]                                                                                                               ; (361, 340)        ; 4860                ; (371, 339)        ; 29                                        ; 144868                                            ;        ;
; u_pipe|u_dma_arb|tag_valid_q[8]                                                                                                               ; (361, 340)        ; 4860                ; (371, 339)        ; 29                                        ; 144868                                            ;        ;
; u_pipe|u_dma_arb|tag_valid_q[4]                                                                                                               ; (362, 340)        ; 4860                ; (371, 339)        ; 29                                        ; 144868                                            ;        ;
; u_pipe|u_dma_arb|tag_valid_q[2]                                                                                                               ; (362, 340)        ; 4860                ; (371, 339)        ; 29                                        ; 144868                                            ;        ;
; u_pipe|u_dma_arb|tag_valid_q[10]                                                                                                              ; (361, 340)        ; 4860                ; (371, 339)        ; 29                                        ; 144868                                            ;        ;
; u_pipe|u_dma_arb|tag_valid_q[6]                                                                                                               ; (362, 340)        ; 4860                ; (371, 339)        ; 29                                        ; 144868                                            ;        ;
; u_pipe|u_dma_arb|next_tag_q[2]                                                                                                                ; (362, 340)        ; 4860                ; (371, 339)        ; 29                                        ; 144868                                            ;        ;
; u_pipe|u_dma_arb|tag_valid_q[3]~DUPLICATE                                                                                                     ; (361, 340)        ; 4860                ; (371, 339)        ; 29                                        ; 144868                                            ;        ;
; u_pipe|u_dma_arb|tag_valid_q[11]~DUPLICATE                                                                                                    ; (361, 340)        ; 4860                ; (371, 339)        ; 29                                        ; 144868                                            ;        ;
; u_pipe|u_dma_arb|tag_valid_q[0]~DUPLICATE                                                                                                     ; (361, 340)        ; 4860                ; (371, 339)        ; 29                                        ; 144868                                            ;        ;
; u_pipe|u_dma_arb|tag_valid_q[8]~DUPLICATE                                                                                                     ; (361, 340)        ; 4860                ; (371, 339)        ; 29                                        ; 144868                                            ;        ;
; u_pipe|u_dma_arb|tag_valid_q[2]~DUPLICATE                                                                                                     ; (362, 340)        ; 4860                ; (371, 339)        ; 29                                        ; 144868                                            ;        ;
; u_pipe|u_dma_arb|tag_valid_q[10]~DUPLICATE                                                                                                    ; (361, 340)        ; 4860                ; (371, 339)        ; 29                                        ; 144868                                            ;        ;
; u_pipe|u_dma_arb|tag_valid_q[6]~DUPLICATE                                                                                                     ; (362, 340)        ; 4860                ; (371, 339)        ; 29                                        ; 144868                                            ;        ;
; u_pipe|u_dma_arb|tag_valid_q[14]~DUPLICATE                                                                                                    ; (361, 340)        ; 4860                ; (371, 339)        ; 29                                        ; 144868                                            ;        ;
; u_pipe|u_dma_arb|next_tag_q[2]~DUPLICATE                                                                                                      ; (362, 340)        ; 4860                ; (371, 339)        ; 29                                        ; 144868                                            ;        ;
; u_pipe|u_dma_arb|next_tag_q[3]                                                                                                                ; (362, 341)        ; 4860                ; (371, 339)        ; 29                                        ; 144867                                            ;        ;
; u_pipe|u_dma_arb|next_tag_q[1]                                                                                                                ; (362, 341)        ; 4860                ; (371, 339)        ; 29                                        ; 144867                                            ;        ;
; u_pipe|u_dma_arb|next_tag_q[3]~DUPLICATE                                                                                                      ; (362, 341)        ; 4860                ; (371, 339)        ; 29                                        ; 144867                                            ;        ;
; u_pipe|u_dma_arb|next_tag_q[0]~DUPLICATE                                                                                                      ; (362, 341)        ; 4860                ; (371, 339)        ; 29                                        ; 144867                                            ;        ;
; u_pipe|u_dma_arb|rr_ptr_q[0]~DUPLICATE                                                                                                        ; (369, 341)        ; 4799                ; (371, 339)        ; 30                                        ; 144269                                            ;        ;
; u_pipe|g_hist_rep[0].u_history|g_ant[14].g_lane[0].u_bank|g_store.mem_rtl_0|auto_generated|altera_syncram_impl1|decode3|rtl~69_ERTM1DUPLICATE ; (92, 91)          ; 3456                ; (68, 75)          ; 41                                        ; 144176                                            ;        ;
; u_pipe|g_hist_rep[0].u_history|g_ant[10].g_lane[0].u_bank|g_store.mem_rtl_0|auto_generated|altera_syncram_impl1|decode3|rtl~77_ERTM0          ; (351, 79)         ; 2688                ; (293, 62)         ; 53                                        ; 143108                                            ;        ;
; u_pipe|u_dma_mem|mem_q_rtl_0_bypass[27]                                                                                                       ; (373, 341)        ; 8192                ; (355, 326)        ; 17                                        ; 142589                                            ;        ;
; u_pipe|u_dma_mem|mem_q_rtl_0_bypass[28]                                                                                                       ; (373, 341)        ; 8192                ; (355, 326)        ; 17                                        ; 142589                                            ;        ;
; u_pipe|u_dma_mem|mem_q_rtl_0_bypass[23]                                                                                                       ; (373, 341)        ; 8192                ; (355, 326)        ; 17                                        ; 142589                                            ;        ;
; u_pipe|u_dma_mem|mem_q_rtl_0_bypass[24]                                                                                                       ; (373, 341)        ; 8192                ; (355, 326)        ; 17                                        ; 142589                                            ;        ;
; u_pipe|u_dma_mem|mem_q_rtl_0_bypass[25]                                                                                                       ; (373, 341)        ; 8192                ; (355, 326)        ; 17                                        ; 142589                                            ;        ;
; u_pipe|u_dma_mem|mem_q_rtl_0_bypass[26]                                                                                                       ; (373, 341)        ; 8192                ; (355, 326)        ; 17                                        ; 142589                                            ;        ;
; u_pipe|u_dma_mem|mem_q_rtl_0_bypass[21]                                                                                                       ; (368, 335)        ; 8192                ; (355, 326)        ; 17                                        ; 142589                                            ;        ;
; u_pipe|u_dma_mem|mem_q_rtl_0_bypass[22]                                                                                                       ; (368, 335)        ; 8192                ; (355, 326)        ; 17                                        ; 142589                                            ;        ;
; u_pipe|u_dma_mem|mem_q_rtl_0_bypass[17]                                                                                                       ; (368, 335)        ; 8192                ; (355, 326)        ; 17                                        ; 142589                                            ;        ;
; u_pipe|u_dma_mem|mem_q_rtl_0_bypass[18]                                                                                                       ; (368, 335)        ; 8192                ; (355, 326)        ; 17                                        ; 142589                                            ;        ;
; u_pipe|u_dma_mem|mem_q_rtl_0_bypass[19]                                                                                                       ; (368, 335)        ; 8192                ; (355, 326)        ; 17                                        ; 142589                                            ;        ;
; u_pipe|u_dma_mem|mem_q_rtl_0_bypass[20]                                                                                                       ; (368, 335)        ; 8192                ; (355, 326)        ; 17                                        ; 142589                                            ;        ;
; u_pipe|u_dma_mem|mem_q_rtl_0_bypass[15]                                                                                                       ; (368, 335)        ; 8192                ; (355, 326)        ; 17                                        ; 142589                                            ;        ;
; u_pipe|u_dma_mem|mem_q_rtl_0_bypass[16]                                                                                                       ; (368, 335)        ; 8192                ; (355, 326)        ; 17                                        ; 142589                                            ;        ;
; u_pipe|u_dma_mem|mem_q_rtl_0_bypass[11]                                                                                                       ; (368, 335)        ; 8192                ; (355, 326)        ; 17                                        ; 142589                                            ;        ;
; u_pipe|u_dma_mem|mem_q_rtl_0_bypass[12]                                                                                                       ; (368, 335)        ; 8192                ; (355, 326)        ; 17                                        ; 142589                                            ;        ;
; u_pipe|u_dma_mem|mem_q_rtl_0_bypass[13]                                                                                                       ; (368, 335)        ; 8192                ; (355, 326)        ; 17                                        ; 142589                                            ;        ;
; u_pipe|u_dma_mem|mem_q_rtl_0_bypass[14]                                                                                                       ; (368, 335)        ; 8192                ; (355, 326)        ; 17                                        ; 142589                                            ;        ;
; u_pipe|u_dma_mem|mem_q_rtl_0_bypass[9]                                                                                                        ; (368, 335)        ; 8192                ; (355, 326)        ; 17                                        ; 142589                                            ;        ;
; u_pipe|u_dma_mem|mem_q_rtl_0_bypass[10]                                                                                                       ; (368, 335)        ; 8192                ; (355, 326)        ; 17                                        ; 142589                                            ;        ;
; u_pipe|u_dma_mem|mem_q_rtl_0_bypass[5]                                                                                                        ; (368, 335)        ; 8192                ; (355, 326)        ; 17                                        ; 142589                                            ;        ;
; u_pipe|u_dma_mem|mem_q_rtl_0_bypass[6]                                                                                                        ; (368, 335)        ; 8192                ; (355, 326)        ; 17                                        ; 142589                                            ;        ;
; u_pipe|u_dma_mem|mem_q_rtl_0_bypass[7]                                                                                                        ; (368, 335)        ; 8192                ; (355, 326)        ; 17                                        ; 142589                                            ;        ;
; u_pipe|u_dma_mem|mem_q_rtl_0_bypass[8]                                                                                                        ; (368, 335)        ; 8192                ; (355, 326)        ; 17                                        ; 142589                                            ;        ;
; u_pipe|u_dma_mem|mem_q_rtl_0_bypass[3]                                                                                                        ; (368, 335)        ; 8192                ; (355, 326)        ; 17                                        ; 142589                                            ;        ;
; u_pipe|u_dma_mem|mem_q_rtl_0_bypass[4]                                                                                                        ; (368, 335)        ; 8192                ; (355, 326)        ; 17                                        ; 142589                                            ;        ;
; u_pipe|u_dma_mem|mem_q_rtl_0_bypass[0]                                                                                                        ; (373, 343)        ; 8192                ; (355, 326)        ; 17                                        ; 142589                                            ;        ;
; u_pipe|u_dma_mem|mem_q_rtl_0_bypass[1]                                                                                                        ; (368, 335)        ; 8192                ; (355, 326)        ; 17                                        ; 142589                                            ;        ;
; u_pipe|u_dma_mem|mem_q_rtl_0_bypass[2]                                                                                                        ; (368, 335)        ; 8192                ; (355, 326)        ; 17                                        ; 142589                                            ;        ;
; u_pipe|g_cfar_per_beam[10].u_cfar|rdy_q                                                                                                       ; (323, 379)        ; 5145                ; (227, 377)        ; 26                                        ; 137552                                            ;        ;
; u_pipe|beam_ph_done_q[10]                                                                                                                     ; (345, 367)        ; 5145                ; (227, 377)        ; 26                                        ; 137516                                            ;        ;
; u_pipe|g_hist_rep[0].u_history|u_out|count_q[3]                                                                                               ; (185, 257)        ; 4518                ; (184, 250)        ; 30                                        ; 137403                                            ;        ;
; u_pipe|g_hist_rep[0].u_history|u_out|count_q[2]                                                                                               ; (185, 257)        ; 4518                ; (184, 250)        ; 30                                        ; 137403                                            ;        ;
; u_pipe|g_hist_rep[0].u_history|u_out|count_q[1]                                                                                               ; (185, 257)        ; 4518                ; (184, 250)        ; 30                                        ; 137403                                            ;        ;
; u_pipe|g_hist_rep[0].u_history|mv_q[2]                                                                                                        ; (189, 287)        ; 4506                ; (184, 250)        ; 30                                        ; 137335                                            ;        ;
; u_pipe|g_hist_rep[0].u_history|u_out|count_q[0]~DUPLICATE                                                                                     ; (185, 257)        ; 4506                ; (184, 250)        ; 30                                        ; 137335                                            ;        ;
; u_pipe|g_hist_rep[0].u_history|u_out|wr_ptr_q[1]                                                                                              ; (185, 257)        ; 4498                ; (184, 250)        ; 30                                        ; 137275                                            ;        ;
; u_pipe|g_hist_rep[0].u_history|u_out|wr_ptr_q[0]                                                                                              ; (185, 257)        ; 4498                ; (184, 250)        ; 30                                        ; 137275                                            ;        ;
; u_pipe|beam_ph_done_q[4]                                                                                                                      ; (347, 367)        ; 5232                ; (256, 364)        ; 26                                        ; 136419                                            ;        ;
; u_pipe|g_cfar_per_beam[4].u_cfar|rdy_q                                                                                                        ; (347, 350)        ; 5232                ; (256, 364)        ; 26                                        ; 136408                                            ;        ;
; u_pipe|g_hist_rep[0].u_history|g_ant[5].g_lane[0].u_bank|g_store.mem_rtl_0|auto_generated|altera_syncram_impl1|decode3|rtl~77_ERTM            ; (220, 90)         ; 3584                ; (210, 65)         ; 38                                        ; 136298                                            ;        ;
; u_pipe|g_hist_rep[0].u_history|g_ant[5].g_lane[0].u_bank|g_store.mem_rtl_0|auto_generated|altera_syncram_impl1|decode3|rtl~77_ERTM0           ; (222, 90)         ; 3584                ; (210, 65)         ; 38                                        ; 136298                                            ;        ;
; u_pipe|g_hist_rep[1].u_history|g_ant[15].g_lane[0].u_bank|g_store.mem_rtl_0|auto_generated|altera_syncram_impl1|decode3|rtl~77_ERTMDUPLICATE  ; (293, 350)        ; 3200                ; (300, 374)        ; 42                                        ; 135946                                            ;        ;
; u_pipe|g_cfar_per_beam[6].u_cfar|cred_q[2]                                                                                                    ; (353, 369)        ; 3968                ; (355, 404)        ; 34                                        ; 135467                                            ;        ;
; u_pipe|g_cfar_per_beam[6].u_cfar|cred_q[1]                                                                                                    ; (353, 369)        ; 3968                ; (355, 404)        ; 34                                        ; 135467                                            ;        ;
; u_pipe|g_cfar_per_beam[6].u_cfar|cred_q[0]                                                                                                    ; (353, 369)        ; 3968                ; (355, 404)        ; 34                                        ; 135467                                            ;        ;
; u_pipe|g_cfar_per_beam[6].u_cfar|cred_q[3]                                                                                                    ; (353, 369)        ; 3968                ; (355, 404)        ; 34                                        ; 135467                                            ;        ;
; u_pipe|u_align_cdc|u_fifo|wr_bin_q[2]~DUPLICATE                                                                                               ; (197, 320)        ; 4174                ; (149, 311)        ; 32                                        ; 134559                                            ;        ;
; u_pipe|g_hist_rep[0].u_history|mm_q[2][53]                                                                                                    ; (185, 294)        ; 4104                ; (183, 250)        ; 31                                        ; 131291                                            ;        ;
; u_pipe|g_hist_rep[1].u_history|g_ant[10].g_lane[0].u_bank|g_store.mem_rtl_0|auto_generated|altera_syncram_impl1|decode3|rtl~69_ERTM1          ; (336, 62)         ; 3584                ; (323, 44)         ; 36                                        ; 131195                                            ;        ;
; u_pipe|g_hist_rep[1].u_history|g_ant[10].g_lane[0].u_bank|g_store.mem_rtl_0|auto_generated|altera_syncram_impl1|decode3|rtl~77_ERTM0          ; (335, 74)         ; 3584                ; (323, 44)         ; 36                                        ; 131195                                            ;        ;
; u_pipe|g_hist_rep[0].u_history|g_ant[1].g_lane[0].u_bank|g_store.mem_rtl_0|auto_generated|altera_syncram_impl1|decode3|rtl~77_ERTM            ; (69, 168)         ; 3584                ; (56, 152)         ; 36                                        ; 130510                                            ;        ;
; u_pipe|g_hist_rep[0].u_history|g_ant[1].g_lane[0].u_bank|g_store.mem_rtl_0|auto_generated|altera_syncram_impl1|decode3|rtl~77_ERTM0           ; (69, 168)         ; 3584                ; (56, 152)         ; 36                                        ; 130510                                            ;        ;
; u_pipe|g_cfar_per_beam[9].u_cfar|cred_q[1]                                                                                                    ; (363, 354)        ; 3954                ; (376, 402)        ; 32                                        ; 129629                                            ;        ;
; u_pipe|g_cfar_per_beam[9].u_cfar|cred_q[0]                                                                                                    ; (363, 354)        ; 3954                ; (376, 402)        ; 32                                        ; 129629                                            ;        ;
; u_pipe|g_cfar_per_beam[9].u_cfar|cred_q[3]                                                                                                    ; (363, 354)        ; 3954                ; (376, 402)        ; 32                                        ; 129629                                            ;        ;
; u_pipe|g_cfar_per_beam[9].u_cfar|cred_q[2]~DUPLICATE                                                                                          ; (363, 354)        ; 3954                ; (376, 402)        ; 32                                        ; 129629                                            ;        ;
; u_pipe|g_cfar_per_beam[3].u_cfar|cred_q[1]                                                                                                    ; (345, 379)        ; 4008                ; (260, 395)        ; 32                                        ; 129356                                            ;        ;
; u_pipe|g_cfar_per_beam[3].u_cfar|cred_q[0]                                                                                                    ; (345, 379)        ; 4008                ; (260, 395)        ; 32                                        ; 129356                                            ;        ;
; u_pipe|g_cfar_per_beam[3].u_cfar|cred_q[2]                                                                                                    ; (339, 360)        ; 4008                ; (260, 395)        ; 32                                        ; 129342                                            ;        ;
; u_pipe|wr_addr_q[8]                                                                                                                           ; (369, 339)        ; 4128                ; (372, 340)        ; 31                                        ; 128772                                            ;        ;
; u_pipe|wr_addr_q[11]                                                                                                                          ; (369, 339)        ; 4125                ; (372, 340)        ; 31                                        ; 128756                                            ;        ;
; u_pipe|wr_addr_q[16]                                                                                                                          ; (369, 339)        ; 4122                ; (372, 340)        ; 31                                        ; 128690                                            ;        ;
; u_pipe|wr_addr_q[6]                                                                                                                           ; (369, 339)        ; 4129                ; (372, 340)        ; 31                                        ; 128659                                            ;        ;
; u_pipe|u_dma_arb|m_req_q.addr[8]~_Duplicate_9                                                                                                 ; (350, 352)        ; 4103                ; (372, 340)        ; 31                                        ; 128658                                            ;        ;
; u_pipe|wr_addr_q[7]                                                                                                                           ; (369, 339)        ; 4128                ; (372, 340)        ; 31                                        ; 128656                                            ;        ;
; u_pipe|u_dma_arb|m_req_q.addr[11]~_Duplicate_18                                                                                               ; (350, 352)        ; 4103                ; (372, 340)        ; 31                                        ; 128652                                            ;        ;
; u_pipe|wr_addr_q[13]                                                                                                                          ; (369, 339)        ; 4123                ; (372, 340)        ; 31                                        ; 128615                                            ;        ;
; u_pipe|u_dma_arb|m_req_q.addr[16]~_Duplicate_33                                                                                               ; (350, 347)        ; 4105                ; (372, 340)        ; 31                                        ; 128608                                            ;        ;
; u_pipe|wr_addr_q[12]                                                                                                                          ; (369, 339)        ; 4123                ; (372, 340)        ; 31                                        ; 128600                                            ;        ;
; u_pipe|wr_addr_q[15]                                                                                                                          ; (369, 339)        ; 4120                ; (372, 340)        ; 31                                        ; 128592                                            ;        ;
; u_pipe|wr_addr_q[9]                                                                                                                           ; (369, 339)        ; 4125                ; (372, 340)        ; 31                                        ; 128575                                            ;        ;
; u_pipe|wr_addr_q[10]                                                                                                                          ; (369, 339)        ; 4125                ; (372, 340)        ; 31                                        ; 128565                                            ;        ;
; u_pipe|wr_addr_q[14]                                                                                                                          ; (369, 339)        ; 4121                ; (372, 340)        ; 31                                        ; 128543                                            ;        ;
; u_pipe|u_dma_arb|m_req_q.addr[6]~_Duplicate_3DUPLICATE                                                                                        ; (348, 351)        ; 4102                ; (372, 340)        ; 31                                        ; 128539                                            ;        ;
; u_pipe|u_dma_arb|m_req_q.addr[7]~_Duplicate_6                                                                                                 ; (348, 353)        ; 4102                ; (372, 340)        ; 31                                        ; 128538                                            ;        ;
; u_pipe|u_dma_arb|m_req_q.addr[13]~_Duplicate_24                                                                                               ; (350, 352)        ; 4103                ; (372, 340)        ; 31                                        ; 128519                                            ;        ;
; u_pipe|u_dma_arb|m_req_q.addr[12]~_Duplicate_21DUPLICATE                                                                                      ; (356, 338)        ; 4102                ; (372, 340)        ; 31                                        ; 128514                                            ;        ;
; u_pipe|u_dma_arb|m_req_q.addr[15]~_Duplicate_30                                                                                               ; (350, 352)        ; 4102                ; (372, 340)        ; 31                                        ; 128502                                            ;        ;
; u_pipe|u_dma_arb|m_req_q.addr[18]                                                                                                             ; (373, 341)        ; 4104                ; (372, 340)        ; 31                                        ; 128493                                            ;        ;
; u_pipe|u_dma_arb|m_req_q.addr[19]                                                                                                             ; (373, 341)        ; 4103                ; (372, 340)        ; 31                                        ; 128468                                            ;        ;
; u_pipe|u_dma_arb|m_req_q.addr[9]~_Duplicate_12                                                                                                ; (350, 352)        ; 4101                ; (372, 340)        ; 31                                        ; 128465                                            ;        ;
; u_pipe|u_dma_arb|m_req_q.addr[10]~_Duplicate_15                                                                                               ; (346, 350)        ; 4102                ; (372, 340)        ; 31                                        ; 128457                                            ;        ;
; u_pipe|u_dma_arb|m_req_q.addr[14]~_Duplicate_27                                                                                               ; (350, 352)        ; 4102                ; (372, 340)        ; 31                                        ; 128449                                            ;        ;
; u_pipe|u_dma_arb|m_req_q.addr[17]                                                                                                             ; (373, 341)        ; 4104                ; (372, 340)        ; 31                                        ; 128423                                            ;        ;
; u_pipe|u_align|u_switch|g_xbar.u_net|a_valid[1]                                                                                               ; (189, 286)        ; 4611                ; (177, 270)        ; 27                                        ; 126648                                            ;        ;
; u_pipe|u_align|u_switch|g_xbar.u_net|a_valid[0]                                                                                               ; (189, 287)        ; 4611                ; (177, 270)        ; 27                                        ; 126648                                            ;        ;
; u_pipe|u_align|u_switch|g_xbar.u_net|a_data[1][512]                                                                                           ; (189, 286)        ; 4611                ; (177, 270)        ; 27                                        ; 126648                                            ;        ;
; u_pipe|u_align|u_switch|g_xbar.u_net|a_data[0][512]                                                                                           ; (190, 286)        ; 4611                ; (177, 270)        ; 27                                        ; 126648                                            ;        ;
; u_pipe|u_align_cdc|u_fifo|wr_bin_q[2]                                                                                                         ; (197, 320)        ; 4168                ; (151, 310)        ; 30                                        ; 125356                                            ;        ;
; u_pipe|g_hist_rep[1].u_history|mm_q[2][53]                                                                                                    ; (185, 294)        ; 3512                ; (183, 258)        ; 35                                        ; 123838                                            ;        ;
; u_pipe|g_hist_rep[1].u_history|g_ant[2].g_lane[0].u_bank|g_store.mem_rtl_0|auto_generated|altera_syncram_impl1|decode3|rtl~69_ERTM1DUPLICATE  ; (61, 342)         ; 3104                ; (38, 365)         ; 39                                        ; 122936                                            ;        ;
; u_pipe|g_cfar_per_beam[13].u_cfar|cred_q[3]                                                                                                   ; (373, 363)        ; 3941                ; (403, 397)        ; 29                                        ; 118097                                            ;        ;
; u_pipe|g_cfar_per_beam[13].u_cfar|cred_q[0]                                                                                                   ; (373, 362)        ; 3941                ; (403, 397)        ; 29                                        ; 118096                                            ;        ;
; u_pipe|g_cfar_per_beam[13].u_cfar|cred_q[2]~DUPLICATE                                                                                         ; (373, 362)        ; 3941                ; (403, 397)        ; 29                                        ; 118096                                            ;        ;
; u_pipe|g_hist_rep[0].u_history|g_ant[8].g_lane[0].u_bank|g_store.mem_rtl_0|auto_generated|altera_syncram_impl1|decode3|rtl~69_ERTM1           ; (415, 189)        ; 3488                ; (414, 200)        ; 33                                        ; 117952                                            ;        ;
; u_pipe|g_cfar_per_beam[5].u_cfar|cred_q[1]                                                                                                    ; (356, 365)        ; 3974                ; (299, 396)        ; 29                                        ; 117737                                            ;        ;
; u_pipe|g_cfar_per_beam[5].u_cfar|cred_q[0]~DUPLICATE                                                                                          ; (356, 365)        ; 3974                ; (299, 396)        ; 29                                        ; 117737                                            ;        ;
; u_pipe|g_cfar_per_beam[13].u_cfar|cred_q[1]                                                                                                   ; (373, 362)        ; 3937                ; (403, 397)        ; 29                                        ; 117732                                            ;        ;
; u_pipe|g_cfar_per_beam[5].u_cfar|cred_q[3]                                                                                                    ; (347, 349)        ; 3974                ; (299, 396)        ; 29                                        ; 117730                                            ;        ;
; u_pipe|g_cfar_per_beam[2].u_cfar|cred_q[1]                                                                                                    ; (340, 372)        ; 3944                ; (279, 394)        ; 29                                        ; 117535                                            ;        ;
; u_pipe|g_cfar_per_beam[2].u_cfar|cred_q[2]                                                                                                    ; (340, 372)        ; 3944                ; (279, 394)        ; 29                                        ; 117535                                            ;        ;
; u_pipe|g_cfar_per_beam[5].u_cfar|cred_q[2]                                                                                                    ; (347, 349)        ; 3971                ; (299, 396)        ; 29                                        ; 117437                                            ;        ;
; u_pipe|g_hist_rep[1].u_history|g_ant[4].g_lane[0].u_bank|g_store.mem_rtl_0|auto_generated|altera_syncram_impl1|decode3|rtl~77_ERTM0           ; (90, 263)         ; 3328                ; (89, 248)         ; 34                                        ; 116459                                            ;        ;
; u_pipe|g_hist_rep[1].u_history|g_ant[1].g_lane[0].u_bank|g_store.mem_rtl_0|auto_generated|altera_syncram_impl1|decode3|rtl~77_ERTM0           ; (80, 190)         ; 2688                ; (99, 165)         ; 42                                        ; 115412                                            ;        ;
; u_pipe|g_hist_rep[1].u_history|g_ant[4].g_lane[0].u_bank|g_store.mem_rtl_0|auto_generated|altera_syncram_impl1|decode3|rtl~69_ERTM1           ; (88, 263)         ; 3264                ; (89, 244)         ; 35                                        ; 114761                                            ;        ;
; u_pipe|u_align_cdc|u_fifo|g_out_reg.out_valid_q                                                                                               ; (197, 321)        ; 2311                ; (142, 325)        ; 49                                        ; 114622                                            ;        ;
; u_pipe|u_bf|rdy_q                                                                                                                             ; (308, 344)        ; 2311                ; (142, 325)        ; 49                                        ; 114505                                            ;        ;
; u_pipe|g_hist_rep[0].u_history|g_ant[4].g_lane[0].u_bank|g_store.mem_rtl_0|auto_generated|altera_syncram_impl1|decode3|rtl~69_ERTM1           ; (36, 258)         ; 3584                ; (37, 248)         ; 31                                        ; 114297                                            ;        ;
; u_pipe|g_hist_rep[0].u_history|g_ant[4].g_lane[0].u_bank|g_store.mem_rtl_0|auto_generated|altera_syncram_impl1|decode3|rtl~77_ERTM            ; (36, 258)         ; 3584                ; (37, 248)         ; 31                                        ; 114297                                            ;        ;
; u_pipe|g_hist_rep[0].u_history|g_ant[4].g_lane[0].u_bank|g_store.mem_rtl_0|auto_generated|altera_syncram_impl1|decode3|rtl~77_ERTM0           ; (36, 258)         ; 3584                ; (37, 248)         ; 31                                        ; 114297                                            ;        ;
; u_pipe|g_cfar_per_beam[6].u_cfar|state_q.ST_IDLE                                                                                              ; (353, 385)        ; 3794                ; (355, 407)        ; 30                                        ; 114275                                            ;        ;
; u_pipe|g_cfar_per_beam[6].u_cfar|state_q.ST_RUN                                                                                               ; (353, 385)        ; 3794                ; (355, 407)        ; 30                                        ; 114275                                            ;        ;
; u_pipe|g_hist_rep[0].u_history|i1274~0_ERTM                                                                                                   ; (335, 311)        ; 659                 ; (214, 220)        ; 172                                       ; 113981                                            ;        ;
; u_pipe|u_align|u_switch|g_xbar.u_net|g_out[1].rr_ptr[0]~DUPLICATE                                                                             ; (189, 286)        ; 4044                ; (177, 269)        ; 28                                        ; 113651                                            ;        ;
; u_pipe|g_hist_rep[1].u_history|g_ant[4].g_lane[0].u_bank|g_store.mem_rtl_0|auto_generated|altera_syncram_impl1|decode3|rtl~77_ERTM            ; (88, 263)         ; 3232                ; (89, 247)         ; 35                                        ; 113398                                            ;        ;
; u_pipe|g_cfar_per_beam[9].u_cfar|state_q.ST_RUN                                                                                               ; (364, 356)        ; 3789                ; (378, 404)        ; 29                                        ; 113248                                            ;        ;
; u_pipe|g_cfar_per_beam[9].u_cfar|state_q.ST_IDLE                                                                                              ; (364, 356)        ; 3785                ; (378, 404)        ; 29                                        ; 112921                                            ;        ;
; u_pipe|g_hist_rep[0].u_history|g_ant[7].g_lane[0].u_bank|g_store.mem_rtl_0|auto_generated|altera_syncram_impl1|decode3|rtl~69_ERTM1           ; (175, 185)        ; 3040                ; (168, 160)        ; 36                                        ; 112411                                            ;        ;
; u_pipe|g_cfar_per_beam[7].u_cfar|cred_q[2]                                                                                                    ; (353, 353)        ; 3969                ; (347, 385)        ; 27                                        ; 110912                                            ;        ;
; u_pipe|g_cfar_per_beam[7].u_cfar|cred_q[1]                                                                                                    ; (353, 353)        ; 3969                ; (347, 385)        ; 27                                        ; 110912                                            ;        ;
; u_pipe|g_cfar_per_beam[7].u_cfar|cred_q[0]                                                                                                    ; (353, 353)        ; 3969                ; (347, 385)        ; 27                                        ; 110912                                            ;        ;
; u_pipe|g_cfar_per_beam[7].u_cfar|cred_q[3]                                                                                                    ; (353, 353)        ; 3969                ; (347, 385)        ; 27                                        ; 110912                                            ;        ;
; u_pipe|g_hist_rep[1].u_history|g_ant[5].g_lane[0].u_bank|g_store.mem_rtl_0|auto_generated|altera_syncram_impl1|decode3|rtl~69_ERTM1           ; (153, 95)         ; 3584                ; (154, 68)         ; 30                                        ; 110362                                            ;        ;
; u_pipe|g_cfar_per_beam[4].u_cfar|cred_q[1]                                                                                                    ; (348, 356)        ; 4044                ; (271, 365)        ; 27                                        ; 110345                                            ;        ;
; u_pipe|g_cfar_per_beam[4].u_cfar|cred_q[0]                                                                                                    ; (348, 356)        ; 4044                ; (271, 365)        ; 27                                        ; 110345                                            ;        ;
; u_pipe|g_cfar_per_beam[4].u_cfar|cred_q[2]                                                                                                    ; (348, 356)        ; 4044                ; (271, 365)        ; 27                                        ; 110345                                            ;        ;
; u_pipe|g_cfar_per_beam[4].u_cfar|cred_q[3]                                                                                                    ; (348, 356)        ; 4044                ; (271, 365)        ; 27                                        ; 110345                                            ;        ;
; u_pipe|g_hist_rep[1].u_history|g_ant[2].g_lane[0].u_bank|g_store.mem_rtl_0|auto_generated|altera_syncram_impl1|decode3|rtl~77_ERTM            ; (60, 342)         ; 2880                ; (37, 367)         ; 38                                        ; 110117                                            ;        ;
; u_pipe|g_hist_rep[0].u_history|g_ant[8].g_lane[0].u_bank|g_store.mem_rtl_0|auto_generated|altera_syncram_impl1|decode3|rtl~77_ERTM0           ; (415, 189)        ; 3200                ; (413, 202)        ; 33                                        ; 108463                                            ;        ;
; u_pipe|g_hist_rep[0].u_history|g_ant[5].g_lane[0].u_bank|g_store.mem_rtl_0|auto_generated|altera_syncram_impl1|decode3|rtl~69_ERTM1DUPLICATE  ; (222, 90)         ; 2976                ; (209, 60)         ; 35                                        ; 106247                                            ;        ;
; u_pipe|g_hist_rep[0].u_history|g_ant[7].g_lane[0].u_bank|g_store.mem_rtl_0|auto_generated|altera_syncram_impl1|decode3|rtl~77_ERTM0           ; (175, 183)        ; 2848                ; (169, 158)        ; 36                                        ; 104586                                            ;        ;
; u_pipe|g_cfar_per_beam[1].u_cfar|state_q.ST_IDLE                                                                                              ; (318, 382)        ; 3805                ; (190, 399)        ; 27                                        ; 103853                                            ;        ;
; u_pipe|g_hist_rep[0].u_history|u_out|wr_ptr_q[2]                                                                                              ; (185, 257)        ; 3373                ; (184, 250)        ; 30                                        ; 103179                                            ;        ;
; u_pipe|g_hist_rep[0].u_history|g_ant[7].g_lane[0].u_bank|g_store.mem_rtl_0|auto_generated|altera_syncram_impl1|decode3|rtl~77_ERTMDUPLICATE   ; (175, 181)        ; 2816                ; (169, 158)        ; 36                                        ; 103020                                            ;        ;
; u_pipe|g_cfar_per_beam[10].u_cfar|state_q.ST_RUN~DUPLICATE                                                                                    ; (323, 379)        ; 3824                ; (227, 382)        ; 26                                        ; 102101                                            ;        ;
; u_pipe|g_cfar_per_beam[6].u_cfar|state_q.ST_FLUSH                                                                                             ; (353, 385)        ; 3525                ; (355, 409)        ; 28                                        ; 102023                                            ;        ;
; u_pipe|g_cfar_per_beam[10].u_cfar|state_q.ST_IDLE                                                                                             ; (323, 379)        ; 3819                ; (227, 382)        ; 26                                        ; 101448                                            ;        ;
; u_pipe|g_hist_rep[1].u_history|g_ant[5].g_lane[0].u_bank|g_store.mem_rtl_0|auto_generated|altera_syncram_impl1|decode3|rtl~77_ERTM            ; (155, 95)         ; 3296                ; (154, 67)         ; 30                                        ; 100766                                            ;        ;
; u_pipe|g_cfar_per_beam[7].u_cfar|state_q.ST_IDLE                                                                                              ; (353, 352)        ; 3792                ; (347, 386)        ; 26                                        ; 100258                                            ;        ;
; u_pipe|g_cfar_per_beam[7].u_cfar|state_q.ST_RUN                                                                                               ; (353, 352)        ; 3792                ; (347, 386)        ; 26                                        ; 100258                                            ;        ;
+-----------------------------------------------------------------------------------------------------------------------------------------------+-------------------+---------------------+-------------------+-------------------------------------------+---------------------------------------------------+--------+


Status:		FAIL
Severity:		Low
Number of violations: 	85
Rule Parameters:      	
		max_violations = 5000
		minimum_span = 250
		ignore_high_fanout_span = False
		minimum_sinks = 2
+----------------------------------------------------------------------------------------------------------------------------------------------------------------------------------+
; TMC-20604 - Registers with High Timing Path Endpoint Span                                                                                                                        ;
+-------------------------------------------------------------------+-------------------+---------------------+-------------------------+--------+--------+---------------+--------+
; Register Name                                                     ; Register Location ; Number of Endpoints ; Endpoint Bounding Box   ; X-Span ; Y-Span ; Endpoint Span ; Waived ;
+-------------------------------------------------------------------+-------------------+---------------------+-------------------------+--------+--------+---------------+--------+
; u_pipe|g_hist_rep[0].u_history|r1_en_q[0][0]                      ; (189, 287)        ; 89                  ; (28, 52) - (423, 397)   ; 395    ; 345    ; 396           ;        ;
; u_pipe|g_hist_rep[0].u_history|r1_en_q[0][1]                      ; (189, 287)        ; 80                  ; (28, 39) - (422, 402)   ; 394    ; 363    ; 395           ;        ;
; u_pipe|g_hist_rep[0].u_history|r1_addr_q[0][1]                    ; (185, 293)        ; 208                 ; (28, 37) - (420, 409)   ; 392    ; 372    ; 393           ;        ;
; u_pipe|g_hist_rep[0].u_history|r1_addr_q[0][13]                   ; (283, 317)        ; 32                  ; (36, 47) - (425, 397)   ; 389    ; 350    ; 390           ;        ;
; u_pipe|g_hist_rep[0].u_history|r1_addr_q[0][14]~DUPLICATE         ; (283, 317)        ; 30                  ; (36, 47) - (425, 396)   ; 389    ; 349    ; 390           ;        ;
; u_pipe|g_hist_rep[0].u_history|r1_addr_q[0][16]                   ; (283, 317)        ; 32                  ; (36, 46) - (422, 396)   ; 386    ; 350    ; 387           ;        ;
; u_pipe|g_hist_rep[0].u_history|r1_addr_q[0][12]                   ; (283, 317)        ; 32                  ; (36, 46) - (420, 396)   ; 384    ; 350    ; 385           ;        ;
; u_pipe|g_hist_rep[0].u_history|r1_addr_q[0][11]                   ; (283, 317)        ; 31                  ; (36, 47) - (420, 397)   ; 384    ; 350    ; 385           ;        ;
; u_pipe|g_hist_rep[0].u_history|r1_addr_q[0][7]                    ; (184, 294)        ; 191                 ; (36, 39) - (418, 401)   ; 382    ; 362    ; 383           ;        ;
; u_pipe|g_hist_rep[0].u_history|r1_addr_q[0][3]                    ; (185, 294)        ; 177                 ; (36, 39) - (418, 401)   ; 382    ; 362    ; 383           ;        ;
; u_pipe|g_hist_rep[0].u_history|r1_addr_q[0][8]                    ; (184, 293)        ; 175                 ; (36, 39) - (418, 401)   ; 382    ; 362    ; 383           ;        ;
; u_pipe|g_hist_rep[0].u_history|r1_addr_q[0][2]~DUPLICATE          ; (185, 294)        ; 176                 ; (36, 39) - (418, 401)   ; 382    ; 362    ; 383           ;        ;
; u_pipe|g_hist_rep[0].u_history|r1_addr_q[0][6]                    ; (184, 294)        ; 175                 ; (36, 39) - (418, 401)   ; 382    ; 362    ; 383           ;        ;
; u_pipe|g_hist_rep[0].u_history|r1_addr_q[0][9]                    ; (283, 317)        ; 175                 ; (36, 39) - (418, 401)   ; 382    ; 362    ; 383           ;        ;
; u_pipe|g_hist_rep[0].u_history|r1_addr_q[0][10]                   ; (283, 317)        ; 167                 ; (36, 39) - (418, 401)   ; 382    ; 362    ; 383           ;        ;
; u_pipe|g_hist_rep[0].u_history|r1_addr_q[0][4]                    ; (184, 294)        ; 166                 ; (36, 39) - (418, 401)   ; 382    ; 362    ; 383           ;        ;
; u_pipe|g_hist_rep[0].u_history|r1_addr_q[0][5]                    ; (186, 293)        ; 148                 ; (36, 39) - (418, 401)   ; 382    ; 362    ; 383           ;        ;
; u_pipe|g_hist_rep[0].u_history|r1_addr_q[0][15]                   ; (283, 317)        ; 32                  ; (36, 48) - (418, 396)   ; 382    ; 348    ; 383           ;        ;
; u_pipe|g_hist_rep[1].u_history|r1_addr_q[0][1]                    ; (185, 293)        ; 168                 ; (36, 33) - (417, 395)   ; 381    ; 362    ; 382           ;        ;
; u_pipe|g_hist_rep[1].u_history|r1_en_q[0][0]                      ; (185, 294)        ; 83                  ; (36, 38) - (417, 390)   ; 381    ; 352    ; 382           ;        ;
; u_pipe|g_hist_rep[0].u_history|i1274~0_ERTM                       ; (335, 311)        ; 659                 ; (36, 72) - (415, 376)   ; 379    ; 304    ; 380           ;        ;
; u_pipe|g_hist_rep[0].u_history|i1274~0_ERTM1                      ; (296, 321)        ; 341                 ; (36, 75) - (415, 376)   ; 379    ; 301    ; 380           ;        ;
; u_pipe|g_hist_rep[0].u_history|i1274~0_ERTM2                      ; (296, 321)        ; 341                 ; (36, 75) - (415, 376)   ; 379    ; 301    ; 380           ;        ;
; u_pipe|g_hist_rep[1].u_history|r1_addr_q[0][8]                    ; (184, 293)        ; 177                 ; (36, 33) - (415, 394)   ; 379    ; 361    ; 380           ;        ;
; u_pipe|g_hist_rep[1].u_history|r1_addr_q[0][5]                    ; (186, 293)        ; 176                 ; (36, 33) - (415, 394)   ; 379    ; 361    ; 380           ;        ;
; u_pipe|g_hist_rep[1].u_history|r1_addr_q[0][10]                   ; (272, 307)        ; 175                 ; (36, 33) - (415, 394)   ; 379    ; 361    ; 380           ;        ;
; u_pipe|g_hist_rep[1].u_history|r1_addr_q[0][7]                    ; (184, 294)        ; 170                 ; (36, 33) - (415, 394)   ; 379    ; 361    ; 380           ;        ;
; u_pipe|g_hist_rep[1].u_history|r1_addr_q[0][3]                    ; (185, 294)        ; 171                 ; (36, 33) - (415, 394)   ; 379    ; 361    ; 380           ;        ;
; u_pipe|g_hist_rep[1].u_history|r1_addr_q[0][9]                    ; (272, 307)        ; 166                 ; (36, 33) - (415, 394)   ; 379    ; 361    ; 380           ;        ;
; u_pipe|g_hist_rep[1].u_history|r1_addr_q[0][6]                    ; (184, 294)        ; 164                 ; (36, 33) - (415, 394)   ; 379    ; 361    ; 380           ;        ;
; u_pipe|g_hist_rep[1].u_history|r1_addr_q[0][4]                    ; (184, 294)        ; 163                 ; (36, 33) - (415, 394)   ; 379    ; 361    ; 380           ;        ;
; u_pipe|g_hist_rep[1].u_history|r1_addr_q[0][2]~DUPLICATE          ; (185, 294)        ; 143                 ; (36, 33) - (415, 394)   ; 379    ; 361    ; 380           ;        ;
; u_pipe|g_hist_rep[1].u_history|r1_addr_q[0][11]                   ; (272, 307)        ; 32                  ; (36, 38) - (404, 386)   ; 368    ; 348    ; 369           ;        ;
; u_pipe|g_hist_rep[1].u_history|r1_addr_q[0][13]~DUPLICATE         ; (272, 307)        ; 31                  ; (36, 38) - (404, 386)   ; 368    ; 348    ; 369           ;        ;
; u_pipe|g_hist_rep[1].u_history|r1_addr_q[0][14]                   ; (272, 307)        ; 32                  ; (38, 38) - (405, 386)   ; 367    ; 348    ; 368           ;        ;
; u_pipe|g_hist_rep[1].u_history|r1_addr_q[0][16]                   ; (272, 307)        ; 32                  ; (38, 38) - (404, 386)   ; 366    ; 348    ; 367           ;        ;
; u_pipe|g_hist_rep[1].u_history|r1_addr_q[0][12]~DUPLICATE         ; (272, 307)        ; 29                  ; (38, 38) - (404, 386)   ; 366    ; 348    ; 367           ;        ;
; u_pipe|g_hist_rep[1].u_history|r1_addr_q[0][15]                   ; (272, 307)        ; 32                  ; (39, 38) - (404, 385)   ; 365    ; 347    ; 366           ;        ;
; u_pipe|g_hist_rep[1].u_history|r1_en_q[0][1]                      ; (185, 294)        ; 83                  ; (34, 29) - (379, 390)   ; 345    ; 361    ; 362           ;        ;
; u_pipe|g_fft[2].u_fft|u_out_fifo|g_out_reg.out_valid_q~DUPLICATE  ; (269, 336)        ; 147                 ; (89, 268) - (382, 339)  ; 293    ; 71     ; 294           ;        ;
; u_pipe|g_hist_rep[1].u_history|i1274~0_ERTM1                      ; (294, 319)        ; 318                 ; (82, 72) - (369, 364)   ; 287    ; 292    ; 293           ;        ;
; u_pipe|g_hist_rep[1].u_history|i1274~0_ERTM2                      ; (294, 319)        ; 318                 ; (82, 72) - (369, 364)   ; 287    ; 292    ; 293           ;        ;
; u_pipe|u_fanout_fifo|count_q[2]                                   ; (323, 350)        ; 63773               ; (164, 340) - (439, 415) ; 275    ; 75     ; 276           ;        ;
; u_pipe|u_fanout_fifo|mem_rtl_0_bypass[62]                         ; (285, 365)        ; 61350               ; (164, 340) - (439, 415) ; 275    ; 75     ; 276           ;        ;
; u_pipe|u_fanout_fifo|count_q[1]                                   ; (323, 350)        ; 63773               ; (164, 340) - (439, 415) ; 275    ; 75     ; 276           ;        ;
; u_pipe|u_fanout_fifo|count_q[0]                                   ; (323, 350)        ; 62701               ; (164, 340) - (439, 415) ; 275    ; 75     ; 276           ;        ;
; u_pipe|ser_phase_q[0]                                             ; (296, 360)        ; 61649               ; (164, 340) - (439, 415) ; 275    ; 75     ; 276           ;        ;
; u_pipe|u_fanout_fifo|mem_rtl_0_bypass[3]                          ; (229, 368)        ; 61378               ; (164, 340) - (439, 415) ; 275    ; 75     ; 276           ;        ;
; u_pipe|u_fanout_fifo|mem_rtl_0_bypass[4]                          ; (229, 368)        ; 61378               ; (164, 340) - (439, 415) ; 275    ; 75     ; 276           ;        ;
; u_pipe|u_fanout_fifo|mem_rtl_0_bypass[0]                          ; (229, 368)        ; 61378               ; (164, 340) - (439, 415) ; 275    ; 75     ; 276           ;        ;
; u_pipe|u_fanout_fifo|mem_rtl_0_bypass[1]                          ; (229, 368)        ; 61378               ; (164, 340) - (439, 415) ; 275    ; 75     ; 276           ;        ;
; u_pipe|u_fanout_fifo|mem_rtl_0_bypass[2]                          ; (229, 368)        ; 61378               ; (164, 340) - (439, 415) ; 275    ; 75     ; 276           ;        ;
; u_pipe|g_hist_rep[0].u_history|i1282~1_ERTM1                      ; (109, 173)        ; 224                 ; (90, 90) - (336, 356)   ; 246    ; 266    ; 267           ;        ;
; u_pipe|g_fft[2].u_fft|g_reorder.u_reorder|warm_cnt_q[0]           ; (339, 345)        ; 2310                ; (83, 325) - (348, 351)  ; 265    ; 26     ; 266           ;        ;
; u_pipe|g_fft[2].u_fft|g_reorder.u_reorder|warm_cnt_q[9]           ; (339, 345)        ; 2310                ; (83, 325) - (348, 351)  ; 265    ; 26     ; 266           ;        ;
; u_pipe|g_fft[2].u_fft|g_reorder.u_reorder|warm_cnt_q[1]           ; (339, 345)        ; 2310                ; (83, 325) - (348, 351)  ; 265    ; 26     ; 266           ;        ;
; u_pipe|g_fft[2].u_fft|g_reorder.u_reorder|warm_cnt_q[2]           ; (339, 345)        ; 2310                ; (83, 325) - (348, 351)  ; 265    ; 26     ; 266           ;        ;
; u_pipe|g_fft[2].u_fft|g_reorder.u_reorder|warm_cnt_q[7]           ; (339, 345)        ; 2310                ; (83, 325) - (348, 351)  ; 265    ; 26     ; 266           ;        ;
; u_pipe|g_fft[2].u_fft|g_reorder.u_reorder|warm_cnt_q[5]           ; (339, 345)        ; 2310                ; (83, 325) - (348, 351)  ; 265    ; 26     ; 266           ;        ;
; u_pipe|g_fft[2].u_fft|g_reorder.u_reorder|warm_cnt_q[4]           ; (339, 345)        ; 2310                ; (83, 325) - (348, 351)  ; 265    ; 26     ; 266           ;        ;
; u_pipe|g_fft[2].u_fft|g_reorder.u_reorder|warm_cnt_q[6]           ; (339, 345)        ; 2310                ; (83, 325) - (348, 351)  ; 265    ; 26     ; 266           ;        ;
; u_pipe|g_fft[2].u_fft|g_reorder.u_reorder|warm_cnt_q[8]~DUPLICATE ; (339, 345)        ; 2310                ; (83, 325) - (348, 351)  ; 265    ; 26     ; 266           ;        ;
; u_pipe|g_fft[2].u_fft|g_reorder.u_reorder|warm_cnt_q[3]~DUPLICATE ; (339, 345)        ; 2310                ; (83, 325) - (348, 351)  ; 265    ; 26     ; 266           ;        ;
; u_pipe|g_fft[2].u_fft|g_reorder.u_reorder|vld_q                   ; (339, 345)        ; 2299                ; (83, 325) - (348, 351)  ; 265    ; 26     ; 266           ;        ;
; u_pipe|g_hist_rep[1].u_history|reduce_nor_3~0_ERTM0               ; (291, 314)        ; 128                 ; (90, 95) - (336, 356)   ; 246    ; 261    ; 262           ;        ;
; u_pipe|g_hist_rep[1].u_history|reduce_nor_3~1_ERTM                ; (288, 313)        ; 128                 ; (90, 95) - (336, 356)   ; 246    ; 261    ; 262           ;        ;
; u_pipe|g_hist_rep[1].u_history|reduce_nor_3~1_ERTM0               ; (291, 313)        ; 128                 ; (90, 95) - (336, 356)   ; 246    ; 261    ; 262           ;        ;
; u_pipe|g_hist_rep[1].u_history|reduce_nor_3~2_ERTM                ; (288, 312)        ; 128                 ; (90, 95) - (336, 356)   ; 246    ; 261    ; 262           ;        ;
; u_pipe|g_hist_rep[1].u_history|reduce_nor_3~2_ERTM0               ; (288, 312)        ; 128                 ; (90, 95) - (336, 356)   ; 246    ; 261    ; 262           ;        ;
; u_pipe|g_hist_rep[1].u_history|reduce_nor_3~3_ERTM0               ; (287, 313)        ; 128                 ; (90, 95) - (336, 356)   ; 246    ; 261    ; 262           ;        ;
; u_pipe|g_hist_rep[1].u_history|add_45~41_ERTM                     ; (288, 314)        ; 128                 ; (90, 95) - (336, 356)   ; 246    ; 261    ; 262           ;        ;
; u_pipe|g_hist_rep[1].u_history|reduce_nor_3~0_ERTM                ; (287, 314)        ; 120                 ; (90, 95) - (336, 356)   ; 246    ; 261    ; 262           ;        ;
; u_pipe|g_hist_rep[1].u_history|reduce_nor_3~3_ERTM                ; (291, 314)        ; 120                 ; (90, 95) - (336, 356)   ; 246    ; 261    ; 262           ;        ;
; u_pipe|u_align_cdc|u_fifo|g_out_reg.out_valid_q                   ; (197, 321)        ; 2311                ; (50, 290) - (308, 365)  ; 258    ; 75     ; 259           ;        ;
; u_pipe|u_bf|rdy_q                                                 ; (308, 344)        ; 2311                ; (50, 290) - (308, 365)  ; 258    ; 75     ; 259           ;        ;
; u_pipe|g_hist_rep[0].u_history|reduce_nor_3~0_ERTM                ; (293, 321)        ; 128                 ; (93, 90) - (309, 344)   ; 216    ; 254    ; 255           ;        ;
; u_pipe|g_hist_rep[0].u_history|reduce_nor_3~1_ERTM                ; (307, 189)        ; 128                 ; (93, 90) - (309, 344)   ; 216    ; 254    ; 255           ;        ;
; u_pipe|g_hist_rep[0].u_history|reduce_nor_3~1_ERTM0               ; (292, 321)        ; 128                 ; (93, 90) - (309, 344)   ; 216    ; 254    ; 255           ;        ;
; u_pipe|g_hist_rep[0].u_history|reduce_nor_3~2_ERTM0               ; (292, 321)        ; 128                 ; (93, 90) - (309, 344)   ; 216    ; 254    ; 255           ;        ;
; u_pipe|g_hist_rep[0].u_history|reduce_nor_3~3_ERTM                ; (293, 320)        ; 128                 ; (93, 90) - (309, 344)   ; 216    ; 254    ; 255           ;        ;
; u_pipe|g_hist_rep[0].u_history|reduce_nor_3~3_ERTM0               ; (292, 321)        ; 128                 ; (93, 90) - (309, 344)   ; 216    ; 254    ; 255           ;        ;
; u_pipe|g_hist_rep[0].u_history|add_45~41_ERTM                     ; (292, 321)        ; 128                 ; (93, 90) - (309, 344)   ; 216    ; 254    ; 255           ;        ;
; u_pipe|g_hist_rep[0].u_history|reduce_nor_3~2_ERTM                ; (303, 311)        ; 120                 ; (93, 90) - (309, 344)   ; 216    ; 254    ; 255           ;        ;
; u_pipe|g_hist_rep[0].u_history|reduce_nor_3~0_ERTM0               ; (293, 321)        ; 104                 ; (93, 90) - (309, 344)   ; 216    ; 254    ; 255           ;        ;
; u_pipe|g_fft[14].u_fft|u_out_fifo|g_out_reg.out_valid_q           ; (276, 263)        ; 145                 ; (103, 93) - (353, 325)  ; 250    ; 232    ; 251           ;        ;
+-------------------------------------------------------------------+-------------------+---------------------+-------------------------+--------+--------+---------------+--------+


Status:		FAIL
Severity:		Low
Number of violations: 	45
Rule Parameters:      	
		max_violations = 5000
		minimum_span = 250
		minimum_sinks = 2
+-------------------------------------------------------------------------------------------------------------------------------------------------------------------------------+
; TMC-20603 - Registers with High Immediate Fan-Out Span                                                                                                                        ;
+------------------------------------------------------------------+-------------------+--------------------+-------------------------+--------+--------+--------------+--------+
; Register Name                                                    ; Register Location ; Number of Fan-Outs ; Fan-Out Bounding Box    ; X-Span ; Y-Span ; Fan-Out Span ; Waived ;
+------------------------------------------------------------------+-------------------+--------------------+-------------------------+--------+--------+--------------+--------+
; u_pipe|g_hist_rep[0].u_history|r1_addr_q[0][1]                   ; (185, 293)        ; 208                ; (28, 37) - (420, 409)   ; 392    ; 372    ; 393          ;        ;
; u_pipe|g_hist_rep[0].u_history|r1_addr_q[0][13]                  ; (283, 317)        ; 32                 ; (36, 47) - (425, 397)   ; 389    ; 350    ; 390          ;        ;
; u_pipe|g_hist_rep[0].u_history|r1_addr_q[0][14]~DUPLICATE        ; (283, 317)        ; 30                 ; (36, 47) - (425, 396)   ; 389    ; 349    ; 390          ;        ;
; u_pipe|g_hist_rep[0].u_history|r1_addr_q[0][16]                  ; (283, 317)        ; 32                 ; (36, 46) - (422, 396)   ; 386    ; 350    ; 387          ;        ;
; u_pipe|g_hist_rep[0].u_history|r1_addr_q[0][12]                  ; (283, 317)        ; 32                 ; (36, 46) - (420, 396)   ; 384    ; 350    ; 385          ;        ;
; u_pipe|g_hist_rep[0].u_history|r1_addr_q[0][11]                  ; (283, 317)        ; 31                 ; (36, 47) - (420, 397)   ; 384    ; 350    ; 385          ;        ;
; u_pipe|g_hist_rep[0].u_history|r1_addr_q[0][10]                  ; (283, 317)        ; 167                ; (36, 39) - (418, 401)   ; 382    ; 362    ; 383          ;        ;
; u_pipe|g_hist_rep[0].u_history|r1_addr_q[0][4]                   ; (184, 294)        ; 166                ; (36, 39) - (418, 401)   ; 382    ; 362    ; 383          ;        ;
; u_pipe|g_hist_rep[0].u_history|r1_addr_q[0][5]                   ; (186, 293)        ; 148                ; (36, 39) - (418, 401)   ; 382    ; 362    ; 383          ;        ;
; u_pipe|g_hist_rep[0].u_history|r1_addr_q[0][7]                   ; (184, 294)        ; 191                ; (36, 39) - (418, 401)   ; 382    ; 362    ; 383          ;        ;
; u_pipe|g_hist_rep[0].u_history|r1_addr_q[0][15]                  ; (283, 317)        ; 32                 ; (36, 48) - (418, 396)   ; 382    ; 348    ; 383          ;        ;
; u_pipe|g_hist_rep[0].u_history|r1_addr_q[0][3]                   ; (185, 294)        ; 177                ; (36, 39) - (418, 401)   ; 382    ; 362    ; 383          ;        ;
; u_pipe|g_hist_rep[0].u_history|r1_addr_q[0][8]                   ; (184, 293)        ; 175                ; (36, 39) - (418, 401)   ; 382    ; 362    ; 383          ;        ;
; u_pipe|g_hist_rep[0].u_history|r1_addr_q[0][2]~DUPLICATE         ; (185, 294)        ; 176                ; (36, 39) - (418, 401)   ; 382    ; 362    ; 383          ;        ;
; u_pipe|g_hist_rep[0].u_history|r1_addr_q[0][6]                   ; (184, 294)        ; 175                ; (36, 39) - (418, 401)   ; 382    ; 362    ; 383          ;        ;
; u_pipe|g_hist_rep[0].u_history|r1_addr_q[0][9]                   ; (283, 317)        ; 175                ; (36, 39) - (418, 401)   ; 382    ; 362    ; 383          ;        ;
; u_pipe|g_hist_rep[1].u_history|r1_addr_q[0][1]                   ; (185, 293)        ; 168                ; (36, 33) - (417, 395)   ; 381    ; 362    ; 382          ;        ;
; u_pipe|g_hist_rep[1].u_history|r1_addr_q[0][10]                  ; (272, 307)        ; 175                ; (36, 33) - (415, 394)   ; 379    ; 361    ; 380          ;        ;
; u_pipe|g_hist_rep[1].u_history|r1_addr_q[0][7]                   ; (184, 294)        ; 170                ; (36, 33) - (415, 394)   ; 379    ; 361    ; 380          ;        ;
; u_pipe|g_hist_rep[1].u_history|r1_addr_q[0][3]                   ; (185, 294)        ; 171                ; (36, 33) - (415, 394)   ; 379    ; 361    ; 380          ;        ;
; u_pipe|g_hist_rep[1].u_history|r1_addr_q[0][9]                   ; (272, 307)        ; 166                ; (36, 33) - (415, 394)   ; 379    ; 361    ; 380          ;        ;
; u_pipe|g_hist_rep[1].u_history|r1_addr_q[0][6]                   ; (184, 294)        ; 164                ; (36, 33) - (415, 394)   ; 379    ; 361    ; 380          ;        ;
; u_pipe|g_hist_rep[1].u_history|r1_addr_q[0][4]                   ; (184, 294)        ; 163                ; (36, 33) - (415, 394)   ; 379    ; 361    ; 380          ;        ;
; u_pipe|g_hist_rep[1].u_history|r1_addr_q[0][2]~DUPLICATE         ; (185, 294)        ; 143                ; (36, 33) - (415, 394)   ; 379    ; 361    ; 380          ;        ;
; u_pipe|g_hist_rep[1].u_history|r1_addr_q[0][8]                   ; (184, 293)        ; 177                ; (36, 33) - (415, 394)   ; 379    ; 361    ; 380          ;        ;
; u_pipe|g_hist_rep[1].u_history|r1_addr_q[0][5]                   ; (186, 293)        ; 176                ; (36, 33) - (415, 394)   ; 379    ; 361    ; 380          ;        ;
; u_pipe|g_hist_rep[1].u_history|r1_addr_q[0][11]                  ; (272, 307)        ; 32                 ; (36, 38) - (404, 386)   ; 368    ; 348    ; 369          ;        ;
; u_pipe|g_hist_rep[1].u_history|r1_addr_q[0][13]~DUPLICATE        ; (272, 307)        ; 31                 ; (36, 38) - (404, 386)   ; 368    ; 348    ; 369          ;        ;
; u_pipe|g_hist_rep[1].u_history|r1_addr_q[0][14]                  ; (272, 307)        ; 32                 ; (38, 38) - (405, 386)   ; 367    ; 348    ; 368          ;        ;
; u_pipe|g_hist_rep[1].u_history|r1_addr_q[0][16]                  ; (272, 307)        ; 32                 ; (38, 38) - (404, 386)   ; 366    ; 348    ; 367          ;        ;
; u_pipe|g_hist_rep[1].u_history|r1_addr_q[0][12]~DUPLICATE        ; (272, 307)        ; 29                 ; (38, 38) - (404, 386)   ; 366    ; 348    ; 367          ;        ;
; u_pipe|g_hist_rep[1].u_history|r1_addr_q[0][15]                  ; (272, 307)        ; 32                 ; (39, 38) - (404, 385)   ; 365    ; 347    ; 366          ;        ;
; u_pipe|g_hist_rep[0].u_history|i1274~0_ERTM                      ; (335, 311)        ; 96                 ; (93, 75) - (339, 355)   ; 246    ; 280    ; 281          ;        ;
; u_pipe|g_fft[2].u_fft|u_out_fifo|g_out_reg.out_valid_q~DUPLICATE ; (269, 336)        ; 5                  ; (106, 268) - (372, 337) ; 266    ; 69     ; 267          ;        ;
; u_pipe|g_hist_rep[1].u_history|add_45~41_ERTM                    ; (288, 314)        ; 16                 ; (90, 95) - (336, 356)   ; 246    ; 261    ; 262          ;        ;
; u_pipe|g_hist_rep[1].u_history|reduce_nor_3~1_ERTM               ; (288, 313)        ; 16                 ; (95, 95) - (335, 356)   ; 240    ; 261    ; 262          ;        ;
; u_pipe|g_hist_rep[1].u_history|reduce_nor_3~1_ERTM0              ; (291, 313)        ; 16                 ; (95, 95) - (335, 356)   ; 240    ; 261    ; 262          ;        ;
; u_pipe|g_hist_rep[1].u_history|reduce_nor_3~2_ERTM               ; (288, 312)        ; 16                 ; (94, 96) - (336, 356)   ; 242    ; 260    ; 261          ;        ;
; u_pipe|g_hist_rep[1].u_history|reduce_nor_3~2_ERTM0              ; (288, 312)        ; 16                 ; (94, 96) - (336, 356)   ; 242    ; 260    ; 261          ;        ;
; u_pipe|g_hist_rep[1].u_history|reduce_nor_3~3_ERTM0              ; (287, 313)        ; 16                 ; (94, 96) - (336, 356)   ; 242    ; 260    ; 261          ;        ;
; u_pipe|g_hist_rep[1].u_history|reduce_nor_3~3_ERTM               ; (291, 314)        ; 15                 ; (94, 96) - (336, 356)   ; 242    ; 260    ; 261          ;        ;
; u_pipe|g_hist_rep[1].u_history|reduce_nor_3~0_ERTM0              ; (291, 314)        ; 16                 ; (95, 96) - (335, 355)   ; 240    ; 259    ; 260          ;        ;
; u_pipe|g_hist_rep[1].u_history|reduce_nor_3~0_ERTM               ; (287, 314)        ; 15                 ; (95, 96) - (335, 355)   ; 240    ; 259    ; 260          ;        ;
; u_pipe|g_hist_rep[0].u_history|add_45~41_ERTM                    ; (292, 321)        ; 16                 ; (93, 90) - (309, 344)   ; 216    ; 254    ; 255          ;        ;
; u_pipe|g_hist_rep[0].u_history|i1282~1_ERTM1                     ; (109, 173)        ; 28                 ; (137, 75) - (339, 326)  ; 202    ; 251    ; 252          ;        ;
+------------------------------------------------------------------+-------------------+--------------------+-------------------------+--------+--------+--------------+--------+


Status:		PASS
Severity:		High
Number of violations: 	0
Rule Parameters:      	max_violations = 500
+----------------------------------------------------------+
; CDC-50001 - 1-Bit Asynchronous Transfer Not Synchronized ;
+----------------------------------------------------------+


Status:		PASS
Severity:		High
Number of violations: 	0
Rule Parameters:      	max_violations = 500
+-----------------------------------------------------------------------+
; CDC-50002 - 1-Bit Asynchronous Transfer with Insufficient Constraints ;
+-----------------------------------------------------------------------+


Status:		PASS
Severity:		High
Number of violations: 	0
Rule Parameters:      	max_violations = 500
+----------------------------------------------------------------+
; CDC-50003 - CE-Type CDC Transfer with Insufficient Constraints ;
+----------------------------------------------------------------+


Status:		PASS
Severity:		High
Number of violations: 	0
Rule Parameters:      	max_violations = 500
+-----------------------------------------------------------------+
; CDC-50004 - MUX-type CDC Transfer with Insufficient Constraints ;
+-----------------------------------------------------------------+


Status:		PASS
Severity:		High
Number of violations: 	0
Rule Parameters:      	max_violations = 500
+-----------------------------------------------------------------------------------------+
; CDC-50005 - CDC Bus Constructed with Multi-bit Synchronizer Chains of Different Lengths ;
+-----------------------------------------------------------------------------------------+


Status:		PASS
Severity:		High
Number of violations: 	0
Rule Parameters:      	max_violations = 500
+---------------------------------------------------------------+
; CDC-50006 - CDC Bus Constructed with Unsynchronized Registers ;
+---------------------------------------------------------------+


Status:		PASS
Severity:		High
Number of violations: 	0
Rule Parameters:      	max_violations = 500
+--------------------------------------------------------------------------------------------------+
; CDC-50007 - CDC Bus Constructed with Multi-bit Synchronizer Chains with Insufficient Constraints ;
+--------------------------------------------------------------------------------------------------+


Status:		PASS
Severity:		High
Number of violations: 	0
Rule Parameters:      	max_violations = 500
+-----------------------------------------------------------+
; CDC-50011 - Combinational Logic Before Synchronizer Chain ;
+-----------------------------------------------------------+


Status:		PASS
Severity:		High
Number of violations: 	0
Rule Parameters:      	max_violations = 500
+-----------------------------------------------------------------+
; CDC-50012 - Multiple Clock Domains Driving a Synchronizer Chain ;
+-----------------------------------------------------------------+


Status:		PASS
Severity:		High
Number of violations: 	0
Rule Parameters:      	max_violations = 5000
+----------------------------------------------+
; CLK-30027 - Multiple Clock Assignments Found ;
+----------------------------------------------+


Status:		PASS
Severity:		High
Number of violations: 	0
Rule Parameters:      	max_violations = 5000
+-------------------------------------+
; CLK-30028 - Invalid Generated Clock ;
+-------------------------------------+


Status:		PASS
Severity:		High
Number of violations: 	0
Rule Parameters:      	max_violations = 5000
+---------------------------------------+
; CLK-30029 - Invalid Clock Assignments ;
+---------------------------------------+


Status:		PASS
Severity:		High
Number of violations: 	0
Rule Parameters:      	max_violations = 5000
+-----------------------------------+
; CLK-30030 - PLL Setting Violation ;
+-----------------------------------+


Status:		PASS
Severity:		High
Number of violations: 	0
Rule Parameters:      	max_violations = 5000
+--------------------------------------------+
; CLK-30033 - Invalid Clock Group Assignment ;
+--------------------------------------------+


Status:		PASS
Severity:		High
Number of violations: 	0
Rule Parameters:      	max_violations = 5000
+----------------------------------------------------------------------------+
; CLK-30034 - Clock Pairs Missing Logically Exclusive Clock Group Assignment ;
+----------------------------------------------------------------------------+


Status:		PASS
Severity:		High
Number of violations: 	0
Rule Parameters:      	max_violations = 5000
+-----------------------------------------------------------------------------+
; CLK-30035 - Clock Pairs Missing Physically Exclusive Clock Group Assignment ;
+-----------------------------------------------------------------------------+


Status:		PASS
Severity:		High
Number of violations: 	0
Rule Parameters:      	max_violations = 5000
+----------------------------------------+
; CLK-30042 - Incorrect Clock Group Type ;
+----------------------------------------+


Status:		PASS
Severity:		High
Number of violations: 	0
Rule Parameters:      	max_violations = 500
+----------------------------------------------------+
; RES-50001 - Asynchronous Reset Is Not Synchronized ;
+----------------------------------------------------+


Status:		PASS
Severity:		High
Number of violations: 	0
Rule Parameters:      	max_violations = 500
+---------------------------------------------------------------+
; RES-50002 - Asynchronous Reset is Insufficiently Synchronized ;
+---------------------------------------------------------------+


Status:		PASS
Severity:		High
Number of violations: 	0
Rule Parameters:      	max_violations = 500
+--------------------------------------------------------------+
; RES-50003 - Asynchronous Reset with Insufficient Constraints ;
+--------------------------------------------------------------+


Status:		PASS
Severity:		High
Number of violations: 	0
Rule Parameters:      	max_violations = 500
+--------------------------------------------------------------------------+
; RES-50004 - Multiple Asynchronous Resets within Reset Synchronizer Chain ;
+--------------------------------------------------------------------------+


Status:		PASS
Severity:		High
Number of violations: 	0
Rule Parameters:      	max_violations = 5000
+--------------------------------------------+
; TMC-20011 - Missing Input Delay Constraint ;
+--------------------------------------------+


Status:		PASS
Severity:		High
Number of violations: 	0
Rule Parameters:      	max_violations = 5000
+---------------------------------------------+
; TMC-20012 - Missing Output Delay Constraint ;
+---------------------------------------------+


Status:		PASS
Severity:		High
Number of violations: 	0
Rule Parameters:      	max_violations = 5000
+---------------------------------+
; TMC-20013 - Partial Input Delay ;
+---------------------------------+


Status:		PASS
Severity:		High
Number of violations: 	0
Rule Parameters:      	max_violations = 5000
+----------------------------------+
; TMC-20014 - Partial Output Delay ;
+----------------------------------+


Status:		PASS
Severity:		High
Number of violations: 	0
Rule Parameters:      	max_violations = 5000
+----------------------------------------+
; TMC-20015 - Inconsistent Min-Max Delay ;
+----------------------------------------+


Status:		PASS
Severity:		High
Number of violations: 	0
Rule Parameters:      	max_violations = 5000
+-----------------------------------+
; TMC-20016 - Invalid Reference Pin ;
+-----------------------------------+


Status:		PASS
Severity:		High
Number of violations: 	0
Rule Parameters:      	max_violations = 5000
+----------------------------+
; TMC-20017 - Loops Detected ;
+----------------------------+


Status:		PASS
Severity:		High
Number of violations: 	0
Rule Parameters:      	max_violations = 5000
+-------------------------------------------+
; TMC-20019 - Partial Multicycle Assignment ;
+-------------------------------------------+


Status:		PASS
Severity:		High
Number of violations: 	0
Rule Parameters:      	max_violations = 5000
+-----------------------------------------------------+
; TMC-20022 - I/O Delay Assignment Missing Parameters ;
+-----------------------------------------------------+


Status:		PASS
Severity:		High
Number of violations: 	0
Rule Parameters:      	max_violations = 5000
+----------------------------------------------+
; TMC-20023 - Invalid Set Net Delay Assignment ;
+----------------------------------------------+


Status:		PASS
Severity:		High
Number of violations: 	0
Rule Parameters:      	max_violations = 5000
+-------------------------------------------------------+
; TMC-20027 - Collection Filter Matching Multiple Types ;
+-------------------------------------------------------+


Status:		PASS
Severity:		High
Number of violations: 	0
Rule Parameters:      	max_violations = 5000
+-----------------------------------------------------+
; TMC-30041 - Constraint with Invalid Clock Reference ;
+-----------------------------------------------------+


Status:		PASS
Severity:		Medium
Number of violations: 	0
Rule Parameters:      	max_violations = 5000
+------------------------------------------------------------+
; CDC-50103 - Unsynchronized Intra-Clock Forced Synchronizer ;
+------------------------------------------------------------+


Status:		PASS
Severity:		Medium
Number of violations: 	0
Rule Parameters:      	max_violations = 5000
+-------------------------------------------+
; CLK-30031 - Input Delay Assigned to Clock ;
+-------------------------------------------+


Status:		PASS
Severity:		Medium
Number of violations: 	0
Rule Parameters:      	max_violations = 5000
+------------------------------------+
; CLK-30032 - Improper Clock Targets ;
+------------------------------------+


Status:		PASS
Severity:		Medium
Number of violations: 	0
Rule Parameters:      	max_violations = 5000
+-----------------------------------------------+
; LNT-30023 - Reset Nets with Polarity Conflict ;
+-----------------------------------------------+


Status:		PASS
Severity:		Medium
Number of violations: 	0
Rule Parameters:      	max_violations = 5000
+--------------------------------------------------------------------------------+
; RDC-50003 - Multiple Asynchronous Reset Synchronizers in the Same Clock Domain ;
+--------------------------------------------------------------------------------+


Status:		PASS
Severity:		Medium
Number of violations: 	0
Rule Parameters:      	max_violations = 5000
+------------------------------------------+
; TMC-20018 - Unsupported Latches Detected ;
+------------------------------------------+


Status:		PASS
Severity:		Medium
Number of violations: 	0
Rule Parameters:      	max_violations = 5000
+----------------------------------------------+
; TMC-20021 - Partial Min-Max Delay Assignment ;
+----------------------------------------------+


Status:		PASS
Severity:		Medium
Number of violations: 	0
Rule Parameters:      	max_violations = 5000
+-----------------------------------------------+
; TMC-20024 - Synchronous Data Delay Assignment ;
+-----------------------------------------------+


Status:		PASS
Severity:		Medium
Number of violations: 	0
Rule Parameters:      	max_violations = 5000
+-----------------------------------------------+
; TMC-20025 - Ignored or Overridden Constraints ;
+-----------------------------------------------+


Status:		PASS
Severity:		Medium
Number of violations: 	0
Rule Parameters:      	max_violations = 5000
+------------------------------------------------------+
; TMC-20026 - Empty Collection Due To Unmatched Filter ;
+------------------------------------------------------+


Status:		PASS
Severity:		Medium
Number of violations: 	0
Rule Parameters:      	
		max_violations = 5000
		maximum_setup_slack = 0
		to_clock_filter = "*"
+-----------------------------------------------------------------------+
; TMC-20200 - Paths Failing Setup Analysis with Impossible Requirements ;
+-----------------------------------------------------------------------+


Status:		PASS
Severity:		Medium
Number of violations: 	0
Rule Parameters:      	
		max_violations = 5000
		maximum_setup_slack = 0
		to_clock_filter = "*"
+---------------------------------------------------------------+
; TMC-20201 - Paths Failing Setup Analysis with High Clock Skew ;
+---------------------------------------------------------------+


Status:		PASS
Severity:		Medium
Number of violations: 	0
Rule Parameters:      	
		max_violations = 5000
		maximum_setup_slack = 0
		to_clock_filter = "*"
+----------------------------------------------------------------------------------+
; TMC-20204 - Endpoints of Paths Failing Setup Analysis with Retiming Restrictions ;
+----------------------------------------------------------------------------------+


Status:		PASS
Severity:		Medium
Number of violations: 	0
Rule Parameters:      	
		max_violations = 5000
		maximum_setup_slack = 0
		to_clock_filter = "*"
+------------------------------------------------------------------------------------------------------------+
; TMC-20205 - Endpoints of Paths Failing Setup Analysis with Explicit Power-Up States that Restrict Retiming ;
+------------------------------------------------------------------------------------------------------------+


Status:		PASS
Severity:		Medium
Number of violations: 	0
Rule Parameters:      	
		max_violations = 5000
		maximum_setup_slack = 0
		to_clock_filter = "*"
+------------------------------------------------------------------------------------------------------+
; TMC-20206 - DSP Blocks with Unregistered Outputs that are the Source of Paths Failing Setup Analysis ;
+------------------------------------------------------------------------------------------------------+


Status:		PASS
Severity:		Medium
Number of violations: 	0
Rule Parameters:      	
		max_violations = 5000
		maximum_setup_slack = 0
		to_clock_filter = "*"
+----------------------------------------------------------------------------------------------------------+
; TMC-20207 - DSP Blocks with Unregistered Inputs that are the Destination of Paths Failing Setup Analysis ;
+----------------------------------------------------------------------------------------------------------+


Status:		PASS
Severity:		Medium
Number of violations: 	0
Rule Parameters:      	
		max_violations = 5000
		maximum_setup_slack = 0
		to_clock_filter = "*"
+------------------------------------------------------------------------------------------------------+
; TMC-20208 - RAM Blocks with Unregistered Outputs that are the Source of Paths Failing Setup Analysis ;
+------------------------------------------------------------------------------------------------------+


Status:		PASS
Severity:		Medium
Number of violations: 	0
Rule Parameters:      	
		max_violations = 5000
		maximum_setup_slack = 0
		to_clock_filter = "*"
+------------------------------------------------------------------------------------+
; TMC-20209 - Paths Failing Setup Analysis with High Routing Delay due to Congestion ;
+------------------------------------------------------------------------------------+


Status:		PASS
Severity:		Medium
Number of violations: 	0
Rule Parameters:      	
		max_violations = 5000
		maximum_setup_slack = 0
		to_clock_filter = "*"
+---------------------------------------------------------------------------------+
; TMC-20210 - Paths Failing Setup Analysis with High Routing Delay Added for Hold ;
+---------------------------------------------------------------------------------+


Status:		PASS
Severity:		Medium
Number of violations: 	0
Rule Parameters:      	
		max_violations = 5000
		maximum_setup_slack = 0
		to_clock_filter = "*"
+---------------------------------------------------------------------------+
; TMC-20212 - Paths Failing Setup Analysis with Global Routing in Data Path ;
+---------------------------------------------------------------------------+


Status:		PASS
Severity:		Medium
Number of violations: 	0
Rule Parameters:      	
		max_violations = 5000
		maximum_setup_slack = 0
		to_clock_filter = "*"
+--------------------------------------------------------------------+
; TMC-20213 - Paths Failing Setup Analysis with Locally Routed Clock ;
+--------------------------------------------------------------------+


Status:		PASS
Severity:		Medium
Number of violations: 	0
Rule Parameters:      	
		max_violations = 5000
		maximum_setup_slack = 0
		to_clock_filter = "*"
		minimum_number_of_soft_mult_chains = 2
+----------------------------------------------------------------------------------------------------+
; TMC-20215 - Buses with Incoming Paths Failing Setup Analysis with Multipliers Implemented in Logic ;
+----------------------------------------------------------------------------------------------------+


Status:		PASS
Severity:		Medium
Number of violations: 	0
Rule Parameters:      	
		max_violations = 5000
		maximum_setup_slack = 0
		to_clock_filter = "*"
+-------------------------------------------------------------------------------------+
; TMC-20216 - Paths Failing Setup Analysis with Inferred-RAM Shift Register Endpoints ;
+-------------------------------------------------------------------------------------+


Status:		PASS
Severity:		Medium
Number of violations: 	0
Rule Parameters:      	
		max_violations = 5000
		maximum_setup_slack = 0
		to_clock_filter = "*"
+-------------------------------------------------------------+
; TMC-20217 - Paths Failing Setup Analysis with Clock-As-Data ;
+-------------------------------------------------------------+


Status:		PASS
Severity:		Medium
Number of violations: 	0
Rule Parameters:      	
		max_violations = 5000
		maximum_pulse_width_slack = 0
+-----------------------------------------------------------------+
; TMC-20219 - DSP Blocks with Restricted Fmax below Required Fmax ;
+-----------------------------------------------------------------+


Status:		PASS
Severity:		Medium
Number of violations: 	0
Rule Parameters:      	
		max_violations = 5000
		maximum_pulse_width_slack = 0
+-----------------------------------------------------------------+
; TMC-20220 - RAM Blocks with Restricted Fmax below Required Fmax ;
+-----------------------------------------------------------------+


Status:		PASS
Severity:		Medium
Number of violations: 	0
Rule Parameters:      	
		max_violations = 5000
		maximum_pulse_width_slack = 0
+---------------------------------------------------------------------------+
; TMC-20221 - Nodes Failing Minimum Pulse Width Due to Clock Pulse Collapse ;
+---------------------------------------------------------------------------+


Status:		PASS
Severity:		Medium
Number of violations: 	0
Rule Parameters:      	
		max_violations = 5000
		maximum_hold_slack = 0
		to_clock_filter = "*"
+--------------------------------------------------------------------------+
; TMC-20312 - Paths Failing Hold Analysis with Global Routing in Data Path ;
+--------------------------------------------------------------------------+


Status:		PASS
Severity:		Medium
Number of violations: 	0
Rule Parameters:      	
		max_violations = 5000
		maximum_hold_slack = 0
		to_clock_filter = "*"
+-------------------------------------------------------------------+
; TMC-20313 - Paths Failing Hold Analysis with Locally Routed Clock ;
+-------------------------------------------------------------------+


Status:		PASS
Severity:		Medium
Number of violations: 	0
Rule Parameters:      	
		max_violations = 5000
		maximum_recovery_slack = 0
		to_clock_filter = "*"
+------------------------------------------------------------------------------+
; TMC-20712 - Paths Failing Recovery Analysis with Global Routing in Data Path ;
+------------------------------------------------------------------------------+


Status:		PASS
Severity:		Medium
Number of violations: 	0
Rule Parameters:      	
		max_violations = 5000
		maximum_recovery_slack = 0
		to_clock_filter = "*"
+-----------------------------------------------------------------------+
; TMC-20713 - Paths Failing Recovery Analysis with Locally Routed Clock ;
+-----------------------------------------------------------------------+


Status:		PASS
Severity:		Medium
Number of violations: 	0
Rule Parameters:      	
		max_violations = 5000
		maximum_removal_slack = 0
		to_clock_filter = "*"
+-----------------------------------------------------------------------------+
; TMC-20812 - Paths Failing Removal Analysis with Global Routing in Data Path ;
+-----------------------------------------------------------------------------+


Status:		PASS
Severity:		Medium
Number of violations: 	0
Rule Parameters:      	
		max_violations = 5000
		maximum_removal_slack = 0
		to_clock_filter = "*"
+----------------------------------------------------------------------+
; TMC-20813 - Paths Failing Removal Analysis with Locally Routed Clock ;
+----------------------------------------------------------------------+


Status:		PASS
Severity:		Low
Number of violations: 	0
Rule Parameters:      	max_violations = 500
+--------------------------------------------------------------------+
; CDC-50008 - CDC Bus Constructed with Multi-bit Synchronizer Chains ;
+--------------------------------------------------------------------+


Status:		PASS
Severity:		Low
Number of violations: 	0
Rule Parameters:      	max_violations = 500
+-------------------------------------------------+
; CDC-50101 - Intra-Clock False Path Synchronizer ;
+-------------------------------------------------+


Status:		PASS
Severity:		Low
Number of violations: 	0
Rule Parameters:      	max_violations = 500
+-----------------------------------------------------------------+
; CDC-50102 - Synchronizer after CDC Topology with Control Signal ;
+-----------------------------------------------------------------+


Status:		PASS
Severity:		Low
Number of violations: 	0
Rule Parameters:      	
		max_violations = 5000
		max_stage_adjustment = -1
		min_width = 16
		min_depth = 3
+------------------------------------------------------------+
; FLP-40006 - Pipelining Registers That Might Be Recoverable ;
+------------------------------------------------------------+


Status:		PASS
Severity:		Low
Number of violations: 	0
Rule Parameters:      	max_violations = 5000
+--------------------------------------------------------------+
; LNT-30010 - Nets Driving both Reset and Clock Enable Signals ;
+--------------------------------------------------------------+


Status:		PASS
Severity:		Low
Number of violations: 	0
Rule Parameters:      	max_violations = 500
+------------------------------------------------------------+
; RES-50010 - Reset Synchronizer Chains with Constant Output ;
+------------------------------------------------------------+


Status:		PASS
Severity:		Low
Number of violations: 	0
Rule Parameters:      	max_violations = 500
+-------------------------------------------------------+
; RES-50101 - Intra-Clock False Path Reset Synchronizer ;
+-------------------------------------------------------+


Status:		PASS
Severity:		Low
Number of violations: 	0
Rule Parameters:      	max_violations = 5000
+-------------------------------------------+
; TMC-20020 - Invalid Multicycle Assignment ;
+-------------------------------------------+


Status:		PASS
Severity:		Low
Number of violations: 	0
Rule Parameters:      	max_violations = 5000
+--------------------------------------------------------------------------------------------+
; TMC-20550 - Automatically Selected Duplication Candidate Rejected for Placement Constraint ;
+--------------------------------------------------------------------------------------------+


Status:		PASS
Severity:		Low
Number of violations: 	0
Rule Parameters:      	
		max_violations = 5000
		avg_dup_fanout = 1000
+-------------------------------------------------------------------------------------------+
; TMC-20551 - Automatically Selected Duplication Candidate Likely Requires More Duplication ;
+-------------------------------------------------------------------------------------------+


Status:		PASS
Severity:		Low
Number of violations: 	0
Rule Parameters:      	max_violations = 5000
+--------------------------------------------------------------+
; TMC-20552 - User Selected Duplication Candidate was Rejected ;
+--------------------------------------------------------------+


Status:		PASS
Severity:		Low
Number of violations: 	0
Rule Parameters:      	
		max_violations = 5000
		minimum_tension = 100000
		minimum_sinks = 2
+-----------------------------------------------------------+
; TMC-20601 - Registers with High Immediate Fan-Out Tension ;
+-----------------------------------------------------------+


